Manim Community v0.21.0

manim.exe : 
En C:\Users\Nacho\Documents\Animaciones\Capitulo 11\render.ps1: 49 Carácter: 9
+         & manim "-$Calidad" $e.archivo $e.escena *>> $log
+         ~~~~~~~~~~~~~~~~~~~~~~~~~~~~~~~~~~~~~~~~~~~~~~~~~
    + CategoryInfo          : NotSpecified: (:String) [], RemoteException
    + FullyQualifiedErrorId : NativeCommandError
 
Animation 0: FadeIn(Text('¿Por qué no alcanza con transformar?')):   0%|          | 0/60 [00:00<?, ?it/s]
Animation 0: FadeIn(Text('¿Por qué no alcanza con transformar?')):  13%|#3        | 8/60 [00:00<00:00, 79.32it/s]
Animation 0: FadeIn(Text('¿Por qué no alcanza con transformar?')):  28%|##8       | 17/60 [00:00<00:00, 85.50it/s]
Animation 0: FadeIn(Text('¿Por qué no alcanza con transformar?')):  43%|####3     | 26/60 [00:00<00:00, 81.20it/s]
Animation 0: FadeIn(Text('¿Por qué no alcanza con transformar?')):  60%|######    | 36/60 [00:00<00:00, 83.31it/s]
Animation 0: FadeIn(Text('¿Por qué no alcanza con transformar?')):  75%|#######5  | 45/60 [00:00<00:00, 85.43it/s]
Animation 0: FadeIn(Text('¿Por qué no alcanza con transformar?')):  90%|######### | 54/60 [00:00<00:00, 80.83it/s]
[09/08/26 20:24:41] INFO     Animation 0 : Partial     scene_file_writer.py:192
                             movie file written in                             
                             'C:\Users\Nacho\Documents                         
                             \Animaciones\Capitulo                             
                             11\media\videos\s01_probl                         
                             ema\1080p60\partial_movie                         
                             _files\Problema\301000456                         
                             1_2262381022_223132457.mp                         
                             4'                                                
                    INFO     Animation 1 : Partial     scene_file_writer.py:192
                             movie file written in                             
                             'C:\Users\Nacho\Documents                         
                             \Animaciones\Capitulo                             
                             11\media\videos\s01_probl                         
                             ema\1080p60\partial_movie                         
                             _files\Problema\293244094                         
                             9_4235033027_2602426043.m                         
                             p4'                                               
                                                                                                                  

Animation 2: Create(Axes of 2 submobjects), etc.:   0%|          | 0/60 [00:00<?, ?it/s]
Animation 2: Create(Axes of 2 submobjects), etc.:  13%|#3        | 8/60 [00:00<00:00, 76.95it/s]
Animation 2: Create(Axes of 2 submobjects), etc.:  27%|##6       | 16/60 [00:00<00:00, 78.71it/s]
Animation 2: Create(Axes of 2 submobjects), etc.:  42%|####1     | 25/60 [00:00<00:00, 82.75it/s]
Animation 2: Create(Axes of 2 submobjects), etc.:  58%|#####8    | 35/60 [00:00<00:00, 84.85it/s]
Animation 2: Create(Axes of 2 submobjects), etc.:  78%|#######8  | 47/60 [00:00<00:00, 96.98it/s]
Animation 2: Create(Axes of 2 submobjects), etc.:  95%|#########5| 57/60 [00:00<00:00, 92.87it/s]
[09/08/26 20:24:42] INFO     Animation 2 : Partial     scene_file_writer.py:192
                             movie file written in                             
                             'C:\Users\Nacho\Documents                         
                             \Animaciones\Capitulo                             
                             11\media\videos\s01_probl                         
                             ema\1080p60\partial_movie                         
                             _files\Problema\293244094                         
                             9_3308145071_2028598336.m                         
                             p4'                                               
                                                                                                 

Animation 3: Create(VMobject):   0%|          | 0/120 [00:00<?, ?it/s]
Animation 3: Create(VMobject):  14%|#4        | 17/120 [00:00<00:00, 167.88it/s]
Animation 3: Create(VMobject):  28%|##8       | 34/120 [00:00<00:00, 135.65it/s]
Animation 3: Create(VMobject):  40%|####      | 48/120 [00:00<00:00, 117.99it/s]
Animation 3: Create(VMobject):  51%|#####     | 61/120 [00:00<00:00, 114.41it/s]
Animation 3: Create(VMobject):  62%|######1   | 74/120 [00:00<00:00, 113.78it/s]
Animation 3: Create(VMobject):  72%|#######1  | 86/120 [00:00<00:00, 106.64it/s]
Animation 3: Create(VMobject):  81%|########  | 97/120 [00:00<00:00, 97.79it/s] 
Animation 3: Create(VMobject):  89%|########9 | 107/120 [00:01<00:00, 94.29it/s]
Animation 3: Create(VMobject):  98%|#########7| 117/120 [00:01<00:00, 87.97it/s]
[09/08/26 20:24:43] INFO     Animation 3 : Partial     scene_file_writer.py:192
                             movie file written in                             
                             'C:\Users\Nacho\Documents                         
                             \Animaciones\Capitulo                             
                             11\media\videos\s01_probl                         
                             ema\1080p60\partial_movie                         
                             _files\Problema\293244094                         
                             9_4278033200_2057877703.m                         
                             p4'                                               
[09/08/26 20:24:44] INFO     Animation 4 : Partial     scene_file_writer.py:192
                             movie file written in                             
                             'C:\Users\Nacho\Documents                         
                             \Animaciones\Capitulo                             
                             11\media\videos\s01_probl                         
                             ema\1080p60\partial_movie                         
                             _files\Problema\293244094                         
                             9_241228271_3549841627.mp                         
                             4'                                                
                                                                                

Animation 5: FadeIn(VGroup of 2 submobjects), etc.:   0%|          | 0/60 [00:00<?, ?it/s]
Animation 5: FadeIn(VGroup of 2 submobjects), etc.:  15%|#5        | 9/60 [00:00<00:00, 89.59it/s]
Animation 5: FadeIn(VGroup of 2 submobjects), etc.:  30%|###       | 18/60 [00:00<00:00, 81.40it/s]
Animation 5: FadeIn(VGroup of 2 submobjects), etc.:  45%|####5     | 27/60 [00:00<00:00, 79.84it/s]
Animation 5: FadeIn(VGroup of 2 submobjects), etc.:  60%|######    | 36/60 [00:00<00:00, 79.95it/s]
Animation 5: FadeIn(VGroup of 2 submobjects), etc.:  75%|#######5  | 45/60 [00:00<00:00, 75.92it/s]
Animation 5: FadeIn(VGroup of 2 submobjects), etc.:  88%|########8 | 53/60 [00:00<00:00, 74.93it/s]
[09/08/26 20:24:45] INFO     Animation 5 : Partial     scene_file_writer.py:192
                             movie file written in                             
                             'C:\Users\Nacho\Documents                         
                             \Animaciones\Capitulo                             
                             11\media\videos\s01_probl                         
                             ema\1080p60\partial_movie                         
                             _files\Problema\293244094                         
                             9_3906772260_2841570047.m                         
                             p4'                                               
[09/08/26 20:24:46] INFO     Animation 6 : Partial     scene_file_writer.py:192
                             movie file written in                             
                             'C:\Users\Nacho\Documents                         
                             \Animaciones\Capitulo                             
                             11\media\videos\s01_probl                         
                             ema\1080p60\partial_movie                         
                             _files\Problema\293244094                         
                             9_286356123_1520225179.mp                         
                             4'                                                
                                                                                                   

Animation 7: FadeOut(Text('no empieza ni termina  →  energía infinita')), etc.:   0%|          | 0/60 [00:00<?, ?it/s]
Animation 7: FadeOut(Text('no empieza ni termina  →  energía infinita')), etc.:  13%|#3        | 8/60 [00:00<00:00, 
69.83it/s]
Animation 7: FadeOut(Text('no empieza ni termina  →  energía infinita')), etc.:  25%|##5       | 15/60 [00:00<00:00, 
69.20it/s]
Animation 7: FadeOut(Text('no empieza ni termina  →  energía infinita')), etc.:  42%|####1     | 25/60 [00:00<00:00, 
77.14it/s]
Animation 7: FadeOut(Text('no empieza ni termina  →  energía infinita')), etc.:  55%|#####5    | 33/60 [00:00<00:00, 
72.18it/s]
Animation 7: FadeOut(Text('no empieza ni termina  →  energía infinita')), etc.:  68%|######8   | 41/60 [00:00<00:00, 
71.40it/s]
Animation 7: FadeOut(Text('no empieza ni termina  →  energía infinita')), etc.:  82%|########1 | 49/60 [00:00<00:00, 
71.15it/s]
Animation 7: FadeOut(Text('no empieza ni termina  →  energía infinita')), etc.:  95%|#########5| 57/60 [00:00<00:00, 
73.62it/s]
[09/08/26 20:24:47] INFO     Animation 7 : Partial     scene_file_writer.py:192
                             movie file written in                             
                             'C:\Users\Nacho\Documents                         
                             \Animaciones\Capitulo                             
                             11\media\videos\s01_probl                         
                             ema\1080p60\partial_movie                         
                             _files\Problema\293244094                         
                             9_3487051380_3007648981.m                         
                             p4'                                               
                                                                                                                       
        

Animation 8: Create(Axes of 2 submobjects), etc.:   0%|          | 0/60 [00:00<?, ?it/s]
Animation 8: Create(Axes of 2 submobjects), etc.:  15%|#5        | 9/60 [00:00<00:00, 89.24it/s]
Animation 8: Create(Axes of 2 submobjects), etc.:  30%|###       | 18/60 [00:00<00:00, 79.63it/s]
Animation 8: Create(Axes of 2 submobjects), etc.:  45%|####5     | 27/60 [00:00<00:00, 79.89it/s]
Animation 8: Create(Axes of 2 submobjects), etc.:  62%|######1   | 37/60 [00:00<00:00, 82.27it/s]
Animation 8: Create(Axes of 2 submobjects), etc.:  77%|#######6  | 46/60 [00:00<00:00, 84.20it/s]
Animation 8: Create(Axes of 2 submobjects), etc.:  92%|#########1| 55/60 [00:00<00:00, 82.36it/s]
[09/08/26 20:24:48] INFO     Animation 8 : Partial     scene_file_writer.py:192
                             movie file written in                             
                             'C:\Users\Nacho\Documents                         
                             \Animaciones\Capitulo                             
                             11\media\videos\s01_probl                         
                             ema\1080p60\partial_movie                         
                             _files\Problema\293244094                         
                             9_968439586_2514155799.mp                         
                             4'                                                
                                                                                                 

Animation 9: Create(VMobject):   0%|          | 0/90 [00:00<?, ?it/s]
Animation 9: Create(VMobject):  17%|#6        | 15/90 [00:00<00:00, 149.92it/s]
Animation 9: Create(VMobject):  33%|###3      | 30/90 [00:00<00:00, 125.42it/s]
Animation 9: Create(VMobject):  48%|####7     | 43/90 [00:00<00:00, 119.08it/s]
Animation 9: Create(VMobject):  62%|######2   | 56/90 [00:00<00:00, 122.86it/s]
Animation 9: Create(VMobject):  77%|#######6  | 69/90 [00:00<00:00, 110.04it/s]
Animation 9: Create(VMobject):  90%|######### | 81/90 [00:00<00:00, 105.07it/s]
[09/08/26 20:24:49] INFO     Animation 9 : Partial     scene_file_writer.py:192
                             movie file written in                             
                             'C:\Users\Nacho\Documents                         
                             \Animaciones\Capitulo                             
                             11\media\videos\s01_probl                         
                             ema\1080p60\partial_movie                         
                             _files\Problema\293244094                         
                             9_2081785830_1269502715.m                         
                             p4'                                               
[09/08/26 20:24:50] INFO     Animation 10 : Partial    scene_file_writer.py:192
                             movie file written in                             
                             'C:\Users\Nacho\Documents                         
                             \Animaciones\Capitulo                             
                             11\media\videos\s01_probl                         
                             ema\1080p60\partial_movie                         
                             _files\Problema\293244094                         
                             9_941615173_2321103469.mp                         
                             4'                                                
                                                                               

Animation 11: FadeIn(Text('¿Y si me hubiera tocado otra realización?')):   0%|          | 0/60 [00:00<?, ?it/s]
Animation 11: FadeIn(Text('¿Y si me hubiera tocado otra realización?')):  18%|#8        | 11/60 [00:00<00:00, 
101.16it/s]
Animation 11: FadeIn(Text('¿Y si me hubiera tocado otra realización?')):  37%|###6      | 22/60 [00:00<00:00, 
100.55it/s]
Animation 11: FadeIn(Text('¿Y si me hubiera tocado otra realización?')):  57%|#####6    | 34/60 [00:00<00:00, 
102.22it/s]
Animation 11: FadeIn(Text('¿Y si me hubiera tocado otra realización?')):  75%|#######5  | 45/60 [00:00<00:00, 
100.00it/s]
Animation 11: FadeIn(Text('¿Y si me hubiera tocado otra realización?')):  92%|#########1| 55/60 [00:00<00:00, 
94.10it/s] 
[09/08/26 20:24:51] INFO     Animation 11 : Partial    scene_file_writer.py:192
                             movie file written in                             
                             'C:\Users\Nacho\Documents                         
                             \Animaciones\Capitulo                             
                             11\media\videos\s01_probl                         
                             ema\1080p60\partial_movie                         
                             _files\Problema\293244094                         
                             9_3162258172_108602710.mp                         
                             4'                                                
[09/08/26 20:24:52] INFO     Animation 12 : Partial    scene_file_writer.py:192
                             movie file written in                             
                             'C:\Users\Nacho\Documents                         
                             \Animaciones\Capitulo                             
                             11\media\videos\s01_probl                         
                             ema\1080p60\partial_movie                         
                             _files\Problema\293244094                         
                             9_4046863825_2820382564.m                         
                             p4'                                               
                                                                                                                       
 

Animation 13: FadeOut(Text('¿Y si me hubiera tocado otra realización?')):   0%|          | 0/60 [00:00<?, ?it/s]
Animation 13: FadeOut(Text('¿Y si me hubiera tocado otra realización?')):  18%|#8        | 11/60 [00:00<00:00, 
103.64it/s]
Animation 13: FadeOut(Text('¿Y si me hubiera tocado otra realización?')):  37%|###6      | 22/60 [00:00<00:00, 
100.60it/s]
Animation 13: FadeOut(Text('¿Y si me hubiera tocado otra realización?')):  55%|#####5    | 33/60 [00:00<00:00, 
97.74it/s] 
Animation 13: FadeOut(Text('¿Y si me hubiera tocado otra realización?')):  72%|#######1  | 43/60 [00:00<00:00, 
98.16it/s]
Animation 13: FadeOut(Text('¿Y si me hubiera tocado otra realización?')):  88%|########8 | 53/60 [00:00<00:00, 
93.60it/s]
[09/08/26 20:24:53] INFO     Animation 13 : Partial    scene_file_writer.py:192
                             movie file written in                             
                             'C:\Users\Nacho\Documents                         
                             \Animaciones\Capitulo                             
                             11\media\videos\s01_probl                         
                             ema\1080p60\partial_movie                         
                             _files\Problema\293244094                         
                             9_2320894083_1087198001.m                         
                             p4'                                               
                                                                                                                       
  

Animation 14: Transform(VMobject), etc.:   0%|          | 0/66 [00:00<?, ?it/s]
Animation 14: Transform(VMobject), etc.:   9%|9         | 6/66 [00:00<00:01, 59.96it/s]
Animation 14: Transform(VMobject), etc.:  20%|#9        | 13/66 [00:00<00:00, 65.85it/s]
Animation 14: Transform(VMobject), etc.:  30%|###       | 20/66 [00:00<00:00, 62.79it/s]
Animation 14: Transform(VMobject), etc.:  41%|####      | 27/66 [00:00<00:00, 62.96it/s]
Animation 14: Transform(VMobject), etc.:  52%|#####1    | 34/66 [00:00<00:00, 64.18it/s]
Animation 14: Transform(VMobject), etc.:  62%|######2   | 41/66 [00:00<00:00, 64.30it/s]
Animation 14: Transform(VMobject), etc.:  73%|#######2  | 48/66 [00:00<00:00, 61.28it/s]
Animation 14: Transform(VMobject), etc.:  83%|########3 | 55/66 [00:00<00:00, 61.03it/s]
Animation 14: Transform(VMobject), etc.:  94%|#########3| 62/66 [00:01<00:00, 60.46it/s]
[09/08/26 20:24:54] INFO     Animation 14 : Partial    scene_file_writer.py:192
                             movie file written in                             
                             'C:\Users\Nacho\Documents                         
                             \Animaciones\Capitulo                             
                             11\media\videos\s01_probl                         
                             ema\1080p60\partial_movie                         
                             _files\Problema\293244094                         
                             9_168842676_3523735031.mp                         
                             4'                                                
[09/08/26 20:24:55] INFO     Animation 15 : Partial    scene_file_writer.py:192
                             movie file written in                             
                             'C:\Users\Nacho\Documents                         
                             \Animaciones\Capitulo                             
                             11\media\videos\s01_probl                         
                             ema\1080p60\partial_movie                         
                             _files\Problema\293244094                         
                             9_2892606881_2031865674.m                         
                             p4'                                               
                                                                                        

Animation 16: Transform(VMobject), etc.:   0%|          | 0/66 [00:00<?, ?it/s]
Animation 16: Transform(VMobject), etc.:  12%|#2        | 8/66 [00:00<00:00, 66.20it/s]
Animation 16: Transform(VMobject), etc.:  24%|##4       | 16/66 [00:00<00:00, 69.80it/s]
Animation 16: Transform(VMobject), etc.:  35%|###4      | 23/66 [00:00<00:00, 65.39it/s]
Animation 16: Transform(VMobject), etc.:  45%|####5     | 30/66 [00:00<00:00, 66.98it/s]
Animation 16: Transform(VMobject), etc.:  59%|#####9    | 39/66 [00:00<00:00, 70.79it/s]
Animation 16: Transform(VMobject), etc.:  71%|#######1  | 47/66 [00:00<00:00, 65.32it/s]
Animation 16: Transform(VMobject), etc.:  82%|########1 | 54/66 [00:00<00:00, 62.22it/s]
Animation 16: Transform(VMobject), etc.:  92%|#########2| 61/66 [00:00<00:00, 62.55it/s]
[09/08/26 20:24:56] INFO     Animation 16 : Partial    scene_file_writer.py:192
                             movie file written in                             
                             'C:\Users\Nacho\Documents                         
                             \Animaciones\Capitulo                             
                             11\media\videos\s01_probl                         
                             ema\1080p60\partial_movie                         
                             _files\Problema\293244094                         
                             9_583113348_1465757487.mp                         
                             4'                                                
                    INFO     Animation 17 : Partial    scene_file_writer.py:192
                             movie file written in                             
                             'C:\Users\Nacho\Documents                         
                             \Animaciones\Capitulo                             
                             11\media\videos\s01_probl                         
                             ema\1080p60\partial_movie                         
                             _files\Problema\293244094                         
                             9_2892606881_2954151834.m                         
                             p4'                                               
                                                                                        

Animation 18: Transform(VMobject), etc.:   0%|          | 0/66 [00:00<?, ?it/s]
Animation 18: Transform(VMobject), etc.:  12%|#2        | 8/66 [00:00<00:00, 71.59it/s]
Animation 18: Transform(VMobject), etc.:  24%|##4       | 16/66 [00:00<00:00, 66.04it/s]
Animation 18: Transform(VMobject), etc.:  36%|###6      | 24/66 [00:00<00:00, 67.65it/s]
Animation 18: Transform(VMobject), etc.:  48%|####8     | 32/66 [00:00<00:00, 70.27it/s]
Animation 18: Transform(VMobject), etc.:  61%|######    | 40/66 [00:00<00:00, 69.76it/s]
Animation 18: Transform(VMobject), etc.:  71%|#######1  | 47/66 [00:00<00:00, 64.98it/s]
Animation 18: Transform(VMobject), etc.:  82%|########1 | 54/66 [00:00<00:00, 63.62it/s]
Animation 18: Transform(VMobject), etc.:  92%|#########2| 61/66 [00:00<00:00, 62.60it/s]
[09/08/26 20:24:58] INFO     Animation 18 : Partial    scene_file_writer.py:192
                             movie file written in                             
                             'C:\Users\Nacho\Documents                         
                             \Animaciones\Capitulo                             
                             11\media\videos\s01_probl                         
                             ema\1080p60\partial_movie                         
                             _files\Problema\293244094                         
                             9_1109446267_1749538979.m                         
                             p4'                                               
                    INFO     Animation 19 : Partial    scene_file_writer.py:192
                             movie file written in                             
                             'C:\Users\Nacho\Documents                         
                             \Animaciones\Capitulo                             
                             11\media\videos\s01_probl                         
                             ema\1080p60\partial_movie                         
                             _files\Problema\293244094                         
                             9_2892606881_1937581535.m                         
                             p4'                                               
                                                                                        

Animation 20: FadeIn(Text('cada realización da un espectro completamente distinto')):   0%|          | 0/60 [00:00<?, 
?it/s]
Animation 20: FadeIn(Text('cada realización da un espectro completamente distinto')):  17%|#6        | 10/60 
[00:00<00:00, 95.75it/s]
Animation 20: FadeIn(Text('cada realización da un espectro completamente distinto')):  33%|###3      | 20/60 
[00:00<00:00, 91.37it/s]
Animation 20: FadeIn(Text('cada realización da un espectro completamente distinto')):  50%|#####     | 30/60 
[00:00<00:00, 88.98it/s]
Animation 20: FadeIn(Text('cada realización da un espectro completamente distinto')):  65%|######5   | 39/60 
[00:00<00:00, 84.19it/s]
Animation 20: FadeIn(Text('cada realización da un espectro completamente distinto')):  82%|########1 | 49/60 
[00:00<00:00, 85.00it/s]
Animation 20: FadeIn(Text('cada realización da un espectro completamente distinto')):  97%|#########6| 58/60 
[00:00<00:00, 82.08it/s]
[09/08/26 20:24:59] INFO     Animation 20 : Partial    scene_file_writer.py:192
                             movie file written in                             
                             'C:\Users\Nacho\Documents                         
                             \Animaciones\Capitulo                             
                             11\media\videos\s01_probl                         
                             ema\1080p60\partial_movie                         
                             _files\Problema\293244094                         
                             9_3799269784_1168819129.m                         
                             p4'                                               
[09/08/26 20:25:01] INFO     Animation 21 : Partial    scene_file_writer.py:192
                             movie file written in                             
                             'C:\Users\Nacho\Documents                         
                             \Animaciones\Capitulo                             
                             11\media\videos\s01_probl                         
                             ema\1080p60\partial_movie                         
                             _files\Problema\293244094                         
                             9_3580093213_315792888.mp                         
                             4'                                                
                                                                                                                       
              

Animation 22: FadeOut(Text('cada realización da un espectro completamente distinto')):   0%|          | 0/60 [00:00<?, 
?it/s]
Animation 22: FadeOut(Text('cada realización da un espectro completamente distinto')):  15%|#5        | 9/60 
[00:00<00:00, 89.64it/s]
Animation 22: FadeOut(Text('cada realización da un espectro completamente distinto')):  30%|###       | 18/60 
[00:00<00:00, 89.71it/s]
Animation 22: FadeOut(Text('cada realización da un espectro completamente distinto')):  47%|####6     | 28/60 
[00:00<00:00, 87.90it/s]
Animation 22: FadeOut(Text('cada realización da un espectro completamente distinto')):  65%|######5   | 39/60 
[00:00<00:00, 89.42it/s]
Animation 22: FadeOut(Text('cada realización da un espectro completamente distinto')):  82%|########1 | 49/60 
[00:00<00:00, 86.83it/s]
Animation 22: FadeOut(Text('cada realización da un espectro completamente distinto')):  97%|#########6| 58/60 
[00:00<00:00, 81.41it/s]
[09/08/26 20:25:02] INFO     Animation 22 : Partial    scene_file_writer.py:192
                             movie file written in                             
                             'C:\Users\Nacho\Documents                         
                             \Animaciones\Capitulo                             
                             11\media\videos\s01_probl                         
                             ema\1080p60\partial_movie                         
                             _files\Problema\293244094                         
                             9_942395754_2610758783.mp                         
                             4'                                                
                                                                                                                       
               

Animation 23: FadeOut(VGroup of 8 submobjects):   0%|          | 0/60 [00:00<?, ?it/s]
Animation 23: FadeOut(VGroup of 8 submobjects):  10%|#         | 6/60 [00:00<00:00, 55.97it/s]
Animation 23: FadeOut(VGroup of 8 submobjects):  20%|##        | 12/60 [00:00<00:00, 53.47it/s]
Animation 23: FadeOut(VGroup of 8 submobjects):  30%|###       | 18/60 [00:00<00:00, 55.92it/s]
Animation 23: FadeOut(VGroup of 8 submobjects):  40%|####      | 24/60 [00:00<00:00, 54.18it/s]
Animation 23: FadeOut(VGroup of 8 submobjects):  50%|#####     | 30/60 [00:00<00:00, 53.11it/s]
Animation 23: FadeOut(VGroup of 8 submobjects):  62%|######1   | 37/60 [00:00<00:00, 53.21it/s]
Animation 23: FadeOut(VGroup of 8 submobjects):  72%|#######1  | 43/60 [00:00<00:00, 52.50it/s]
Animation 23: FadeOut(VGroup of 8 submobjects):  82%|########1 | 49/60 [00:00<00:00, 49.77it/s]
Animation 23: FadeOut(VGroup of 8 submobjects):  92%|#########1| 55/60 [00:01<00:00, 50.27it/s]
[09/08/26 20:25:03] INFO     Animation 23 : Partial    scene_file_writer.py:192
                             movie file written in                             
                             'C:\Users\Nacho\Documents                         
                             \Animaciones\Capitulo                             
                             11\media\videos\s01_probl                         
                             ema\1080p60\partial_movie                         
                             _files\Problema\293244094                         
                             9_3374453548_1973313990.m                         
                             p4'                                               
                                                                                               

Animation 24: FadeIn(VGroup of 2 submobjects):   0%|          | 0/60 [00:00<?, ?it/s]
Animation 24: FadeIn(VGroup of 2 submobjects):  18%|#8        | 11/60 [00:00<00:00, 109.53it/s]
Animation 24: FadeIn(VGroup of 2 submobjects):  38%|###8      | 23/60 [00:00<00:00, 115.04it/s]
Animation 24: FadeIn(VGroup of 2 submobjects):  58%|#####8    | 35/60 [00:00<00:00, 110.52it/s]
Animation 24: FadeIn(VGroup of 2 submobjects):  80%|########  | 48/60 [00:00<00:00, 117.11it/s]
Animation 24: FadeIn(VGroup of 2 submobjects): 100%|##########| 60/60 [00:00<00:00, 100.17it/s]
[09/08/26 20:25:04] INFO     Animation 24 : Partial    scene_file_writer.py:192
                             movie file written in                             
                             'C:\Users\Nacho\Documents                         
                             \Animaciones\Capitulo                             
                             11\media\videos\s01_probl                         
                             ema\1080p60\partial_movie                         
                             _files\Problema\293244094                         
                             9_4244054735_4142554150.m                         
                             p4'                                               
                                                                                               

Animation 25: FadeIn(Text('la potencia es energía por unidad de tiempo: es finita')):   0%|          | 0/60 [00:00<?, 
?it/s]
Animation 25: FadeIn(Text('la potencia es energía por unidad de tiempo: es finita')):  17%|#6        | 10/60 
[00:00<00:00, 95.07it/s]
Animation 25: FadeIn(Text('la potencia es energía por unidad de tiempo: es finita')):  35%|###5      | 21/60 
[00:00<00:00, 95.04it/s]
Animation 25: FadeIn(Text('la potencia es energía por unidad de tiempo: es finita')):  52%|#####1    | 31/60 
[00:00<00:00, 92.83it/s]
Animation 25: FadeIn(Text('la potencia es energía por unidad de tiempo: es finita')):  68%|######8   | 41/60 
[00:00<00:00, 91.88it/s]
Animation 25: FadeIn(Text('la potencia es energía por unidad de tiempo: es finita')):  85%|########5 | 51/60 
[00:00<00:00, 83.11it/s]
Animation 25: FadeIn(Text('la potencia es energía por unidad de tiempo: es finita')): 100%|##########| 60/60 
[00:00<00:00, 83.22it/s]
[09/08/26 20:25:05] INFO     Animation 25 : Partial    scene_file_writer.py:192
                             movie file written in                             
                             'C:\Users\Nacho\Documents                         
                             \Animaciones\Capitulo                             
                             11\media\videos\s01_probl                         
                             ema\1080p60\partial_movie                         
                             _files\Problema\293244094                         
                             9_968123549_2836508500.mp                         
                             4'                                                
[09/08/26 20:25:06] INFO     Animation 26 : Partial    scene_file_writer.py:192
                             movie file written in                             
                             'C:\Users\Nacho\Documents                         
                             \Animaciones\Capitulo                             
                             11\media\videos\s01_probl                         
                             ema\1080p60\partial_movie                         
                             _files\Problema\293244094                         
                             9_3880968470_4135158931.m                         
                             p4'                                               
                                                                                                                       
              

Animation 27: FadeIn(VGroup of 2 submobjects):   0%|          | 0/60 [00:00<?, ?it/s]
Animation 27: FadeIn(VGroup of 2 submobjects):  20%|##        | 12/60 [00:00<00:00, 119.89it/s]
Animation 27: FadeIn(VGroup of 2 submobjects):  40%|####      | 24/60 [00:00<00:00, 113.34it/s]
Animation 27: FadeIn(VGroup of 2 submobjects):  60%|######    | 36/60 [00:00<00:00, 112.03it/s]
Animation 27: FadeIn(VGroup of 2 submobjects):  82%|########1 | 49/60 [00:00<00:00, 117.41it/s]
[09/08/26 20:25:07] INFO     Animation 27 : Partial    scene_file_writer.py:192
                             movie file written in                             
                             'C:\Users\Nacho\Documents                         
                             \Animaciones\Capitulo                             
                             11\media\videos\s01_probl                         
                             ema\1080p60\partial_movie                         
                             _files\Problema\293244094                         
                             9_1638500287_4281922073.m                         
                             p4'                                               
                                                                                               

Animation 28: FadeIn(Text('así deja de depender de qué realización te tocó')):   0%|          | 0/60 [00:00<?, ?it/s]
Animation 28: FadeIn(Text('así deja de depender de qué realización te tocó')):  17%|#6        | 10/60 [00:00<00:00, 
99.93it/s]
Animation 28: FadeIn(Text('así deja de depender de qué realización te tocó')):  33%|###3      | 20/60 [00:00<00:00, 
91.76it/s]
Animation 28: FadeIn(Text('así deja de depender de qué realización te tocó')):  50%|#####     | 30/60 [00:00<00:00, 
94.65it/s]
Animation 28: FadeIn(Text('así deja de depender de qué realización te tocó')):  67%|######6   | 40/60 [00:00<00:00, 
96.58it/s]
Animation 28: FadeIn(Text('así deja de depender de qué realización te tocó')):  83%|########3 | 50/60 [00:00<00:00, 
92.54it/s]
Animation 28: FadeIn(Text('así deja de depender de qué realización te tocó')): 100%|##########| 60/60 [00:00<00:00, 
86.44it/s]
[09/08/26 20:25:08] INFO     Animation 28 : Partial    scene_file_writer.py:192
                             movie file written in                             
                             'C:\Users\Nacho\Documents                         
                             \Animaciones\Capitulo                             
                             11\media\videos\s01_probl                         
                             ema\1080p60\partial_movie                         
                             _files\Problema\293244094                         
                             9_2957717556_3292865759.m                         
                             p4'                                               
[09/08/26 20:25:09] INFO     Animation 29 : Partial    scene_file_writer.py:192
                             movie file written in                             
                             'C:\Users\Nacho\Documents                         
                             \Animaciones\Capitulo                             
                             11\media\videos\s01_probl                         
                             ema\1080p60\partial_movie                         
                             _files\Problema\293244094                         
                             9_4163062370_2205510289.m                         
                             p4'                                               
                                                                                                                       
       

Animation 30: Write(MathTex('S_{xx}(j\\omega) \\;=\\; \\mathcal{F}\\{R_{xx}(\\tau)\\}')):   0%|          | 0/120 
[00:00<?, ?it/s]
Animation 30: Write(MathTex('S_{xx}(j\\omega) \\;=\\; \\mathcal{F}\\{R_{xx}(\\tau)\\}')):  12%|#1        | 14/120 
[00:00<00:00, 136.27it/s]
Animation 30: Write(MathTex('S_{xx}(j\\omega) \\;=\\; \\mathcal{F}\\{R_{xx}(\\tau)\\}')):  23%|##3       | 28/120 
[00:00<00:00, 125.40it/s]
Animation 30: Write(MathTex('S_{xx}(j\\omega) \\;=\\; \\mathcal{F}\\{R_{xx}(\\tau)\\}')):  34%|###4      | 41/120 
[00:00<00:00, 117.84it/s]
Animation 30: Write(MathTex('S_{xx}(j\\omega) \\;=\\; \\mathcal{F}\\{R_{xx}(\\tau)\\}')):  45%|####5     | 54/120 
[00:00<00:00, 118.04it/s]
Animation 30: Write(MathTex('S_{xx}(j\\omega) \\;=\\; \\mathcal{F}\\{R_{xx}(\\tau)\\}')):  55%|#####5    | 66/120 
[00:00<00:00, 100.57it/s]
Animation 30: Write(MathTex('S_{xx}(j\\omega) \\;=\\; \\mathcal{F}\\{R_{xx}(\\tau)\\}')):  64%|######4   | 77/120 
[00:00<00:00, 91.01it/s] 
Animation 30: Write(MathTex('S_{xx}(j\\omega) \\;=\\; \\mathcal{F}\\{R_{xx}(\\tau)\\}')):  72%|#######2  | 87/120 
[00:00<00:00, 85.77it/s]
Animation 30: Write(MathTex('S_{xx}(j\\omega) \\;=\\; \\mathcal{F}\\{R_{xx}(\\tau)\\}')):  80%|########  | 96/120 
[00:01<00:00, 83.32it/s]
Animation 30: Write(MathTex('S_{xx}(j\\omega) \\;=\\; \\mathcal{F}\\{R_{xx}(\\tau)\\}')):  88%|########8 | 106/120 
[00:01<00:00, 86.74it/s]
Animation 30: Write(MathTex('S_{xx}(j\\omega) \\;=\\; \\mathcal{F}\\{R_{xx}(\\tau)\\}')):  96%|#########5| 115/120 
[00:01<00:00, 87.53it/s]
[09/08/26 20:25:10] INFO     Animation 30 : Partial    scene_file_writer.py:192
                             movie file written in                             
                             'C:\Users\Nacho\Documents                         
                             \Animaciones\Capitulo                             
                             11\media\videos\s01_probl                         
                             ema\1080p60\partial_movie                         
                             _files\Problema\293244094                         
                             9_3520244119_3835815597.m                         
                             p4'                                               
[09/08/26 20:25:11] INFO     Animation 31 : Partial    scene_file_writer.py:192
                             movie file written in                             
                             'C:\Users\Nacho\Documents                         
                             \Animaciones\Capitulo                             
                             11\media\videos\s01_probl                         
                             ema\1080p60\partial_movie                         
                             _files\Problema\293244094                         
                             9_499328632_1074932817.mp                         
                             4'                                                
                                                                                                                       
                    

Animation 32: FadeOut(VGroup of 3 submobjects):   0%|          | 0/60 [00:00<?, ?it/s]
Animation 32: FadeOut(VGroup of 3 submobjects):   7%|6         | 4/60 [00:00<00:01, 39.68it/s]
Animation 32: FadeOut(VGroup of 3 submobjects):  15%|#5        | 9/60 [00:00<00:01, 41.64it/s]
Animation 32: FadeOut(VGroup of 3 submobjects):  23%|##3       | 14/60 [00:00<00:01, 42.50it/s]
Animation 32: FadeOut(VGroup of 3 submobjects):  32%|###1      | 19/60 [00:00<00:01, 40.08it/s]
Animation 32: FadeOut(VGroup of 3 submobjects):  40%|####      | 24/60 [00:00<00:00, 41.01it/s]
Animation 32: FadeOut(VGroup of 3 submobjects):  48%|####8     | 29/60 [00:00<00:00, 39.99it/s]
Animation 32: FadeOut(VGroup of 3 submobjects):  57%|#####6    | 34/60 [00:00<00:00, 40.90it/s]
Animation 32: FadeOut(VGroup of 3 submobjects):  65%|######5   | 39/60 [00:00<00:00, 38.00it/s]
Animation 32: FadeOut(VGroup of 3 submobjects):  72%|#######1  | 43/60 [00:01<00:00, 37.03it/s]
Animation 32: FadeOut(VGroup of 3 submobjects):  78%|#######8  | 47/60 [00:01<00:00, 36.10it/s]
Animation 32: FadeOut(VGroup of 3 submobjects):  87%|########6 | 52/60 [00:01<00:00, 36.60it/s]
Animation 32: FadeOut(VGroup of 3 submobjects):  93%|#########3| 56/60 [00:01<00:00, 37.41it/s]
Animation 32: FadeOut(VGroup of 3 submobjects): 100%|##########| 60/60 [00:01<00:00, 38.05it/s]
[09/08/26 20:25:14] INFO     Animation 32 : Partial    scene_file_writer.py:192
                             movie file written in                             
                             'C:\Users\Nacho\Documents                         
                             \Animaciones\Capitulo                             
                             11\media\videos\s01_probl                         
                             ema\1080p60\partial_movie                         
                             _files\Problema\293244094                         
                             9_3772207894_2233937835.m                         
                             p4'                                               
                    INFO     Animation 33 : Partial    scene_file_writer.py:192
                             movie file written in                             
                             'C:\Users\Nacho\Documents                         
                             \Animaciones\Capitulo                             
                             11\media\videos\s01_probl                         
                             ema\1080p60\partial_movie                         
                             _files\Problema\293244094                         
                             9_4235033027_756253295.mp                         
                             4'                                                
                    INFO     Combining to Movie file.  scene_file_writer.py:952
                    INFO                              scene_file_writer.py:1103
                             File ready at                                     
                             'C:\Users\Nacho\Document                          
                             s\Animaciones\Capitulo                            
                             11\media\videos\s01_prob                          
                             lema\1080p60\Problema.mp                          
                             4'                                                
                                                                               
                    INFO     Rendered Problema                     scene.py:290
                             Played 34 animations                              
                                                                                               
Manim Community v0.21.0

manim.exe : 
En C:\Users\Nacho\Documents\Animaciones\Capitulo 11\render.ps1: 49 Carácter: 9
+         & manim "-$Calidad" $e.archivo $e.escena *>> $log
+         ~~~~~~~~~~~~~~~~~~~~~~~~~~~~~~~~~~~~~~~~~~~~~~~~~
    + CategoryInfo          : NotSpecified: (:String) [], RemoteException
    + FullyQualifiedErrorId : NativeCommandError
 
Animation 0: FadeIn(Text('¿Por qué “densidad” espectral de potencia?')):   0%|          | 0/60 [00:00<?, ?it/s]
Animation 0: FadeIn(Text('¿Por qué “densidad” espectral de potencia?')):  17%|#6        | 10/60 [00:00<00:00, 
99.92it/s]
Animation 0: FadeIn(Text('¿Por qué “densidad” espectral de potencia?')):  35%|###5      | 21/60 [00:00<00:00, 
96.44it/s]
Animation 0: FadeIn(Text('¿Por qué “densidad” espectral de potencia?')):  53%|#####3    | 32/60 [00:00<00:00, 
93.46it/s]
Animation 0: FadeIn(Text('¿Por qué “densidad” espectral de potencia?')):  70%|#######   | 42/60 [00:00<00:00, 
92.05it/s]
Animation 0: FadeIn(Text('¿Por qué “densidad” espectral de potencia?')):  87%|########6 | 52/60 [00:00<00:00, 
85.75it/s]
[09/08/26 20:25:17] INFO     Animation 0 : Partial     scene_file_writer.py:192
                             movie file written in                             
                             'C:\Users\Nacho\Documents                         
                             \Animaciones\Capitulo                             
                             11\media\videos\s02_pasab                         
                             anda\1080p60\partial_movi                         
                             e_files\PSDPasabanda\3010                         
                             004561_1672784613_2231324                         
                             57.mp4'                                           
                    INFO     Animation 1 : Partial     scene_file_writer.py:192
                             movie file written in                             
                             'C:\Users\Nacho\Documents                         
                             \Animaciones\Capitulo                             
                             11\media\videos\s02_pasab                         
                             anda\1080p60\partial_movi                         
                             e_files\PSDPasabanda\2932                         
                             440949_241228271_26086120                         
                             76.mp4'                                           
                                                                                                                       
 

Animation 2: FadeIn(MathTex('x(t)')), etc.:   0%|          | 0/60 [00:00<?, ?it/s]
Animation 2: FadeIn(MathTex('x(t)')), etc.:  27%|##6       | 16/60 [00:00<00:00, 138.38it/s]
Animation 2: FadeIn(MathTex('x(t)')), etc.:  50%|#####     | 30/60 [00:00<00:00, 138.56it/s]
Animation 2: FadeIn(MathTex('x(t)')), etc.:  73%|#######3  | 44/60 [00:00<00:00, 126.14it/s]
Animation 2: FadeIn(MathTex('x(t)')), etc.:  98%|#########8| 59/60 [00:00<00:00, 132.47it/s]
[09/08/26 20:25:18] INFO     Animation 2 : Partial     scene_file_writer.py:192
                             movie file written in                             
                             'C:\Users\Nacho\Documents                         
                             \Animaciones\Capitulo                             
                             11\media\videos\s02_pasab                         
                             anda\1080p60\partial_movi                         
                             e_files\PSDPasabanda\2932                         
                             440949_2883406795_2846717                         
                             176.mp4'                                          
                                                                                            

Animation 3: GrowArrow(Arrow), etc.:   0%|          | 0/60 [00:00<?, ?it/s]
Animation 3: GrowArrow(Arrow), etc.:  23%|##3       | 14/60 [00:00<00:00, 130.91it/s]
Animation 3: GrowArrow(Arrow), etc.:  47%|####6     | 28/60 [00:00<00:00, 127.64it/s]
Animation 3: GrowArrow(Arrow), etc.:  70%|#######   | 42/60 [00:00<00:00, 126.97it/s]
Animation 3: GrowArrow(Arrow), etc.:  98%|#########8| 59/60 [00:00<00:00, 140.13it/s]
[09/08/26 20:25:19] INFO     Animation 3 : Partial     scene_file_writer.py:192
                             movie file written in                             
                             'C:\Users\Nacho\Documents                         
                             \Animaciones\Capitulo                             
                             11\media\videos\s02_pasab                         
                             anda\1080p60\partial_movi                         
                             e_files\PSDPasabanda\2932                         
                             440949_2592916448_2881543                         
                             137.mp4'                                          
                                                                                     

Animation 4: FadeIn(Text('pasabanda ideal: deja pasar una banda, corta todo lo demás')):   0%|          | 0/60 
[00:00<?, ?it/s]
Animation 4: FadeIn(Text('pasabanda ideal: deja pasar una banda, corta todo lo demás')):  17%|#6        | 10/60 
[00:00<00:00, 98.95it/s]
Animation 4: FadeIn(Text('pasabanda ideal: deja pasar una banda, corta todo lo demás')):  33%|###3      | 20/60 
[00:00<00:00, 91.27it/s]
Animation 4: FadeIn(Text('pasabanda ideal: deja pasar una banda, corta todo lo demás')):  50%|#####     | 30/60 
[00:00<00:00, 87.34it/s]
Animation 4: FadeIn(Text('pasabanda ideal: deja pasar una banda, corta todo lo demás')):  67%|######6   | 40/60 
[00:00<00:00, 87.37it/s]
Animation 4: FadeIn(Text('pasabanda ideal: deja pasar una banda, corta todo lo demás')):  82%|########1 | 49/60 
[00:00<00:00, 79.37it/s]
Animation 4: FadeIn(Text('pasabanda ideal: deja pasar una banda, corta todo lo demás')):  97%|#########6| 58/60 
[00:00<00:00, 75.28it/s]
[09/08/26 20:25:20] INFO     Animation 4 : Partial     scene_file_writer.py:192
                             movie file written in                             
                             'C:\Users\Nacho\Documents                         
                             \Animaciones\Capitulo                             
                             11\media\videos\s02_pasab                         
                             anda\1080p60\partial_movi                         
                             e_files\PSDPasabanda\2932                         
                             440949_862992_3807110131.                         
                             mp4'                                              
[09/08/26 20:25:21] INFO     Animation 5 : Partial     scene_file_writer.py:192
                             movie file written in                             
                             'C:\Users\Nacho\Documents                         
                             \Animaciones\Capitulo                             
                             11\media\videos\s02_pasab                         
                             anda\1080p60\partial_movi                         
                             e_files\PSDPasabanda\2932                         
                             440949_4163062370_2361656                         
                             832.mp4'                                          
                                                                                                                       
                 

Animation 6: FadeOut(Text('pasabanda ideal: deja pasar una banda, corta todo lo demás')), etc.:   0%|          | 0/60 
[00:00<?, ?it/s]
Animation 6: FadeOut(Text('pasabanda ideal: deja pasar una banda, corta todo lo demás')), etc.:  13%|#3        | 8/60 
[00:00<00:00, 79.70it/s]
Animation 6: FadeOut(Text('pasabanda ideal: deja pasar una banda, corta todo lo demás')), etc.:  27%|##6       | 16/60 
[00:00<00:00, 72.68it/s]
Animation 6: FadeOut(Text('pasabanda ideal: deja pasar una banda, corta todo lo demás')), etc.:  40%|####      | 24/60 
[00:00<00:00, 75.17it/s]
Animation 6: FadeOut(Text('pasabanda ideal: deja pasar una banda, corta todo lo demás')), etc.:  53%|#####3    | 32/60 
[00:00<00:00, 72.69it/s]
Animation 6: FadeOut(Text('pasabanda ideal: deja pasar una banda, corta todo lo demás')), etc.:  67%|######6   | 40/60 
[00:00<00:00, 73.52it/s]
Animation 6: FadeOut(Text('pasabanda ideal: deja pasar una banda, corta todo lo demás')), etc.:  80%|########  | 48/60 
[00:00<00:00, 69.47it/s]
Animation 6: FadeOut(Text('pasabanda ideal: deja pasar una banda, corta todo lo demás')), etc.:  93%|#########3| 56/60 
[00:00<00:00, 69.29it/s]
[09/08/26 20:25:22] INFO     Animation 6 : Partial     scene_file_writer.py:192
                             movie file written in                             
                             'C:\Users\Nacho\Documents                         
                             \Animaciones\Capitulo                             
                             11\media\videos\s02_pasab                         
                             anda\1080p60\partial_movi                         
                             e_files\PSDPasabanda\2932                         
                             440949_1843693315_2768682                         
                             056.mp4'                                          
                                                                                                                       
                        

Animation 7: Create(Axes of 2 submobjects), etc.:   0%|          | 0/60 [00:00<?, ?it/s]
Animation 7: Create(Axes of 2 submobjects), etc.:  33%|###3      | 20/60 [00:00<00:00, 196.19it/s]
Animation 7: Create(Axes of 2 submobjects), etc.:  67%|######6   | 40/60 [00:00<00:00, 166.11it/s]
Animation 7: Create(Axes of 2 submobjects), etc.:  98%|#########8| 59/60 [00:00<00:00, 165.36it/s]
[09/08/26 20:25:23] INFO     Animation 7 : Partial     scene_file_writer.py:192
                             movie file written in                             
                             'C:\Users\Nacho\Documents                         
                             \Animaciones\Capitulo                             
                             11\media\videos\s02_pasab                         
                             anda\1080p60\partial_movi                         
                             e_files\PSDPasabanda\2932                         
                             440949_3536139979_3753218                         
                             69.mp4'                                           
                                                                                                  

Animation 8: Create(ParametricFunction), etc.:   0%|          | 0/84 [00:00<?, ?it/s]
Animation 8: Create(ParametricFunction), etc.:  19%|#9        | 16/84 [00:00<00:00, 159.72it/s]
Animation 8: Create(ParametricFunction), etc.:  38%|###8      | 32/84 [00:00<00:00, 140.00it/s]
Animation 8: Create(ParametricFunction), etc.:  56%|#####5    | 47/84 [00:00<00:00, 134.13it/s]
Animation 8: Create(ParametricFunction), etc.:  75%|#######5  | 63/84 [00:00<00:00, 142.70it/s]
Animation 8: Create(ParametricFunction), etc.:  93%|#########2| 78/84 [00:00<00:00, 130.59it/s]
[09/08/26 20:25:24] INFO     Animation 8 : Partial     scene_file_writer.py:192
                             movie file written in                             
                             'C:\Users\Nacho\Documents                         
                             \Animaciones\Capitulo                             
                             11\media\videos\s02_pasab                         
                             anda\1080p60\partial_movi                         
                             e_files\PSDPasabanda\2932                         
                             440949_483053038_29685449                         
                             37.mp4'                                           
                    INFO     Animation 9 : Partial     scene_file_writer.py:192
                             movie file written in                             
                             'C:\Users\Nacho\Documents                         
                             \Animaciones\Capitulo                             
                             11\media\videos\s02_pasab                         
                             anda\1080p60\partial_movi                         
                             e_files\PSDPasabanda\2932                         
                             440949_125152860_28783656                         
                             64.mp4'                                           
                                                                                               

Animation 10: FadeIn(Polygon), etc.:   0%|          | 0/60 [00:00<?, ?it/s]
Animation 10: FadeIn(Polygon), etc.:   3%|3         | 2/60 [00:00<00:03, 15.23it/s]
Animation 10: FadeIn(Polygon), etc.:   7%|6         | 4/60 [00:00<00:03, 16.21it/s]
Animation 10: FadeIn(Polygon), etc.:  10%|#         | 6/60 [00:00<00:03, 15.60it/s]
Animation 10: FadeIn(Polygon), etc.:  13%|#3        | 8/60 [00:00<00:03, 16.21it/s]
Animation 10: FadeIn(Polygon), etc.:  17%|#6        | 10/60 [00:00<00:03, 16.39it/s]
Animation 10: FadeIn(Polygon), etc.:  20%|##        | 12/60 [00:00<00:02, 16.01it/s]
Animation 10: FadeIn(Polygon), etc.:  23%|##3       | 14/60 [00:00<00:02, 16.34it/s]
Animation 10: FadeIn(Polygon), etc.:  27%|##6       | 16/60 [00:00<00:02, 16.57it/s]
Animation 10: FadeIn(Polygon), etc.:  30%|###       | 18/60 [00:01<00:02, 16.05it/s]
Animation 10: FadeIn(Polygon), etc.:  33%|###3      | 20/60 [00:01<00:02, 16.37it/s]
Animation 10: FadeIn(Polygon), etc.:  37%|###6      | 22/60 [00:01<00:02, 16.60it/s]
Animation 10: FadeIn(Polygon), etc.:  40%|####      | 24/60 [00:01<00:02, 16.92it/s]
Animation 10: FadeIn(Polygon), etc.:  43%|####3     | 26/60 [00:01<00:01, 17.58it/s]
Animation 10: FadeIn(Polygon), etc.:  47%|####6     | 28/60 [00:01<00:01, 16.72it/s]
Animation 10: FadeIn(Polygon), etc.:  50%|#####     | 30/60 [00:01<00:01, 16.48it/s]
Animation 10: FadeIn(Polygon), etc.:  53%|#####3    | 32/60 [00:01<00:01, 17.04it/s]
Animation 10: FadeIn(Polygon), etc.:  57%|#####6    | 34/60 [00:02<00:01, 16.34it/s]
Animation 10: FadeIn(Polygon), etc.:  60%|######    | 36/60 [00:02<00:01, 15.93it/s]
Animation 10: FadeIn(Polygon), etc.:  63%|######3   | 38/60 [00:02<00:01, 15.80it/s]
Animation 10: FadeIn(Polygon), etc.:  67%|######6   | 40/60 [00:02<00:01, 16.69it/s]
Animation 10: FadeIn(Polygon), etc.:  70%|#######   | 42/60 [00:02<00:01, 16.82it/s]
Animation 10: FadeIn(Polygon), etc.:  73%|#######3  | 44/60 [00:02<00:01, 15.58it/s]
Animation 10: FadeIn(Polygon), etc.:  77%|#######6  | 46/60 [00:02<00:00, 16.04it/s]
Animation 10: FadeIn(Polygon), etc.:  80%|########  | 48/60 [00:02<00:00, 15.73it/s]
Animation 10: FadeIn(Polygon), etc.:  83%|########3 | 50/60 [00:03<00:00, 15.92it/s]
Animation 10: FadeIn(Polygon), etc.:  87%|########6 | 52/60 [00:03<00:00, 15.32it/s]
Animation 10: FadeIn(Polygon), etc.:  90%|######### | 54/60 [00:03<00:00, 15.16it/s]
Animation 10: FadeIn(Polygon), etc.:  93%|#########3| 56/60 [00:03<00:00, 15.38it/s]
Animation 10: FadeIn(Polygon), etc.:  97%|#########6| 58/60 [00:03<00:00, 15.59it/s]
Animation 10: FadeIn(Polygon), etc.: 100%|##########| 60/60 [00:03<00:00, 16.02it/s]
[09/08/26 20:25:28] INFO     Animation 10 : Partial    scene_file_writer.py:192
                             movie file written in                             
                             'C:\Users\Nacho\Documents                         
                             \Animaciones\Capitulo                             
                             11\media\videos\s02_pasab                         
                             anda\1080p60\partial_movi                         
                             e_files\PSDPasabanda\2932                         
                             440949_156983325_51584831                         
                             3.mp4'                                            
                                                                                    

Animation 11: FadeIn(MathTex('\\omega_0')):   0%|          | 0/60 [00:00<?, ?it/s]
Animation 11: FadeIn(MathTex('\\omega_0')):   5%|5         | 3/60 [00:00<00:02, 25.60it/s]
Animation 11: FadeIn(MathTex('\\omega_0')):  12%|#1        | 7/60 [00:00<00:02, 26.41it/s]
Animation 11: FadeIn(MathTex('\\omega_0')):  17%|#6        | 10/60 [00:00<00:01, 26.17it/s]
Animation 11: FadeIn(MathTex('\\omega_0')):  22%|##1       | 13/60 [00:00<00:01, 27.36it/s]
Animation 11: FadeIn(MathTex('\\omega_0')):  27%|##6       | 16/60 [00:00<00:01, 28.19it/s]
Animation 11: FadeIn(MathTex('\\omega_0')):  32%|###1      | 19/60 [00:00<00:01, 27.34it/s]
Animation 11: FadeIn(MathTex('\\omega_0')):  37%|###6      | 22/60 [00:00<00:01, 26.81it/s]
Animation 11: FadeIn(MathTex('\\omega_0')):  42%|####1     | 25/60 [00:00<00:01, 26.46it/s]
Animation 11: FadeIn(MathTex('\\omega_0')):  47%|####6     | 28/60 [00:01<00:01, 26.19it/s]
Animation 11: FadeIn(MathTex('\\omega_0')):  52%|#####1    | 31/60 [00:01<00:01, 27.25it/s]
Animation 11: FadeIn(MathTex('\\omega_0')):  57%|#####6    | 34/60 [00:01<00:00, 27.96it/s]
Animation 11: FadeIn(MathTex('\\omega_0')):  62%|######1   | 37/60 [00:01<00:00, 26.11it/s]
Animation 11: FadeIn(MathTex('\\omega_0')):  67%|######6   | 40/60 [00:01<00:00, 25.34it/s]
Animation 11: FadeIn(MathTex('\\omega_0')):  72%|#######1  | 43/60 [00:01<00:00, 23.98it/s]
Animation 11: FadeIn(MathTex('\\omega_0')):  77%|#######6  | 46/60 [00:01<00:00, 23.94it/s]
Animation 11: FadeIn(MathTex('\\omega_0')):  82%|########1 | 49/60 [00:01<00:00, 24.03it/s]
Animation 11: FadeIn(MathTex('\\omega_0')):  87%|########6 | 52/60 [00:02<00:00, 24.52it/s]
Animation 11: FadeIn(MathTex('\\omega_0')):  92%|#########1| 55/60 [00:02<00:00, 24.86it/s]
Animation 11: FadeIn(MathTex('\\omega_0')):  97%|#########6| 58/60 [00:02<00:00, 24.16it/s]
[09/08/26 20:25:31] INFO     Animation 11 : Partial    scene_file_writer.py:192
                             movie file written in                             
                             'C:\Users\Nacho\Documents                         
                             \Animaciones\Capitulo                             
                             11\media\videos\s02_pasab                         
                             anda\1080p60\partial_movi                         
                             e_files\PSDPasabanda\2932                         
                             440949_4249141214_3985951                         
                             119.mp4'                                          
                                                                                           

Animation 12: FadeIn(Rectangle), etc.:   0%|          | 0/60 [00:00<?, ?it/s]
Animation 12: FadeIn(Rectangle), etc.:   5%|5         | 3/60 [00:00<00:02, 25.61it/s]
Animation 12: FadeIn(Rectangle), etc.:  10%|#         | 6/60 [00:00<00:02, 22.12it/s]
Animation 12: FadeIn(Rectangle), etc.:  15%|#5        | 9/60 [00:00<00:02, 22.15it/s]
Animation 12: FadeIn(Rectangle), etc.:  20%|##        | 12/60 [00:00<00:02, 23.36it/s]
Animation 12: FadeIn(Rectangle), etc.:  25%|##5       | 15/60 [00:00<00:01, 23.06it/s]
Animation 12: FadeIn(Rectangle), etc.:  30%|###       | 18/60 [00:00<00:01, 22.92it/s]
Animation 12: FadeIn(Rectangle), etc.:  35%|###5      | 21/60 [00:00<00:01, 23.78it/s]
Animation 12: FadeIn(Rectangle), etc.:  40%|####      | 24/60 [00:01<00:01, 23.24it/s]
Animation 12: FadeIn(Rectangle), etc.:  45%|####5     | 27/60 [00:01<00:01, 23.10it/s]
Animation 12: FadeIn(Rectangle), etc.:  50%|#####     | 30/60 [00:01<00:01, 22.95it/s]
Animation 12: FadeIn(Rectangle), etc.:  55%|#####5    | 33/60 [00:01<00:01, 23.70it/s]
Animation 12: FadeIn(Rectangle), etc.:  60%|######    | 36/60 [00:01<00:00, 24.27it/s]
Animation 12: FadeIn(Rectangle), etc.:  65%|######5   | 39/60 [00:01<00:00, 23.81it/s]
Animation 12: FadeIn(Rectangle), etc.:  70%|#######   | 42/60 [00:01<00:00, 24.13it/s]
Animation 12: FadeIn(Rectangle), etc.:  75%|#######5  | 45/60 [00:01<00:00, 22.81it/s]
Animation 12: FadeIn(Rectangle), etc.:  80%|########  | 48/60 [00:02<00:00, 23.61it/s]
Animation 12: FadeIn(Rectangle), etc.:  85%|########5 | 51/60 [00:02<00:00, 24.13it/s]
Animation 12: FadeIn(Rectangle), etc.:  90%|######### | 54/60 [00:02<00:00, 23.71it/s]
Animation 12: FadeIn(Rectangle), etc.:  95%|#########5| 57/60 [00:02<00:00, 24.26it/s]
Animation 12: FadeIn(Rectangle), etc.: 100%|##########| 60/60 [00:02<00:00, 24.74it/s]
[09/08/26 20:25:33] INFO     Animation 12 : Partial    scene_file_writer.py:192
                             movie file written in                             
                             'C:\Users\Nacho\Documents                         
                             \Animaciones\Capitulo                             
                             11\media\videos\s02_pasab                         
                             anda\1080p60\partial_movi                         
                             e_files\PSDPasabanda\2932                         
                             440949_1412297999_4881664                         
                             29.mp4'                                           
[09/08/26 20:25:34] INFO     Animation 13 : Partial    scene_file_writer.py:192
                             movie file written in                             
                             'C:\Users\Nacho\Documents                         
                             \Animaciones\Capitulo                             
                             11\media\videos\s02_pasab                         
                             anda\1080p60\partial_movi                         
                             e_files\PSDPasabanda\2932                         
                             440949_3880968470_1398647                         
                             831.mp4'                                          
                                                                                      

Animation 14: Write(MathTex('E[y^2(t)] \\;=\\; \\frac{1}{2\\pi}\\int_{\\text{banda}} S_{xx}(j\\omega)\\, d\\omega')):  
 0%|          | 0/120 [00:00<?, ?it/s]
Animation 14: Write(MathTex('E[y^2(t)] \\;=\\; \\frac{1}{2\\pi}\\int_{\\text{banda}} S_{xx}(j\\omega)\\, d\\omega')):  
 2%|2         | 3/120 [00:00<00:04, 25.28it/s]
Animation 14: Write(MathTex('E[y^2(t)] \\;=\\; \\frac{1}{2\\pi}\\int_{\\text{banda}} S_{xx}(j\\omega)\\, d\\omega')):  
 5%|5         | 6/120 [00:00<00:04, 25.53it/s]
Animation 14: Write(MathTex('E[y^2(t)] \\;=\\; \\frac{1}{2\\pi}\\int_{\\text{banda}} S_{xx}(j\\omega)\\, d\\omega')):  
 8%|7         | 9/120 [00:00<00:04, 23.45it/s]
Animation 14: Write(MathTex('E[y^2(t)] \\;=\\; \\frac{1}{2\\pi}\\int_{\\text{banda}} S_{xx}(j\\omega)\\, d\\omega')):  
10%|#         | 12/120 [00:00<00:04, 23.65it/s]
Animation 14: Write(MathTex('E[y^2(t)] \\;=\\; \\frac{1}{2\\pi}\\int_{\\text{banda}} S_{xx}(j\\omega)\\, d\\omega')):  
12%|#2        | 15/120 [00:00<00:04, 23.23it/s]
Animation 14: Write(MathTex('E[y^2(t)] \\;=\\; \\frac{1}{2\\pi}\\int_{\\text{banda}} S_{xx}(j\\omega)\\, d\\omega')):  
15%|#5        | 18/120 [00:00<00:04, 22.90it/s]
Animation 14: Write(MathTex('E[y^2(t)] \\;=\\; \\frac{1}{2\\pi}\\int_{\\text{banda}} S_{xx}(j\\omega)\\, d\\omega')):  
18%|#7        | 21/120 [00:00<00:04, 23.55it/s]
Animation 14: Write(MathTex('E[y^2(t)] \\;=\\; \\frac{1}{2\\pi}\\int_{\\text{banda}} S_{xx}(j\\omega)\\, d\\omega')):  
20%|##        | 24/120 [00:01<00:04, 23.47it/s]
Animation 14: Write(MathTex('E[y^2(t)] \\;=\\; \\frac{1}{2\\pi}\\int_{\\text{banda}} S_{xx}(j\\omega)\\, d\\omega')):  
22%|##2       | 27/120 [00:01<00:04, 23.16it/s]
Animation 14: Write(MathTex('E[y^2(t)] \\;=\\; \\frac{1}{2\\pi}\\int_{\\text{banda}} S_{xx}(j\\omega)\\, d\\omega')):  
25%|##5       | 30/120 [00:01<00:03, 22.68it/s]
Animation 14: Write(MathTex('E[y^2(t)] \\;=\\; \\frac{1}{2\\pi}\\int_{\\text{banda}} S_{xx}(j\\omega)\\, d\\omega')):  
28%|##7       | 33/120 [00:01<00:03, 22.61it/s]
Animation 14: Write(MathTex('E[y^2(t)] \\;=\\; \\frac{1}{2\\pi}\\int_{\\text{banda}} S_{xx}(j\\omega)\\, d\\omega')):  
30%|###       | 36/120 [00:01<00:03, 22.82it/s]
Animation 14: Write(MathTex('E[y^2(t)] \\;=\\; \\frac{1}{2\\pi}\\int_{\\text{banda}} S_{xx}(j\\omega)\\, d\\omega')):  
32%|###2      | 39/120 [00:01<00:03, 23.29it/s]
Animation 14: Write(MathTex('E[y^2(t)] \\;=\\; \\frac{1}{2\\pi}\\int_{\\text{banda}} S_{xx}(j\\omega)\\, d\\omega')):  
35%|###5      | 42/120 [00:01<00:03, 24.01it/s]
Animation 14: Write(MathTex('E[y^2(t)] \\;=\\; \\frac{1}{2\\pi}\\int_{\\text{banda}} S_{xx}(j\\omega)\\, d\\omega')):  
38%|###7      | 45/120 [00:01<00:03, 22.96it/s]
Animation 14: Write(MathTex('E[y^2(t)] \\;=\\; \\frac{1}{2\\pi}\\int_{\\text{banda}} S_{xx}(j\\omega)\\, d\\omega')):  
40%|####      | 48/120 [00:02<00:03, 23.72it/s]
Animation 14: Write(MathTex('E[y^2(t)] \\;=\\; \\frac{1}{2\\pi}\\int_{\\text{banda}} S_{xx}(j\\omega)\\, d\\omega')):  
42%|####2     | 51/120 [00:02<00:03, 22.45it/s]
Animation 14: Write(MathTex('E[y^2(t)] \\;=\\; \\frac{1}{2\\pi}\\int_{\\text{banda}} S_{xx}(j\\omega)\\, d\\omega')):  
45%|####5     | 54/120 [00:02<00:02, 22.47it/s]
Animation 14: Write(MathTex('E[y^2(t)] \\;=\\; \\frac{1}{2\\pi}\\int_{\\text{banda}} S_{xx}(j\\omega)\\, d\\omega')):  
48%|####7     | 57/120 [00:02<00:02, 21.69it/s]
Animation 14: Write(MathTex('E[y^2(t)] \\;=\\; \\frac{1}{2\\pi}\\int_{\\text{banda}} S_{xx}(j\\omega)\\, d\\omega')):  
50%|#####     | 60/120 [00:02<00:02, 21.75it/s]
Animation 14: Write(MathTex('E[y^2(t)] \\;=\\; \\frac{1}{2\\pi}\\int_{\\text{banda}} S_{xx}(j\\omega)\\, d\\omega')):  
52%|#####2    | 63/120 [00:02<00:02, 22.12it/s]
Animation 14: Write(MathTex('E[y^2(t)] \\;=\\; \\frac{1}{2\\pi}\\int_{\\text{banda}} S_{xx}(j\\omega)\\, d\\omega')):  
55%|#####5    | 66/120 [00:02<00:02, 22.22it/s]
Animation 14: Write(MathTex('E[y^2(t)] \\;=\\; \\frac{1}{2\\pi}\\int_{\\text{banda}} S_{xx}(j\\omega)\\, d\\omega')):  
57%|#####7    | 69/120 [00:03<00:02, 22.30it/s]
Animation 14: Write(MathTex('E[y^2(t)] \\;=\\; \\frac{1}{2\\pi}\\int_{\\text{banda}} S_{xx}(j\\omega)\\, d\\omega')):  
60%|######    | 72/120 [00:03<00:02, 23.25it/s]
Animation 14: Write(MathTex('E[y^2(t)] \\;=\\; \\frac{1}{2\\pi}\\int_{\\text{banda}} S_{xx}(j\\omega)\\, d\\omega')):  
62%|######2   | 75/120 [00:03<00:01, 23.93it/s]
Animation 14: Write(MathTex('E[y^2(t)] \\;=\\; \\frac{1}{2\\pi}\\int_{\\text{banda}} S_{xx}(j\\omega)\\, d\\omega')):  
65%|######5   | 78/120 [00:03<00:01, 23.13it/s]
Animation 14: Write(MathTex('E[y^2(t)] \\;=\\; \\frac{1}{2\\pi}\\int_{\\text{banda}} S_{xx}(j\\omega)\\, d\\omega')):  
68%|######7   | 81/120 [00:03<00:01, 23.29it/s]
Animation 14: Write(MathTex('E[y^2(t)] \\;=\\; \\frac{1}{2\\pi}\\int_{\\text{banda}} S_{xx}(j\\omega)\\, d\\omega')):  
70%|#######   | 84/120 [00:03<00:01, 21.90it/s]
Animation 14: Write(MathTex('E[y^2(t)] \\;=\\; \\frac{1}{2\\pi}\\int_{\\text{banda}} S_{xx}(j\\omega)\\, d\\omega')):  
72%|#######2  | 87/120 [00:03<00:01, 22.36it/s]
Animation 14: Write(MathTex('E[y^2(t)] \\;=\\; \\frac{1}{2\\pi}\\int_{\\text{banda}} S_{xx}(j\\omega)\\, d\\omega')):  
75%|#######5  | 90/120 [00:03<00:01, 22.44it/s]
Animation 14: Write(MathTex('E[y^2(t)] \\;=\\; \\frac{1}{2\\pi}\\int_{\\text{banda}} S_{xx}(j\\omega)\\, d\\omega')):  
78%|#######7  | 93/120 [00:04<00:01, 22.44it/s]
Animation 14: Write(MathTex('E[y^2(t)] \\;=\\; \\frac{1}{2\\pi}\\int_{\\text{banda}} S_{xx}(j\\omega)\\, d\\omega')):  
80%|########  | 96/120 [00:04<00:01, 22.83it/s]
Animation 14: Write(MathTex('E[y^2(t)] \\;=\\; \\frac{1}{2\\pi}\\int_{\\text{banda}} S_{xx}(j\\omega)\\, d\\omega')):  
82%|########2 | 99/120 [00:04<00:00, 23.22it/s]
Animation 14: Write(MathTex('E[y^2(t)] \\;=\\; \\frac{1}{2\\pi}\\int_{\\text{banda}} S_{xx}(j\\omega)\\, d\\omega')):  
85%|########5 | 102/120 [00:04<00:00, 23.00it/s]
Animation 14: Write(MathTex('E[y^2(t)] \\;=\\; \\frac{1}{2\\pi}\\int_{\\text{banda}} S_{xx}(j\\omega)\\, d\\omega')):  
88%|########7 | 105/120 [00:04<00:00, 22.85it/s]
Animation 14: Write(MathTex('E[y^2(t)] \\;=\\; \\frac{1}{2\\pi}\\int_{\\text{banda}} S_{xx}(j\\omega)\\, d\\omega')):  
90%|######### | 108/120 [00:04<00:00, 22.23it/s]
Animation 14: Write(MathTex('E[y^2(t)] \\;=\\; \\frac{1}{2\\pi}\\int_{\\text{banda}} S_{xx}(j\\omega)\\, d\\omega')):  
92%|#########2| 111/120 [00:04<00:00, 22.83it/s]
Animation 14: Write(MathTex('E[y^2(t)] \\;=\\; \\frac{1}{2\\pi}\\int_{\\text{banda}} S_{xx}(j\\omega)\\, d\\omega')):  
95%|#########5| 114/120 [00:04<00:00, 22.72it/s]
Animation 14: Write(MathTex('E[y^2(t)] \\;=\\; \\frac{1}{2\\pi}\\int_{\\text{banda}} S_{xx}(j\\omega)\\, d\\omega')):  
98%|#########7| 117/120 [00:05<00:00, 22.71it/s]
Animation 14: Write(MathTex('E[y^2(t)] \\;=\\; \\frac{1}{2\\pi}\\int_{\\text{banda}} S_{xx}(j\\omega)\\, d\\omega')): 
100%|##########| 120/120 [00:05<00:00, 22.99it/s]
[09/08/26 20:25:39] INFO     Animation 14 : Partial    scene_file_writer.py:192
                             movie file written in                             
                             'C:\Users\Nacho\Documents                         
                             \Animaciones\Capitulo                             
                             11\media\videos\s02_pasab                         
                             anda\1080p60\partial_movi                         
                             e_files\PSDPasabanda\2932                         
                             440949_2557984725_2523286                         
                             149.mp4'                                          
[09/08/26 20:25:40] INFO     Animation 15 : Partial    scene_file_writer.py:192
                             movie file written in                             
                             'C:\Users\Nacho\Documents                         
                             \Animaciones\Capitulo                             
                             11\media\videos\s02_pasab                         
                             anda\1080p60\partial_movi                         
                             e_files\PSDPasabanda\2932                         
                             440949_941615173_10277251                         
                             07.mp4'                                           
                                                                                                                       
                                                

Animation 16: _MethodAnimation(ValueTracker):   0%|          | 0/192 [00:00<?, ?it/s]
Animation 16: _MethodAnimation(ValueTracker):   2%|1         | 3/192 [00:00<00:07, 23.86it/s]
Animation 16: _MethodAnimation(ValueTracker):   3%|3         | 6/192 [00:00<00:08, 22.94it/s]
Animation 16: _MethodAnimation(ValueTracker):   5%|4         | 9/192 [00:00<00:07, 24.13it/s]
Animation 16: _MethodAnimation(ValueTracker):   6%|6         | 12/192 [00:00<00:07, 23.47it/s]
Animation 16: _MethodAnimation(ValueTracker):   8%|7         | 15/192 [00:00<00:07, 23.11it/s]
Animation 16: _MethodAnimation(ValueTracker):   9%|9         | 18/192 [00:00<00:07, 23.93it/s]
Animation 16: _MethodAnimation(ValueTracker):  11%|#         | 21/192 [00:00<00:07, 23.46it/s]
Animation 16: _MethodAnimation(ValueTracker):  12%|#2        | 24/192 [00:01<00:07, 23.18it/s]
Animation 16: _MethodAnimation(ValueTracker):  14%|#4        | 27/192 [00:01<00:06, 23.87it/s]
Animation 16: _MethodAnimation(ValueTracker):  16%|#5        | 30/192 [00:01<00:06, 23.53it/s]
Animation 16: _MethodAnimation(ValueTracker):  17%|#7        | 33/192 [00:01<00:06, 23.58it/s]
Animation 16: _MethodAnimation(ValueTracker):  19%|#8        | 36/192 [00:01<00:06, 23.69it/s]
Animation 16: _MethodAnimation(ValueTracker):  20%|##        | 39/192 [00:01<00:06, 22.67it/s]
Animation 16: _MethodAnimation(ValueTracker):  22%|##1       | 42/192 [00:01<00:06, 22.44it/s]
Animation 16: _MethodAnimation(ValueTracker):  23%|##3       | 45/192 [00:01<00:06, 22.43it/s]
Animation 16: _MethodAnimation(ValueTracker):  25%|##5       | 48/192 [00:02<00:06, 23.31it/s]
Animation 16: _MethodAnimation(ValueTracker):  27%|##6       | 51/192 [00:02<00:06, 23.05it/s]
Animation 16: _MethodAnimation(ValueTracker):  28%|##8       | 54/192 [00:02<00:06, 22.89it/s]
Animation 16: _MethodAnimation(ValueTracker):  30%|##9       | 57/192 [00:02<00:05, 22.78it/s]
Animation 16: _MethodAnimation(ValueTracker):  31%|###1      | 60/192 [00:02<00:05, 22.74it/s]
Animation 16: _MethodAnimation(ValueTracker):  33%|###2      | 63/192 [00:02<00:05, 22.54it/s]
Animation 16: _MethodAnimation(ValueTracker):  34%|###4      | 66/192 [00:02<00:05, 22.65it/s]
Animation 16: _MethodAnimation(ValueTracker):  36%|###5      | 69/192 [00:02<00:05, 22.60it/s]
Animation 16: _MethodAnimation(ValueTracker):  38%|###7      | 72/192 [00:03<00:05, 23.42it/s]
Animation 16: _MethodAnimation(ValueTracker):  39%|###9      | 75/192 [00:03<00:05, 22.26it/s]
Animation 16: _MethodAnimation(ValueTracker):  41%|####      | 78/192 [00:03<00:05, 21.54it/s]
Animation 16: _MethodAnimation(ValueTracker):  42%|####2     | 81/192 [00:03<00:05, 21.06it/s]
Animation 16: _MethodAnimation(ValueTracker):  44%|####3     | 84/192 [00:03<00:05, 21.47it/s]
Animation 16: _MethodAnimation(ValueTracker):  45%|####5     | 87/192 [00:03<00:04, 21.60it/s]
Animation 16: _MethodAnimation(ValueTracker):  47%|####6     | 90/192 [00:03<00:04, 22.02it/s]
Animation 16: _MethodAnimation(ValueTracker):  48%|####8     | 93/192 [00:04<00:04, 21.37it/s]
Animation 16: _MethodAnimation(ValueTracker):  50%|#####     | 96/192 [00:04<00:04, 22.07it/s]
Animation 16: _MethodAnimation(ValueTracker):  52%|#####1    | 99/192 [00:04<00:04, 22.64it/s]
Animation 16: _MethodAnimation(ValueTracker):  53%|#####3    | 102/192 [00:04<00:03, 22.70it/s]
Animation 16: _MethodAnimation(ValueTracker):  55%|#####4    | 105/192 [00:04<00:03, 22.64it/s]
Animation 16: _MethodAnimation(ValueTracker):  56%|#####6    | 108/192 [00:04<00:03, 22.50it/s]
Animation 16: _MethodAnimation(ValueTracker):  58%|#####7    | 111/192 [00:04<00:03, 22.49it/s]
Animation 16: _MethodAnimation(ValueTracker):  59%|#####9    | 114/192 [00:05<00:03, 22.49it/s]
Animation 16: _MethodAnimation(ValueTracker):  61%|######    | 117/192 [00:05<00:03, 22.38it/s]
Animation 16: _MethodAnimation(ValueTracker):  62%|######2   | 120/192 [00:05<00:03, 23.43it/s]
Animation 16: _MethodAnimation(ValueTracker):  64%|######4   | 123/192 [00:05<00:03, 22.16it/s]
Animation 16: _MethodAnimation(ValueTracker):  66%|######5   | 126/192 [00:05<00:02, 22.40it/s]
Animation 16: _MethodAnimation(ValueTracker):  67%|######7   | 129/192 [00:05<00:02, 21.65it/s]
Animation 16: _MethodAnimation(ValueTracker):  69%|######8   | 132/192 [00:05<00:02, 21.12it/s]
Animation 16: _MethodAnimation(ValueTracker):  70%|#######   | 135/192 [00:05<00:02, 21.42it/s]
Animation 16: _MethodAnimation(ValueTracker):  72%|#######1  | 138/192 [00:06<00:02, 21.03it/s]
Animation 16: _MethodAnimation(ValueTracker):  73%|#######3  | 141/192 [00:06<00:02, 21.46it/s]
Animation 16: _MethodAnimation(ValueTracker):  75%|#######5  | 144/192 [00:06<00:02, 21.29it/s]
Animation 16: _MethodAnimation(ValueTracker):  77%|#######6  | 147/192 [00:06<00:02, 22.12it/s]
Animation 16: _MethodAnimation(ValueTracker):  78%|#######8  | 150/192 [00:06<00:01, 22.01it/s]
Animation 16: _MethodAnimation(ValueTracker):  80%|#######9  | 153/192 [00:06<00:01, 21.66it/s]
Animation 16: _MethodAnimation(ValueTracker):  81%|########1 | 156/192 [00:06<00:01, 22.58it/s]
Animation 16: _MethodAnimation(ValueTracker):  83%|########2 | 159/192 [00:07<00:01, 22.63it/s]
Animation 16: _MethodAnimation(ValueTracker):  84%|########4 | 162/192 [00:07<00:01, 22.62it/s]
Animation 16: _MethodAnimation(ValueTracker):  86%|########5 | 165/192 [00:07<00:01, 23.43it/s]
Animation 16: _MethodAnimation(ValueTracker):  88%|########7 | 168/192 [00:07<00:01, 23.13it/s]
Animation 16: _MethodAnimation(ValueTracker):  89%|########9 | 171/192 [00:07<00:00, 22.84it/s]
Animation 16: _MethodAnimation(ValueTracker):  91%|######### | 174/192 [00:07<00:00, 22.50it/s]
Animation 16: _MethodAnimation(ValueTracker):  92%|#########2| 177/192 [00:07<00:00, 21.87it/s]
Animation 16: _MethodAnimation(ValueTracker):  94%|#########3| 180/192 [00:07<00:00, 22.92it/s]
Animation 16: _MethodAnimation(ValueTracker):  95%|#########5| 183/192 [00:08<00:00, 22.08it/s]
Animation 16: _MethodAnimation(ValueTracker):  97%|#########6| 186/192 [00:08<00:00, 22.01it/s]
Animation 16: _MethodAnimation(ValueTracker):  98%|#########8| 189/192 [00:08<00:00, 22.33it/s]
Animation 16: _MethodAnimation(ValueTracker): 100%|##########| 192/192 [00:08<00:00, 23.27it/s]
[09/08/26 20:25:49] INFO     Animation 16 : Partial    scene_file_writer.py:192
                             movie file written in                             
                             'C:\Users\Nacho\Documents                         
                             \Animaciones\Capitulo                             
                             11\media\videos\s02_pasab                         
                             anda\1080p60\partial_movi                         
                             e_files\PSDPasabanda\2932                         
                             440949_903592594_21925813                         
                             58.mp4'                                           
                    INFO     Animation 17 : Partial    scene_file_writer.py:192
                             movie file written in                             
                             'C:\Users\Nacho\Documents                         
                             \Animaciones\Capitulo                             
                             11\media\videos\s02_pasab                         
                             anda\1080p60\partial_movi                         
                             e_files\PSDPasabanda\2932                         
                             440949_241228271_27669938                         
                             44.mp4'                                           
                                                                                               

Animation 18: _MethodAnimation(ValueTracker):   0%|          | 0/180 [00:00<?, ?it/s]
Animation 18: _MethodAnimation(ValueTracker):   2%|1         | 3/180 [00:00<00:07, 24.11it/s]
Animation 18: _MethodAnimation(ValueTracker):   3%|3         | 6/180 [00:00<00:06, 24.97it/s]
Animation 18: _MethodAnimation(ValueTracker):   5%|5         | 9/180 [00:00<00:07, 22.45it/s]
Animation 18: _MethodAnimation(ValueTracker):   7%|6         | 12/180 [00:00<00:07, 23.32it/s]
Animation 18: _MethodAnimation(ValueTracker):   8%|8         | 15/180 [00:00<00:07, 23.18it/s]
Animation 18: _MethodAnimation(ValueTracker):  10%|#         | 18/180 [00:00<00:06, 23.35it/s]
Animation 18: _MethodAnimation(ValueTracker):  12%|#1        | 21/180 [00:00<00:07, 22.51it/s]
Animation 18: _MethodAnimation(ValueTracker):  13%|#3        | 24/180 [00:01<00:06, 22.77it/s]
Animation 18: _MethodAnimation(ValueTracker):  15%|#5        | 27/180 [00:01<00:06, 22.70it/s]
Animation 18: _MethodAnimation(ValueTracker):  17%|#6        | 30/180 [00:01<00:06, 23.53it/s]
Animation 18: _MethodAnimation(ValueTracker):  18%|#8        | 33/180 [00:01<00:06, 23.21it/s]
Animation 18: _MethodAnimation(ValueTracker):  20%|##        | 36/180 [00:01<00:06, 23.03it/s]
Animation 18: _MethodAnimation(ValueTracker):  22%|##1       | 39/180 [00:01<00:05, 23.63it/s]
Animation 18: _MethodAnimation(ValueTracker):  23%|##3       | 42/180 [00:01<00:05, 23.48it/s]
Animation 18: _MethodAnimation(ValueTracker):  25%|##5       | 45/180 [00:01<00:05, 23.08it/s]
Animation 18: _MethodAnimation(ValueTracker):  27%|##6       | 48/180 [00:02<00:05, 22.92it/s]
Animation 18: _MethodAnimation(ValueTracker):  28%|##8       | 51/180 [00:02<00:05, 22.70it/s]
Animation 18: _MethodAnimation(ValueTracker):  30%|###       | 54/180 [00:02<00:05, 22.36it/s]
Animation 18: _MethodAnimation(ValueTracker):  32%|###1      | 57/180 [00:02<00:05, 22.64it/s]
Animation 18: _MethodAnimation(ValueTracker):  33%|###3      | 60/180 [00:02<00:05, 23.09it/s]
Animation 18: _MethodAnimation(ValueTracker):  35%|###5      | 63/180 [00:02<00:05, 22.96it/s]
Animation 18: _MethodAnimation(ValueTracker):  37%|###6      | 66/180 [00:02<00:04, 23.33it/s]
Animation 18: _MethodAnimation(ValueTracker):  38%|###8      | 69/180 [00:02<00:04, 23.07it/s]
Animation 18: _MethodAnimation(ValueTracker):  40%|####      | 72/180 [00:03<00:04, 22.86it/s]
Animation 18: _MethodAnimation(ValueTracker):  42%|####1     | 75/180 [00:03<00:04, 23.63it/s]
Animation 18: _MethodAnimation(ValueTracker):  43%|####3     | 78/180 [00:03<00:04, 24.21it/s]
Animation 18: _MethodAnimation(ValueTracker):  45%|####5     | 81/180 [00:03<00:04, 23.02it/s]
Animation 18: _MethodAnimation(ValueTracker):  47%|####6     | 84/180 [00:03<00:04, 23.51it/s]
Animation 18: _MethodAnimation(ValueTracker):  48%|####8     | 87/180 [00:03<00:04, 23.21it/s]
Animation 18: _MethodAnimation(ValueTracker):  50%|#####     | 90/180 [00:03<00:03, 22.98it/s]
Animation 18: _MethodAnimation(ValueTracker):  52%|#####1    | 93/180 [00:04<00:03, 23.76it/s]
Animation 18: _MethodAnimation(ValueTracker):  53%|#####3    | 96/180 [00:04<00:03, 24.29it/s]
Animation 18: _MethodAnimation(ValueTracker):  55%|#####5    | 99/180 [00:04<00:03, 23.75it/s]
Animation 18: _MethodAnimation(ValueTracker):  57%|#####6    | 102/180 [00:04<00:03, 24.29it/s]
Animation 18: _MethodAnimation(ValueTracker):  58%|#####8    | 105/180 [00:04<00:03, 23.77it/s]
Animation 18: _MethodAnimation(ValueTracker):  60%|######    | 108/180 [00:04<00:02, 24.27it/s]
Animation 18: _MethodAnimation(ValueTracker):  62%|######1   | 111/180 [00:04<00:03, 22.85it/s]
Animation 18: _MethodAnimation(ValueTracker):  63%|######3   | 114/180 [00:04<00:02, 22.48it/s]
Animation 18: _MethodAnimation(ValueTracker):  65%|######5   | 117/180 [00:05<00:02, 21.68it/s]
Animation 18: _MethodAnimation(ValueTracker):  67%|######6   | 120/180 [00:05<00:02, 20.93it/s]
Animation 18: _MethodAnimation(ValueTracker):  68%|######8   | 123/180 [00:05<00:02, 21.08it/s]
Animation 18: _MethodAnimation(ValueTracker):  70%|#######   | 126/180 [00:05<00:02, 20.30it/s]
Animation 18: _MethodAnimation(ValueTracker):  72%|#######1  | 129/180 [00:05<00:02, 20.61it/s]
Animation 18: _MethodAnimation(ValueTracker):  73%|#######3  | 132/180 [00:05<00:02, 20.43it/s]
Animation 18: _MethodAnimation(ValueTracker):  75%|#######5  | 135/180 [00:05<00:02, 20.30it/s]
Animation 18: _MethodAnimation(ValueTracker):  77%|#######6  | 138/180 [00:06<00:02, 20.91it/s]
Animation 18: _MethodAnimation(ValueTracker):  78%|#######8  | 141/180 [00:06<00:01, 19.94it/s]
Animation 18: _MethodAnimation(ValueTracker):  80%|########  | 144/180 [00:06<00:01, 20.68it/s]
Animation 18: _MethodAnimation(ValueTracker):  82%|########1 | 147/180 [00:06<00:01, 21.93it/s]
Animation 18: _MethodAnimation(ValueTracker):  83%|########3 | 150/180 [00:06<00:01, 21.31it/s]
Animation 18: _MethodAnimation(ValueTracker):  85%|########5 | 153/180 [00:06<00:01, 20.47it/s]
Animation 18: _MethodAnimation(ValueTracker):  87%|########6 | 156/180 [00:06<00:01, 20.76it/s]
Animation 18: _MethodAnimation(ValueTracker):  88%|########8 | 159/180 [00:07<00:00, 21.23it/s]
Animation 18: _MethodAnimation(ValueTracker):  90%|######### | 162/180 [00:07<00:00, 20.86it/s]
Animation 18: _MethodAnimation(ValueTracker):  92%|#########1| 165/180 [00:07<00:00, 21.29it/s]
Animation 18: _MethodAnimation(ValueTracker):  93%|#########3| 168/180 [00:07<00:00, 21.00it/s]
Animation 18: _MethodAnimation(ValueTracker):  95%|#########5| 171/180 [00:07<00:00, 21.34it/s]
Animation 18: _MethodAnimation(ValueTracker):  97%|#########6| 174/180 [00:07<00:00, 22.50it/s]
Animation 18: _MethodAnimation(ValueTracker):  98%|#########8| 177/180 [00:07<00:00, 22.54it/s]
Animation 18: _MethodAnimation(ValueTracker): 100%|##########| 180/180 [00:08<00:00, 22.49it/s]
[09/08/26 20:25:57] INFO     Animation 18 : Partial    scene_file_writer.py:192
                             movie file written in                             
                             'C:\Users\Nacho\Documents                         
                             \Animaciones\Capitulo                             
                             11\media\videos\s02_pasab                         
                             anda\1080p60\partial_movi                         
                             e_files\PSDPasabanda\2932                         
                             440949_2953321888_5808900                         
                             74.mp4'                                           
                    INFO     Animation 19 : Partial    scene_file_writer.py:192
                             movie file written in                             
                             'C:\Users\Nacho\Documents                         
                             \Animaciones\Capitulo                             
                             11\media\videos\s02_pasab                         
                             anda\1080p60\partial_movi                         
                             e_files\PSDPasabanda\2932                         
                             440949_4235033027_1031589                         
                             245.mp4'                                          
                                                                                               

Animation 20: _MethodAnimation(ValueTracker):   0%|          | 0/120 [00:00<?, ?it/s]
Animation 20: _MethodAnimation(ValueTracker):   3%|3         | 4/120 [00:00<00:04, 26.75it/s]
Animation 20: _MethodAnimation(ValueTracker):   6%|5         | 7/120 [00:00<00:04, 24.36it/s]
Animation 20: _MethodAnimation(ValueTracker):   8%|8         | 10/120 [00:00<00:04, 23.55it/s]
Animation 20: _MethodAnimation(ValueTracker):  11%|#         | 13/120 [00:00<00:04, 23.15it/s]
Animation 20: _MethodAnimation(ValueTracker):  13%|#3        | 16/120 [00:00<00:04, 23.82it/s]
Animation 20: _MethodAnimation(ValueTracker):  16%|#5        | 19/120 [00:00<00:04, 24.28it/s]
Animation 20: _MethodAnimation(ValueTracker):  18%|#8        | 22/120 [00:00<00:04, 23.99it/s]
Animation 20: _MethodAnimation(ValueTracker):  21%|##        | 25/120 [00:01<00:04, 23.54it/s]
Animation 20: _MethodAnimation(ValueTracker):  23%|##3       | 28/120 [00:01<00:03, 24.07it/s]
Animation 20: _MethodAnimation(ValueTracker):  26%|##5       | 31/120 [00:01<00:03, 22.95it/s]
Animation 20: _MethodAnimation(ValueTracker):  28%|##8       | 34/120 [00:01<00:03, 23.27it/s]
Animation 20: _MethodAnimation(ValueTracker):  31%|###       | 37/120 [00:01<00:03, 24.12it/s]
Animation 20: _MethodAnimation(ValueTracker):  33%|###3      | 40/120 [00:01<00:03, 23.62it/s]
Animation 20: _MethodAnimation(ValueTracker):  36%|###5      | 43/120 [00:01<00:03, 24.17it/s]
Animation 20: _MethodAnimation(ValueTracker):  38%|###8      | 46/120 [00:01<00:03, 23.51it/s]
Animation 20: _MethodAnimation(ValueTracker):  41%|####      | 49/120 [00:02<00:02, 24.31it/s]
Animation 20: _MethodAnimation(ValueTracker):  43%|####3     | 52/120 [00:02<00:02, 22.84it/s]
Animation 20: _MethodAnimation(ValueTracker):  46%|####5     | 55/120 [00:02<00:02, 22.73it/s]
Animation 20: _MethodAnimation(ValueTracker):  48%|####8     | 58/120 [00:02<00:02, 22.67it/s]
Animation 20: _MethodAnimation(ValueTracker):  51%|#####     | 61/120 [00:02<00:02, 21.83it/s]
Animation 20: _MethodAnimation(ValueTracker):  53%|#####3    | 64/120 [00:02<00:02, 21.26it/s]
Animation 20: _MethodAnimation(ValueTracker):  56%|#####5    | 67/120 [00:02<00:02, 20.96it/s]
Animation 20: _MethodAnimation(ValueTracker):  58%|#####8    | 70/120 [00:03<00:02, 21.21it/s]
Animation 20: _MethodAnimation(ValueTracker):  61%|######    | 73/120 [00:03<00:02, 20.95it/s]
Animation 20: _MethodAnimation(ValueTracker):  63%|######3   | 76/120 [00:03<00:02, 21.32it/s]
Animation 20: _MethodAnimation(ValueTracker):  66%|######5   | 79/120 [00:03<00:01, 21.64it/s]
Animation 20: _MethodAnimation(ValueTracker):  68%|######8   | 82/120 [00:03<00:01, 21.13it/s]
Animation 20: _MethodAnimation(ValueTracker):  71%|#######   | 85/120 [00:03<00:01, 21.53it/s]
Animation 20: _MethodAnimation(ValueTracker):  73%|#######3  | 88/120 [00:03<00:01, 21.38it/s]
Animation 20: _MethodAnimation(ValueTracker):  76%|#######5  | 91/120 [00:04<00:01, 21.15it/s]
Animation 20: _MethodAnimation(ValueTracker):  78%|#######8  | 94/120 [00:04<00:01, 21.43it/s]
Animation 20: _MethodAnimation(ValueTracker):  81%|########  | 97/120 [00:04<00:01, 21.32it/s]
Animation 20: _MethodAnimation(ValueTracker):  83%|########3 | 100/120 [00:04<00:00, 22.44it/s]
Animation 20: _MethodAnimation(ValueTracker):  86%|########5 | 103/120 [00:04<00:00, 22.46it/s]
Animation 20: _MethodAnimation(ValueTracker):  88%|########8 | 106/120 [00:04<00:00, 23.35it/s]
Animation 20: _MethodAnimation(ValueTracker):  91%|######### | 109/120 [00:04<00:00, 24.00it/s]
Animation 20: _MethodAnimation(ValueTracker):  93%|#########3| 112/120 [00:04<00:00, 23.53it/s]
Animation 20: _MethodAnimation(ValueTracker):  96%|#########5| 115/120 [00:05<00:00, 23.01it/s]
Animation 20: _MethodAnimation(ValueTracker):  98%|#########8| 118/120 [00:05<00:00, 23.06it/s]
[09/08/26 20:26:03] INFO     Animation 20 : Partial    scene_file_writer.py:192
                             movie file written in                             
                             'C:\Users\Nacho\Documents                         
                             \Animaciones\Capitulo                             
                             11\media\videos\s02_pasab                         
                             anda\1080p60\partial_movi                         
                             e_files\PSDPasabanda\2932                         
                             440949_4260653733_2611678                         
                             121.mp4'                                          
                    INFO     Animation 21 : Partial    scene_file_writer.py:192
                             movie file written in                             
                             'C:\Users\Nacho\Documents                         
                             \Animaciones\Capitulo                             
                             11\media\videos\s02_pasab                         
                             anda\1080p60\partial_movi                         
                             e_files\PSDPasabanda\2932                         
                             440949_3880968470_2203092                         
                             807.mp4'                                          
                                                                                               

Animation 22: FadeIn(Text('el área de la franja ES la potencia esperada en esa banda,')), etc.:   0%|          | 0/60 
[00:00<?, ?it/s]
Animation 22: FadeIn(Text('el área de la franja ES la potencia esperada en esa banda,')), etc.:   5%|5         | 3/60 
[00:00<00:02, 22.48it/s]
Animation 22: FadeIn(Text('el área de la franja ES la potencia esperada en esa banda,')), etc.:  10%|#         | 6/60 
[00:00<00:02, 22.68it/s]
Animation 22: FadeIn(Text('el área de la franja ES la potencia esperada en esa banda,')), etc.:  15%|#5        | 9/60 
[00:00<00:02, 22.48it/s]
Animation 22: FadeIn(Text('el área de la franja ES la potencia esperada en esa banda,')), etc.:  20%|##        | 12/60 
[00:00<00:02, 21.53it/s]
Animation 22: FadeIn(Text('el área de la franja ES la potencia esperada en esa banda,')), etc.:  25%|##5       | 15/60 
[00:00<00:01, 22.75it/s]
Animation 22: FadeIn(Text('el área de la franja ES la potencia esperada en esa banda,')), etc.:  30%|###       | 18/60 
[00:00<00:01, 21.73it/s]
Animation 22: FadeIn(Text('el área de la franja ES la potencia esperada en esa banda,')), etc.:  35%|###5      | 21/60 
[00:00<00:01, 21.14it/s]
Animation 22: FadeIn(Text('el área de la franja ES la potencia esperada en esa banda,')), etc.:  40%|####      | 24/60 
[00:01<00:01, 21.57it/s]
Animation 22: FadeIn(Text('el área de la franja ES la potencia esperada en esa banda,')), etc.:  45%|####5     | 27/60 
[00:01<00:01, 21.85it/s]
Animation 22: FadeIn(Text('el área de la franja ES la potencia esperada en esa banda,')), etc.:  50%|#####     | 30/60 
[00:01<00:01, 22.03it/s]
Animation 22: FadeIn(Text('el área de la franja ES la potencia esperada en esa banda,')), etc.:  55%|#####5    | 33/60 
[00:01<00:01, 22.17it/s]
Animation 22: FadeIn(Text('el área de la franja ES la potencia esperada en esa banda,')), etc.:  60%|######    | 36/60 
[00:01<00:01, 20.00it/s]
Animation 22: FadeIn(Text('el área de la franja ES la potencia esperada en esa banda,')), etc.:  65%|######5   | 39/60 
[00:01<00:01, 20.23it/s]
Animation 22: FadeIn(Text('el área de la franja ES la potencia esperada en esa banda,')), etc.:  70%|#######   | 42/60 
[00:01<00:00, 20.61it/s]
Animation 22: FadeIn(Text('el área de la franja ES la potencia esperada en esa banda,')), etc.:  75%|#######5  | 45/60 
[00:02<00:00, 19.14it/s]
Animation 22: FadeIn(Text('el área de la franja ES la potencia esperada en esa banda,')), etc.:  78%|#######8  | 47/60 
[00:02<00:00, 19.24it/s]
Animation 22: FadeIn(Text('el área de la franja ES la potencia esperada en esa banda,')), etc.:  83%|########3 | 50/60 
[00:02<00:00, 19.30it/s]
Animation 22: FadeIn(Text('el área de la franja ES la potencia esperada en esa banda,')), etc.:  88%|########8 | 53/60 
[00:02<00:00, 20.53it/s]
Animation 22: FadeIn(Text('el área de la franja ES la potencia esperada en esa banda,')), etc.:  93%|#########3| 56/60 
[00:02<00:00, 20.36it/s]
Animation 22: FadeIn(Text('el área de la franja ES la potencia esperada en esa banda,')), etc.:  98%|#########8| 59/60 
[00:02<00:00, 20.94it/s]
[09/08/26 20:26:07] INFO     Animation 22 : Partial    scene_file_writer.py:192
                             movie file written in                             
                             'C:\Users\Nacho\Documents                         
                             \Animaciones\Capitulo                             
                             11\media\videos\s02_pasab                         
                             anda\1080p60\partial_movi                         
                             e_files\PSDPasabanda\2932                         
                             440949_4012582850_1324955                         
                             426.mp4'                                          
[09/08/26 20:26:08] INFO     Animation 23 : Partial    scene_file_writer.py:192
                             movie file written in                             
                             'C:\Users\Nacho\Documents                         
                             \Animaciones\Capitulo                             
                             11\media\videos\s02_pasab                         
                             anda\1080p60\partial_movi                         
                             e_files\PSDPasabanda\2932                         
                             440949_3810316983_3040601                         
                             88.mp4'                                           
                                                                                                                       
                        

Animation 24: FadeOut(Text('el área de la franja ES la potencia esperada en esa banda,')), etc.:   0%|          | 0/60 
[00:00<?, ?it/s]
Animation 24: FadeOut(Text('el área de la franja ES la potencia esperada en esa banda,')), etc.:   5%|5         | 3/60 
[00:00<00:02, 22.62it/s]
Animation 24: FadeOut(Text('el área de la franja ES la potencia esperada en esa banda,')), etc.:  10%|#         | 6/60 
[00:00<00:02, 22.56it/s]
Animation 24: FadeOut(Text('el área de la franja ES la potencia esperada en esa banda,')), etc.:  15%|#5        | 9/60 
[00:00<00:02, 22.54it/s]
Animation 24: FadeOut(Text('el área de la franja ES la potencia esperada en esa banda,')), etc.:  20%|##        | 
12/60 [00:00<00:02, 22.52it/s]
Animation 24: FadeOut(Text('el área de la franja ES la potencia esperada en esa banda,')), etc.:  25%|##5       | 
15/60 [00:00<00:01, 22.51it/s]
Animation 24: FadeOut(Text('el área de la franja ES la potencia esperada en esa banda,')), etc.:  30%|###       | 
18/60 [00:00<00:01, 23.57it/s]
Animation 24: FadeOut(Text('el área de la franja ES la potencia esperada en esa banda,')), etc.:  35%|###5      | 
21/60 [00:00<00:01, 23.24it/s]
Animation 24: FadeOut(Text('el área de la franja ES la potencia esperada en esa banda,')), etc.:  40%|####      | 
24/60 [00:01<00:01, 22.53it/s]
Animation 24: FadeOut(Text('el área de la franja ES la potencia esperada en esa banda,')), etc.:  45%|####5     | 
27/60 [00:01<00:01, 22.82it/s]
Animation 24: FadeOut(Text('el área de la franja ES la potencia esperada en esa banda,')), etc.:  50%|#####     | 
30/60 [00:01<00:01, 21.90it/s]
Animation 24: FadeOut(Text('el área de la franja ES la potencia esperada en esa banda,')), etc.:  55%|#####5    | 
33/60 [00:01<00:01, 21.41it/s]
Animation 24: FadeOut(Text('el área de la franja ES la potencia esperada en esa banda,')), etc.:  60%|######    | 
36/60 [00:01<00:01, 21.68it/s]
Animation 24: FadeOut(Text('el área de la franja ES la potencia esperada en esa banda,')), etc.:  65%|######5   | 
39/60 [00:01<00:00, 21.08it/s]
Animation 24: FadeOut(Text('el área de la franja ES la potencia esperada en esa banda,')), etc.:  70%|#######   | 
42/60 [00:01<00:00, 20.14it/s]
Animation 24: FadeOut(Text('el área de la franja ES la potencia esperada en esa banda,')), etc.:  75%|#######5  | 
45/60 [00:02<00:00, 20.03it/s]
Animation 24: FadeOut(Text('el área de la franja ES la potencia esperada en esa banda,')), etc.:  80%|########  | 
48/60 [00:02<00:00, 20.71it/s]
Animation 24: FadeOut(Text('el área de la franja ES la potencia esperada en esa banda,')), etc.:  85%|########5 | 
51/60 [00:02<00:00, 20.81it/s]
Animation 24: FadeOut(Text('el área de la franja ES la potencia esperada en esa banda,')), etc.:  90%|######### | 
54/60 [00:02<00:00, 20.97it/s]
Animation 24: FadeOut(Text('el área de la franja ES la potencia esperada en esa banda,')), etc.:  95%|#########5| 
57/60 [00:02<00:00, 21.41it/s]
Animation 24: FadeOut(Text('el área de la franja ES la potencia esperada en esa banda,')), etc.: 100%|##########| 
60/60 [00:02<00:00, 21.71it/s]
[09/08/26 20:26:11] INFO     Animation 24 : Partial    scene_file_writer.py:192
                             movie file written in                             
                             'C:\Users\Nacho\Documents                         
                             \Animaciones\Capitulo                             
                             11\media\videos\s02_pasab                         
                             anda\1080p60\partial_movi                         
                             e_files\PSDPasabanda\2932                         
                             440949_2265098280_1934946                         
                             019.mp4'                                          
                                                                                                                       
                         

Animation 25: _MethodAnimation(ValueTracker):   0%|          | 0/144 [00:00<?, ?it/s]
Animation 25: _MethodAnimation(ValueTracker):   2%|2         | 3/144 [00:00<00:05, 26.49it/s]
Animation 25: _MethodAnimation(ValueTracker):   4%|4         | 6/144 [00:00<00:05, 26.32it/s]
Animation 25: _MethodAnimation(ValueTracker):   6%|6         | 9/144 [00:00<00:05, 25.69it/s]
Animation 25: _MethodAnimation(ValueTracker):   8%|8         | 12/144 [00:00<00:05, 25.93it/s]
Animation 25: _MethodAnimation(ValueTracker):  10%|#         | 15/144 [00:00<00:04, 25.92it/s]
Animation 25: _MethodAnimation(ValueTracker):  12%|#2        | 18/144 [00:00<00:04, 27.05it/s]
Animation 25: _MethodAnimation(ValueTracker):  15%|#4        | 21/144 [00:00<00:04, 26.82it/s]
Animation 25: _MethodAnimation(ValueTracker):  17%|#6        | 24/144 [00:00<00:04, 25.25it/s]
Animation 25: _MethodAnimation(ValueTracker):  19%|#8        | 27/144 [00:01<00:04, 25.41it/s]
Animation 25: _MethodAnimation(ValueTracker):  21%|##        | 30/144 [00:01<00:04, 25.50it/s]
Animation 25: _MethodAnimation(ValueTracker):  23%|##2       | 33/144 [00:01<00:04, 25.57it/s]
Animation 25: _MethodAnimation(ValueTracker):  25%|##5       | 36/144 [00:01<00:04, 25.62it/s]
Animation 25: _MethodAnimation(ValueTracker):  27%|##7       | 39/144 [00:01<00:04, 25.12it/s]
Animation 25: _MethodAnimation(ValueTracker):  29%|##9       | 42/144 [00:01<00:04, 23.73it/s]
Animation 25: _MethodAnimation(ValueTracker):  31%|###1      | 45/144 [00:01<00:04, 23.32it/s]
Animation 25: _MethodAnimation(ValueTracker):  33%|###3      | 48/144 [00:01<00:04, 23.07it/s]
Animation 25: _MethodAnimation(ValueTracker):  35%|###5      | 51/144 [00:02<00:04, 22.91it/s]
Animation 25: _MethodAnimation(ValueTracker):  38%|###7      | 54/144 [00:02<00:04, 21.94it/s]
Animation 25: _MethodAnimation(ValueTracker):  40%|###9      | 57/144 [00:02<00:03, 22.11it/s]
Animation 25: _MethodAnimation(ValueTracker):  42%|####1     | 60/144 [00:02<00:03, 22.21it/s]
Animation 25: _MethodAnimation(ValueTracker):  44%|####3     | 63/144 [00:02<00:03, 21.50it/s]
Animation 25: _MethodAnimation(ValueTracker):  46%|####5     | 66/144 [00:02<00:03, 21.77it/s]
Animation 25: _MethodAnimation(ValueTracker):  48%|####7     | 69/144 [00:02<00:03, 22.01it/s]
Animation 25: _MethodAnimation(ValueTracker):  50%|#####     | 72/144 [00:03<00:03, 22.16it/s]
Animation 25: _MethodAnimation(ValueTracker):  52%|#####2    | 75/144 [00:03<00:02, 23.10it/s]
Animation 25: _MethodAnimation(ValueTracker):  54%|#####4    | 78/144 [00:03<00:02, 22.90it/s]
Animation 25: _MethodAnimation(ValueTracker):  56%|#####6    | 81/144 [00:03<00:02, 23.67it/s]
Animation 25: _MethodAnimation(ValueTracker):  58%|#####8    | 84/144 [00:03<00:02, 23.39it/s]
Animation 25: _MethodAnimation(ValueTracker):  60%|######    | 87/144 [00:03<00:02, 23.99it/s]
Animation 25: _MethodAnimation(ValueTracker):  62%|######2   | 90/144 [00:03<00:02, 22.75it/s]
Animation 25: _MethodAnimation(ValueTracker):  65%|######4   | 93/144 [00:03<00:02, 22.61it/s]
Animation 25: _MethodAnimation(ValueTracker):  67%|######6   | 96/144 [00:04<00:02, 22.57it/s]
Animation 25: _MethodAnimation(ValueTracker):  69%|######8   | 99/144 [00:04<00:02, 22.32it/s]
Animation 25: _MethodAnimation(ValueTracker):  71%|#######   | 102/144 [00:04<00:01, 21.74it/s]
Animation 25: _MethodAnimation(ValueTracker):  73%|#######2  | 105/144 [00:04<00:01, 21.20it/s]
Animation 25: _MethodAnimation(ValueTracker):  75%|#######5  | 108/144 [00:04<00:01, 21.57it/s]
Animation 25: _MethodAnimation(ValueTracker):  77%|#######7  | 111/144 [00:04<00:01, 21.83it/s]
Animation 25: _MethodAnimation(ValueTracker):  79%|#######9  | 114/144 [00:04<00:01, 21.25it/s]
Animation 25: _MethodAnimation(ValueTracker):  81%|########1 | 117/144 [00:05<00:01, 21.51it/s]
Animation 25: _MethodAnimation(ValueTracker):  83%|########3 | 120/144 [00:05<00:01, 21.91it/s]
Animation 25: _MethodAnimation(ValueTracker):  85%|########5 | 123/144 [00:05<00:00, 21.34it/s]
Animation 25: _MethodAnimation(ValueTracker):  88%|########7 | 126/144 [00:05<00:00, 21.72it/s]
Animation 25: _MethodAnimation(ValueTracker):  90%|########9 | 129/144 [00:05<00:00, 22.66it/s]
Animation 25: _MethodAnimation(ValueTracker):  92%|#########1| 132/144 [00:05<00:00, 23.53it/s]
Animation 25: _MethodAnimation(ValueTracker):  94%|#########3| 135/144 [00:05<00:00, 24.13it/s]
Animation 25: _MethodAnimation(ValueTracker):  96%|#########5| 138/144 [00:05<00:00, 22.80it/s]
Animation 25: _MethodAnimation(ValueTracker):  98%|#########7| 141/144 [00:06<00:00, 22.71it/s]
Animation 25: _MethodAnimation(ValueTracker): 100%|##########| 144/144 [00:06<00:00, 22.20it/s]
[09/08/26 20:26:18] INFO     Animation 25 : Partial    scene_file_writer.py:192
                             movie file written in                             
                             'C:\Users\Nacho\Documents                         
                             \Animaciones\Capitulo                             
                             11\media\videos\s02_pasab                         
                             anda\1080p60\partial_movi                         
                             e_files\PSDPasabanda\2932                         
                             440949_3270435746_2476588                         
                             181.mp4'                                          
                                                                                               

Animation 26: FadeOut(MathTex('E[y^2(t)] \\;=\\; \\frac{1}{2\\pi}\\int_{\\text{banda}} S_{xx}(j\\omega)\\, 
d\\omega')), etc.:   0%|          | 0/60 [00:00<?, ?it/s]
Animation 26: FadeOut(MathTex('E[y^2(t)] \\;=\\; \\frac{1}{2\\pi}\\int_{\\text{banda}} S_{xx}(j\\omega)\\, 
d\\omega')), etc.:   5%|5         | 3/60 [00:00<00:02, 26.62it/s]
Animation 26: FadeOut(MathTex('E[y^2(t)] \\;=\\; \\frac{1}{2\\pi}\\int_{\\text{banda}} S_{xx}(j\\omega)\\, 
d\\omega')), etc.:  10%|#         | 6/60 [00:00<00:02, 26.00it/s]
Animation 26: FadeOut(MathTex('E[y^2(t)] \\;=\\; \\frac{1}{2\\pi}\\int_{\\text{banda}} S_{xx}(j\\omega)\\, 
d\\omega')), etc.:  15%|#5        | 9/60 [00:00<00:02, 22.31it/s]
Animation 26: FadeOut(MathTex('E[y^2(t)] \\;=\\; \\frac{1}{2\\pi}\\int_{\\text{banda}} S_{xx}(j\\omega)\\, 
d\\omega')), etc.:  20%|##        | 12/60 [00:00<00:02, 21.79it/s]
Animation 26: FadeOut(MathTex('E[y^2(t)] \\;=\\; \\frac{1}{2\\pi}\\int_{\\text{banda}} S_{xx}(j\\omega)\\, 
d\\omega')), etc.:  25%|##5       | 15/60 [00:00<00:02, 21.04it/s]
Animation 26: FadeOut(MathTex('E[y^2(t)] \\;=\\; \\frac{1}{2\\pi}\\int_{\\text{banda}} S_{xx}(j\\omega)\\, 
d\\omega')), etc.:  30%|###       | 18/60 [00:00<00:01, 22.40it/s]
Animation 26: FadeOut(MathTex('E[y^2(t)] \\;=\\; \\frac{1}{2\\pi}\\int_{\\text{banda}} S_{xx}(j\\omega)\\, 
d\\omega')), etc.:  35%|###5      | 21/60 [00:00<00:01, 22.48it/s]
Animation 26: FadeOut(MathTex('E[y^2(t)] \\;=\\; \\frac{1}{2\\pi}\\int_{\\text{banda}} S_{xx}(j\\omega)\\, 
d\\omega')), etc.:  40%|####      | 24/60 [00:01<00:01, 23.40it/s]
Animation 26: FadeOut(MathTex('E[y^2(t)] \\;=\\; \\frac{1}{2\\pi}\\int_{\\text{banda}} S_{xx}(j\\omega)\\, 
d\\omega')), etc.:  45%|####5     | 27/60 [00:01<00:01, 23.12it/s]
Animation 26: FadeOut(MathTex('E[y^2(t)] \\;=\\; \\frac{1}{2\\pi}\\int_{\\text{banda}} S_{xx}(j\\omega)\\, 
d\\omega')), etc.:  50%|#####     | 30/60 [00:01<00:01, 22.92it/s]
Animation 26: FadeOut(MathTex('E[y^2(t)] \\;=\\; \\frac{1}{2\\pi}\\int_{\\text{banda}} S_{xx}(j\\omega)\\, 
d\\omega')), etc.:  55%|#####5    | 33/60 [00:01<00:01, 22.65it/s]
Animation 26: FadeOut(MathTex('E[y^2(t)] \\;=\\; \\frac{1}{2\\pi}\\int_{\\text{banda}} S_{xx}(j\\omega)\\, 
d\\omega')), etc.:  60%|######    | 36/60 [00:01<00:01, 23.52it/s]
Animation 26: FadeOut(MathTex('E[y^2(t)] \\;=\\; \\frac{1}{2\\pi}\\int_{\\text{banda}} S_{xx}(j\\omega)\\, 
d\\omega')), etc.:  65%|######5   | 39/60 [00:01<00:00, 23.34it/s]
Animation 26: FadeOut(MathTex('E[y^2(t)] \\;=\\; \\frac{1}{2\\pi}\\int_{\\text{banda}} S_{xx}(j\\omega)\\, 
d\\omega')), etc.:  70%|#######   | 42/60 [00:01<00:00, 23.90it/s]
Animation 26: FadeOut(MathTex('E[y^2(t)] \\;=\\; \\frac{1}{2\\pi}\\int_{\\text{banda}} S_{xx}(j\\omega)\\, 
d\\omega')), etc.:  75%|#######5  | 45/60 [00:01<00:00, 22.44it/s]
Animation 26: FadeOut(MathTex('E[y^2(t)] \\;=\\; \\frac{1}{2\\pi}\\int_{\\text{banda}} S_{xx}(j\\omega)\\, 
d\\omega')), etc.:  80%|########  | 48/60 [00:02<00:00, 22.70it/s]
Animation 26: FadeOut(MathTex('E[y^2(t)] \\;=\\; \\frac{1}{2\\pi}\\int_{\\text{banda}} S_{xx}(j\\omega)\\, 
d\\omega')), etc.:  85%|########5 | 51/60 [00:02<00:00, 22.61it/s]
Animation 26: FadeOut(MathTex('E[y^2(t)] \\;=\\; \\frac{1}{2\\pi}\\int_{\\text{banda}} S_{xx}(j\\omega)\\, 
d\\omega')), etc.:  90%|######### | 54/60 [00:02<00:00, 21.85it/s]
Animation 26: FadeOut(MathTex('E[y^2(t)] \\;=\\; \\frac{1}{2\\pi}\\int_{\\text{banda}} S_{xx}(j\\omega)\\, 
d\\omega')), etc.:  95%|#########5| 57/60 [00:02<00:00, 21.24it/s]
Animation 26: FadeOut(MathTex('E[y^2(t)] \\;=\\; \\frac{1}{2\\pi}\\int_{\\text{banda}} S_{xx}(j\\omega)\\, 
d\\omega')), etc.: 100%|##########| 60/60 [00:02<00:00, 22.28it/s]
[09/08/26 20:26:21] INFO     Animation 26 : Partial    scene_file_writer.py:192
                             movie file written in                             
                             'C:\Users\Nacho\Documents                         
                             \Animaciones\Capitulo                             
                             11\media\videos\s02_pasab                         
                             anda\1080p60\partial_movi                         
                             e_files\PSDPasabanda\2932                         
                             440949_3519448274_2790552                         
                             30.mp4'                                           
[09/08/26 20:26:22] INFO     Animation 27 : Partial    scene_file_writer.py:192
                             movie file written in                             
                             'C:\Users\Nacho\Documents                         
                             \Animaciones\Capitulo                             
                             11\media\videos\s02_pasab                         
                             anda\1080p60\partial_movi                         
                             e_files\PSDPasabanda\2932                         
                             440949_3926500612_1967231                         
                             189.mp4'                                          
                                                                                                                       
                                                      

Animation 28: FadeOut(VGroup of 7 submobjects):   0%|          | 0/60 [00:00<?, ?it/s]
Animation 28: FadeOut(VGroup of 7 submobjects):   3%|3         | 2/60 [00:00<00:05, 10.93it/s]
Animation 28: FadeOut(VGroup of 7 submobjects):   7%|6         | 4/60 [00:00<00:05, 10.36it/s]
Animation 28: FadeOut(VGroup of 7 submobjects):  10%|#         | 6/60 [00:00<00:05, 10.03it/s]
Animation 28: FadeOut(VGroup of 7 submobjects):  13%|#3        | 8/60 [00:00<00:05, 10.24it/s]
Animation 28: FadeOut(VGroup of 7 submobjects):  17%|#6        | 10/60 [00:00<00:04, 10.40it/s]
Animation 28: FadeOut(VGroup of 7 submobjects):  20%|##        | 12/60 [00:01<00:04, 10.37it/s]
Animation 28: FadeOut(VGroup of 7 submobjects):  23%|##3       | 14/60 [00:01<00:04, 10.72it/s]
Animation 28: FadeOut(VGroup of 7 submobjects):  27%|##6       | 16/60 [00:01<00:04, 10.80it/s]
Animation 28: FadeOut(VGroup of 7 submobjects):  30%|###       | 18/60 [00:01<00:03, 10.82it/s]
Animation 28: FadeOut(VGroup of 7 submobjects):  33%|###3      | 20/60 [00:01<00:03, 10.58it/s]
Animation 28: FadeOut(VGroup of 7 submobjects):  37%|###6      | 22/60 [00:02<00:03, 10.95it/s]
Animation 28: FadeOut(VGroup of 7 submobjects):  40%|####      | 24/60 [00:02<00:03, 10.64it/s]
Animation 28: FadeOut(VGroup of 7 submobjects):  43%|####3     | 26/60 [00:02<00:03, 10.71it/s]
Animation 28: FadeOut(VGroup of 7 submobjects):  47%|####6     | 28/60 [00:02<00:02, 10.67it/s]
Animation 28: FadeOut(VGroup of 7 submobjects):  50%|#####     | 30/60 [00:02<00:02, 10.49it/s]
Animation 28: FadeOut(VGroup of 7 submobjects):  53%|#####3    | 32/60 [00:03<00:02, 10.36it/s]
Animation 28: FadeOut(VGroup of 7 submobjects):  57%|#####6    | 34/60 [00:03<00:02, 10.56it/s]
Animation 28: FadeOut(VGroup of 7 submobjects):  60%|######    | 36/60 [00:03<00:02, 10.38it/s]
Animation 28: FadeOut(VGroup of 7 submobjects):  63%|######3   | 38/60 [00:03<00:02, 10.54it/s]
Animation 28: FadeOut(VGroup of 7 submobjects):  67%|######6   | 40/60 [00:03<00:01, 10.59it/s]
Animation 28: FadeOut(VGroup of 7 submobjects):  70%|#######   | 42/60 [00:03<00:01, 10.50it/s]
Animation 28: FadeOut(VGroup of 7 submobjects):  73%|#######3  | 44/60 [00:04<00:01, 10.05it/s]
Animation 28: FadeOut(VGroup of 7 submobjects):  77%|#######6  | 46/60 [00:04<00:01, 10.30it/s]
Animation 28: FadeOut(VGroup of 7 submobjects):  80%|########  | 48/60 [00:04<00:01, 10.21it/s]
Animation 28: FadeOut(VGroup of 7 submobjects):  83%|########3 | 50/60 [00:04<00:00, 10.41it/s]
Animation 28: FadeOut(VGroup of 7 submobjects):  87%|########6 | 52/60 [00:04<00:00, 10.29it/s]
Animation 28: FadeOut(VGroup of 7 submobjects):  90%|######### | 54/60 [00:05<00:00, 10.19it/s]
Animation 28: FadeOut(VGroup of 7 submobjects):  93%|#########3| 56/60 [00:05<00:00, 10.40it/s]
Animation 28: FadeOut(VGroup of 7 submobjects):  97%|#########6| 58/60 [00:05<00:00, 10.27it/s]
Animation 28: FadeOut(VGroup of 7 submobjects): 100%|##########| 60/60 [00:05<00:00, 10.34it/s]
[09/08/26 20:26:28] INFO     Animation 28 : Partial    scene_file_writer.py:192
                             movie file written in                             
                             'C:\Users\Nacho\Documents                         
                             \Animaciones\Capitulo                             
                             11\media\videos\s02_pasab                         
                             anda\1080p60\partial_movi                         
                             e_files\PSDPasabanda\2932                         
                             440949_545131828_33783836                         
                             43.mp4'                                           
                                                                                               

Animation 29: FadeIn(Text('Potencia por unidad de frecuencia.')):   0%|          | 0/60 [00:00<?, ?it/s]
Animation 29: FadeIn(Text('Potencia por unidad de frecuencia.')):  20%|##        | 12/60 [00:00<00:00, 106.34it/s]
Animation 29: FadeIn(Text('Potencia por unidad de frecuencia.')):  38%|###8      | 23/60 [00:00<00:00, 107.51it/s]
Animation 29: FadeIn(Text('Potencia por unidad de frecuencia.')):  57%|#####6    | 34/60 [00:00<00:00, 101.68it/s]
Animation 29: FadeIn(Text('Potencia por unidad de frecuencia.')):  75%|#######5  | 45/60 [00:00<00:00, 100.24it/s]
Animation 29: FadeIn(Text('Potencia por unidad de frecuencia.')):  93%|#########3| 56/60 [00:00<00:00, 88.72it/s] 
[09/08/26 20:26:29] INFO     Animation 29 : Partial    scene_file_writer.py:192
                             movie file written in                             
                             'C:\Users\Nacho\Documents                         
                             \Animaciones\Capitulo                             
                             11\media\videos\s02_pasab                         
                             anda\1080p60\partial_movi                         
                             e_files\PSDPasabanda\2932                         
                             440949_1823109674_1475881                         
                             957.mp4'                                          
                                                                                                                 

Animation 30: FadeIn(Text('Por eso se llama densidad.')):   0%|          | 0/60 [00:00<?, ?it/s]
Animation 30: FadeIn(Text('Por eso se llama densidad.')):  20%|##        | 12/60 [00:00<00:00, 119.98it/s]
Animation 30: FadeIn(Text('Por eso se llama densidad.')):  40%|####      | 24/60 [00:00<00:00, 109.91it/s]
Animation 30: FadeIn(Text('Por eso se llama densidad.')):  60%|######    | 36/60 [00:00<00:00, 113.87it/s]
Animation 30: FadeIn(Text('Por eso se llama densidad.')):  80%|########  | 48/60 [00:00<00:00, 109.10it/s]
Animation 30: FadeIn(Text('Por eso se llama densidad.')):  98%|#########8| 59/60 [00:00<00:00, 91.32it/s] 
[09/08/26 20:26:30] INFO     Animation 30 : Partial    scene_file_writer.py:192
                             movie file written in                             
                             'C:\Users\Nacho\Documents                         
                             \Animaciones\Capitulo                             
                             11\media\videos\s02_pasab                         
                             anda\1080p60\partial_movi                         
                             e_files\PSDPasabanda\2932                         
                             440949_2097594647_3405815                         
                             288.mp4'                                          
[09/08/26 20:26:31] INFO     Animation 31 : Partial    scene_file_writer.py:192
                             movie file written in                             
                             'C:\Users\Nacho\Documents                         
                             \Animaciones\Capitulo                             
                             11\media\videos\s02_pasab                         
                             anda\1080p60\partial_movi                         
                             e_files\PSDPasabanda\2932                         
                             440949_499328632_31269016                         
                             34.mp4'                                           
                                                                                                         

Animation 32: FadeOut(VGroup of 6 submobjects):   0%|          | 0/60 [00:00<?, ?it/s]
Animation 32: FadeOut(VGroup of 6 submobjects):  10%|#         | 6/60 [00:00<00:00, 60.00it/s]
Animation 32: FadeOut(VGroup of 6 submobjects):  20%|##        | 12/60 [00:00<00:00, 55.28it/s]
Animation 32: FadeOut(VGroup of 6 submobjects):  30%|###       | 18/60 [00:00<00:00, 56.84it/s]
Animation 32: FadeOut(VGroup of 6 submobjects):  42%|####1     | 25/60 [00:00<00:00, 58.16it/s]
Animation 32: FadeOut(VGroup of 6 submobjects):  52%|#####1    | 31/60 [00:00<00:00, 58.77it/s]
Animation 32: FadeOut(VGroup of 6 submobjects):  62%|######1   | 37/60 [00:00<00:00, 56.28it/s]
Animation 32: FadeOut(VGroup of 6 submobjects):  72%|#######1  | 43/60 [00:00<00:00, 56.94it/s]
Animation 32: FadeOut(VGroup of 6 submobjects):  82%|########1 | 49/60 [00:00<00:00, 50.51it/s]
Animation 32: FadeOut(VGroup of 6 submobjects):  92%|#########1| 55/60 [00:01<00:00, 50.68it/s]
[09/08/26 20:26:33] INFO     Animation 32 : Partial    scene_file_writer.py:192
                             movie file written in                             
                             'C:\Users\Nacho\Documents                         
                             \Animaciones\Capitulo                             
                             11\media\videos\s02_pasab                         
                             anda\1080p60\partial_movi                         
                             e_files\PSDPasabanda\2932                         
                             440949_2246605566_2917713                         
                             540.mp4'                                          
                    INFO     Animation 33 : Partial    scene_file_writer.py:192
                             movie file written in                             
                             'C:\Users\Nacho\Documents                         
                             \Animaciones\Capitulo                             
                             11\media\videos\s02_pasab                         
                             anda\1080p60\partial_movi                         
                             e_files\PSDPasabanda\2932                         
                             440949_4235033027_3828620                         
                             512.mp4'                                          
                    INFO     Combining to Movie file.  scene_file_writer.py:952
                    INFO                              scene_file_writer.py:1103
                             File ready at                                     
                             'C:\Users\Nacho\Document                          
                             s\Animaciones\Capitulo                            
                             11\media\videos\s02_pasa                          
                             banda\1080p60\PSDPasaban                          
                             da.mp4'                                           
                                                                               
                    INFO     Rendered PSDPasabanda                 scene.py:290
                             Played 34 animations                              
                                                                                               
Manim Community v0.21.0

manim.exe : 
En C:\Users\Nacho\Documents\Animaciones\Capitulo 11\render.ps1: 49 Carácter: 9
+         & manim "-$Calidad" $e.archivo $e.escena *>> $log
+         ~~~~~~~~~~~~~~~~~~~~~~~~~~~~~~~~~~~~~~~~~~~~~~~~~
    + CategoryInfo          : NotSpecified: (:String) [], RemoteException
    + FullyQualifiedErrorId : NativeCommandError
 
Animation 0: FadeIn(Text('La autocorrelación y el espectro son la misma información')):   0%|          | 0/60 
[00:00<?, ?it/s]
Animation 0: FadeIn(Text('La autocorrelación y el espectro son la misma información')):  15%|#5        | 9/60 
[00:00<00:00, 89.97it/s]
Animation 0: FadeIn(Text('La autocorrelación y el espectro son la misma información')):  30%|###       | 18/60 
[00:00<00:00, 86.82it/s]
Animation 0: FadeIn(Text('La autocorrelación y el espectro son la misma información')):  45%|####5     | 27/60 
[00:00<00:00, 84.10it/s]
Animation 0: FadeIn(Text('La autocorrelación y el espectro son la misma información')):  62%|######1   | 37/60 
[00:00<00:00, 84.88it/s]
Animation 0: FadeIn(Text('La autocorrelación y el espectro son la misma información')):  77%|#######6  | 46/60 
[00:00<00:00, 85.40it/s]
Animation 0: FadeIn(Text('La autocorrelación y el espectro son la misma información')):  92%|#########1| 55/60 
[00:00<00:00, 74.75it/s]
[09/08/26 20:26:36] INFO     Animation 0 : Partial     scene_file_writer.py:192
                             movie file written in                             
                             'C:\Users\Nacho\Documents                         
                             \Animaciones\Capitulo                             
                             11\media\videos\s03_duali                         
                             dad\1080p60\partial_movie                         
                             _files\Dualidad\301000456                         
                             1_1341217489_223132457.mp                         
                             4'                                                
                    INFO     Animation 1 : Partial     scene_file_writer.py:192
                             movie file written in                             
                             'C:\Users\Nacho\Documents                         
                             \Animaciones\Capitulo                             
                             11\media\videos\s03_duali                         
                             dad\1080p60\partial_movie                         
                             _files\Dualidad\293244094                         
                             9_4235033027_63589582.mp4                         
                             '                                                 
                                                                                                                       
                

Animation 2: Create(Axes of 2 submobjects), etc.:   0%|          | 0/60 [00:00<?, ?it/s]
Animation 2: Create(Axes of 2 submobjects), etc.:  28%|##8       | 17/60 [00:00<00:00, 152.77it/s]
Animation 2: Create(Axes of 2 submobjects), etc.:  55%|#####5    | 33/60 [00:00<00:00, 141.31it/s]
Animation 2: Create(Axes of 2 submobjects), etc.:  80%|########  | 48/60 [00:00<00:00, 138.16it/s]
[09/08/26 20:26:37] INFO     Animation 2 : Partial     scene_file_writer.py:192
                             movie file written in                             
                             'C:\Users\Nacho\Documents                         
                             \Animaciones\Capitulo                             
                             11\media\videos\s03_duali                         
                             dad\1080p60\partial_movie                         
                             _files\Dualidad\293244094                         
                             9_3777791452_3683398775.m                         
                             p4'                                               
                                                                                                  

Animation 3: FadeIn(ParametricFunction), etc.:   0%|          | 0/60 [00:00<?, ?it/s]
Animation 3: FadeIn(ParametricFunction), etc.:   2%|1         | 1/60 [00:00<00:08,  6.67it/s]
Animation 3: FadeIn(ParametricFunction), etc.:   3%|3         | 2/60 [00:00<00:08,  6.66it/s]
Animation 3: FadeIn(ParametricFunction), etc.:   5%|5         | 3/60 [00:00<00:08,  6.69it/s]
Animation 3: FadeIn(ParametricFunction), etc.:   7%|6         | 4/60 [00:00<00:08,  6.66it/s]
Animation 3: FadeIn(ParametricFunction), etc.:   8%|8         | 5/60 [00:00<00:07,  6.94it/s]
Animation 3: FadeIn(ParametricFunction), etc.:  10%|#         | 6/60 [00:00<00:07,  6.85it/s]
Animation 3: FadeIn(ParametricFunction), etc.:  12%|#1        | 7/60 [00:01<00:07,  6.78it/s]
Animation 3: FadeIn(ParametricFunction), etc.:  13%|#3        | 8/60 [00:01<00:07,  6.75it/s]
Animation 3: FadeIn(ParametricFunction), etc.:  15%|#5        | 9/60 [00:01<00:07,  6.73it/s]
Animation 3: FadeIn(ParametricFunction), etc.:  17%|#6        | 10/60 [00:01<00:07,  6.95it/s]
Animation 3: FadeIn(ParametricFunction), etc.:  18%|#8        | 11/60 [00:01<00:07,  6.86it/s]
Animation 3: FadeIn(ParametricFunction), etc.:  20%|##        | 12/60 [00:01<00:07,  6.80it/s]
Animation 3: FadeIn(ParametricFunction), etc.:  22%|##1       | 13/60 [00:01<00:06,  6.78it/s]
Animation 3: FadeIn(ParametricFunction), etc.:  23%|##3       | 14/60 [00:02<00:06,  6.97it/s]
Animation 3: FadeIn(ParametricFunction), etc.:  25%|##5       | 15/60 [00:02<00:06,  6.87it/s]
Animation 3: FadeIn(ParametricFunction), etc.:  27%|##6       | 16/60 [00:02<00:06,  6.81it/s]
Animation 3: FadeIn(ParametricFunction), etc.:  28%|##8       | 17/60 [00:02<00:06,  6.77it/s]
Animation 3: FadeIn(ParametricFunction), etc.:  30%|###       | 18/60 [00:02<00:06,  6.79it/s]
Animation 3: FadeIn(ParametricFunction), etc.:  32%|###1      | 19/60 [00:02<00:05,  6.92it/s]
Animation 3: FadeIn(ParametricFunction), etc.:  33%|###3      | 20/60 [00:02<00:05,  6.84it/s]
Animation 3: FadeIn(ParametricFunction), etc.:  35%|###5      | 21/60 [00:03<00:05,  6.78it/s]
Animation 3: FadeIn(ParametricFunction), etc.:  37%|###6      | 22/60 [00:03<00:05,  6.83it/s]
Animation 3: FadeIn(ParametricFunction), etc.:  38%|###8      | 23/60 [00:03<00:05,  6.94it/s]
Animation 3: FadeIn(ParametricFunction), etc.:  40%|####      | 24/60 [00:03<00:05,  6.85it/s]
Animation 3: FadeIn(ParametricFunction), etc.:  42%|####1     | 25/60 [00:03<00:05,  6.82it/s]
Animation 3: FadeIn(ParametricFunction), etc.:  43%|####3     | 26/60 [00:03<00:04,  6.99it/s]
Animation 3: FadeIn(ParametricFunction), etc.:  45%|####5     | 27/60 [00:03<00:04,  6.89it/s]
Animation 3: FadeIn(ParametricFunction), etc.:  47%|####6     | 28/60 [00:04<00:04,  6.81it/s]
Animation 3: FadeIn(ParametricFunction), etc.:  48%|####8     | 29/60 [00:04<00:04,  6.78it/s]
Animation 3: FadeIn(ParametricFunction), etc.:  50%|#####     | 30/60 [00:04<00:04,  6.97it/s]
Animation 3: FadeIn(ParametricFunction), etc.:  52%|#####1    | 31/60 [00:04<00:04,  6.88it/s]
Animation 3: FadeIn(ParametricFunction), etc.:  53%|#####3    | 32/60 [00:04<00:04,  6.59it/s]
Animation 3: FadeIn(ParametricFunction), etc.:  55%|#####5    | 33/60 [00:04<00:04,  6.55it/s]
Animation 3: FadeIn(ParametricFunction), etc.:  57%|#####6    | 34/60 [00:04<00:03,  6.66it/s]
Animation 3: FadeIn(ParametricFunction), etc.:  58%|#####8    | 35/60 [00:05<00:03,  6.66it/s]
Animation 3: FadeIn(ParametricFunction), etc.:  60%|######    | 36/60 [00:05<00:03,  6.66it/s]
Animation 3: FadeIn(ParametricFunction), etc.:  62%|######1   | 37/60 [00:05<00:03,  6.67it/s]
Animation 3: FadeIn(ParametricFunction), etc.:  63%|######3   | 38/60 [00:05<00:03,  6.67it/s]
Animation 3: FadeIn(ParametricFunction), etc.:  65%|######5   | 39/60 [00:05<00:03,  6.67it/s]
Animation 3: FadeIn(ParametricFunction), etc.:  67%|######6   | 40/60 [00:05<00:02,  6.84it/s]
Animation 3: FadeIn(ParametricFunction), etc.:  68%|######8   | 41/60 [00:06<00:02,  6.83it/s]
Animation 3: FadeIn(ParametricFunction), etc.:  70%|#######   | 42/60 [00:06<00:02,  6.78it/s]
Animation 3: FadeIn(ParametricFunction), etc.:  72%|#######1  | 43/60 [00:06<00:02,  6.51it/s]
Animation 3: FadeIn(ParametricFunction), etc.:  73%|#######3  | 44/60 [00:06<00:02,  6.55it/s]
Animation 3: FadeIn(ParametricFunction), etc.:  75%|#######5  | 45/60 [00:06<00:02,  6.48it/s]
Animation 3: FadeIn(ParametricFunction), etc.:  77%|#######6  | 46/60 [00:06<00:02,  6.46it/s]
Animation 3: FadeIn(ParametricFunction), etc.:  78%|#######8  | 47/60 [00:06<00:01,  6.73it/s]
Animation 3: FadeIn(ParametricFunction), etc.:  80%|########  | 48/60 [00:07<00:01,  6.50it/s]
Animation 3: FadeIn(ParametricFunction), etc.:  82%|########1 | 49/60 [00:07<00:01,  6.40it/s]
Animation 3: FadeIn(ParametricFunction), etc.:  83%|########3 | 50/60 [00:07<00:01,  6.46it/s]
Animation 3: FadeIn(ParametricFunction), etc.:  85%|########5 | 51/60 [00:07<00:01,  6.46it/s]
Animation 3: FadeIn(ParametricFunction), etc.:  87%|########6 | 52/60 [00:07<00:01,  6.52it/s]
Animation 3: FadeIn(ParametricFunction), etc.:  88%|########8 | 53/60 [00:07<00:01,  6.58it/s]
Animation 3: FadeIn(ParametricFunction), etc.:  90%|######### | 54/60 [00:08<00:00,  6.03it/s]
Animation 3: FadeIn(ParametricFunction), etc.:  92%|#########1| 55/60 [00:08<00:00,  6.18it/s]
Animation 3: FadeIn(ParametricFunction), etc.:  93%|#########3| 56/60 [00:08<00:00,  5.95it/s]
Animation 3: FadeIn(ParametricFunction), etc.:  95%|#########5| 57/60 [00:08<00:00,  5.98it/s]
Animation 3: FadeIn(ParametricFunction), etc.:  97%|#########6| 58/60 [00:08<00:00,  6.14it/s]
Animation 3: FadeIn(ParametricFunction), etc.:  98%|#########8| 59/60 [00:08<00:00,  6.13it/s]
Animation 3: FadeIn(ParametricFunction), etc.: 100%|##########| 60/60 [00:09<00:00,  6.07it/s]
[09/08/26 20:26:47] INFO     Animation 3 : Partial     scene_file_writer.py:192
                             movie file written in                             
                             'C:\Users\Nacho\Documents                         
                             \Animaciones\Capitulo                             
                             11\media\videos\s03_duali                         
                             dad\1080p60\partial_movie                         
                             _files\Dualidad\293244094                         
                             9_2627632668_1295852749.m                         
                             p4'                                               
                                                                                              

Animation 4: FadeIn(ParametricFunction), etc.:   0%|          | 0/60 [00:00<?, ?it/s]
Animation 4: FadeIn(ParametricFunction), etc.:   2%|1         | 1/60 [00:00<00:16,  3.49it/s]
Animation 4: FadeIn(ParametricFunction), etc.:   3%|3         | 2/60 [00:00<00:16,  3.52it/s]
Animation 4: FadeIn(ParametricFunction), etc.:   5%|5         | 3/60 [00:00<00:16,  3.49it/s]
Animation 4: FadeIn(ParametricFunction), etc.:   7%|6         | 4/60 [00:01<00:16,  3.45it/s]
Animation 4: FadeIn(ParametricFunction), etc.:   8%|8         | 5/60 [00:01<00:15,  3.48it/s]
Animation 4: FadeIn(ParametricFunction), etc.:  10%|#         | 6/60 [00:01<00:15,  3.43it/s]
Animation 4: FadeIn(ParametricFunction), etc.:  12%|#1        | 7/60 [00:02<00:15,  3.46it/s]
Animation 4: FadeIn(ParametricFunction), etc.:  13%|#3        | 8/60 [00:02<00:15,  3.42it/s]
Animation 4: FadeIn(ParametricFunction), etc.:  15%|#5        | 9/60 [00:02<00:14,  3.42it/s]
Animation 4: FadeIn(ParametricFunction), etc.:  17%|#6        | 10/60 [00:02<00:14,  3.40it/s]
Animation 4: FadeIn(ParametricFunction), etc.:  18%|#8        | 11/60 [00:03<00:14,  3.46it/s]
Animation 4: FadeIn(ParametricFunction), etc.:  20%|##        | 12/60 [00:03<00:14,  3.42it/s]
Animation 4: FadeIn(ParametricFunction), etc.:  22%|##1       | 13/60 [00:03<00:13,  3.39it/s]
Animation 4: FadeIn(ParametricFunction), etc.:  23%|##3       | 14/60 [00:04<00:13,  3.43it/s]
Animation 4: FadeIn(ParametricFunction), etc.:  25%|##5       | 15/60 [00:04<00:12,  3.47it/s]
Animation 4: FadeIn(ParametricFunction), etc.:  27%|##6       | 16/60 [00:04<00:12,  3.42it/s]
Animation 4: FadeIn(ParametricFunction), etc.:  28%|##8       | 17/60 [00:04<00:12,  3.34it/s]
Animation 4: FadeIn(ParametricFunction), etc.:  30%|###       | 18/60 [00:05<00:12,  3.40it/s]
Animation 4: FadeIn(ParametricFunction), etc.:  32%|###1      | 19/60 [00:05<00:11,  3.43it/s]
Animation 4: FadeIn(ParametricFunction), etc.:  33%|###3      | 20/60 [00:05<00:11,  3.46it/s]
Animation 4: FadeIn(ParametricFunction), etc.:  35%|###5      | 21/60 [00:06<00:11,  3.48it/s]
Animation 4: FadeIn(ParametricFunction), etc.:  37%|###6      | 22/60 [00:06<00:10,  3.50it/s]
Animation 4: FadeIn(ParametricFunction), etc.:  38%|###8      | 23/60 [00:06<00:10,  3.51it/s]
Animation 4: FadeIn(ParametricFunction), etc.:  40%|####      | 24/60 [00:06<00:10,  3.51it/s]
Animation 4: FadeIn(ParametricFunction), etc.:  42%|####1     | 25/60 [00:07<00:09,  3.52it/s]
Animation 4: FadeIn(ParametricFunction), etc.:  43%|####3     | 26/60 [00:07<00:09,  3.58it/s]
Animation 4: FadeIn(ParametricFunction), etc.:  45%|####5     | 27/60 [00:07<00:09,  3.57it/s]
Animation 4: FadeIn(ParametricFunction), etc.:  47%|####6     | 28/60 [00:08<00:08,  3.62it/s]
Animation 4: FadeIn(ParametricFunction), etc.:  48%|####8     | 29/60 [00:08<00:08,  3.54it/s]
Animation 4: FadeIn(ParametricFunction), etc.:  50%|#####     | 30/60 [00:08<00:08,  3.53it/s]
Animation 4: FadeIn(ParametricFunction), etc.:  52%|#####1    | 31/60 [00:08<00:08,  3.53it/s]
Animation 4: FadeIn(ParametricFunction), etc.:  53%|#####3    | 32/60 [00:09<00:07,  3.53it/s]
Animation 4: FadeIn(ParametricFunction), etc.:  55%|#####5    | 33/60 [00:09<00:07,  3.53it/s]
Animation 4: FadeIn(ParametricFunction), etc.:  57%|#####6    | 34/60 [00:09<00:07,  3.53it/s]
Animation 4: FadeIn(ParametricFunction), etc.:  58%|#####8    | 35/60 [00:10<00:07,  3.53it/s]
Animation 4: FadeIn(ParametricFunction), etc.:  60%|######    | 36/60 [00:10<00:06,  3.47it/s]
Animation 4: FadeIn(ParametricFunction), etc.:  62%|######1   | 37/60 [00:10<00:06,  3.49it/s]
Animation 4: FadeIn(ParametricFunction), etc.:  63%|######3   | 38/60 [00:10<00:06,  3.50it/s]
Animation 4: FadeIn(ParametricFunction), etc.:  65%|######5   | 39/60 [00:11<00:05,  3.51it/s]
Animation 4: FadeIn(ParametricFunction), etc.:  67%|######6   | 40/60 [00:11<00:05,  3.51it/s]
Animation 4: FadeIn(ParametricFunction), etc.:  68%|######8   | 41/60 [00:11<00:05,  3.46it/s]
Animation 4: FadeIn(ParametricFunction), etc.:  70%|#######   | 42/60 [00:12<00:05,  3.43it/s]
Animation 4: FadeIn(ParametricFunction), etc.:  72%|#######1  | 43/60 [00:12<00:05,  3.33it/s]
Animation 4: FadeIn(ParametricFunction), etc.:  73%|#######3  | 44/60 [00:12<00:04,  3.39it/s]
Animation 4: FadeIn(ParametricFunction), etc.:  75%|#######5  | 45/60 [00:12<00:04,  3.43it/s]
Animation 4: FadeIn(ParametricFunction), etc.:  77%|#######6  | 46/60 [00:13<00:04,  3.40it/s]
Animation 4: FadeIn(ParametricFunction), etc.:  78%|#######8  | 47/60 [00:13<00:03,  3.38it/s]
Animation 4: FadeIn(ParametricFunction), etc.:  80%|########  | 48/60 [00:13<00:03,  3.46it/s]
Animation 4: FadeIn(ParametricFunction), etc.:  82%|########1 | 49/60 [00:14<00:03,  3.49it/s]
Animation 4: FadeIn(ParametricFunction), etc.:  83%|########3 | 50/60 [00:14<00:02,  3.58it/s]
Animation 4: FadeIn(ParametricFunction), etc.:  85%|########5 | 51/60 [00:14<00:02,  3.50it/s]
Animation 4: FadeIn(ParametricFunction), etc.:  87%|########6 | 52/60 [00:14<00:02,  3.47it/s]
Animation 4: FadeIn(ParametricFunction), etc.:  88%|########8 | 53/60 [00:15<00:02,  3.47it/s]
Animation 4: FadeIn(ParametricFunction), etc.:  90%|######### | 54/60 [00:15<00:01,  3.55it/s]
Animation 4: FadeIn(ParametricFunction), etc.:  92%|#########1| 55/60 [00:15<00:01,  3.54it/s]
Animation 4: FadeIn(ParametricFunction), etc.:  93%|#########3| 56/60 [00:16<00:01,  3.48it/s]
Animation 4: FadeIn(ParametricFunction), etc.:  95%|#########5| 57/60 [00:16<00:00,  3.43it/s]
Animation 4: FadeIn(ParametricFunction), etc.:  97%|#########6| 58/60 [00:16<00:00,  3.46it/s]
Animation 4: FadeIn(ParametricFunction), etc.:  98%|#########8| 59/60 [00:16<00:00,  3.49it/s]
Animation 4: FadeIn(ParametricFunction), etc.: 100%|##########| 60/60 [00:17<00:00,  3.49it/s]
[09/08/26 20:27:04] INFO     Animation 4 : Partial     scene_file_writer.py:192
                             movie file written in                             
                             'C:\Users\Nacho\Documents                         
                             \Animaciones\Capitulo                             
                             11\media\videos\s03_duali                         
                             dad\1080p60\partial_movie                         
                             _files\Dualidad\293244094                         
                             9_4085181894_3249042959.m                         
                             p4'                                               
[09/08/26 20:27:05] INFO     Animation 5 : Partial     scene_file_writer.py:192
                             movie file written in                             
                             'C:\Users\Nacho\Documents                         
                             \Animaciones\Capitulo                             
                             11\media\videos\s03_duali                         
                             dad\1080p60\partial_movie                         
                             _files\Dualidad\293244094                         
                             9_3880968470_2070065939.m                         
                             p4'                                               
                                                                                              

Animation 6: GrowArrow(Arrow), etc.:   0%|          | 0/60 [00:00<?, ?it/s]
Animation 6: GrowArrow(Arrow), etc.:   2%|1         | 1/60 [00:00<00:11,  5.16it/s]
Animation 6: GrowArrow(Arrow), etc.:   3%|3         | 2/60 [00:00<00:11,  5.19it/s]
Animation 6: GrowArrow(Arrow), etc.:   5%|5         | 3/60 [00:00<00:11,  5.10it/s]
Animation 6: GrowArrow(Arrow), etc.:   7%|6         | 4/60 [00:00<00:11,  5.06it/s]
Animation 6: GrowArrow(Arrow), etc.:   8%|8         | 5/60 [00:00<00:10,  5.22it/s]
Animation 6: GrowArrow(Arrow), etc.:  10%|#         | 6/60 [00:01<00:10,  5.14it/s]
Animation 6: GrowArrow(Arrow), etc.:  12%|#1        | 7/60 [00:01<00:10,  5.23it/s]
Animation 6: GrowArrow(Arrow), etc.:  13%|#3        | 8/60 [00:01<00:09,  5.31it/s]
Animation 6: GrowArrow(Arrow), etc.:  15%|#5        | 9/60 [00:01<00:09,  5.33it/s]
Animation 6: GrowArrow(Arrow), etc.:  17%|#6        | 10/60 [00:01<00:09,  5.25it/s]
Animation 6: GrowArrow(Arrow), etc.:  18%|#8        | 11/60 [00:02<00:09,  5.31it/s]
Animation 6: GrowArrow(Arrow), etc.:  20%|##        | 12/60 [00:02<00:09,  5.21it/s]
Animation 6: GrowArrow(Arrow), etc.:  22%|##1       | 13/60 [00:02<00:08,  5.43it/s]
Animation 6: GrowArrow(Arrow), etc.:  23%|##3       | 14/60 [00:02<00:08,  5.29it/s]
Animation 6: GrowArrow(Arrow), etc.:  25%|##5       | 15/60 [00:02<00:08,  5.34it/s]
Animation 6: GrowArrow(Arrow), etc.:  27%|##6       | 16/60 [00:03<00:08,  5.33it/s]
Animation 6: GrowArrow(Arrow), etc.:  28%|##8       | 17/60 [00:03<00:08,  5.26it/s]
Animation 6: GrowArrow(Arrow), etc.:  30%|###       | 18/60 [00:03<00:07,  5.32it/s]
Animation 6: GrowArrow(Arrow), etc.:  32%|###1      | 19/60 [00:03<00:07,  5.27it/s]
Animation 6: GrowArrow(Arrow), etc.:  33%|###3      | 20/60 [00:03<00:07,  5.14it/s]
Animation 6: GrowArrow(Arrow), etc.:  35%|###5      | 21/60 [00:04<00:07,  5.23it/s]
Animation 6: GrowArrow(Arrow), etc.:  37%|###6      | 22/60 [00:04<00:07,  5.22it/s]
Animation 6: GrowArrow(Arrow), etc.:  38%|###8      | 23/60 [00:04<00:07,  5.23it/s]
Animation 6: GrowArrow(Arrow), etc.:  40%|####      | 24/60 [00:04<00:06,  5.44it/s]
Animation 6: GrowArrow(Arrow), etc.:  42%|####1     | 25/60 [00:04<00:06,  5.44it/s]
Animation 6: GrowArrow(Arrow), etc.:  43%|####3     | 26/60 [00:04<00:06,  5.45it/s]
Animation 6: GrowArrow(Arrow), etc.:  45%|####5     | 27/60 [00:05<00:06,  5.45it/s]
Animation 6: GrowArrow(Arrow), etc.:  47%|####6     | 28/60 [00:05<00:05,  5.34it/s]
Animation 6: GrowArrow(Arrow), etc.:  48%|####8     | 29/60 [00:05<00:05,  5.34it/s]
Animation 6: GrowArrow(Arrow), etc.:  50%|#####     | 30/60 [00:05<00:05,  5.23it/s]
Animation 6: GrowArrow(Arrow), etc.:  52%|#####1    | 31/60 [00:05<00:05,  5.29it/s]
Animation 6: GrowArrow(Arrow), etc.:  53%|#####3    | 32/60 [00:06<00:05,  5.34it/s]
Animation 6: GrowArrow(Arrow), etc.:  55%|#####5    | 33/60 [00:06<00:05,  5.24it/s]
Animation 6: GrowArrow(Arrow), etc.:  57%|#####6    | 34/60 [00:06<00:05,  5.17it/s]
Animation 6: GrowArrow(Arrow), etc.:  58%|#####8    | 35/60 [00:06<00:04,  5.18it/s]
Animation 6: GrowArrow(Arrow), etc.:  60%|######    | 36/60 [00:06<00:04,  5.19it/s]
Animation 6: GrowArrow(Arrow), etc.:  62%|######1   | 37/60 [00:07<00:04,  5.13it/s]
Animation 6: GrowArrow(Arrow), etc.:  63%|######3   | 38/60 [00:07<00:04,  5.29it/s]
Animation 6: GrowArrow(Arrow), etc.:  65%|######5   | 39/60 [00:07<00:04,  5.22it/s]
Animation 6: GrowArrow(Arrow), etc.:  67%|######6   | 40/60 [00:07<00:03,  5.14it/s]
Animation 6: GrowArrow(Arrow), etc.:  68%|######8   | 41/60 [00:07<00:03,  5.10it/s]
Animation 6: GrowArrow(Arrow), etc.:  70%|#######   | 42/60 [00:08<00:03,  4.94it/s]
Animation 6: GrowArrow(Arrow), etc.:  72%|#######1  | 43/60 [00:08<00:03,  4.96it/s]
Animation 6: GrowArrow(Arrow), etc.:  73%|#######3  | 44/60 [00:08<00:03,  4.97it/s]
Animation 6: GrowArrow(Arrow), etc.:  75%|#######5  | 45/60 [00:08<00:02,  5.11it/s]
Animation 6: GrowArrow(Arrow), etc.:  77%|#######6  | 46/60 [00:08<00:02,  5.10it/s]
Animation 6: GrowArrow(Arrow), etc.:  78%|#######8  | 47/60 [00:08<00:02,  5.19it/s]
Animation 6: GrowArrow(Arrow), etc.:  80%|########  | 48/60 [00:09<00:02,  5.23it/s]
Animation 6: GrowArrow(Arrow), etc.:  82%|########1 | 49/60 [00:09<00:02,  5.32it/s]
Animation 6: GrowArrow(Arrow), etc.:  83%|########3 | 50/60 [00:09<00:01,  5.22it/s]
Animation 6: GrowArrow(Arrow), etc.:  85%|########5 | 51/60 [00:09<00:01,  5.29it/s]
Animation 6: GrowArrow(Arrow), etc.:  87%|########6 | 52/60 [00:09<00:01,  5.20it/s]
Animation 6: GrowArrow(Arrow), etc.:  88%|########8 | 53/60 [00:10<00:01,  5.15it/s]
Animation 6: GrowArrow(Arrow), etc.:  90%|######### | 54/60 [00:10<00:01,  5.23it/s]
Animation 6: GrowArrow(Arrow), etc.:  92%|#########1| 55/60 [00:10<00:00,  5.17it/s]
Animation 6: GrowArrow(Arrow), etc.:  93%|#########3| 56/60 [00:10<00:00,  5.23it/s]
Animation 6: GrowArrow(Arrow), etc.:  95%|#########5| 57/60 [00:10<00:00,  5.12it/s]
Animation 6: GrowArrow(Arrow), etc.:  97%|#########6| 58/60 [00:11<00:00,  5.12it/s]
Animation 6: GrowArrow(Arrow), etc.:  98%|#########8| 59/60 [00:11<00:00,  5.10it/s]
Animation 6: GrowArrow(Arrow), etc.: 100%|##########| 60/60 [00:11<00:00,  5.19it/s]
[09/08/26 20:27:17] INFO     Animation 6 : Partial     scene_file_writer.py:192
                             movie file written in                             
                             'C:\Users\Nacho\Documents                         
                             \Animaciones\Capitulo                             
                             11\media\videos\s03_duali                         
                             dad\1080p60\partial_movie                         
                             _files\Dualidad\293244094                         
                             9_2652683403_278881998.mp                         
                             4'                                                
                    INFO     Animation 7 : Partial     scene_file_writer.py:192
                             movie file written in                             
                             'C:\Users\Nacho\Documents                         
                             \Animaciones\Capitulo                             
                             11\media\videos\s03_duali                         
                             dad\1080p60\partial_movie                         
                             _files\Dualidad\293244094                         
                             9_125152860_1530730732.mp                         
                             4'                                                
                                                                                    

Animation 8: FadeIn(VGroup of 2 submobjects):   0%|          | 0/60 [00:00<?, ?it/s]
Animation 8: FadeIn(VGroup of 2 submobjects):   2%|1         | 1/60 [00:00<00:12,  4.61it/s]
Animation 8: FadeIn(VGroup of 2 submobjects):   3%|3         | 2/60 [00:00<00:12,  4.65it/s]
Animation 8: FadeIn(VGroup of 2 submobjects):   5%|5         | 3/60 [00:00<00:12,  4.69it/s]
Animation 8: FadeIn(VGroup of 2 submobjects):   7%|6         | 4/60 [00:00<00:11,  4.81it/s]
Animation 8: FadeIn(VGroup of 2 submobjects):   8%|8         | 5/60 [00:01<00:11,  4.88it/s]
Animation 8: FadeIn(VGroup of 2 submobjects):  10%|#         | 6/60 [00:01<00:10,  4.91it/s]
Animation 8: FadeIn(VGroup of 2 submobjects):  12%|#1        | 7/60 [00:01<00:10,  4.93it/s]
Animation 8: FadeIn(VGroup of 2 submobjects):  13%|#3        | 8/60 [00:01<00:10,  4.83it/s]
Animation 8: FadeIn(VGroup of 2 submobjects):  15%|#5        | 9/60 [00:01<00:10,  4.88it/s]
Animation 8: FadeIn(VGroup of 2 submobjects):  17%|#6        | 10/60 [00:02<00:10,  4.78it/s]
Animation 8: FadeIn(VGroup of 2 submobjects):  18%|#8        | 11/60 [00:02<00:10,  4.81it/s]
Animation 8: FadeIn(VGroup of 2 submobjects):  20%|##        | 12/60 [00:02<00:09,  4.90it/s]
Animation 8: FadeIn(VGroup of 2 submobjects):  22%|##1       | 13/60 [00:02<00:09,  4.93it/s]
Animation 8: FadeIn(VGroup of 2 submobjects):  23%|##3       | 14/60 [00:02<00:09,  5.04it/s]
Animation 8: FadeIn(VGroup of 2 submobjects):  25%|##5       | 15/60 [00:03<00:08,  5.04it/s]
Animation 8: FadeIn(VGroup of 2 submobjects):  27%|##6       | 16/60 [00:03<00:08,  5.15it/s]
Animation 8: FadeIn(VGroup of 2 submobjects):  28%|##8       | 17/60 [00:03<00:08,  5.10it/s]
Animation 8: FadeIn(VGroup of 2 submobjects):  30%|###       | 18/60 [00:03<00:08,  5.07it/s]
Animation 8: FadeIn(VGroup of 2 submobjects):  32%|###1      | 19/60 [00:03<00:08,  5.05it/s]
Animation 8: FadeIn(VGroup of 2 submobjects):  33%|###3      | 20/60 [00:04<00:07,  5.03it/s]
Animation 8: FadeIn(VGroup of 2 submobjects):  35%|###5      | 21/60 [00:04<00:07,  5.03it/s]
Animation 8: FadeIn(VGroup of 2 submobjects):  37%|###6      | 22/60 [00:04<00:07,  5.14it/s]
Animation 8: FadeIn(VGroup of 2 submobjects):  38%|###8      | 23/60 [00:04<00:07,  5.11it/s]
Animation 8: FadeIn(VGroup of 2 submobjects):  40%|####      | 24/60 [00:04<00:06,  5.20it/s]
Animation 8: FadeIn(VGroup of 2 submobjects):  42%|####1     | 25/60 [00:05<00:06,  5.12it/s]
Animation 8: FadeIn(VGroup of 2 submobjects):  43%|####3     | 26/60 [00:05<00:06,  5.10it/s]
Animation 8: FadeIn(VGroup of 2 submobjects):  45%|####5     | 27/60 [00:05<00:06,  5.16it/s]
Animation 8: FadeIn(VGroup of 2 submobjects):  47%|####6     | 28/60 [00:05<00:06,  5.11it/s]
Animation 8: FadeIn(VGroup of 2 submobjects):  48%|####8     | 29/60 [00:05<00:05,  5.25it/s]
Animation 8: FadeIn(VGroup of 2 submobjects):  50%|#####     | 30/60 [00:05<00:05,  5.17it/s]
Animation 8: FadeIn(VGroup of 2 submobjects):  52%|#####1    | 31/60 [00:06<00:05,  5.12it/s]
Animation 8: FadeIn(VGroup of 2 submobjects):  53%|#####3    | 32/60 [00:06<00:05,  5.08it/s]
Animation 8: FadeIn(VGroup of 2 submobjects):  55%|#####5    | 33/60 [00:06<00:05,  5.06it/s]
Animation 8: FadeIn(VGroup of 2 submobjects):  57%|#####6    | 34/60 [00:06<00:05,  5.04it/s]
Animation 8: FadeIn(VGroup of 2 submobjects):  58%|#####8    | 35/60 [00:06<00:04,  5.03it/s]
Animation 8: FadeIn(VGroup of 2 submobjects):  60%|######    | 36/60 [00:07<00:04,  5.03it/s]
Animation 8: FadeIn(VGroup of 2 submobjects):  62%|######1   | 37/60 [00:07<00:04,  5.01it/s]
Animation 8: FadeIn(VGroup of 2 submobjects):  63%|######3   | 38/60 [00:07<00:04,  5.02it/s]
Animation 8: FadeIn(VGroup of 2 submobjects):  65%|######5   | 39/60 [00:07<00:04,  5.00it/s]
Animation 8: FadeIn(VGroup of 2 submobjects):  67%|######6   | 40/60 [00:07<00:03,  5.01it/s]
Animation 8: FadeIn(VGroup of 2 submobjects):  68%|######8   | 41/60 [00:08<00:03,  5.13it/s]
Animation 8: FadeIn(VGroup of 2 submobjects):  70%|#######   | 42/60 [00:08<00:03,  5.22it/s]
Animation 8: FadeIn(VGroup of 2 submobjects):  72%|#######1  | 43/60 [00:08<00:03,  5.01it/s]
Animation 8: FadeIn(VGroup of 2 submobjects):  73%|#######3  | 44/60 [00:08<00:03,  5.02it/s]
Animation 8: FadeIn(VGroup of 2 submobjects):  75%|#######5  | 45/60 [00:08<00:02,  5.01it/s]
Animation 8: FadeIn(VGroup of 2 submobjects):  77%|#######6  | 46/60 [00:09<00:02,  5.01it/s]
Animation 8: FadeIn(VGroup of 2 submobjects):  78%|#######8  | 47/60 [00:09<00:02,  5.14it/s]
Animation 8: FadeIn(VGroup of 2 submobjects):  80%|########  | 48/60 [00:09<00:02,  5.09it/s]
Animation 8: FadeIn(VGroup of 2 submobjects):  82%|########1 | 49/60 [00:09<00:02,  5.07it/s]
Animation 8: FadeIn(VGroup of 2 submobjects):  83%|########3 | 50/60 [00:09<00:01,  5.18it/s]
Animation 8: FadeIn(VGroup of 2 submobjects):  85%|########5 | 51/60 [00:10<00:01,  5.00it/s]
Animation 8: FadeIn(VGroup of 2 submobjects):  87%|########6 | 52/60 [00:10<00:01,  5.00it/s]
Animation 8: FadeIn(VGroup of 2 submobjects):  88%|########8 | 53/60 [00:10<00:01,  5.13it/s]
Animation 8: FadeIn(VGroup of 2 submobjects):  90%|######### | 54/60 [00:10<00:01,  5.07it/s]
Animation 8: FadeIn(VGroup of 2 submobjects):  92%|#########1| 55/60 [00:10<00:00,  5.06it/s]
Animation 8: FadeIn(VGroup of 2 submobjects):  93%|#########3| 56/60 [00:11<00:00,  5.04it/s]
Animation 8: FadeIn(VGroup of 2 submobjects):  95%|#########5| 57/60 [00:11<00:00,  5.03it/s]
Animation 8: FadeIn(VGroup of 2 submobjects):  97%|#########6| 58/60 [00:11<00:00,  5.02it/s]
Animation 8: FadeIn(VGroup of 2 submobjects):  98%|#########8| 59/60 [00:11<00:00,  4.89it/s]
Animation 8: FadeIn(VGroup of 2 submobjects): 100%|##########| 60/60 [00:11<00:00,  4.92it/s]
[09/08/26 20:27:29] INFO     Animation 8 : Partial     scene_file_writer.py:192
                             movie file written in                             
                             'C:\Users\Nacho\Documents                         
                             \Animaciones\Capitulo                             
                             11\media\videos\s03_duali                         
                             dad\1080p60\partial_movie                         
                             _files\Dualidad\293244094                         
                             9_1022937721_1261644853.m                         
                             p4'                                               
                                                                                             

Animation 9: _MethodAnimation(ValueTracker):   0%|          | 0/132 [00:00<?, ?it/s]
Animation 9: _MethodAnimation(ValueTracker):   1%|          | 1/132 [00:00<00:23,  5.50it/s]
Animation 9: _MethodAnimation(ValueTracker):   2%|1         | 2/132 [00:00<00:25,  5.20it/s]
Animation 9: _MethodAnimation(ValueTracker):   2%|2         | 3/132 [00:00<00:25,  5.11it/s]
Animation 9: _MethodAnimation(ValueTracker):   3%|3         | 4/132 [00:00<00:25,  5.07it/s]
Animation 9: _MethodAnimation(ValueTracker):   4%|3         | 5/132 [00:00<00:25,  5.05it/s]
Animation 9: _MethodAnimation(ValueTracker):   5%|4         | 6/132 [00:01<00:24,  5.25it/s]
Animation 9: _MethodAnimation(ValueTracker):   5%|5         | 7/132 [00:01<00:23,  5.23it/s]
Animation 9: _MethodAnimation(ValueTracker):   6%|6         | 8/132 [00:01<00:23,  5.30it/s]
Animation 9: _MethodAnimation(ValueTracker):   7%|6         | 9/132 [00:01<00:22,  5.35it/s]
Animation 9: _MethodAnimation(ValueTracker):   8%|7         | 10/132 [00:01<00:23,  5.28it/s]
Animation 9: _MethodAnimation(ValueTracker):   8%|8         | 11/132 [00:02<00:22,  5.30it/s]
Animation 9: _MethodAnimation(ValueTracker):   9%|9         | 12/132 [00:02<00:23,  5.19it/s]
Animation 9: _MethodAnimation(ValueTracker):  10%|9         | 13/132 [00:02<00:22,  5.27it/s]
Animation 9: _MethodAnimation(ValueTracker):  11%|#         | 14/132 [00:02<00:22,  5.18it/s]
Animation 9: _MethodAnimation(ValueTracker):  11%|#1        | 15/132 [00:02<00:23,  5.05it/s]
Animation 9: _MethodAnimation(ValueTracker):  12%|#2        | 16/132 [00:03<00:22,  5.11it/s]
Animation 9: _MethodAnimation(ValueTracker):  13%|#2        | 17/132 [00:03<00:22,  5.20it/s]
Animation 9: _MethodAnimation(ValueTracker):  14%|#3        | 18/132 [00:03<00:21,  5.20it/s]
Animation 9: _MethodAnimation(ValueTracker):  14%|#4        | 19/132 [00:03<00:21,  5.23it/s]
Animation 9: _MethodAnimation(ValueTracker):  15%|#5        | 20/132 [00:03<00:21,  5.17it/s]
Animation 9: _MethodAnimation(ValueTracker):  16%|#5        | 21/132 [00:04<00:21,  5.24it/s]
Animation 9: _MethodAnimation(ValueTracker):  17%|#6        | 22/132 [00:04<00:21,  5.17it/s]
Animation 9: _MethodAnimation(ValueTracker):  17%|#7        | 23/132 [00:04<00:20,  5.24it/s]
Animation 9: _MethodAnimation(ValueTracker):  18%|#8        | 24/132 [00:04<00:20,  5.26it/s]
Animation 9: _MethodAnimation(ValueTracker):  19%|#8        | 25/132 [00:04<00:21,  5.08it/s]
Animation 9: _MethodAnimation(ValueTracker):  20%|#9        | 26/132 [00:05<00:20,  5.07it/s]
Animation 9: _MethodAnimation(ValueTracker):  20%|##        | 27/132 [00:05<00:20,  5.04it/s]
Animation 9: _MethodAnimation(ValueTracker):  21%|##1       | 28/132 [00:05<00:20,  5.03it/s]
Animation 9: _MethodAnimation(ValueTracker):  22%|##1       | 29/132 [00:05<00:20,  5.02it/s]
Animation 9: _MethodAnimation(ValueTracker):  23%|##2       | 30/132 [00:05<00:20,  5.08it/s]
Animation 9: _MethodAnimation(ValueTracker):  23%|##3       | 31/132 [00:06<00:20,  5.02it/s]
Animation 9: _MethodAnimation(ValueTracker):  24%|##4       | 32/132 [00:06<00:19,  5.12it/s]
Animation 9: _MethodAnimation(ValueTracker):  25%|##5       | 33/132 [00:06<00:19,  5.08it/s]
Animation 9: _MethodAnimation(ValueTracker):  26%|##5       | 34/132 [00:06<00:19,  5.13it/s]
Animation 9: _MethodAnimation(ValueTracker):  27%|##6       | 35/132 [00:06<00:18,  5.21it/s]
Animation 9: _MethodAnimation(ValueTracker):  27%|##7       | 36/132 [00:06<00:18,  5.15it/s]
Animation 9: _MethodAnimation(ValueTracker):  28%|##8       | 37/132 [00:07<00:18,  5.17it/s]
Animation 9: _MethodAnimation(ValueTracker):  29%|##8       | 38/132 [00:07<00:18,  5.12it/s]
Animation 9: _MethodAnimation(ValueTracker):  30%|##9       | 39/132 [00:07<00:17,  5.29it/s]
Animation 9: _MethodAnimation(ValueTracker):  30%|###       | 40/132 [00:07<00:18,  5.06it/s]
Animation 9: _MethodAnimation(ValueTracker):  31%|###1      | 41/132 [00:07<00:18,  4.97it/s]
Animation 9: _MethodAnimation(ValueTracker):  32%|###1      | 42/132 [00:08<00:18,  4.93it/s]
Animation 9: _MethodAnimation(ValueTracker):  33%|###2      | 43/132 [00:08<00:18,  4.83it/s]
Animation 9: _MethodAnimation(ValueTracker):  33%|###3      | 44/132 [00:08<00:18,  4.78it/s]
Animation 9: _MethodAnimation(ValueTracker):  34%|###4      | 45/132 [00:08<00:17,  4.89it/s]
Animation 9: _MethodAnimation(ValueTracker):  35%|###4      | 46/132 [00:09<00:17,  4.84it/s]
Animation 9: _MethodAnimation(ValueTracker):  36%|###5      | 47/132 [00:09<00:16,  5.03it/s]
Animation 9: _MethodAnimation(ValueTracker):  36%|###6      | 48/132 [00:09<00:16,  5.02it/s]
Animation 9: _MethodAnimation(ValueTracker):  37%|###7      | 49/132 [00:09<00:16,  4.92it/s]
Animation 9: _MethodAnimation(ValueTracker):  38%|###7      | 50/132 [00:09<00:16,  4.92it/s]
Animation 9: _MethodAnimation(ValueTracker):  39%|###8      | 51/132 [00:10<00:16,  4.94it/s]
Animation 9: _MethodAnimation(ValueTracker):  39%|###9      | 52/132 [00:10<00:16,  4.97it/s]
Animation 9: _MethodAnimation(ValueTracker):  40%|####      | 53/132 [00:10<00:15,  4.98it/s]
Animation 9: _MethodAnimation(ValueTracker):  41%|####      | 54/132 [00:10<00:15,  5.11it/s]
Animation 9: _MethodAnimation(ValueTracker):  42%|####1     | 55/132 [00:10<00:15,  5.07it/s]
Animation 9: _MethodAnimation(ValueTracker):  42%|####2     | 56/132 [00:11<00:15,  4.96it/s]
Animation 9: _MethodAnimation(ValueTracker):  43%|####3     | 57/132 [00:11<00:14,  5.06it/s]
Animation 9: _MethodAnimation(ValueTracker):  44%|####3     | 58/132 [00:11<00:14,  5.04it/s]
Animation 9: _MethodAnimation(ValueTracker):  45%|####4     | 59/132 [00:11<00:14,  5.03it/s]
Animation 9: _MethodAnimation(ValueTracker):  45%|####5     | 60/132 [00:11<00:14,  5.02it/s]
Animation 9: _MethodAnimation(ValueTracker):  46%|####6     | 61/132 [00:11<00:14,  5.01it/s]
Animation 9: _MethodAnimation(ValueTracker):  47%|####6     | 62/132 [00:12<00:13,  5.01it/s]
Animation 9: _MethodAnimation(ValueTracker):  48%|####7     | 63/132 [00:12<00:13,  5.01it/s]
Animation 9: _MethodAnimation(ValueTracker):  48%|####8     | 64/132 [00:12<00:13,  5.01it/s]
Animation 9: _MethodAnimation(ValueTracker):  49%|####9     | 65/132 [00:12<00:13,  5.14it/s]
Animation 9: _MethodAnimation(ValueTracker):  50%|#####     | 66/132 [00:12<00:13,  5.05it/s]
Animation 9: _MethodAnimation(ValueTracker):  51%|#####     | 67/132 [00:13<00:12,  5.08it/s]
Animation 9: _MethodAnimation(ValueTracker):  52%|#####1    | 68/132 [00:13<00:12,  5.05it/s]
Animation 9: _MethodAnimation(ValueTracker):  52%|#####2    | 69/132 [00:13<00:12,  4.93it/s]
Animation 9: _MethodAnimation(ValueTracker):  53%|#####3    | 70/132 [00:13<00:12,  4.93it/s]
Animation 9: _MethodAnimation(ValueTracker):  54%|#####3    | 71/132 [00:13<00:12,  4.96it/s]
Animation 9: _MethodAnimation(ValueTracker):  55%|#####4    | 72/132 [00:14<00:11,  5.08it/s]
Animation 9: _MethodAnimation(ValueTracker):  55%|#####5    | 73/132 [00:14<00:11,  5.07it/s]
Animation 9: _MethodAnimation(ValueTracker):  56%|#####6    | 74/132 [00:14<00:11,  5.06it/s]
Animation 9: _MethodAnimation(ValueTracker):  57%|#####6    | 75/132 [00:14<00:11,  5.03it/s]
Animation 9: _MethodAnimation(ValueTracker):  58%|#####7    | 76/132 [00:14<00:11,  5.02it/s]
Animation 9: _MethodAnimation(ValueTracker):  58%|#####8    | 77/132 [00:15<00:10,  5.01it/s]
Animation 9: _MethodAnimation(ValueTracker):  59%|#####9    | 78/132 [00:15<00:10,  5.13it/s]
Animation 9: _MethodAnimation(ValueTracker):  60%|#####9    | 79/132 [00:15<00:10,  5.10it/s]
Animation 9: _MethodAnimation(ValueTracker):  61%|######    | 80/132 [00:15<00:10,  5.07it/s]
Animation 9: _MethodAnimation(ValueTracker):  61%|######1   | 81/132 [00:15<00:10,  5.04it/s]
Animation 9: _MethodAnimation(ValueTracker):  62%|######2   | 82/132 [00:16<00:09,  5.04it/s]
Animation 9: _MethodAnimation(ValueTracker):  63%|######2   | 83/132 [00:16<00:09,  4.90it/s]
Animation 9: _MethodAnimation(ValueTracker):  64%|######3   | 84/132 [00:16<00:09,  4.92it/s]
Animation 9: _MethodAnimation(ValueTracker):  64%|######4   | 85/132 [00:16<00:09,  4.94it/s]
Animation 9: _MethodAnimation(ValueTracker):  65%|######5   | 86/132 [00:16<00:09,  5.10it/s]
Animation 9: _MethodAnimation(ValueTracker):  66%|######5   | 87/132 [00:17<00:09,  4.94it/s]
Animation 9: _MethodAnimation(ValueTracker):  67%|######6   | 88/132 [00:17<00:08,  4.93it/s]
Animation 9: _MethodAnimation(ValueTracker):  67%|######7   | 89/132 [00:17<00:08,  5.00it/s]
Animation 9: _MethodAnimation(ValueTracker):  68%|######8   | 90/132 [00:17<00:08,  4.99it/s]
Animation 9: _MethodAnimation(ValueTracker):  69%|######8   | 91/132 [00:17<00:08,  4.93it/s]
Animation 9: _MethodAnimation(ValueTracker):  70%|######9   | 92/132 [00:18<00:08,  4.90it/s]
Animation 9: _MethodAnimation(ValueTracker):  70%|#######   | 93/132 [00:18<00:07,  4.90it/s]
Animation 9: _MethodAnimation(ValueTracker):  71%|#######1  | 94/132 [00:18<00:07,  4.96it/s]
Animation 9: _MethodAnimation(ValueTracker):  72%|#######1  | 95/132 [00:18<00:07,  5.02it/s]
Animation 9: _MethodAnimation(ValueTracker):  73%|#######2  | 96/132 [00:18<00:07,  5.04it/s]
Animation 9: _MethodAnimation(ValueTracker):  73%|#######3  | 97/132 [00:19<00:07,  4.96it/s]
Animation 9: _MethodAnimation(ValueTracker):  74%|#######4  | 98/132 [00:19<00:06,  5.04it/s]
Animation 9: _MethodAnimation(ValueTracker):  75%|#######5  | 99/132 [00:19<00:06,  5.16it/s]
Animation 9: _MethodAnimation(ValueTracker):  76%|#######5  | 100/132 [00:19<00:06,  5.10it/s]
Animation 9: _MethodAnimation(ValueTracker):  77%|#######6  | 101/132 [00:19<00:06,  5.11it/s]
Animation 9: _MethodAnimation(ValueTracker):  77%|#######7  | 102/132 [00:20<00:05,  5.03it/s]
Animation 9: _MethodAnimation(ValueTracker):  78%|#######8  | 103/132 [00:20<00:05,  5.08it/s]
Animation 9: _MethodAnimation(ValueTracker):  79%|#######8  | 104/132 [00:20<00:05,  5.17it/s]
Animation 9: _MethodAnimation(ValueTracker):  80%|#######9  | 105/132 [00:20<00:05,  5.07it/s]
Animation 9: _MethodAnimation(ValueTracker):  80%|########  | 106/132 [00:20<00:05,  5.03it/s]
Animation 9: _MethodAnimation(ValueTracker):  81%|########1 | 107/132 [00:21<00:04,  5.10it/s]
Animation 9: _MethodAnimation(ValueTracker):  82%|########1 | 108/132 [00:21<00:04,  5.07it/s]
Animation 9: _MethodAnimation(ValueTracker):  83%|########2 | 109/132 [00:21<00:04,  5.05it/s]
Animation 9: _MethodAnimation(ValueTracker):  83%|########3 | 110/132 [00:21<00:04,  5.04it/s]
Animation 9: _MethodAnimation(ValueTracker):  84%|########4 | 111/132 [00:21<00:04,  4.98it/s]
Animation 9: _MethodAnimation(ValueTracker):  85%|########4 | 112/132 [00:22<00:03,  5.03it/s]
Animation 9: _MethodAnimation(ValueTracker):  86%|########5 | 113/132 [00:22<00:03,  5.15it/s]
Animation 9: _MethodAnimation(ValueTracker):  86%|########6 | 114/132 [00:22<00:03,  5.10it/s]
Animation 9: _MethodAnimation(ValueTracker):  87%|########7 | 115/132 [00:22<00:03,  5.07it/s]
Animation 9: _MethodAnimation(ValueTracker):  88%|########7 | 116/132 [00:22<00:03,  5.03it/s]
Animation 9: _MethodAnimation(ValueTracker):  89%|########8 | 117/132 [00:23<00:02,  5.16it/s]
Animation 9: _MethodAnimation(ValueTracker):  89%|########9 | 118/132 [00:23<00:02,  5.05it/s]
Animation 9: _MethodAnimation(ValueTracker):  90%|######### | 119/132 [00:23<00:02,  5.24it/s]
Animation 9: _MethodAnimation(ValueTracker):  91%|######### | 120/132 [00:23<00:02,  5.15it/s]
Animation 9: _MethodAnimation(ValueTracker):  92%|#########1| 121/132 [00:23<00:02,  5.12it/s]
Animation 9: _MethodAnimation(ValueTracker):  92%|#########2| 122/132 [00:24<00:01,  5.08it/s]
Animation 9: _MethodAnimation(ValueTracker):  93%|#########3| 123/132 [00:24<00:01,  5.06it/s]
Animation 9: _MethodAnimation(ValueTracker):  94%|#########3| 124/132 [00:24<00:01,  5.04it/s]
Animation 9: _MethodAnimation(ValueTracker):  95%|#########4| 125/132 [00:24<00:01,  5.02it/s]
Animation 9: _MethodAnimation(ValueTracker):  95%|#########5| 126/132 [00:24<00:01,  5.03it/s]
Animation 9: _MethodAnimation(ValueTracker):  96%|#########6| 127/132 [00:25<00:00,  5.02it/s]
Animation 9: _MethodAnimation(ValueTracker):  97%|#########6| 128/132 [00:25<00:00,  5.01it/s]
Animation 9: _MethodAnimation(ValueTracker):  98%|#########7| 129/132 [00:25<00:00,  5.02it/s]
Animation 9: _MethodAnimation(ValueTracker):  98%|#########8| 130/132 [00:25<00:00,  5.12it/s]
Animation 9: _MethodAnimation(ValueTracker):  99%|#########9| 131/132 [00:25<00:00,  5.22it/s]
Animation 9: _MethodAnimation(ValueTracker): 100%|##########| 132/132 [00:26<00:00,  5.09it/s]
[09/08/26 20:27:56] INFO     Animation 9 : Partial     scene_file_writer.py:192
                             movie file written in                             
                             'C:\Users\Nacho\Documents                         
                             \Animaciones\Capitulo                             
                             11\media\videos\s03_duali                         
                             dad\1080p60\partial_movie                         
                             _files\Dualidad\293244094                         
                             9_3100391335_3677968764.m                         
                             p4'                                               
                                                                                              

Animation 10: FadeIn(Text('memoria larga: la señal se parece a sí misma mucho tiempo')):   0%|          | 0/60 
[00:00<?, ?it/s]
Animation 10: FadeIn(Text('memoria larga: la señal se parece a sí misma mucho tiempo')):   2%|1         | 1/60 
[00:00<00:11,  4.97it/s]
Animation 10: FadeIn(Text('memoria larga: la señal se parece a sí misma mucho tiempo')):   3%|3         | 2/60 
[00:00<00:11,  5.01it/s]
Animation 10: FadeIn(Text('memoria larga: la señal se parece a sí misma mucho tiempo')):   5%|5         | 3/60 
[00:00<00:11,  5.02it/s]
Animation 10: FadeIn(Text('memoria larga: la señal se parece a sí misma mucho tiempo')):   7%|6         | 4/60 
[00:00<00:10,  5.17it/s]
Animation 10: FadeIn(Text('memoria larga: la señal se parece a sí misma mucho tiempo')):   8%|8         | 5/60 
[00:00<00:10,  5.28it/s]
Animation 10: FadeIn(Text('memoria larga: la señal se parece a sí misma mucho tiempo')):  10%|#         | 6/60 
[00:01<00:10,  5.18it/s]
Animation 10: FadeIn(Text('memoria larga: la señal se parece a sí misma mucho tiempo')):  12%|#1        | 7/60 
[00:01<00:10,  5.12it/s]
Animation 10: FadeIn(Text('memoria larga: la señal se parece a sí misma mucho tiempo')):  13%|#3        | 8/60 
[00:01<00:10,  5.08it/s]
Animation 10: FadeIn(Text('memoria larga: la señal se parece a sí misma mucho tiempo')):  15%|#5        | 9/60 
[00:01<00:09,  5.18it/s]
Animation 10: FadeIn(Text('memoria larga: la señal se parece a sí misma mucho tiempo')):  17%|#6        | 10/60 
[00:01<00:09,  5.11it/s]
Animation 10: FadeIn(Text('memoria larga: la señal se parece a sí misma mucho tiempo')):  18%|#8        | 11/60 
[00:02<00:09,  5.11it/s]
Animation 10: FadeIn(Text('memoria larga: la señal se parece a sí misma mucho tiempo')):  20%|##        | 12/60 
[00:02<00:09,  5.11it/s]
Animation 10: FadeIn(Text('memoria larga: la señal se parece a sí misma mucho tiempo')):  22%|##1       | 13/60 
[00:02<00:08,  5.24it/s]
Animation 10: FadeIn(Text('memoria larga: la señal se parece a sí misma mucho tiempo')):  23%|##3       | 14/60 
[00:02<00:08,  5.16it/s]
Animation 10: FadeIn(Text('memoria larga: la señal se parece a sí misma mucho tiempo')):  25%|##5       | 15/60 
[00:02<00:08,  5.19it/s]
Animation 10: FadeIn(Text('memoria larga: la señal se parece a sí misma mucho tiempo')):  27%|##6       | 16/60 
[00:03<00:08,  5.27it/s]
Animation 10: FadeIn(Text('memoria larga: la señal se parece a sí misma mucho tiempo')):  28%|##8       | 17/60 
[00:03<00:08,  5.15it/s]
Animation 10: FadeIn(Text('memoria larga: la señal se parece a sí misma mucho tiempo')):  30%|###       | 18/60 
[00:03<00:07,  5.31it/s]
Animation 10: FadeIn(Text('memoria larga: la señal se parece a sí misma mucho tiempo')):  32%|###1      | 19/60 
[00:03<00:07,  5.15it/s]
Animation 10: FadeIn(Text('memoria larga: la señal se parece a sí misma mucho tiempo')):  33%|###3      | 20/60 
[00:03<00:07,  5.17it/s]
Animation 10: FadeIn(Text('memoria larga: la señal se parece a sí misma mucho tiempo')):  35%|###5      | 21/60 
[00:04<00:07,  5.13it/s]
Animation 10: FadeIn(Text('memoria larga: la señal se parece a sí misma mucho tiempo')):  37%|###6      | 22/60 
[00:04<00:07,  5.19it/s]
Animation 10: FadeIn(Text('memoria larga: la señal se parece a sí misma mucho tiempo')):  38%|###8      | 23/60 
[00:04<00:07,  5.18it/s]
Animation 10: FadeIn(Text('memoria larga: la señal se parece a sí misma mucho tiempo')):  40%|####      | 24/60 
[00:04<00:06,  5.23it/s]
Animation 10: FadeIn(Text('memoria larga: la señal se parece a sí misma mucho tiempo')):  42%|####1     | 25/60 
[00:04<00:06,  5.24it/s]
Animation 10: FadeIn(Text('memoria larga: la señal se parece a sí misma mucho tiempo')):  43%|####3     | 26/60 
[00:05<00:06,  5.30it/s]
Animation 10: FadeIn(Text('memoria larga: la señal se parece a sí misma mucho tiempo')):  45%|####5     | 27/60 
[00:05<00:06,  5.21it/s]
Animation 10: FadeIn(Text('memoria larga: la señal se parece a sí misma mucho tiempo')):  47%|####6     | 28/60 
[00:05<00:06,  5.28it/s]
Animation 10: FadeIn(Text('memoria larga: la señal se parece a sí misma mucho tiempo')):  48%|####8     | 29/60 
[00:05<00:05,  5.19it/s]
Animation 10: FadeIn(Text('memoria larga: la señal se parece a sí misma mucho tiempo')):  50%|#####     | 30/60 
[00:05<00:05,  5.27it/s]
Animation 10: FadeIn(Text('memoria larga: la señal se parece a sí misma mucho tiempo')):  52%|#####1    | 31/60 
[00:05<00:05,  5.19it/s]
Animation 10: FadeIn(Text('memoria larga: la señal se parece a sí misma mucho tiempo')):  53%|#####3    | 32/60 
[00:06<00:05,  5.26it/s]
Animation 10: FadeIn(Text('memoria larga: la señal se parece a sí misma mucho tiempo')):  55%|#####5    | 33/60 
[00:06<00:05,  5.18it/s]
Animation 10: FadeIn(Text('memoria larga: la señal se parece a sí misma mucho tiempo')):  57%|#####6    | 34/60 
[00:06<00:05,  5.13it/s]
Animation 10: FadeIn(Text('memoria larga: la señal se parece a sí misma mucho tiempo')):  58%|#####8    | 35/60 
[00:06<00:04,  5.09it/s]
Animation 10: FadeIn(Text('memoria larga: la señal se parece a sí misma mucho tiempo')):  60%|######    | 36/60 
[00:06<00:04,  5.21it/s]
Animation 10: FadeIn(Text('memoria larga: la señal se parece a sí misma mucho tiempo')):  62%|######1   | 37/60 
[00:07<00:04,  5.17it/s]
Animation 10: FadeIn(Text('memoria larga: la señal se parece a sí misma mucho tiempo')):  63%|######3   | 38/60 
[00:07<00:04,  5.18it/s]
Animation 10: FadeIn(Text('memoria larga: la señal se parece a sí misma mucho tiempo')):  65%|######5   | 39/60 
[00:07<00:04,  5.18it/s]
Animation 10: FadeIn(Text('memoria larga: la señal se parece a sí misma mucho tiempo')):  67%|######6   | 40/60 
[00:07<00:03,  5.14it/s]
Animation 10: FadeIn(Text('memoria larga: la señal se parece a sí misma mucho tiempo')):  68%|######8   | 41/60 
[00:07<00:03,  5.12it/s]
Animation 10: FadeIn(Text('memoria larga: la señal se parece a sí misma mucho tiempo')):  70%|#######   | 42/60 
[00:08<00:03,  5.28it/s]
Animation 10: FadeIn(Text('memoria larga: la señal se parece a sí misma mucho tiempo')):  72%|#######1  | 43/60 
[00:08<00:03,  5.18it/s]
Animation 10: FadeIn(Text('memoria larga: la señal se parece a sí misma mucho tiempo')):  73%|#######3  | 44/60 
[00:08<00:03,  5.11it/s]
Animation 10: FadeIn(Text('memoria larga: la señal se parece a sí misma mucho tiempo')):  75%|#######5  | 45/60 
[00:08<00:02,  5.11it/s]
Animation 10: FadeIn(Text('memoria larga: la señal se parece a sí misma mucho tiempo')):  77%|#######6  | 46/60 
[00:08<00:02,  5.21it/s]
Animation 10: FadeIn(Text('memoria larga: la señal se parece a sí misma mucho tiempo')):  78%|#######8  | 47/60 
[00:09<00:02,  5.14it/s]
Animation 10: FadeIn(Text('memoria larga: la señal se parece a sí misma mucho tiempo')):  80%|########  | 48/60 
[00:09<00:02,  5.10it/s]
Animation 10: FadeIn(Text('memoria larga: la señal se parece a sí misma mucho tiempo')):  82%|########1 | 49/60 
[00:09<00:02,  5.07it/s]
Animation 10: FadeIn(Text('memoria larga: la señal se parece a sí misma mucho tiempo')):  83%|########3 | 50/60 
[00:09<00:01,  5.06it/s]
Animation 10: FadeIn(Text('memoria larga: la señal se parece a sí misma mucho tiempo')):  85%|########5 | 51/60 
[00:09<00:01,  5.07it/s]
Animation 10: FadeIn(Text('memoria larga: la señal se parece a sí misma mucho tiempo')):  87%|########6 | 52/60 
[00:10<00:01,  5.03it/s]
Animation 10: FadeIn(Text('memoria larga: la señal se parece a sí misma mucho tiempo')):  88%|########8 | 53/60 
[00:10<00:01,  4.95it/s]
Animation 10: FadeIn(Text('memoria larga: la señal se parece a sí misma mucho tiempo')):  90%|######### | 54/60 
[00:10<00:01,  4.97it/s]
Animation 10: FadeIn(Text('memoria larga: la señal se parece a sí misma mucho tiempo')):  92%|#########1| 55/60 
[00:10<00:00,  5.02it/s]
Animation 10: FadeIn(Text('memoria larga: la señal se parece a sí misma mucho tiempo')):  93%|#########3| 56/60 
[00:10<00:00,  5.02it/s]
Animation 10: FadeIn(Text('memoria larga: la señal se parece a sí misma mucho tiempo')):  95%|#########5| 57/60 
[00:11<00:00,  5.08it/s]
Animation 10: FadeIn(Text('memoria larga: la señal se parece a sí misma mucho tiempo')):  97%|#########6| 58/60 
[00:11<00:00,  5.25it/s]
Animation 10: FadeIn(Text('memoria larga: la señal se parece a sí misma mucho tiempo')):  98%|#########8| 59/60 
[00:11<00:00,  5.12it/s]
Animation 10: FadeIn(Text('memoria larga: la señal se parece a sí misma mucho tiempo')): 100%|##########| 60/60 
[00:11<00:00,  5.14it/s]
[09/08/26 20:28:08] INFO     Animation 10 : Partial    scene_file_writer.py:192
                             movie file written in                             
                             'C:\Users\Nacho\Documents                         
                             \Animaciones\Capitulo                             
                             11\media\videos\s03_duali                         
                             dad\1080p60\partial_movie                         
                             _files\Dualidad\293244094                         
                             9_3263788150_2465254888.m                         
                             p4'                                               
[09/08/26 20:28:09] INFO     Animation 11 : Partial    scene_file_writer.py:192
                             movie file written in                             
                             'C:\Users\Nacho\Documents                         
                             \Animaciones\Capitulo                             
                             11\media\videos\s03_duali                         
                             dad\1080p60\partial_movie                         
                             _files\Dualidad\293244094                         
                             9_170846798_3182421931.mp                         
                             4'                                                
                                                                                                                       
                 

Animation 12: FadeOut(Text('memoria larga: la señal se parece a sí misma mucho tiempo')):   0%|          | 0/60 
[00:00<?, ?it/s]
Animation 12: FadeOut(Text('memoria larga: la señal se parece a sí misma mucho tiempo')):   2%|1         | 1/60 
[00:00<00:10,  5.45it/s]
Animation 12: FadeOut(Text('memoria larga: la señal se parece a sí misma mucho tiempo')):   3%|3         | 2/60 
[00:00<00:11,  5.24it/s]
Animation 12: FadeOut(Text('memoria larga: la señal se parece a sí misma mucho tiempo')):   5%|5         | 3/60 
[00:00<00:10,  5.23it/s]
Animation 12: FadeOut(Text('memoria larga: la señal se parece a sí misma mucho tiempo')):   7%|6         | 4/60 
[00:00<00:10,  5.14it/s]
Animation 12: FadeOut(Text('memoria larga: la señal se parece a sí misma mucho tiempo')):   8%|8         | 5/60 
[00:00<00:10,  5.19it/s]
Animation 12: FadeOut(Text('memoria larga: la señal se parece a sí misma mucho tiempo')):  10%|#         | 6/60 
[00:01<00:10,  5.34it/s]
Animation 12: FadeOut(Text('memoria larga: la señal se parece a sí misma mucho tiempo')):  12%|#1        | 7/60 
[00:01<00:10,  5.22it/s]
Animation 12: FadeOut(Text('memoria larga: la señal se parece a sí misma mucho tiempo')):  13%|#3        | 8/60 
[00:01<00:09,  5.29it/s]
Animation 12: FadeOut(Text('memoria larga: la señal se parece a sí misma mucho tiempo')):  15%|#5        | 9/60 
[00:01<00:09,  5.20it/s]
Animation 12: FadeOut(Text('memoria larga: la señal se parece a sí misma mucho tiempo')):  17%|#6        | 10/60 
[00:01<00:09,  5.27it/s]
Animation 12: FadeOut(Text('memoria larga: la señal se parece a sí misma mucho tiempo')):  18%|#8        | 11/60 
[00:02<00:09,  5.19it/s]
Animation 12: FadeOut(Text('memoria larga: la señal se parece a sí misma mucho tiempo')):  20%|##        | 12/60 
[00:02<00:09,  5.27it/s]
Animation 12: FadeOut(Text('memoria larga: la señal se parece a sí misma mucho tiempo')):  22%|##1       | 13/60 
[00:02<00:09,  5.18it/s]
Animation 12: FadeOut(Text('memoria larga: la señal se parece a sí misma mucho tiempo')):  23%|##3       | 14/60 
[00:02<00:08,  5.25it/s]
Animation 12: FadeOut(Text('memoria larga: la señal se parece a sí misma mucho tiempo')):  25%|##5       | 15/60 
[00:02<00:08,  5.31it/s]
Animation 12: FadeOut(Text('memoria larga: la señal se parece a sí misma mucho tiempo')):  27%|##6       | 16/60 
[00:03<00:08,  5.30it/s]
Animation 12: FadeOut(Text('memoria larga: la señal se parece a sí misma mucho tiempo')):  28%|##8       | 17/60 
[00:03<00:08,  5.36it/s]
Animation 12: FadeOut(Text('memoria larga: la señal se parece a sí misma mucho tiempo')):  30%|###       | 18/60 
[00:03<00:08,  5.19it/s]
Animation 12: FadeOut(Text('memoria larga: la señal se parece a sí misma mucho tiempo')):  32%|###1      | 19/60 
[00:03<00:07,  5.16it/s]
Animation 12: FadeOut(Text('memoria larga: la señal se parece a sí misma mucho tiempo')):  33%|###3      | 20/60 
[00:03<00:07,  5.19it/s]
Animation 12: FadeOut(Text('memoria larga: la señal se parece a sí misma mucho tiempo')):  35%|###5      | 21/60 
[00:04<00:07,  5.26it/s]
Animation 12: FadeOut(Text('memoria larga: la señal se parece a sí misma mucho tiempo')):  37%|###6      | 22/60 
[00:04<00:07,  5.09it/s]
Animation 12: FadeOut(Text('memoria larga: la señal se parece a sí misma mucho tiempo')):  38%|###8      | 23/60 
[00:04<00:07,  5.15it/s]
Animation 12: FadeOut(Text('memoria larga: la señal se parece a sí misma mucho tiempo')):  40%|####      | 24/60 
[00:04<00:06,  5.24it/s]
Animation 12: FadeOut(Text('memoria larga: la señal se parece a sí misma mucho tiempo')):  42%|####1     | 25/60 
[00:04<00:06,  5.17it/s]
Animation 12: FadeOut(Text('memoria larga: la señal se parece a sí misma mucho tiempo')):  43%|####3     | 26/60 
[00:04<00:06,  5.13it/s]
Animation 12: FadeOut(Text('memoria larga: la señal se parece a sí misma mucho tiempo')):  45%|####5     | 27/60 
[00:05<00:06,  5.13it/s]
Animation 12: FadeOut(Text('memoria larga: la señal se parece a sí misma mucho tiempo')):  47%|####6     | 28/60 
[00:05<00:06,  5.29it/s]
Animation 12: FadeOut(Text('memoria larga: la señal se parece a sí misma mucho tiempo')):  48%|####8     | 29/60 
[00:05<00:05,  5.19it/s]
Animation 12: FadeOut(Text('memoria larga: la señal se parece a sí misma mucho tiempo')):  50%|#####     | 30/60 
[00:05<00:05,  5.16it/s]
Animation 12: FadeOut(Text('memoria larga: la señal se parece a sí misma mucho tiempo')):  52%|#####1    | 31/60 
[00:05<00:05,  5.19it/s]
Animation 12: FadeOut(Text('memoria larga: la señal se parece a sí misma mucho tiempo')):  53%|#####3    | 32/60 
[00:06<00:05,  5.17it/s]
Animation 12: FadeOut(Text('memoria larga: la señal se parece a sí misma mucho tiempo')):  55%|#####5    | 33/60 
[00:06<00:05,  5.17it/s]
Animation 12: FadeOut(Text('memoria larga: la señal se parece a sí misma mucho tiempo')):  57%|#####6    | 34/60 
[00:06<00:04,  5.21it/s]
Animation 12: FadeOut(Text('memoria larga: la señal se parece a sí misma mucho tiempo')):  58%|#####8    | 35/60 
[00:06<00:04,  5.28it/s]
Animation 12: FadeOut(Text('memoria larga: la señal se parece a sí misma mucho tiempo')):  60%|######    | 36/60 
[00:06<00:04,  5.31it/s]
Animation 12: FadeOut(Text('memoria larga: la señal se parece a sí misma mucho tiempo')):  62%|######1   | 37/60 
[00:07<00:04,  5.37it/s]
Animation 12: FadeOut(Text('memoria larga: la señal se parece a sí misma mucho tiempo')):  63%|######3   | 38/60 
[00:07<00:04,  5.35it/s]
Animation 12: FadeOut(Text('memoria larga: la señal se parece a sí misma mucho tiempo')):  65%|######5   | 39/60 
[00:07<00:03,  5.28it/s]
Animation 12: FadeOut(Text('memoria larga: la señal se parece a sí misma mucho tiempo')):  67%|######6   | 40/60 
[00:07<00:03,  5.33it/s]
Animation 12: FadeOut(Text('memoria larga: la señal se parece a sí misma mucho tiempo')):  68%|######8   | 41/60 
[00:07<00:03,  5.37it/s]
Animation 12: FadeOut(Text('memoria larga: la señal se parece a sí misma mucho tiempo')):  70%|#######   | 42/60 
[00:08<00:03,  5.39it/s]
Animation 12: FadeOut(Text('memoria larga: la señal se parece a sí misma mucho tiempo')):  72%|#######1  | 43/60 
[00:08<00:03,  5.14it/s]
Animation 12: FadeOut(Text('memoria larga: la señal se parece a sí misma mucho tiempo')):  73%|#######3  | 44/60 
[00:08<00:03,  5.09it/s]
Animation 12: FadeOut(Text('memoria larga: la señal se parece a sí misma mucho tiempo')):  75%|#######5  | 45/60 
[00:08<00:02,  5.07it/s]
Animation 12: FadeOut(Text('memoria larga: la señal se parece a sí misma mucho tiempo')):  77%|#######6  | 46/60 
[00:08<00:02,  5.09it/s]
Animation 12: FadeOut(Text('memoria larga: la señal se parece a sí misma mucho tiempo')):  78%|#######8  | 47/60 
[00:09<00:02,  5.09it/s]
Animation 12: FadeOut(Text('memoria larga: la señal se parece a sí misma mucho tiempo')):  80%|########  | 48/60 
[00:09<00:02,  5.06it/s]
Animation 12: FadeOut(Text('memoria larga: la señal se parece a sí misma mucho tiempo')):  82%|########1 | 49/60 
[00:09<00:02,  5.06it/s]
Animation 12: FadeOut(Text('memoria larga: la señal se parece a sí misma mucho tiempo')):  83%|########3 | 50/60 
[00:09<00:01,  5.22it/s]
Animation 12: FadeOut(Text('memoria larga: la señal se parece a sí misma mucho tiempo')):  85%|########5 | 51/60 
[00:09<00:01,  5.15it/s]
Animation 12: FadeOut(Text('memoria larga: la señal se parece a sí misma mucho tiempo')):  87%|########6 | 52/60 
[00:09<00:01,  5.11it/s]
Animation 12: FadeOut(Text('memoria larga: la señal se parece a sí misma mucho tiempo')):  88%|########8 | 53/60 
[00:10<00:01,  5.20it/s]
Animation 12: FadeOut(Text('memoria larga: la señal se parece a sí misma mucho tiempo')):  90%|######### | 54/60 
[00:10<00:01,  5.14it/s]
Animation 12: FadeOut(Text('memoria larga: la señal se parece a sí misma mucho tiempo')):  92%|#########1| 55/60 
[00:10<00:00,  5.12it/s]
Animation 12: FadeOut(Text('memoria larga: la señal se parece a sí misma mucho tiempo')):  93%|#########3| 56/60 
[00:10<00:00,  5.19it/s]
Animation 12: FadeOut(Text('memoria larga: la señal se parece a sí misma mucho tiempo')):  95%|#########5| 57/60 
[00:10<00:00,  5.13it/s]
Animation 12: FadeOut(Text('memoria larga: la señal se parece a sí misma mucho tiempo')):  97%|#########6| 58/60 
[00:11<00:00,  5.09it/s]
Animation 12: FadeOut(Text('memoria larga: la señal se parece a sí misma mucho tiempo')):  98%|#########8| 59/60 
[00:11<00:00,  5.07it/s]
Animation 12: FadeOut(Text('memoria larga: la señal se parece a sí misma mucho tiempo')): 100%|##########| 60/60 
[00:11<00:00,  5.12it/s]
[09/08/26 20:28:21] INFO     Animation 12 : Partial    scene_file_writer.py:192
                             movie file written in                             
                             'C:\Users\Nacho\Documents                         
                             \Animaciones\Capitulo                             
                             11\media\videos\s03_duali                         
                             dad\1080p60\partial_movie                         
                             _files\Dualidad\293244094                         
                             9_952837040_3909087302.mp                         
                             4'                                                
                                                                                                                       
                  

Animation 13: _MethodAnimation(ValueTracker):   0%|          | 0/180 [00:00<?, ?it/s]
Animation 13: _MethodAnimation(ValueTracker):   1%|          | 1/180 [00:00<00:31,  5.72it/s]
Animation 13: _MethodAnimation(ValueTracker):   1%|1         | 2/180 [00:00<00:33,  5.28it/s]
Animation 13: _MethodAnimation(ValueTracker):   2%|1         | 3/180 [00:00<00:33,  5.29it/s]
Animation 13: _MethodAnimation(ValueTracker):   2%|2         | 4/180 [00:00<00:32,  5.44it/s]
Animation 13: _MethodAnimation(ValueTracker):   3%|2         | 5/180 [00:00<00:33,  5.29it/s]
Animation 13: _MethodAnimation(ValueTracker):   3%|3         | 6/180 [00:01<00:31,  5.48it/s]
Animation 13: _MethodAnimation(ValueTracker):   4%|3         | 7/180 [00:01<00:32,  5.30it/s]
Animation 13: _MethodAnimation(ValueTracker):   4%|4         | 8/180 [00:01<00:32,  5.24it/s]
Animation 13: _MethodAnimation(ValueTracker):   5%|5         | 9/180 [00:01<00:32,  5.29it/s]
Animation 13: _MethodAnimation(ValueTracker):   6%|5         | 10/180 [00:01<00:32,  5.21it/s]
Animation 13: _MethodAnimation(ValueTracker):   6%|6         | 11/180 [00:02<00:31,  5.41it/s]
Animation 13: _MethodAnimation(ValueTracker):   7%|6         | 12/180 [00:02<00:30,  5.42it/s]
Animation 13: _MethodAnimation(ValueTracker):   7%|7         | 13/180 [00:02<00:30,  5.39it/s]
Animation 13: _MethodAnimation(ValueTracker):   8%|7         | 14/180 [00:02<00:30,  5.36it/s]
Animation 13: _MethodAnimation(ValueTracker):   8%|8         | 15/180 [00:02<00:30,  5.36it/s]
Animation 13: _MethodAnimation(ValueTracker):   9%|8         | 16/180 [00:02<00:30,  5.31it/s]
Animation 13: _MethodAnimation(ValueTracker):   9%|9         | 17/180 [00:03<00:30,  5.26it/s]
Animation 13: _MethodAnimation(ValueTracker):  10%|#         | 18/180 [00:03<00:30,  5.31it/s]
Animation 13: _MethodAnimation(ValueTracker):  11%|#         | 19/180 [00:03<00:30,  5.31it/s]
Animation 13: _MethodAnimation(ValueTracker):  11%|#1        | 20/180 [00:03<00:29,  5.41it/s]
Animation 13: _MethodAnimation(ValueTracker):  12%|#1        | 21/180 [00:03<00:29,  5.42it/s]
Animation 13: _MethodAnimation(ValueTracker):  12%|#2        | 22/180 [00:04<00:29,  5.43it/s]
Animation 13: _MethodAnimation(ValueTracker):  13%|#2        | 23/180 [00:04<00:28,  5.44it/s]
Animation 13: _MethodAnimation(ValueTracker):  13%|#3        | 24/180 [00:04<00:29,  5.30it/s]
Animation 13: _MethodAnimation(ValueTracker):  14%|#3        | 25/180 [00:04<00:28,  5.35it/s]
Animation 13: _MethodAnimation(ValueTracker):  14%|#4        | 26/180 [00:04<00:29,  5.24it/s]
Animation 13: _MethodAnimation(ValueTracker):  15%|#5        | 27/180 [00:05<00:29,  5.17it/s]
Animation 13: _MethodAnimation(ValueTracker):  16%|#5        | 28/180 [00:05<00:28,  5.25it/s]
Animation 13: _MethodAnimation(ValueTracker):  16%|#6        | 29/180 [00:05<00:28,  5.31it/s]
Animation 13: _MethodAnimation(ValueTracker):  17%|#6        | 30/180 [00:05<00:28,  5.21it/s]
Animation 13: _MethodAnimation(ValueTracker):  17%|#7        | 31/180 [00:05<00:28,  5.28it/s]
Animation 13: _MethodAnimation(ValueTracker):  18%|#7        | 32/180 [00:06<00:28,  5.28it/s]
Animation 13: _MethodAnimation(ValueTracker):  18%|#8        | 33/180 [00:06<00:28,  5.22it/s]
Animation 13: _MethodAnimation(ValueTracker):  19%|#8        | 34/180 [00:06<00:28,  5.18it/s]
Animation 13: _MethodAnimation(ValueTracker):  19%|#9        | 35/180 [00:06<00:27,  5.24it/s]
Animation 13: _MethodAnimation(ValueTracker):  20%|##        | 36/180 [00:06<00:27,  5.32it/s]
Animation 13: _MethodAnimation(ValueTracker):  21%|##        | 37/180 [00:06<00:26,  5.36it/s]
Animation 13: _MethodAnimation(ValueTracker):  21%|##1       | 38/180 [00:07<00:27,  5.25it/s]
Animation 13: _MethodAnimation(ValueTracker):  22%|##1       | 39/180 [00:07<00:26,  5.30it/s]
Animation 13: _MethodAnimation(ValueTracker):  22%|##2       | 40/180 [00:07<00:26,  5.22it/s]
Animation 13: _MethodAnimation(ValueTracker):  23%|##2       | 41/180 [00:07<00:26,  5.28it/s]
Animation 13: _MethodAnimation(ValueTracker):  23%|##3       | 42/180 [00:07<00:26,  5.19it/s]
Animation 13: _MethodAnimation(ValueTracker):  24%|##3       | 43/180 [00:08<00:27,  5.02it/s]
Animation 13: _MethodAnimation(ValueTracker):  24%|##4       | 44/180 [00:08<00:27,  4.99it/s]
Animation 13: _MethodAnimation(ValueTracker):  25%|##5       | 45/180 [00:08<00:27,  4.89it/s]
Animation 13: _MethodAnimation(ValueTracker):  26%|##5       | 46/180 [00:08<00:26,  5.02it/s]
Animation 13: _MethodAnimation(ValueTracker):  26%|##6       | 47/180 [00:08<00:27,  4.87it/s]
Animation 13: _MethodAnimation(ValueTracker):  27%|##6       | 48/180 [00:09<00:26,  5.00it/s]
Animation 13: _MethodAnimation(ValueTracker):  27%|##7       | 49/180 [00:09<00:25,  5.06it/s]
Animation 13: _MethodAnimation(ValueTracker):  28%|##7       | 50/180 [00:09<00:25,  5.13it/s]
Animation 13: _MethodAnimation(ValueTracker):  28%|##8       | 51/180 [00:09<00:24,  5.28it/s]
Animation 13: _MethodAnimation(ValueTracker):  29%|##8       | 52/180 [00:09<00:24,  5.19it/s]
Animation 13: _MethodAnimation(ValueTracker):  29%|##9       | 53/180 [00:10<00:24,  5.27it/s]
Animation 13: _MethodAnimation(ValueTracker):  30%|###       | 54/180 [00:10<00:24,  5.18it/s]
Animation 13: _MethodAnimation(ValueTracker):  31%|###       | 55/180 [00:10<00:24,  5.13it/s]
Animation 13: _MethodAnimation(ValueTracker):  31%|###1      | 56/180 [00:10<00:24,  5.13it/s]
Animation 13: _MethodAnimation(ValueTracker):  32%|###1      | 57/180 [00:10<00:23,  5.18it/s]
Animation 13: _MethodAnimation(ValueTracker):  32%|###2      | 58/180 [00:11<00:23,  5.26it/s]
Animation 13: _MethodAnimation(ValueTracker):  33%|###2      | 59/180 [00:11<00:22,  5.32it/s]
Animation 13: _MethodAnimation(ValueTracker):  33%|###3      | 60/180 [00:11<00:22,  5.22it/s]
Animation 13: _MethodAnimation(ValueTracker):  34%|###3      | 61/180 [00:11<00:23,  5.15it/s]
Animation 13: _MethodAnimation(ValueTracker):  34%|###4      | 62/180 [00:11<00:23,  5.11it/s]
Animation 13: _MethodAnimation(ValueTracker):  35%|###5      | 63/180 [00:12<00:23,  5.03it/s]
Animation 13: _MethodAnimation(ValueTracker):  36%|###5      | 64/180 [00:12<00:23,  5.02it/s]
Animation 13: _MethodAnimation(ValueTracker):  36%|###6      | 65/180 [00:12<00:22,  5.06it/s]
Animation 13: _MethodAnimation(ValueTracker):  37%|###6      | 66/180 [00:12<00:22,  5.04it/s]
Animation 13: _MethodAnimation(ValueTracker):  37%|###7      | 67/180 [00:12<00:23,  4.90it/s]
Animation 13: _MethodAnimation(ValueTracker):  38%|###7      | 68/180 [00:13<00:22,  5.01it/s]
Animation 13: _MethodAnimation(ValueTracker):  38%|###8      | 69/180 [00:13<00:21,  5.05it/s]
Animation 13: _MethodAnimation(ValueTracker):  39%|###8      | 70/180 [00:13<00:21,  5.04it/s]
Animation 13: _MethodAnimation(ValueTracker):  39%|###9      | 71/180 [00:13<00:21,  5.16it/s]
Animation 13: _MethodAnimation(ValueTracker):  40%|####      | 72/180 [00:13<00:21,  5.11it/s]
Animation 13: _MethodAnimation(ValueTracker):  41%|####      | 73/180 [00:14<00:21,  5.07it/s]
Animation 13: _MethodAnimation(ValueTracker):  41%|####1     | 74/180 [00:14<00:20,  5.18it/s]
Animation 13: _MethodAnimation(ValueTracker):  42%|####1     | 75/180 [00:14<00:20,  5.13it/s]
Animation 13: _MethodAnimation(ValueTracker):  42%|####2     | 76/180 [00:14<00:19,  5.22it/s]
Animation 13: _MethodAnimation(ValueTracker):  43%|####2     | 77/180 [00:14<00:19,  5.15it/s]
Animation 13: _MethodAnimation(ValueTracker):  43%|####3     | 78/180 [00:14<00:19,  5.20it/s]
Animation 13: _MethodAnimation(ValueTracker):  44%|####3     | 79/180 [00:15<00:19,  5.18it/s]
Animation 13: _MethodAnimation(ValueTracker):  44%|####4     | 80/180 [00:15<00:19,  5.18it/s]
Animation 13: _MethodAnimation(ValueTracker):  45%|####5     | 81/180 [00:15<00:18,  5.23it/s]
Animation 13: _MethodAnimation(ValueTracker):  46%|####5     | 82/180 [00:15<00:19,  5.13it/s]
Animation 13: _MethodAnimation(ValueTracker):  46%|####6     | 83/180 [00:15<00:18,  5.22it/s]
Animation 13: _MethodAnimation(ValueTracker):  47%|####6     | 84/180 [00:16<00:18,  5.16it/s]
Animation 13: _MethodAnimation(ValueTracker):  47%|####7     | 85/180 [00:16<00:18,  5.24it/s]
Animation 13: _MethodAnimation(ValueTracker):  48%|####7     | 86/180 [00:16<00:18,  5.19it/s]
Animation 13: _MethodAnimation(ValueTracker):  48%|####8     | 87/180 [00:16<00:17,  5.24it/s]
Animation 13: _MethodAnimation(ValueTracker):  49%|####8     | 88/180 [00:16<00:17,  5.30it/s]
Animation 13: _MethodAnimation(ValueTracker):  49%|####9     | 89/180 [00:17<00:17,  5.20it/s]
Animation 13: _MethodAnimation(ValueTracker):  50%|#####     | 90/180 [00:17<00:17,  5.15it/s]
Animation 13: _MethodAnimation(ValueTracker):  51%|#####     | 91/180 [00:17<00:17,  5.16it/s]
Animation 13: _MethodAnimation(ValueTracker):  51%|#####1    | 92/180 [00:17<00:16,  5.19it/s]
Animation 13: _MethodAnimation(ValueTracker):  52%|#####1    | 93/180 [00:17<00:16,  5.14it/s]
Animation 13: _MethodAnimation(ValueTracker):  52%|#####2    | 94/180 [00:18<00:16,  5.12it/s]
Animation 13: _MethodAnimation(ValueTracker):  53%|#####2    | 95/180 [00:18<00:16,  5.13it/s]
Animation 13: _MethodAnimation(ValueTracker):  53%|#####3    | 96/180 [00:18<00:16,  5.14it/s]
Animation 13: _MethodAnimation(ValueTracker):  54%|#####3    | 97/180 [00:18<00:15,  5.23it/s]
Animation 13: _MethodAnimation(ValueTracker):  54%|#####4    | 98/180 [00:18<00:15,  5.29it/s]
Animation 13: _MethodAnimation(ValueTracker):  55%|#####5    | 99/180 [00:19<00:15,  5.29it/s]
Animation 13: _MethodAnimation(ValueTracker):  56%|#####5    | 100/180 [00:19<00:15,  5.19it/s]
Animation 13: _MethodAnimation(ValueTracker):  56%|#####6    | 101/180 [00:19<00:15,  5.19it/s]
Animation 13: _MethodAnimation(ValueTracker):  57%|#####6    | 102/180 [00:19<00:14,  5.24it/s]
Animation 13: _MethodAnimation(ValueTracker):  57%|#####7    | 103/180 [00:19<00:14,  5.20it/s]
Animation 13: _MethodAnimation(ValueTracker):  58%|#####7    | 104/180 [00:19<00:14,  5.27it/s]
Animation 13: _MethodAnimation(ValueTracker):  58%|#####8    | 105/180 [00:20<00:14,  5.18it/s]
Animation 13: _MethodAnimation(ValueTracker):  59%|#####8    | 106/180 [00:20<00:14,  5.14it/s]
Animation 13: _MethodAnimation(ValueTracker):  59%|#####9    | 107/180 [00:20<00:13,  5.22it/s]
Animation 13: _MethodAnimation(ValueTracker):  60%|######    | 108/180 [00:20<00:13,  5.27it/s]
Animation 13: _MethodAnimation(ValueTracker):  61%|######    | 109/180 [00:20<00:13,  5.23it/s]
Animation 13: _MethodAnimation(ValueTracker):  61%|######1   | 110/180 [00:21<00:13,  5.12it/s]
Animation 13: _MethodAnimation(ValueTracker):  62%|######1   | 111/180 [00:21<00:13,  5.13it/s]
Animation 13: _MethodAnimation(ValueTracker):  62%|######2   | 112/180 [00:21<00:13,  5.18it/s]
Animation 13: _MethodAnimation(ValueTracker):  63%|######2   | 113/180 [00:21<00:13,  5.13it/s]
Animation 13: _MethodAnimation(ValueTracker):  63%|######3   | 114/180 [00:21<00:12,  5.10it/s]
Animation 13: _MethodAnimation(ValueTracker):  64%|######3   | 115/180 [00:22<00:12,  5.06it/s]
Animation 13: _MethodAnimation(ValueTracker):  64%|######4   | 116/180 [00:22<00:12,  5.05it/s]
Animation 13: _MethodAnimation(ValueTracker):  65%|######5   | 117/180 [00:22<00:12,  5.03it/s]
Animation 13: _MethodAnimation(ValueTracker):  66%|######5   | 118/180 [00:22<00:12,  5.03it/s]
Animation 13: _MethodAnimation(ValueTracker):  66%|######6   | 119/180 [00:22<00:12,  5.01it/s]
Animation 13: _MethodAnimation(ValueTracker):  67%|######6   | 120/180 [00:23<00:11,  5.01it/s]
Animation 13: _MethodAnimation(ValueTracker):  67%|######7   | 121/180 [00:23<00:11,  5.14it/s]
Animation 13: _MethodAnimation(ValueTracker):  68%|######7   | 122/180 [00:23<00:11,  5.09it/s]
Animation 13: _MethodAnimation(ValueTracker):  68%|######8   | 123/180 [00:23<00:10,  5.19it/s]
Animation 13: _MethodAnimation(ValueTracker):  69%|######8   | 124/180 [00:23<00:10,  5.20it/s]
Animation 13: _MethodAnimation(ValueTracker):  69%|######9   | 125/180 [00:24<00:10,  5.18it/s]
Animation 13: _MethodAnimation(ValueTracker):  70%|#######   | 126/180 [00:24<00:10,  5.18it/s]
Animation 13: _MethodAnimation(ValueTracker):  71%|#######   | 127/180 [00:24<00:10,  5.15it/s]
Animation 13: _MethodAnimation(ValueTracker):  71%|#######1  | 128/180 [00:24<00:10,  5.18it/s]
Animation 13: _MethodAnimation(ValueTracker):  72%|#######1  | 129/180 [00:24<00:09,  5.13it/s]
Animation 13: _MethodAnimation(ValueTracker):  72%|#######2  | 130/180 [00:25<00:09,  5.22it/s]
Animation 13: _MethodAnimation(ValueTracker):  73%|#######2  | 131/180 [00:25<00:09,  5.15it/s]
Animation 13: _MethodAnimation(ValueTracker):  73%|#######3  | 132/180 [00:25<00:09,  5.10it/s]
Animation 13: _MethodAnimation(ValueTracker):  74%|#######3  | 133/180 [00:25<00:09,  5.21it/s]
Animation 13: _MethodAnimation(ValueTracker):  74%|#######4  | 134/180 [00:25<00:08,  5.14it/s]
Animation 13: _MethodAnimation(ValueTracker):  75%|#######5  | 135/180 [00:26<00:08,  5.14it/s]
Animation 13: _MethodAnimation(ValueTracker):  76%|#######5  | 136/180 [00:26<00:08,  5.11it/s]
Animation 13: _MethodAnimation(ValueTracker):  76%|#######6  | 137/180 [00:26<00:08,  5.07it/s]
Animation 13: _MethodAnimation(ValueTracker):  77%|#######6  | 138/180 [00:26<00:08,  5.20it/s]
Animation 13: _MethodAnimation(ValueTracker):  77%|#######7  | 139/180 [00:26<00:07,  5.18it/s]
Animation 13: _MethodAnimation(ValueTracker):  78%|#######7  | 140/180 [00:26<00:07,  5.09it/s]
Animation 13: _MethodAnimation(ValueTracker):  78%|#######8  | 141/180 [00:27<00:07,  5.11it/s]
Animation 13: _MethodAnimation(ValueTracker):  79%|#######8  | 142/180 [00:27<00:07,  5.09it/s]
Animation 13: _MethodAnimation(ValueTracker):  79%|#######9  | 143/180 [00:27<00:07,  5.08it/s]
Animation 13: _MethodAnimation(ValueTracker):  80%|########  | 144/180 [00:27<00:07,  5.03it/s]
Animation 13: _MethodAnimation(ValueTracker):  81%|########  | 145/180 [00:27<00:06,  5.02it/s]
Animation 13: _MethodAnimation(ValueTracker):  81%|########1 | 146/180 [00:28<00:06,  5.14it/s]
Animation 13: _MethodAnimation(ValueTracker):  82%|########1 | 147/180 [00:28<00:06,  5.09it/s]
Animation 13: _MethodAnimation(ValueTracker):  82%|########2 | 148/180 [00:28<00:06,  5.21it/s]
Animation 13: _MethodAnimation(ValueTracker):  83%|########2 | 149/180 [00:28<00:05,  5.28it/s]
Animation 13: _MethodAnimation(ValueTracker):  83%|########3 | 150/180 [00:28<00:05,  5.32it/s]
Animation 13: _MethodAnimation(ValueTracker):  84%|########3 | 151/180 [00:29<00:05,  5.21it/s]
Animation 13: _MethodAnimation(ValueTracker):  84%|########4 | 152/180 [00:29<00:05,  5.10it/s]
Animation 13: _MethodAnimation(ValueTracker):  85%|########5 | 153/180 [00:29<00:05,  5.07it/s]
Animation 13: _MethodAnimation(ValueTracker):  86%|########5 | 154/180 [00:29<00:05,  5.11it/s]
Animation 13: _MethodAnimation(ValueTracker):  86%|########6 | 155/180 [00:29<00:04,  5.11it/s]
Animation 13: _MethodAnimation(ValueTracker):  87%|########6 | 156/180 [00:30<00:04,  5.12it/s]
Animation 13: _MethodAnimation(ValueTracker):  87%|########7 | 157/180 [00:30<00:04,  5.16it/s]
Animation 13: _MethodAnimation(ValueTracker):  88%|########7 | 158/180 [00:30<00:04,  5.15it/s]
Animation 13: _MethodAnimation(ValueTracker):  88%|########8 | 159/180 [00:30<00:03,  5.31it/s]
Animation 13: _MethodAnimation(ValueTracker):  89%|########8 | 160/180 [00:30<00:03,  5.21it/s]
Animation 13: _MethodAnimation(ValueTracker):  89%|########9 | 161/180 [00:31<00:03,  5.15it/s]
Animation 13: _MethodAnimation(ValueTracker):  90%|######### | 162/180 [00:31<00:03,  5.10it/s]
Animation 13: _MethodAnimation(ValueTracker):  91%|######### | 163/180 [00:31<00:03,  5.07it/s]
Animation 13: _MethodAnimation(ValueTracker):  91%|#########1| 164/180 [00:31<00:03,  4.92it/s]
Animation 13: _MethodAnimation(ValueTracker):  92%|#########1| 165/180 [00:31<00:03,  4.86it/s]
Animation 13: _MethodAnimation(ValueTracker):  92%|#########2| 166/180 [00:32<00:02,  4.99it/s]
Animation 13: _MethodAnimation(ValueTracker):  93%|#########2| 167/180 [00:32<00:02,  4.99it/s]
Animation 13: _MethodAnimation(ValueTracker):  93%|#########3| 168/180 [00:32<00:02,  5.00it/s]
Animation 13: _MethodAnimation(ValueTracker):  94%|#########3| 169/180 [00:32<00:02,  5.13it/s]
Animation 13: _MethodAnimation(ValueTracker):  94%|#########4| 170/180 [00:32<00:01,  5.07it/s]
Animation 13: _MethodAnimation(ValueTracker):  95%|#########5| 171/180 [00:33<00:01,  5.13it/s]
Animation 13: _MethodAnimation(ValueTracker):  96%|#########5| 172/180 [00:33<00:01,  5.11it/s]
Animation 13: _MethodAnimation(ValueTracker):  96%|#########6| 173/180 [00:33<00:01,  5.07it/s]
Animation 13: _MethodAnimation(ValueTracker):  97%|#########6| 174/180 [00:33<00:01,  5.10it/s]
Animation 13: _MethodAnimation(ValueTracker):  97%|#########7| 175/180 [00:33<00:00,  5.16it/s]
Animation 13: _MethodAnimation(ValueTracker):  98%|#########7| 176/180 [00:34<00:00,  5.17it/s]
Animation 13: _MethodAnimation(ValueTracker):  98%|#########8| 177/180 [00:34<00:00,  5.24it/s]
Animation 13: _MethodAnimation(ValueTracker):  99%|#########8| 178/180 [00:34<00:00,  5.22it/s]
Animation 13: _MethodAnimation(ValueTracker):  99%|#########9| 179/180 [00:34<00:00,  5.23it/s]
Animation 13: _MethodAnimation(ValueTracker): 100%|##########| 180/180 [00:34<00:00,  5.16it/s]
[09/08/26 20:28:56] INFO     Animation 13 : Partial    scene_file_writer.py:192
                             movie file written in                             
                             'C:\Users\Nacho\Documents                         
                             \Animaciones\Capitulo                             
                             11\media\videos\s03_duali                         
                             dad\1080p60\partial_movie                         
                             _files\Dualidad\293244094                         
                             9_1519652146_2704592902.m                         
                             p4'                                               
                                                                                               

Animation 14: FadeIn(Text('memoria corta: se descorrelaciona enseguida')):   0%|          | 0/60 [00:00<?, ?it/s]
Animation 14: FadeIn(Text('memoria corta: se descorrelaciona enseguida')):   2%|1         | 1/60 [00:00<00:10,  
5.48it/s]
Animation 14: FadeIn(Text('memoria corta: se descorrelaciona enseguida')):   3%|3         | 2/60 [00:00<00:10,  
5.45it/s]
Animation 14: FadeIn(Text('memoria corta: se descorrelaciona enseguida')):   5%|5         | 3/60 [00:00<00:11,  
5.15it/s]
Animation 14: FadeIn(Text('memoria corta: se descorrelaciona enseguida')):   7%|6         | 4/60 [00:00<00:10,  
5.24it/s]
Animation 14: FadeIn(Text('memoria corta: se descorrelaciona enseguida')):   8%|8         | 5/60 [00:00<00:10,  
5.25it/s]
Animation 14: FadeIn(Text('memoria corta: se descorrelaciona enseguida')):  10%|#         | 6/60 [00:01<00:10,  
5.06it/s]
Animation 14: FadeIn(Text('memoria corta: se descorrelaciona enseguida')):  12%|#1        | 7/60 [00:01<00:10,  
5.13it/s]
Animation 14: FadeIn(Text('memoria corta: se descorrelaciona enseguida')):  13%|#3        | 8/60 [00:01<00:09,  
5.23it/s]
Animation 14: FadeIn(Text('memoria corta: se descorrelaciona enseguida')):  15%|#5        | 9/60 [00:01<00:09,  
5.16it/s]
Animation 14: FadeIn(Text('memoria corta: se descorrelaciona enseguida')):  17%|#6        | 10/60 [00:01<00:09,  
5.19it/s]
Animation 14: FadeIn(Text('memoria corta: se descorrelaciona enseguida')):  18%|#8        | 11/60 [00:02<00:09,  
5.29it/s]
Animation 14: FadeIn(Text('memoria corta: se descorrelaciona enseguida')):  20%|##        | 12/60 [00:02<00:09,  
5.23it/s]
Animation 14: FadeIn(Text('memoria corta: se descorrelaciona enseguida')):  22%|##1       | 13/60 [00:02<00:09,  
5.16it/s]
Animation 14: FadeIn(Text('memoria corta: se descorrelaciona enseguida')):  23%|##3       | 14/60 [00:02<00:09,  
5.11it/s]
Animation 14: FadeIn(Text('memoria corta: se descorrelaciona enseguida')):  25%|##5       | 15/60 [00:02<00:08,  
5.08it/s]
Animation 14: FadeIn(Text('memoria corta: se descorrelaciona enseguida')):  27%|##6       | 16/60 [00:03<00:08,  
5.16it/s]
Animation 14: FadeIn(Text('memoria corta: se descorrelaciona enseguida')):  28%|##8       | 17/60 [00:03<00:08,  
5.14it/s]
Animation 14: FadeIn(Text('memoria corta: se descorrelaciona enseguida')):  30%|###       | 18/60 [00:03<00:08,  
5.10it/s]
Animation 14: FadeIn(Text('memoria corta: se descorrelaciona enseguida')):  32%|###1      | 19/60 [00:03<00:08,  
5.07it/s]
Animation 14: FadeIn(Text('memoria corta: se descorrelaciona enseguida')):  33%|###3      | 20/60 [00:03<00:07,  
5.07it/s]
Animation 14: FadeIn(Text('memoria corta: se descorrelaciona enseguida')):  35%|###5      | 21/60 [00:04<00:07,  
5.07it/s]
Animation 14: FadeIn(Text('memoria corta: se descorrelaciona enseguida')):  37%|###6      | 22/60 [00:04<00:07,  
5.07it/s]
Animation 14: FadeIn(Text('memoria corta: se descorrelaciona enseguida')):  38%|###8      | 23/60 [00:04<00:07,  
5.24it/s]
Animation 14: FadeIn(Text('memoria corta: se descorrelaciona enseguida')):  40%|####      | 24/60 [00:04<00:06,  
5.17it/s]
Animation 14: FadeIn(Text('memoria corta: se descorrelaciona enseguida')):  42%|####1     | 25/60 [00:04<00:06,  
5.25it/s]
Animation 14: FadeIn(Text('memoria corta: se descorrelaciona enseguida')):  43%|####3     | 26/60 [00:05<00:06,  
5.17it/s]
Animation 14: FadeIn(Text('memoria corta: se descorrelaciona enseguida')):  45%|####5     | 27/60 [00:05<00:06,  
5.25it/s]
Animation 14: FadeIn(Text('memoria corta: se descorrelaciona enseguida')):  47%|####6     | 28/60 [00:05<00:06,  
5.19it/s]
Animation 14: FadeIn(Text('memoria corta: se descorrelaciona enseguida')):  48%|####8     | 29/60 [00:05<00:05,  
5.25it/s]
Animation 14: FadeIn(Text('memoria corta: se descorrelaciona enseguida')):  50%|#####     | 30/60 [00:05<00:05,  
5.29it/s]
Animation 14: FadeIn(Text('memoria corta: se descorrelaciona enseguida')):  52%|#####1    | 31/60 [00:05<00:05,  
5.36it/s]
Animation 14: FadeIn(Text('memoria corta: se descorrelaciona enseguida')):  53%|#####3    | 32/60 [00:06<00:05,  
5.22it/s]
Animation 14: FadeIn(Text('memoria corta: se descorrelaciona enseguida')):  55%|#####5    | 33/60 [00:06<00:05,  
5.13it/s]
Animation 14: FadeIn(Text('memoria corta: se descorrelaciona enseguida')):  57%|#####6    | 34/60 [00:06<00:05,  
5.18it/s]
Animation 14: FadeIn(Text('memoria corta: se descorrelaciona enseguida')):  58%|#####8    | 35/60 [00:06<00:04,  
5.18it/s]
Animation 14: FadeIn(Text('memoria corta: se descorrelaciona enseguida')):  60%|######    | 36/60 [00:06<00:04,  
5.16it/s]
Animation 14: FadeIn(Text('memoria corta: se descorrelaciona enseguida')):  62%|######1   | 37/60 [00:07<00:04,  
5.16it/s]
Animation 14: FadeIn(Text('memoria corta: se descorrelaciona enseguida')):  63%|######3   | 38/60 [00:07<00:04,  
5.06it/s]
Animation 14: FadeIn(Text('memoria corta: se descorrelaciona enseguida')):  65%|######5   | 39/60 [00:07<00:04,  
5.17it/s]
Animation 14: FadeIn(Text('memoria corta: se descorrelaciona enseguida')):  67%|######6   | 40/60 [00:07<00:03,  
5.12it/s]
Animation 14: FadeIn(Text('memoria corta: se descorrelaciona enseguida')):  68%|######8   | 41/60 [00:07<00:03,  
5.08it/s]
Animation 14: FadeIn(Text('memoria corta: se descorrelaciona enseguida')):  70%|#######   | 42/60 [00:08<00:03,  
5.19it/s]
Animation 14: FadeIn(Text('memoria corta: se descorrelaciona enseguida')):  72%|#######1  | 43/60 [00:08<00:03,  
5.13it/s]
Animation 14: FadeIn(Text('memoria corta: se descorrelaciona enseguida')):  73%|#######3  | 44/60 [00:08<00:03,  
5.09it/s]
Animation 14: FadeIn(Text('memoria corta: se descorrelaciona enseguida')):  75%|#######5  | 45/60 [00:08<00:02,  
5.06it/s]
Animation 14: FadeIn(Text('memoria corta: se descorrelaciona enseguida')):  77%|#######6  | 46/60 [00:08<00:02,  
5.03it/s]
Animation 14: FadeIn(Text('memoria corta: se descorrelaciona enseguida')):  78%|#######8  | 47/60 [00:09<00:02,  
5.03it/s]
Animation 14: FadeIn(Text('memoria corta: se descorrelaciona enseguida')):  80%|########  | 48/60 [00:09<00:02,  
5.02it/s]
Animation 14: FadeIn(Text('memoria corta: se descorrelaciona enseguida')):  82%|########1 | 49/60 [00:09<00:02,  
5.04it/s]
Animation 14: FadeIn(Text('memoria corta: se descorrelaciona enseguida')):  83%|########3 | 50/60 [00:09<00:01,  
5.11it/s]
Animation 14: FadeIn(Text('memoria corta: se descorrelaciona enseguida')):  85%|########5 | 51/60 [00:09<00:01,  
5.13it/s]
Animation 14: FadeIn(Text('memoria corta: se descorrelaciona enseguida')):  87%|########6 | 52/60 [00:10<00:01,  
5.10it/s]
Animation 14: FadeIn(Text('memoria corta: se descorrelaciona enseguida')):  88%|########8 | 53/60 [00:10<00:01,  
5.07it/s]
Animation 14: FadeIn(Text('memoria corta: se descorrelaciona enseguida')):  90%|######### | 54/60 [00:10<00:01,  
5.14it/s]
Animation 14: FadeIn(Text('memoria corta: se descorrelaciona enseguida')):  92%|#########1| 55/60 [00:10<00:00,  
5.23it/s]
Animation 14: FadeIn(Text('memoria corta: se descorrelaciona enseguida')):  93%|#########3| 56/60 [00:10<00:00,  
5.16it/s]
Animation 14: FadeIn(Text('memoria corta: se descorrelaciona enseguida')):  95%|#########5| 57/60 [00:11<00:00,  
5.11it/s]
Animation 14: FadeIn(Text('memoria corta: se descorrelaciona enseguida')):  97%|#########6| 58/60 [00:11<00:00,  
5.08it/s]
Animation 14: FadeIn(Text('memoria corta: se descorrelaciona enseguida')):  98%|#########8| 59/60 [00:11<00:00,  
5.06it/s]
Animation 14: FadeIn(Text('memoria corta: se descorrelaciona enseguida')): 100%|##########| 60/60 [00:11<00:00,  
5.17it/s]
[09/08/26 20:29:09] INFO     Animation 14 : Partial    scene_file_writer.py:192
                             movie file written in                             
                             'C:\Users\Nacho\Documents                         
                             \Animaciones\Capitulo                             
                             11\media\videos\s03_duali                         
                             dad\1080p60\partial_movie                         
                             _files\Dualidad\293244094                         
                             9_3340159561_1470513463.m                         
                             p4'                                               
[09/08/26 20:29:10] INFO     Animation 15 : Partial    scene_file_writer.py:192
                             movie file written in                             
                             'C:\Users\Nacho\Documents                         
                             \Animaciones\Capitulo                             
                             11\media\videos\s03_duali                         
                             dad\1080p60\partial_movie                         
                             _files\Dualidad\293244094                         
                             9_170846798_2841280786.mp                         
                             4'                                                
                                                                                                                       
   

Animation 16: FadeOut(Text('memoria corta: se descorrelaciona enseguida')):   0%|          | 0/60 [00:00<?, ?it/s]
Animation 16: FadeOut(Text('memoria corta: se descorrelaciona enseguida')):   2%|1         | 1/60 [00:00<00:11,  
5.24it/s]
Animation 16: FadeOut(Text('memoria corta: se descorrelaciona enseguida')):   3%|3         | 2/60 [00:00<00:11,  
5.21it/s]
Animation 16: FadeOut(Text('memoria corta: se descorrelaciona enseguida')):   5%|5         | 3/60 [00:00<00:10,  
5.44it/s]
Animation 16: FadeOut(Text('memoria corta: se descorrelaciona enseguida')):   7%|6         | 4/60 [00:00<00:10,  
5.22it/s]
Animation 16: FadeOut(Text('memoria corta: se descorrelaciona enseguida')):   8%|8         | 5/60 [00:00<00:10,  
5.17it/s]
Animation 16: FadeOut(Text('memoria corta: se descorrelaciona enseguida')):  10%|#         | 6/60 [00:01<00:10,  
5.27it/s]
Animation 16: FadeOut(Text('memoria corta: se descorrelaciona enseguida')):  12%|#1        | 7/60 [00:01<00:10,  
5.18it/s]
Animation 16: FadeOut(Text('memoria corta: se descorrelaciona enseguida')):  13%|#3        | 8/60 [00:01<00:09,  
5.26it/s]
Animation 16: FadeOut(Text('memoria corta: se descorrelaciona enseguida')):  15%|#5        | 9/60 [00:01<00:09,  
5.18it/s]
Animation 16: FadeOut(Text('memoria corta: se descorrelaciona enseguida')):  17%|#6        | 10/60 [00:01<00:09,  
5.23it/s]
Animation 16: FadeOut(Text('memoria corta: se descorrelaciona enseguida')):  18%|#8        | 11/60 [00:02<00:09,  
5.16it/s]
Animation 16: FadeOut(Text('memoria corta: se descorrelaciona enseguida')):  20%|##        | 12/60 [00:02<00:09,  
5.14it/s]
Animation 16: FadeOut(Text('memoria corta: se descorrelaciona enseguida')):  22%|##1       | 13/60 [00:02<00:09,  
5.07it/s]
Animation 16: FadeOut(Text('memoria corta: se descorrelaciona enseguida')):  23%|##3       | 14/60 [00:02<00:09,  
5.08it/s]
Animation 16: FadeOut(Text('memoria corta: se descorrelaciona enseguida')):  25%|##5       | 15/60 [00:02<00:08,  
5.07it/s]
Animation 16: FadeOut(Text('memoria corta: se descorrelaciona enseguida')):  27%|##6       | 16/60 [00:03<00:08,  
5.12it/s]
Animation 16: FadeOut(Text('memoria corta: se descorrelaciona enseguida')):  28%|##8       | 17/60 [00:03<00:08,  
5.12it/s]
Animation 16: FadeOut(Text('memoria corta: se descorrelaciona enseguida')):  30%|###       | 18/60 [00:03<00:08,  
5.08it/s]
Animation 16: FadeOut(Text('memoria corta: se descorrelaciona enseguida')):  32%|###1      | 19/60 [00:03<00:07,  
5.19it/s]
Animation 16: FadeOut(Text('memoria corta: se descorrelaciona enseguida')):  33%|###3      | 20/60 [00:03<00:07,  
5.13it/s]
Animation 16: FadeOut(Text('memoria corta: se descorrelaciona enseguida')):  35%|###5      | 21/60 [00:04<00:07,  
5.22it/s]
Animation 16: FadeOut(Text('memoria corta: se descorrelaciona enseguida')):  37%|###6      | 22/60 [00:04<00:07,  
5.12it/s]
Animation 16: FadeOut(Text('memoria corta: se descorrelaciona enseguida')):  38%|###8      | 23/60 [00:04<00:07,  
5.12it/s]
Animation 16: FadeOut(Text('memoria corta: se descorrelaciona enseguida')):  40%|####      | 24/60 [00:04<00:06,  
5.21it/s]
Animation 16: FadeOut(Text('memoria corta: se descorrelaciona enseguida')):  42%|####1     | 25/60 [00:04<00:06,  
5.15it/s]
Animation 16: FadeOut(Text('memoria corta: se descorrelaciona enseguida')):  43%|####3     | 26/60 [00:05<00:06,  
5.10it/s]
Animation 16: FadeOut(Text('memoria corta: se descorrelaciona enseguida')):  45%|####5     | 27/60 [00:05<00:06,  
5.20it/s]
Animation 16: FadeOut(Text('memoria corta: se descorrelaciona enseguida')):  47%|####6     | 28/60 [00:05<00:06,  
5.21it/s]
Animation 16: FadeOut(Text('memoria corta: se descorrelaciona enseguida')):  48%|####8     | 29/60 [00:05<00:05,  
5.21it/s]
Animation 16: FadeOut(Text('memoria corta: se descorrelaciona enseguida')):  50%|#####     | 30/60 [00:05<00:05,  
5.16it/s]
Animation 16: FadeOut(Text('memoria corta: se descorrelaciona enseguida')):  52%|#####1    | 31/60 [00:05<00:05,  
5.27it/s]
Animation 16: FadeOut(Text('memoria corta: se descorrelaciona enseguida')):  53%|#####3    | 32/60 [00:06<00:05,  
5.18it/s]
Animation 16: FadeOut(Text('memoria corta: se descorrelaciona enseguida')):  55%|#####5    | 33/60 [00:06<00:05,  
5.09it/s]
Animation 16: FadeOut(Text('memoria corta: se descorrelaciona enseguida')):  57%|#####6    | 34/60 [00:06<00:05,  
5.20it/s]
Animation 16: FadeOut(Text('memoria corta: se descorrelaciona enseguida')):  58%|#####8    | 35/60 [00:06<00:04,  
5.15it/s]
Animation 16: FadeOut(Text('memoria corta: se descorrelaciona enseguida')):  60%|######    | 36/60 [00:06<00:04,  
5.19it/s]
Animation 16: FadeOut(Text('memoria corta: se descorrelaciona enseguida')):  62%|######1   | 37/60 [00:07<00:04,  
5.30it/s]
Animation 16: FadeOut(Text('memoria corta: se descorrelaciona enseguida')):  63%|######3   | 38/60 [00:07<00:04,  
5.21it/s]
Animation 16: FadeOut(Text('memoria corta: se descorrelaciona enseguida')):  65%|######5   | 39/60 [00:07<00:04,  
5.14it/s]
Animation 16: FadeOut(Text('memoria corta: se descorrelaciona enseguida')):  67%|######6   | 40/60 [00:07<00:03,  
5.10it/s]
Animation 16: FadeOut(Text('memoria corta: se descorrelaciona enseguida')):  68%|######8   | 41/60 [00:07<00:03,  
5.07it/s]
Animation 16: FadeOut(Text('memoria corta: se descorrelaciona enseguida')):  70%|#######   | 42/60 [00:08<00:03,  
5.18it/s]
Animation 16: FadeOut(Text('memoria corta: se descorrelaciona enseguida')):  72%|#######1  | 43/60 [00:08<00:03,  
4.96it/s]
Animation 16: FadeOut(Text('memoria corta: se descorrelaciona enseguida')):  73%|#######3  | 44/60 [00:08<00:03,  
4.97it/s]
Animation 16: FadeOut(Text('memoria corta: se descorrelaciona enseguida')):  75%|#######5  | 45/60 [00:08<00:02,  
5.02it/s]
Animation 16: FadeOut(Text('memoria corta: se descorrelaciona enseguida')):  77%|#######6  | 46/60 [00:08<00:02,  
4.91it/s]
Animation 16: FadeOut(Text('memoria corta: se descorrelaciona enseguida')):  78%|#######8  | 47/60 [00:09<00:02,  
4.97it/s]
Animation 16: FadeOut(Text('memoria corta: se descorrelaciona enseguida')):  80%|########  | 48/60 [00:09<00:02,  
4.93it/s]
Animation 16: FadeOut(Text('memoria corta: se descorrelaciona enseguida')):  82%|########1 | 49/60 [00:09<00:02,  
4.95it/s]
Animation 16: FadeOut(Text('memoria corta: se descorrelaciona enseguida')):  83%|########3 | 50/60 [00:09<00:02,  
4.96it/s]
Animation 16: FadeOut(Text('memoria corta: se descorrelaciona enseguida')):  85%|########5 | 51/60 [00:09<00:01,  
4.98it/s]
Animation 16: FadeOut(Text('memoria corta: se descorrelaciona enseguida')):  87%|########6 | 52/60 [00:10<00:01,  
5.11it/s]
Animation 16: FadeOut(Text('memoria corta: se descorrelaciona enseguida')):  88%|########8 | 53/60 [00:10<00:01,  
4.96it/s]
Animation 16: FadeOut(Text('memoria corta: se descorrelaciona enseguida')):  90%|######### | 54/60 [00:10<00:01,  
5.09it/s]
Animation 16: FadeOut(Text('memoria corta: se descorrelaciona enseguida')):  92%|#########1| 55/60 [00:10<00:01,  
4.95it/s]
Animation 16: FadeOut(Text('memoria corta: se descorrelaciona enseguida')):  93%|#########3| 56/60 [00:10<00:00,  
5.08it/s]
Animation 16: FadeOut(Text('memoria corta: se descorrelaciona enseguida')):  95%|#########5| 57/60 [00:11<00:00,  
5.05it/s]
Animation 16: FadeOut(Text('memoria corta: se descorrelaciona enseguida')):  97%|#########6| 58/60 [00:11<00:00,  
5.04it/s]
Animation 16: FadeOut(Text('memoria corta: se descorrelaciona enseguida')):  98%|#########8| 59/60 [00:11<00:00,  
5.00it/s]
Animation 16: FadeOut(Text('memoria corta: se descorrelaciona enseguida')): 100%|##########| 60/60 [00:11<00:00,  
5.02it/s]
[09/08/26 20:29:22] INFO     Animation 16 : Partial    scene_file_writer.py:192
                             movie file written in                             
                             'C:\Users\Nacho\Documents                         
                             \Animaciones\Capitulo                             
                             11\media\videos\s03_duali                         
                             dad\1080p60\partial_movie                         
                             _files\Dualidad\293244094                         
                             9_35828359_3770578880.mp4                         
                             '                                                 
                                                                                                                       
    

Animation 17: _MethodAnimation(ValueTracker):   0%|          | 0/120 [00:00<?, ?it/s]
Animation 17: _MethodAnimation(ValueTracker):   1%|          | 1/120 [00:00<00:22,  5.26it/s]
Animation 17: _MethodAnimation(ValueTracker):   2%|1         | 2/120 [00:00<00:21,  5.37it/s]
Animation 17: _MethodAnimation(ValueTracker):   2%|2         | 3/120 [00:00<00:21,  5.41it/s]
Animation 17: _MethodAnimation(ValueTracker):   3%|3         | 4/120 [00:00<00:21,  5.43it/s]
Animation 17: _MethodAnimation(ValueTracker):   4%|4         | 5/120 [00:00<00:22,  5.10it/s]
Animation 17: _MethodAnimation(ValueTracker):   5%|5         | 6/120 [00:01<00:21,  5.22it/s]
Animation 17: _MethodAnimation(ValueTracker):   6%|5         | 7/120 [00:01<00:21,  5.14it/s]
Animation 17: _MethodAnimation(ValueTracker):   7%|6         | 8/120 [00:01<00:21,  5.16it/s]
Animation 17: _MethodAnimation(ValueTracker):   8%|7         | 9/120 [00:01<00:21,  5.18it/s]
Animation 17: _MethodAnimation(ValueTracker):   8%|8         | 10/120 [00:01<00:21,  5.23it/s]
Animation 17: _MethodAnimation(ValueTracker):   9%|9         | 11/120 [00:02<00:21,  5.15it/s]
Animation 17: _MethodAnimation(ValueTracker):  10%|#         | 12/120 [00:02<00:21,  5.11it/s]
Animation 17: _MethodAnimation(ValueTracker):  11%|#         | 13/120 [00:02<00:20,  5.24it/s]
Animation 17: _MethodAnimation(ValueTracker):  12%|#1        | 14/120 [00:02<00:20,  5.24it/s]
Animation 17: _MethodAnimation(ValueTracker):  12%|#2        | 15/120 [00:02<00:20,  5.24it/s]
Animation 17: _MethodAnimation(ValueTracker):  13%|#3        | 16/120 [00:03<00:19,  5.33it/s]
Animation 17: _MethodAnimation(ValueTracker):  14%|#4        | 17/120 [00:03<00:19,  5.33it/s]
Animation 17: _MethodAnimation(ValueTracker):  15%|#5        | 18/120 [00:03<00:19,  5.37it/s]
Animation 17: _MethodAnimation(ValueTracker):  16%|#5        | 19/120 [00:03<00:19,  5.26it/s]
Animation 17: _MethodAnimation(ValueTracker):  17%|#6        | 20/120 [00:03<00:18,  5.32it/s]
Animation 17: _MethodAnimation(ValueTracker):  18%|#7        | 21/120 [00:03<00:18,  5.35it/s]
Animation 17: _MethodAnimation(ValueTracker):  18%|#8        | 22/120 [00:04<00:18,  5.24it/s]
Animation 17: _MethodAnimation(ValueTracker):  19%|#9        | 23/120 [00:04<00:18,  5.16it/s]
Animation 17: _MethodAnimation(ValueTracker):  20%|##        | 24/120 [00:04<00:18,  5.25it/s]
Animation 17: _MethodAnimation(ValueTracker):  21%|##        | 25/120 [00:04<00:17,  5.31it/s]
Animation 17: _MethodAnimation(ValueTracker):  22%|##1       | 26/120 [00:04<00:17,  5.35it/s]
Animation 17: _MethodAnimation(ValueTracker):  22%|##2       | 27/120 [00:05<00:17,  5.24it/s]
Animation 17: _MethodAnimation(ValueTracker):  23%|##3       | 28/120 [00:05<00:17,  5.14it/s]
Animation 17: _MethodAnimation(ValueTracker):  24%|##4       | 29/120 [00:05<00:17,  5.19it/s]
Animation 17: _MethodAnimation(ValueTracker):  25%|##5       | 30/120 [00:05<00:17,  5.17it/s]
Animation 17: _MethodAnimation(ValueTracker):  26%|##5       | 31/120 [00:05<00:17,  5.11it/s]
Animation 17: _MethodAnimation(ValueTracker):  27%|##6       | 32/120 [00:06<00:16,  5.24it/s]
Animation 17: _MethodAnimation(ValueTracker):  28%|##7       | 33/120 [00:06<00:16,  5.30it/s]
Animation 17: _MethodAnimation(ValueTracker):  28%|##8       | 34/120 [00:06<00:16,  5.35it/s]
Animation 17: _MethodAnimation(ValueTracker):  29%|##9       | 35/120 [00:06<00:16,  5.24it/s]
Animation 17: _MethodAnimation(ValueTracker):  30%|###       | 36/120 [00:06<00:15,  5.30it/s]
Animation 17: _MethodAnimation(ValueTracker):  31%|###       | 37/120 [00:07<00:15,  5.21it/s]
Animation 17: _MethodAnimation(ValueTracker):  32%|###1      | 38/120 [00:07<00:15,  5.28it/s]
Animation 17: _MethodAnimation(ValueTracker):  32%|###2      | 39/120 [00:07<00:15,  5.19it/s]
Animation 17: _MethodAnimation(ValueTracker):  33%|###3      | 40/120 [00:07<00:15,  5.13it/s]
Animation 17: _MethodAnimation(ValueTracker):  34%|###4      | 41/120 [00:07<00:15,  5.15it/s]
Animation 17: _MethodAnimation(ValueTracker):  35%|###5      | 42/120 [00:08<00:15,  5.03it/s]
Animation 17: _MethodAnimation(ValueTracker):  36%|###5      | 43/120 [00:08<00:15,  4.92it/s]
Animation 17: _MethodAnimation(ValueTracker):  37%|###6      | 44/120 [00:08<00:15,  4.96it/s]
Animation 17: _MethodAnimation(ValueTracker):  38%|###7      | 45/120 [00:08<00:15,  4.90it/s]
Animation 17: _MethodAnimation(ValueTracker):  38%|###8      | 46/120 [00:08<00:14,  5.03it/s]
Animation 17: _MethodAnimation(ValueTracker):  39%|###9      | 47/120 [00:09<00:14,  5.00it/s]
Animation 17: _MethodAnimation(ValueTracker):  40%|####      | 48/120 [00:09<00:14,  4.97it/s]
Animation 17: _MethodAnimation(ValueTracker):  41%|####      | 49/120 [00:09<00:14,  5.03it/s]
Animation 17: _MethodAnimation(ValueTracker):  42%|####1     | 50/120 [00:09<00:13,  5.10it/s]
Animation 17: _MethodAnimation(ValueTracker):  42%|####2     | 51/120 [00:09<00:13,  5.11it/s]
Animation 17: _MethodAnimation(ValueTracker):  43%|####3     | 52/120 [00:10<00:13,  5.14it/s]
Animation 17: _MethodAnimation(ValueTracker):  44%|####4     | 53/120 [00:10<00:13,  5.12it/s]
Animation 17: _MethodAnimation(ValueTracker):  45%|####5     | 54/120 [00:10<00:12,  5.22it/s]
Animation 17: _MethodAnimation(ValueTracker):  46%|####5     | 55/120 [00:10<00:12,  5.15it/s]
Animation 17: _MethodAnimation(ValueTracker):  47%|####6     | 56/120 [00:10<00:12,  5.10it/s]
Animation 17: _MethodAnimation(ValueTracker):  48%|####7     | 57/120 [00:11<00:12,  5.07it/s]
Animation 17: _MethodAnimation(ValueTracker):  48%|####8     | 58/120 [00:11<00:11,  5.18it/s]
Animation 17: _MethodAnimation(ValueTracker):  49%|####9     | 59/120 [00:11<00:11,  5.10it/s]
Animation 17: _MethodAnimation(ValueTracker):  50%|#####     | 60/120 [00:11<00:12,  4.94it/s]
Animation 17: _MethodAnimation(ValueTracker):  51%|#####     | 61/120 [00:11<00:11,  4.98it/s]
Animation 17: _MethodAnimation(ValueTracker):  52%|#####1    | 62/120 [00:12<00:11,  5.03it/s]
Animation 17: _MethodAnimation(ValueTracker):  52%|#####2    | 63/120 [00:12<00:11,  5.11it/s]
Animation 17: _MethodAnimation(ValueTracker):  53%|#####3    | 64/120 [00:12<00:11,  5.08it/s]
Animation 17: _MethodAnimation(ValueTracker):  54%|#####4    | 65/120 [00:12<00:10,  5.18it/s]
Animation 17: _MethodAnimation(ValueTracker):  55%|#####5    | 66/120 [00:12<00:10,  5.13it/s]
Animation 17: _MethodAnimation(ValueTracker):  56%|#####5    | 67/120 [00:12<00:10,  5.19it/s]
Animation 17: _MethodAnimation(ValueTracker):  57%|#####6    | 68/120 [00:13<00:10,  5.12it/s]
Animation 17: _MethodAnimation(ValueTracker):  57%|#####7    | 69/120 [00:13<00:09,  5.26it/s]
Animation 17: _MethodAnimation(ValueTracker):  58%|#####8    | 70/120 [00:13<00:09,  5.18it/s]
Animation 17: _MethodAnimation(ValueTracker):  59%|#####9    | 71/120 [00:13<00:09,  5.26it/s]
Animation 17: _MethodAnimation(ValueTracker):  60%|######    | 72/120 [00:13<00:09,  5.18it/s]
Animation 17: _MethodAnimation(ValueTracker):  61%|######    | 73/120 [00:14<00:08,  5.26it/s]
Animation 17: _MethodAnimation(ValueTracker):  62%|######1   | 74/120 [00:14<00:08,  5.20it/s]
Animation 17: _MethodAnimation(ValueTracker):  62%|######2   | 75/120 [00:14<00:08,  5.18it/s]
Animation 17: _MethodAnimation(ValueTracker):  63%|######3   | 76/120 [00:14<00:08,  5.14it/s]
Animation 17: _MethodAnimation(ValueTracker):  64%|######4   | 77/120 [00:14<00:08,  5.16it/s]
Animation 17: _MethodAnimation(ValueTracker):  65%|######5   | 78/120 [00:15<00:08,  5.15it/s]
Animation 17: _MethodAnimation(ValueTracker):  66%|######5   | 79/120 [00:15<00:07,  5.16it/s]
Animation 17: _MethodAnimation(ValueTracker):  67%|######6   | 80/120 [00:15<00:07,  5.11it/s]
Animation 17: _MethodAnimation(ValueTracker):  68%|######7   | 81/120 [00:15<00:07,  5.07it/s]
Animation 17: _MethodAnimation(ValueTracker):  68%|######8   | 82/120 [00:15<00:07,  5.04it/s]
Animation 17: _MethodAnimation(ValueTracker):  69%|######9   | 83/120 [00:16<00:07,  5.15it/s]
Animation 17: _MethodAnimation(ValueTracker):  70%|#######   | 84/120 [00:16<00:06,  5.17it/s]
Animation 17: _MethodAnimation(ValueTracker):  71%|#######   | 85/120 [00:16<00:06,  5.23it/s]
Animation 17: _MethodAnimation(ValueTracker):  72%|#######1  | 86/120 [00:16<00:06,  5.16it/s]
Animation 17: _MethodAnimation(ValueTracker):  72%|#######2  | 87/120 [00:16<00:06,  5.11it/s]
Animation 17: _MethodAnimation(ValueTracker):  73%|#######3  | 88/120 [00:17<00:06,  5.08it/s]
Animation 17: _MethodAnimation(ValueTracker):  74%|#######4  | 89/120 [00:17<00:06,  5.09it/s]
Animation 17: _MethodAnimation(ValueTracker):  75%|#######5  | 90/120 [00:17<00:05,  5.08it/s]
Animation 17: _MethodAnimation(ValueTracker):  76%|#######5  | 91/120 [00:17<00:05,  5.07it/s]
Animation 17: _MethodAnimation(ValueTracker):  77%|#######6  | 92/120 [00:17<00:05,  5.08it/s]
Animation 17: _MethodAnimation(ValueTracker):  78%|#######7  | 93/120 [00:18<00:05,  5.11it/s]
Animation 17: _MethodAnimation(ValueTracker):  78%|#######8  | 94/120 [00:18<00:05,  5.18it/s]
Animation 17: _MethodAnimation(ValueTracker):  79%|#######9  | 95/120 [00:18<00:04,  5.12it/s]
Animation 17: _MethodAnimation(ValueTracker):  80%|########  | 96/120 [00:18<00:04,  5.09it/s]
Animation 17: _MethodAnimation(ValueTracker):  81%|########  | 97/120 [00:18<00:04,  5.19it/s]
Animation 17: _MethodAnimation(ValueTracker):  82%|########1 | 98/120 [00:18<00:04,  5.13it/s]
Animation 17: _MethodAnimation(ValueTracker):  82%|########2 | 99/120 [00:19<00:04,  5.10it/s]
Animation 17: _MethodAnimation(ValueTracker):  83%|########3 | 100/120 [00:19<00:03,  5.19it/s]
Animation 17: _MethodAnimation(ValueTracker):  84%|########4 | 101/120 [00:19<00:03,  5.13it/s]
Animation 17: _MethodAnimation(ValueTracker):  85%|########5 | 102/120 [00:19<00:03,  5.09it/s]
Animation 17: _MethodAnimation(ValueTracker):  86%|########5 | 103/120 [00:19<00:03,  5.06it/s]
Animation 17: _MethodAnimation(ValueTracker):  87%|########6 | 104/120 [00:20<00:03,  4.99it/s]
Animation 17: _MethodAnimation(ValueTracker):  88%|########7 | 105/120 [00:20<00:03,  4.96it/s]
Animation 17: _MethodAnimation(ValueTracker):  88%|########8 | 106/120 [00:20<00:02,  4.95it/s]
Animation 17: _MethodAnimation(ValueTracker):  89%|########9 | 107/120 [00:20<00:02,  5.01it/s]
Animation 17: _MethodAnimation(ValueTracker):  90%|######### | 108/120 [00:20<00:02,  5.03it/s]
Animation 17: _MethodAnimation(ValueTracker):  91%|######### | 109/120 [00:21<00:02,  5.06it/s]
Animation 17: _MethodAnimation(ValueTracker):  92%|#########1| 110/120 [00:21<00:01,  5.04it/s]
Animation 17: _MethodAnimation(ValueTracker):  92%|#########2| 111/120 [00:21<00:01,  5.09it/s]
Animation 17: _MethodAnimation(ValueTracker):  93%|#########3| 112/120 [00:21<00:01,  5.00it/s]
Animation 17: _MethodAnimation(ValueTracker):  94%|#########4| 113/120 [00:21<00:01,  5.02it/s]
Animation 17: _MethodAnimation(ValueTracker):  95%|#########5| 114/120 [00:22<00:01,  5.11it/s]
Animation 17: _MethodAnimation(ValueTracker):  96%|#########5| 115/120 [00:22<00:00,  5.09it/s]
Animation 17: _MethodAnimation(ValueTracker):  97%|#########6| 116/120 [00:22<00:00,  5.06it/s]
Animation 17: _MethodAnimation(ValueTracker):  98%|#########7| 117/120 [00:22<00:00,  5.09it/s]
Animation 17: _MethodAnimation(ValueTracker):  98%|#########8| 118/120 [00:22<00:00,  5.15it/s]
Animation 17: _MethodAnimation(ValueTracker):  99%|#########9| 119/120 [00:23<00:00,  5.24it/s]
Animation 17: _MethodAnimation(ValueTracker): 100%|##########| 120/120 [00:23<00:00,  5.06it/s]
[09/08/26 20:29:46] INFO     Animation 17 : Partial    scene_file_writer.py:192
                             movie file written in                             
                             'C:\Users\Nacho\Documents                         
                             \Animaciones\Capitulo                             
                             11\media\videos\s03_duali                         
                             dad\1080p60\partial_movie                         
                             _files\Dualidad\293244094                         
                             9_919693995_2308938051.mp                         
                             4'                                                
                                                                                               

Animation 18: _MethodAnimation(ValueTracker):   0%|          | 0/120 [00:00<?, ?it/s]
Animation 18: _MethodAnimation(ValueTracker):   1%|          | 1/120 [00:00<00:22,  5.33it/s]
Animation 18: _MethodAnimation(ValueTracker):   2%|1         | 2/120 [00:00<00:23,  5.06it/s]
Animation 18: _MethodAnimation(ValueTracker):   2%|2         | 3/120 [00:00<00:22,  5.16it/s]
Animation 18: _MethodAnimation(ValueTracker):   3%|3         | 4/120 [00:00<00:21,  5.40it/s]
Animation 18: _MethodAnimation(ValueTracker):   4%|4         | 5/120 [00:00<00:21,  5.24it/s]
Animation 18: _MethodAnimation(ValueTracker):   5%|5         | 6/120 [00:01<00:21,  5.32it/s]
Animation 18: _MethodAnimation(ValueTracker):   6%|5         | 7/120 [00:01<00:21,  5.21it/s]
Animation 18: _MethodAnimation(ValueTracker):   7%|6         | 8/120 [00:01<00:21,  5.14it/s]
Animation 18: _MethodAnimation(ValueTracker):   8%|7         | 9/120 [00:01<00:21,  5.23it/s]
Animation 18: _MethodAnimation(ValueTracker):   8%|8         | 10/120 [00:01<00:20,  5.30it/s]
Animation 18: _MethodAnimation(ValueTracker):   9%|9         | 11/120 [00:02<00:21,  5.03it/s]
Animation 18: _MethodAnimation(ValueTracker):  10%|#         | 12/120 [00:02<00:21,  5.06it/s]
Animation 18: _MethodAnimation(ValueTracker):  11%|#         | 13/120 [00:02<00:21,  5.07it/s]
Animation 18: _MethodAnimation(ValueTracker):  12%|#1        | 14/120 [00:02<00:20,  5.07it/s]
Animation 18: _MethodAnimation(ValueTracker):  12%|#2        | 15/120 [00:02<00:21,  5.00it/s]
Animation 18: _MethodAnimation(ValueTracker):  13%|#3        | 16/120 [00:03<00:20,  5.05it/s]
Animation 18: _MethodAnimation(ValueTracker):  14%|#4        | 17/120 [00:03<00:20,  5.11it/s]
Animation 18: _MethodAnimation(ValueTracker):  15%|#5        | 18/120 [00:03<00:19,  5.22it/s]
Animation 18: _MethodAnimation(ValueTracker):  16%|#5        | 19/120 [00:03<00:19,  5.28it/s]
Animation 18: _MethodAnimation(ValueTracker):  17%|#6        | 20/120 [00:03<00:19,  5.20it/s]
Animation 18: _MethodAnimation(ValueTracker):  18%|#7        | 21/120 [00:04<00:18,  5.27it/s]
Animation 18: _MethodAnimation(ValueTracker):  18%|#8        | 22/120 [00:04<00:18,  5.19it/s]
Animation 18: _MethodAnimation(ValueTracker):  19%|#9        | 23/120 [00:04<00:18,  5.26it/s]
Animation 18: _MethodAnimation(ValueTracker):  20%|##        | 24/120 [00:04<00:18,  5.32it/s]
Animation 18: _MethodAnimation(ValueTracker):  21%|##        | 25/120 [00:04<00:18,  5.21it/s]
Animation 18: _MethodAnimation(ValueTracker):  22%|##1       | 26/120 [00:05<00:17,  5.27it/s]
Animation 18: _MethodAnimation(ValueTracker):  22%|##2       | 27/120 [00:05<00:17,  5.19it/s]
Animation 18: _MethodAnimation(ValueTracker):  23%|##3       | 28/120 [00:05<00:17,  5.12it/s]
Animation 18: _MethodAnimation(ValueTracker):  24%|##4       | 29/120 [00:05<00:17,  5.21it/s]
Animation 18: _MethodAnimation(ValueTracker):  25%|##5       | 30/120 [00:05<00:17,  5.27it/s]
Animation 18: _MethodAnimation(ValueTracker):  26%|##5       | 31/120 [00:05<00:17,  5.05it/s]
Animation 18: _MethodAnimation(ValueTracker):  27%|##6       | 32/120 [00:06<00:17,  5.07it/s]
Animation 18: _MethodAnimation(ValueTracker):  28%|##7       | 33/120 [00:06<00:16,  5.20it/s]
Animation 18: _MethodAnimation(ValueTracker):  28%|##8       | 34/120 [00:06<00:16,  5.14it/s]
Animation 18: _MethodAnimation(ValueTracker):  29%|##9       | 35/120 [00:06<00:16,  5.23it/s]
Animation 18: _MethodAnimation(ValueTracker):  30%|###       | 36/120 [00:06<00:16,  5.22it/s]
Animation 18: _MethodAnimation(ValueTracker):  31%|###       | 37/120 [00:07<00:16,  5.17it/s]
Animation 18: _MethodAnimation(ValueTracker):  32%|###1      | 38/120 [00:07<00:15,  5.31it/s]
Animation 18: _MethodAnimation(ValueTracker):  32%|###2      | 39/120 [00:07<00:15,  5.35it/s]
Animation 18: _MethodAnimation(ValueTracker):  33%|###3      | 40/120 [00:07<00:15,  5.24it/s]
Animation 18: _MethodAnimation(ValueTracker):  34%|###4      | 41/120 [00:07<00:15,  5.17it/s]
Animation 18: _MethodAnimation(ValueTracker):  35%|###5      | 42/120 [00:08<00:14,  5.25it/s]
Animation 18: _MethodAnimation(ValueTracker):  36%|###5      | 43/120 [00:08<00:14,  5.17it/s]
Animation 18: _MethodAnimation(ValueTracker):  37%|###6      | 44/120 [00:08<00:15,  5.01it/s]
Animation 18: _MethodAnimation(ValueTracker):  38%|###7      | 45/120 [00:08<00:14,  5.02it/s]
Animation 18: _MethodAnimation(ValueTracker):  38%|###8      | 46/120 [00:08<00:14,  5.06it/s]
Animation 18: _MethodAnimation(ValueTracker):  39%|###9      | 47/120 [00:09<00:14,  5.13it/s]
Animation 18: _MethodAnimation(ValueTracker):  40%|####      | 48/120 [00:09<00:14,  5.13it/s]
Animation 18: _MethodAnimation(ValueTracker):  41%|####      | 49/120 [00:09<00:13,  5.13it/s]
Animation 18: _MethodAnimation(ValueTracker):  42%|####1     | 50/120 [00:09<00:13,  5.10it/s]
Animation 18: _MethodAnimation(ValueTracker):  42%|####2     | 51/120 [00:09<00:13,  5.04it/s]
Animation 18: _MethodAnimation(ValueTracker):  43%|####3     | 52/120 [00:10<00:13,  5.06it/s]
Animation 18: _MethodAnimation(ValueTracker):  44%|####4     | 53/120 [00:10<00:13,  5.04it/s]
Animation 18: _MethodAnimation(ValueTracker):  45%|####5     | 54/120 [00:10<00:13,  5.04it/s]
Animation 18: _MethodAnimation(ValueTracker):  46%|####5     | 55/120 [00:10<00:12,  5.15it/s]
Animation 18: _MethodAnimation(ValueTracker):  47%|####6     | 56/120 [00:10<00:12,  5.10it/s]
Animation 18: _MethodAnimation(ValueTracker):  48%|####7     | 57/120 [00:11<00:12,  5.13it/s]
Animation 18: _MethodAnimation(ValueTracker):  48%|####8     | 58/120 [00:11<00:12,  5.09it/s]
Animation 18: _MethodAnimation(ValueTracker):  49%|####9     | 59/120 [00:11<00:11,  5.27it/s]
Animation 18: _MethodAnimation(ValueTracker):  50%|#####     | 60/120 [00:11<00:11,  5.13it/s]
Animation 18: _MethodAnimation(ValueTracker):  51%|#####     | 61/120 [00:11<00:11,  5.13it/s]
Animation 18: _MethodAnimation(ValueTracker):  52%|#####1    | 62/120 [00:12<00:11,  5.09it/s]
Animation 18: _MethodAnimation(ValueTracker):  52%|#####2    | 63/120 [00:12<00:11,  5.15it/s]
Animation 18: _MethodAnimation(ValueTracker):  53%|#####3    | 64/120 [00:12<00:10,  5.16it/s]
Animation 18: _MethodAnimation(ValueTracker):  54%|#####4    | 65/120 [00:12<00:10,  5.24it/s]
Animation 18: _MethodAnimation(ValueTracker):  55%|#####5    | 66/120 [00:12<00:10,  5.31it/s]
Animation 18: _MethodAnimation(ValueTracker):  56%|#####5    | 67/120 [00:12<00:10,  5.26it/s]
Animation 18: _MethodAnimation(ValueTracker):  57%|#####6    | 68/120 [00:13<00:09,  5.24it/s]
Animation 18: _MethodAnimation(ValueTracker):  57%|#####7    | 69/120 [00:13<00:09,  5.19it/s]
Animation 18: _MethodAnimation(ValueTracker):  58%|#####8    | 70/120 [00:13<00:09,  5.27it/s]
Animation 18: _MethodAnimation(ValueTracker):  59%|#####9    | 71/120 [00:13<00:09,  5.18it/s]
Animation 18: _MethodAnimation(ValueTracker):  60%|######    | 72/120 [00:13<00:09,  5.13it/s]
Animation 18: _MethodAnimation(ValueTracker):  61%|######    | 73/120 [00:14<00:09,  5.09it/s]
Animation 18: _MethodAnimation(ValueTracker):  62%|######1   | 74/120 [00:14<00:08,  5.19it/s]
Animation 18: _MethodAnimation(ValueTracker):  62%|######2   | 75/120 [00:14<00:08,  5.02it/s]
Animation 18: _MethodAnimation(ValueTracker):  63%|######3   | 76/120 [00:14<00:08,  5.00it/s]
Animation 18: _MethodAnimation(ValueTracker):  64%|######4   | 77/120 [00:14<00:08,  5.11it/s]
Animation 18: _MethodAnimation(ValueTracker):  65%|######5   | 78/120 [00:15<00:08,  4.95it/s]
Animation 18: _MethodAnimation(ValueTracker):  66%|######5   | 79/120 [00:15<00:08,  4.97it/s]
Animation 18: _MethodAnimation(ValueTracker):  67%|######6   | 80/120 [00:15<00:08,  4.99it/s]
Animation 18: _MethodAnimation(ValueTracker):  68%|######7   | 81/120 [00:15<00:07,  4.99it/s]
Animation 18: _MethodAnimation(ValueTracker):  68%|######8   | 82/120 [00:15<00:07,  5.00it/s]
Animation 18: _MethodAnimation(ValueTracker):  69%|######9   | 83/120 [00:16<00:07,  4.94it/s]
Animation 18: _MethodAnimation(ValueTracker):  70%|#######   | 84/120 [00:16<00:07,  5.02it/s]
Animation 18: _MethodAnimation(ValueTracker):  71%|#######   | 85/120 [00:16<00:06,  5.01it/s]
Animation 18: _MethodAnimation(ValueTracker):  72%|#######1  | 86/120 [00:16<00:06,  5.01it/s]
Animation 18: _MethodAnimation(ValueTracker):  72%|#######2  | 87/120 [00:16<00:06,  5.00it/s]
Animation 18: _MethodAnimation(ValueTracker):  73%|#######3  | 88/120 [00:17<00:06,  4.96it/s]
Animation 18: _MethodAnimation(ValueTracker):  74%|#######4  | 89/120 [00:17<00:06,  4.90it/s]
Animation 18: _MethodAnimation(ValueTracker):  75%|#######5  | 90/120 [00:17<00:06,  4.89it/s]
Animation 18: _MethodAnimation(ValueTracker):  76%|#######5  | 91/120 [00:17<00:05,  4.91it/s]
Animation 18: _MethodAnimation(ValueTracker):  77%|#######6  | 92/120 [00:17<00:05,  4.96it/s]
Animation 18: _MethodAnimation(ValueTracker):  78%|#######7  | 93/120 [00:18<00:05,  5.00it/s]
Animation 18: _MethodAnimation(ValueTracker):  78%|#######8  | 94/120 [00:18<00:05,  4.98it/s]
Animation 18: _MethodAnimation(ValueTracker):  79%|#######9  | 95/120 [00:18<00:05,  4.88it/s]
Animation 18: _MethodAnimation(ValueTracker):  80%|########  | 96/120 [00:18<00:04,  4.91it/s]
Animation 18: _MethodAnimation(ValueTracker):  81%|########  | 97/120 [00:18<00:04,  5.07it/s]
Animation 18: _MethodAnimation(ValueTracker):  82%|########1 | 98/120 [00:19<00:04,  5.05it/s]
Animation 18: _MethodAnimation(ValueTracker):  82%|########2 | 99/120 [00:19<00:04,  5.03it/s]
Animation 18: _MethodAnimation(ValueTracker):  83%|########3 | 100/120 [00:19<00:03,  5.15it/s]
Animation 18: _MethodAnimation(ValueTracker):  84%|########4 | 101/120 [00:19<00:03,  5.11it/s]
Animation 18: _MethodAnimation(ValueTracker):  85%|########5 | 102/120 [00:19<00:03,  5.07it/s]
Animation 18: _MethodAnimation(ValueTracker):  86%|########5 | 103/120 [00:20<00:03,  4.95it/s]
Animation 18: _MethodAnimation(ValueTracker):  87%|########6 | 104/120 [00:20<00:03,  5.07it/s]
Animation 18: _MethodAnimation(ValueTracker):  88%|########7 | 105/120 [00:20<00:02,  5.02it/s]
Animation 18: _MethodAnimation(ValueTracker):  88%|########8 | 106/120 [00:20<00:02,  4.99it/s]
Animation 18: _MethodAnimation(ValueTracker):  89%|########9 | 107/120 [00:20<00:02,  5.04it/s]
Animation 18: _MethodAnimation(ValueTracker):  90%|######### | 108/120 [00:21<00:02,  5.01it/s]
Animation 18: _MethodAnimation(ValueTracker):  91%|######### | 109/120 [00:21<00:02,  5.11it/s]
Animation 18: _MethodAnimation(ValueTracker):  92%|#########1| 110/120 [00:21<00:01,  5.13it/s]
Animation 18: _MethodAnimation(ValueTracker):  92%|#########2| 111/120 [00:21<00:01,  5.16it/s]
Animation 18: _MethodAnimation(ValueTracker):  93%|#########3| 112/120 [00:21<00:01,  5.09it/s]
Animation 18: _MethodAnimation(ValueTracker):  94%|#########4| 113/120 [00:22<00:01,  5.14it/s]
Animation 18: _MethodAnimation(ValueTracker):  95%|#########5| 114/120 [00:22<00:01,  5.23it/s]
Animation 18: _MethodAnimation(ValueTracker):  96%|#########5| 115/120 [00:22<00:00,  5.16it/s]
Animation 18: _MethodAnimation(ValueTracker):  97%|#########6| 116/120 [00:22<00:00,  5.11it/s]
Animation 18: _MethodAnimation(ValueTracker):  98%|#########7| 117/120 [00:22<00:00,  5.07it/s]
Animation 18: _MethodAnimation(ValueTracker):  98%|#########8| 118/120 [00:23<00:00,  4.94it/s]
Animation 18: _MethodAnimation(ValueTracker):  99%|#########9| 119/120 [00:23<00:00,  4.93it/s]
Animation 18: _MethodAnimation(ValueTracker): 100%|##########| 120/120 [00:23<00:00,  4.86it/s]
[09/08/26 20:30:09] INFO     Animation 18 : Partial    scene_file_writer.py:192
                             movie file written in                             
                             'C:\Users\Nacho\Documents                         
                             \Animaciones\Capitulo                             
                             11\media\videos\s03_duali                         
                             dad\1080p60\partial_movie                         
                             _files\Dualidad\293244094                         
                             9_915021396_1318424641.mp                         
                             4'                                                
[09/08/26 20:30:10] INFO     Animation 19 : Partial    scene_file_writer.py:192
                             movie file written in                             
                             'C:\Users\Nacho\Documents                         
                             \Animaciones\Capitulo                             
                             11\media\videos\s03_duali                         
                             dad\1080p60\partial_movie                         
                             _files\Dualidad\293244094                         
                             9_241228271_3000202684.mp                         
                             4'                                                
                                                                                               

Animation 20: Write(MathTex('R_{xx}(0)=\\frac{1}{2\\pi}\\int_{-\\infty}^{\\infty}S_{xx}(j\\omega)\\,d\\omega \\;=\\; 
\\text{potencia total}')):   0%|          | 0/120 [00:00<?, ?it/s]
Animation 20: Write(MathTex('R_{xx}(0)=\\frac{1}{2\\pi}\\int_{-\\infty}^{\\infty}S_{xx}(j\\omega)\\,d\\omega \\;=\\; 
\\text{potencia total}')):   1%|          | 1/120 [00:00<00:23,  5.00it/s]
Animation 20: Write(MathTex('R_{xx}(0)=\\frac{1}{2\\pi}\\int_{-\\infty}^{\\infty}S_{xx}(j\\omega)\\,d\\omega \\;=\\; 
\\text{potencia total}')):   2%|1         | 2/120 [00:00<00:23,  5.03it/s]
Animation 20: Write(MathTex('R_{xx}(0)=\\frac{1}{2\\pi}\\int_{-\\infty}^{\\infty}S_{xx}(j\\omega)\\,d\\omega \\;=\\; 
\\text{potencia total}')):   2%|2         | 3/120 [00:00<00:22,  5.19it/s]
Animation 20: Write(MathTex('R_{xx}(0)=\\frac{1}{2\\pi}\\int_{-\\infty}^{\\infty}S_{xx}(j\\omega)\\,d\\omega \\;=\\; 
\\text{potencia total}')):   3%|3         | 4/120 [00:00<00:22,  5.11it/s]
Animation 20: Write(MathTex('R_{xx}(0)=\\frac{1}{2\\pi}\\int_{-\\infty}^{\\infty}S_{xx}(j\\omega)\\,d\\omega \\;=\\; 
\\text{potencia total}')):   4%|4         | 5/120 [00:00<00:22,  5.18it/s]
Animation 20: Write(MathTex('R_{xx}(0)=\\frac{1}{2\\pi}\\int_{-\\infty}^{\\infty}S_{xx}(j\\omega)\\,d\\omega \\;=\\; 
\\text{potencia total}')):   5%|5         | 6/120 [00:01<00:22,  5.16it/s]
Animation 20: Write(MathTex('R_{xx}(0)=\\frac{1}{2\\pi}\\int_{-\\infty}^{\\infty}S_{xx}(j\\omega)\\,d\\omega \\;=\\; 
\\text{potencia total}')):   6%|5         | 7/120 [00:01<00:21,  5.17it/s]
Animation 20: Write(MathTex('R_{xx}(0)=\\frac{1}{2\\pi}\\int_{-\\infty}^{\\infty}S_{xx}(j\\omega)\\,d\\omega \\;=\\; 
\\text{potencia total}')):   7%|6         | 8/120 [00:01<00:21,  5.19it/s]
Animation 20: Write(MathTex('R_{xx}(0)=\\frac{1}{2\\pi}\\int_{-\\infty}^{\\infty}S_{xx}(j\\omega)\\,d\\omega \\;=\\; 
\\text{potencia total}')):   8%|7         | 9/120 [00:01<00:21,  5.20it/s]
Animation 20: Write(MathTex('R_{xx}(0)=\\frac{1}{2\\pi}\\int_{-\\infty}^{\\infty}S_{xx}(j\\omega)\\,d\\omega \\;=\\; 
\\text{potencia total}')):   8%|8         | 10/120 [00:01<00:21,  5.21it/s]
Animation 20: Write(MathTex('R_{xx}(0)=\\frac{1}{2\\pi}\\int_{-\\infty}^{\\infty}S_{xx}(j\\omega)\\,d\\omega \\;=\\; 
\\text{potencia total}')):   9%|9         | 11/120 [00:02<00:21,  5.12it/s]
Animation 20: Write(MathTex('R_{xx}(0)=\\frac{1}{2\\pi}\\int_{-\\infty}^{\\infty}S_{xx}(j\\omega)\\,d\\omega \\;=\\; 
\\text{potencia total}')):  10%|#         | 12/120 [00:02<00:21,  5.07it/s]
Animation 20: Write(MathTex('R_{xx}(0)=\\frac{1}{2\\pi}\\int_{-\\infty}^{\\infty}S_{xx}(j\\omega)\\,d\\omega \\;=\\; 
\\text{potencia total}')):  11%|#         | 13/120 [00:02<00:21,  5.09it/s]
Animation 20: Write(MathTex('R_{xx}(0)=\\frac{1}{2\\pi}\\int_{-\\infty}^{\\infty}S_{xx}(j\\omega)\\,d\\omega \\;=\\; 
\\text{potencia total}')):  12%|#1        | 14/120 [00:02<00:20,  5.07it/s]
Animation 20: Write(MathTex('R_{xx}(0)=\\frac{1}{2\\pi}\\int_{-\\infty}^{\\infty}S_{xx}(j\\omega)\\,d\\omega \\;=\\; 
\\text{potencia total}')):  12%|#2        | 15/120 [00:02<00:20,  5.06it/s]
Animation 20: Write(MathTex('R_{xx}(0)=\\frac{1}{2\\pi}\\int_{-\\infty}^{\\infty}S_{xx}(j\\omega)\\,d\\omega \\;=\\; 
\\text{potencia total}')):  13%|#3        | 16/120 [00:03<00:20,  5.12it/s]
Animation 20: Write(MathTex('R_{xx}(0)=\\frac{1}{2\\pi}\\int_{-\\infty}^{\\infty}S_{xx}(j\\omega)\\,d\\omega \\;=\\; 
\\text{potencia total}')):  14%|#4        | 17/120 [00:03<00:20,  5.09it/s]
Animation 20: Write(MathTex('R_{xx}(0)=\\frac{1}{2\\pi}\\int_{-\\infty}^{\\infty}S_{xx}(j\\omega)\\,d\\omega \\;=\\; 
\\text{potencia total}')):  15%|#5        | 18/120 [00:03<00:20,  5.08it/s]
Animation 20: Write(MathTex('R_{xx}(0)=\\frac{1}{2\\pi}\\int_{-\\infty}^{\\infty}S_{xx}(j\\omega)\\,d\\omega \\;=\\; 
\\text{potencia total}')):  16%|#5        | 19/120 [00:03<00:19,  5.18it/s]
Animation 20: Write(MathTex('R_{xx}(0)=\\frac{1}{2\\pi}\\int_{-\\infty}^{\\infty}S_{xx}(j\\omega)\\,d\\omega \\;=\\; 
\\text{potencia total}')):  17%|#6        | 20/120 [00:03<00:19,  5.14it/s]
Animation 20: Write(MathTex('R_{xx}(0)=\\frac{1}{2\\pi}\\int_{-\\infty}^{\\infty}S_{xx}(j\\omega)\\,d\\omega \\;=\\; 
\\text{potencia total}')):  18%|#7        | 21/120 [00:04<00:19,  4.97it/s]
Animation 20: Write(MathTex('R_{xx}(0)=\\frac{1}{2\\pi}\\int_{-\\infty}^{\\infty}S_{xx}(j\\omega)\\,d\\omega \\;=\\; 
\\text{potencia total}')):  18%|#8        | 22/120 [00:04<00:19,  5.11it/s]
Animation 20: Write(MathTex('R_{xx}(0)=\\frac{1}{2\\pi}\\int_{-\\infty}^{\\infty}S_{xx}(j\\omega)\\,d\\omega \\;=\\; 
\\text{potencia total}')):  19%|#9        | 23/120 [00:04<00:19,  5.07it/s]
Animation 20: Write(MathTex('R_{xx}(0)=\\frac{1}{2\\pi}\\int_{-\\infty}^{\\infty}S_{xx}(j\\omega)\\,d\\omega \\;=\\; 
\\text{potencia total}')):  20%|##        | 24/120 [00:04<00:18,  5.10it/s]
Animation 20: Write(MathTex('R_{xx}(0)=\\frac{1}{2\\pi}\\int_{-\\infty}^{\\infty}S_{xx}(j\\omega)\\,d\\omega \\;=\\; 
\\text{potencia total}')):  21%|##        | 25/120 [00:04<00:18,  5.16it/s]
Animation 20: Write(MathTex('R_{xx}(0)=\\frac{1}{2\\pi}\\int_{-\\infty}^{\\infty}S_{xx}(j\\omega)\\,d\\omega \\;=\\; 
\\text{potencia total}')):  22%|##1       | 26/120 [00:05<00:17,  5.23it/s]
Animation 20: Write(MathTex('R_{xx}(0)=\\frac{1}{2\\pi}\\int_{-\\infty}^{\\infty}S_{xx}(j\\omega)\\,d\\omega \\;=\\; 
\\text{potencia total}')):  22%|##2       | 27/120 [00:05<00:18,  5.12it/s]
Animation 20: Write(MathTex('R_{xx}(0)=\\frac{1}{2\\pi}\\int_{-\\infty}^{\\infty}S_{xx}(j\\omega)\\,d\\omega \\;=\\; 
\\text{potencia total}')):  23%|##3       | 28/120 [00:05<00:18,  5.08it/s]
Animation 20: Write(MathTex('R_{xx}(0)=\\frac{1}{2\\pi}\\int_{-\\infty}^{\\infty}S_{xx}(j\\omega)\\,d\\omega \\;=\\; 
\\text{potencia total}')):  24%|##4       | 29/120 [00:05<00:17,  5.07it/s]
Animation 20: Write(MathTex('R_{xx}(0)=\\frac{1}{2\\pi}\\int_{-\\infty}^{\\infty}S_{xx}(j\\omega)\\,d\\omega \\;=\\; 
\\text{potencia total}')):  25%|##5       | 30/120 [00:05<00:17,  5.13it/s]
Animation 20: Write(MathTex('R_{xx}(0)=\\frac{1}{2\\pi}\\int_{-\\infty}^{\\infty}S_{xx}(j\\omega)\\,d\\omega \\;=\\; 
\\text{potencia total}')):  26%|##5       | 31/120 [00:06<00:16,  5.26it/s]
Animation 20: Write(MathTex('R_{xx}(0)=\\frac{1}{2\\pi}\\int_{-\\infty}^{\\infty}S_{xx}(j\\omega)\\,d\\omega \\;=\\; 
\\text{potencia total}')):  27%|##6       | 32/120 [00:06<00:16,  5.22it/s]
Animation 20: Write(MathTex('R_{xx}(0)=\\frac{1}{2\\pi}\\int_{-\\infty}^{\\infty}S_{xx}(j\\omega)\\,d\\omega \\;=\\; 
\\text{potencia total}')):  28%|##7       | 33/120 [00:06<00:16,  5.15it/s]
Animation 20: Write(MathTex('R_{xx}(0)=\\frac{1}{2\\pi}\\int_{-\\infty}^{\\infty}S_{xx}(j\\omega)\\,d\\omega \\;=\\; 
\\text{potencia total}')):  28%|##8       | 34/120 [00:06<00:16,  5.11it/s]
Animation 20: Write(MathTex('R_{xx}(0)=\\frac{1}{2\\pi}\\int_{-\\infty}^{\\infty}S_{xx}(j\\omega)\\,d\\omega \\;=\\; 
\\text{potencia total}')):  29%|##9       | 35/120 [00:06<00:16,  5.08it/s]
Animation 20: Write(MathTex('R_{xx}(0)=\\frac{1}{2\\pi}\\int_{-\\infty}^{\\infty}S_{xx}(j\\omega)\\,d\\omega \\;=\\; 
\\text{potencia total}')):  30%|###       | 36/120 [00:07<00:16,  5.05it/s]
Animation 20: Write(MathTex('R_{xx}(0)=\\frac{1}{2\\pi}\\int_{-\\infty}^{\\infty}S_{xx}(j\\omega)\\,d\\omega \\;=\\; 
\\text{potencia total}')):  31%|###       | 37/120 [00:07<00:16,  5.05it/s]
Animation 20: Write(MathTex('R_{xx}(0)=\\frac{1}{2\\pi}\\int_{-\\infty}^{\\infty}S_{xx}(j\\omega)\\,d\\omega \\;=\\; 
\\text{potencia total}')):  32%|###1      | 38/120 [00:07<00:15,  5.15it/s]
Animation 20: Write(MathTex('R_{xx}(0)=\\frac{1}{2\\pi}\\int_{-\\infty}^{\\infty}S_{xx}(j\\omega)\\,d\\omega \\;=\\; 
\\text{potencia total}')):  32%|###2      | 39/120 [00:07<00:15,  5.10it/s]
Animation 20: Write(MathTex('R_{xx}(0)=\\frac{1}{2\\pi}\\int_{-\\infty}^{\\infty}S_{xx}(j\\omega)\\,d\\omega \\;=\\; 
\\text{potencia total}')):  33%|###3      | 40/120 [00:07<00:15,  5.08it/s]
Animation 20: Write(MathTex('R_{xx}(0)=\\frac{1}{2\\pi}\\int_{-\\infty}^{\\infty}S_{xx}(j\\omega)\\,d\\omega \\;=\\; 
\\text{potencia total}')):  34%|###4      | 41/120 [00:08<00:15,  5.06it/s]
Animation 20: Write(MathTex('R_{xx}(0)=\\frac{1}{2\\pi}\\int_{-\\infty}^{\\infty}S_{xx}(j\\omega)\\,d\\omega \\;=\\; 
\\text{potencia total}')):  35%|###5      | 42/120 [00:08<00:15,  5.05it/s]
Animation 20: Write(MathTex('R_{xx}(0)=\\frac{1}{2\\pi}\\int_{-\\infty}^{\\infty}S_{xx}(j\\omega)\\,d\\omega \\;=\\; 
\\text{potencia total}')):  36%|###5      | 43/120 [00:08<00:15,  4.89it/s]
Animation 20: Write(MathTex('R_{xx}(0)=\\frac{1}{2\\pi}\\int_{-\\infty}^{\\infty}S_{xx}(j\\omega)\\,d\\omega \\;=\\; 
\\text{potencia total}')):  37%|###6      | 44/120 [00:08<00:15,  4.88it/s]
Animation 20: Write(MathTex('R_{xx}(0)=\\frac{1}{2\\pi}\\int_{-\\infty}^{\\infty}S_{xx}(j\\omega)\\,d\\omega \\;=\\; 
\\text{potencia total}')):  38%|###7      | 45/120 [00:08<00:15,  4.91it/s]
Animation 20: Write(MathTex('R_{xx}(0)=\\frac{1}{2\\pi}\\int_{-\\infty}^{\\infty}S_{xx}(j\\omega)\\,d\\omega \\;=\\; 
\\text{potencia total}')):  38%|###8      | 46/120 [00:09<00:14,  4.99it/s]
Animation 20: Write(MathTex('R_{xx}(0)=\\frac{1}{2\\pi}\\int_{-\\infty}^{\\infty}S_{xx}(j\\omega)\\,d\\omega \\;=\\; 
\\text{potencia total}')):  39%|###9      | 47/120 [00:09<00:14,  4.99it/s]
Animation 20: Write(MathTex('R_{xx}(0)=\\frac{1}{2\\pi}\\int_{-\\infty}^{\\infty}S_{xx}(j\\omega)\\,d\\omega \\;=\\; 
\\text{potencia total}')):  40%|####      | 48/120 [00:09<00:14,  4.99it/s]
Animation 20: Write(MathTex('R_{xx}(0)=\\frac{1}{2\\pi}\\int_{-\\infty}^{\\infty}S_{xx}(j\\omega)\\,d\\omega \\;=\\; 
\\text{potencia total}')):  41%|####      | 49/120 [00:09<00:14,  5.00it/s]
Animation 20: Write(MathTex('R_{xx}(0)=\\frac{1}{2\\pi}\\int_{-\\infty}^{\\infty}S_{xx}(j\\omega)\\,d\\omega \\;=\\; 
\\text{potencia total}')):  42%|####1     | 50/120 [00:09<00:14,  4.98it/s]
Animation 20: Write(MathTex('R_{xx}(0)=\\frac{1}{2\\pi}\\int_{-\\infty}^{\\infty}S_{xx}(j\\omega)\\,d\\omega \\;=\\; 
\\text{potencia total}')):  42%|####2     | 51/120 [00:10<00:13,  5.00it/s]
Animation 20: Write(MathTex('R_{xx}(0)=\\frac{1}{2\\pi}\\int_{-\\infty}^{\\infty}S_{xx}(j\\omega)\\,d\\omega \\;=\\; 
\\text{potencia total}')):  43%|####3     | 52/120 [00:10<00:13,  5.00it/s]
Animation 20: Write(MathTex('R_{xx}(0)=\\frac{1}{2\\pi}\\int_{-\\infty}^{\\infty}S_{xx}(j\\omega)\\,d\\omega \\;=\\; 
\\text{potencia total}')):  44%|####4     | 53/120 [00:10<00:13,  4.88it/s]
Animation 20: Write(MathTex('R_{xx}(0)=\\frac{1}{2\\pi}\\int_{-\\infty}^{\\infty}S_{xx}(j\\omega)\\,d\\omega \\;=\\; 
\\text{potencia total}')):  45%|####5     | 54/120 [00:10<00:13,  4.79it/s]
Animation 20: Write(MathTex('R_{xx}(0)=\\frac{1}{2\\pi}\\int_{-\\infty}^{\\infty}S_{xx}(j\\omega)\\,d\\omega \\;=\\; 
\\text{potencia total}')):  46%|####5     | 55/120 [00:10<00:13,  4.83it/s]
Animation 20: Write(MathTex('R_{xx}(0)=\\frac{1}{2\\pi}\\int_{-\\infty}^{\\infty}S_{xx}(j\\omega)\\,d\\omega \\;=\\; 
\\text{potencia total}')):  47%|####6     | 56/120 [00:11<00:13,  4.86it/s]
Animation 20: Write(MathTex('R_{xx}(0)=\\frac{1}{2\\pi}\\int_{-\\infty}^{\\infty}S_{xx}(j\\omega)\\,d\\omega \\;=\\; 
\\text{potencia total}')):  48%|####7     | 57/120 [00:11<00:13,  4.80it/s]
Animation 20: Write(MathTex('R_{xx}(0)=\\frac{1}{2\\pi}\\int_{-\\infty}^{\\infty}S_{xx}(j\\omega)\\,d\\omega \\;=\\; 
\\text{potencia total}')):  48%|####8     | 58/120 [00:11<00:12,  4.87it/s]
Animation 20: Write(MathTex('R_{xx}(0)=\\frac{1}{2\\pi}\\int_{-\\infty}^{\\infty}S_{xx}(j\\omega)\\,d\\omega \\;=\\; 
\\text{potencia total}')):  49%|####9     | 59/120 [00:11<00:12,  4.91it/s]
Animation 20: Write(MathTex('R_{xx}(0)=\\frac{1}{2\\pi}\\int_{-\\infty}^{\\infty}S_{xx}(j\\omega)\\,d\\omega \\;=\\; 
\\text{potencia total}')):  50%|#####     | 60/120 [00:11<00:12,  4.92it/s]
Animation 20: Write(MathTex('R_{xx}(0)=\\frac{1}{2\\pi}\\int_{-\\infty}^{\\infty}S_{xx}(j\\omega)\\,d\\omega \\;=\\; 
\\text{potencia total}')):  51%|#####     | 61/120 [00:12<00:11,  4.97it/s]
Animation 20: Write(MathTex('R_{xx}(0)=\\frac{1}{2\\pi}\\int_{-\\infty}^{\\infty}S_{xx}(j\\omega)\\,d\\omega \\;=\\; 
\\text{potencia total}')):  52%|#####1    | 62/120 [00:12<00:11,  4.98it/s]
Animation 20: Write(MathTex('R_{xx}(0)=\\frac{1}{2\\pi}\\int_{-\\infty}^{\\infty}S_{xx}(j\\omega)\\,d\\omega \\;=\\; 
\\text{potencia total}')):  52%|#####2    | 63/120 [00:12<00:11,  4.99it/s]
Animation 20: Write(MathTex('R_{xx}(0)=\\frac{1}{2\\pi}\\int_{-\\infty}^{\\infty}S_{xx}(j\\omega)\\,d\\omega \\;=\\; 
\\text{potencia total}')):  53%|#####3    | 64/120 [00:12<00:11,  4.99it/s]
Animation 20: Write(MathTex('R_{xx}(0)=\\frac{1}{2\\pi}\\int_{-\\infty}^{\\infty}S_{xx}(j\\omega)\\,d\\omega \\;=\\; 
\\text{potencia total}')):  54%|#####4    | 65/120 [00:12<00:10,  5.12it/s]
Animation 20: Write(MathTex('R_{xx}(0)=\\frac{1}{2\\pi}\\int_{-\\infty}^{\\infty}S_{xx}(j\\omega)\\,d\\omega \\;=\\; 
\\text{potencia total}')):  55%|#####5    | 66/120 [00:13<00:10,  5.08it/s]
Animation 20: Write(MathTex('R_{xx}(0)=\\frac{1}{2\\pi}\\int_{-\\infty}^{\\infty}S_{xx}(j\\omega)\\,d\\omega \\;=\\; 
\\text{potencia total}')):  56%|#####5    | 67/120 [00:13<00:10,  5.06it/s]
Animation 20: Write(MathTex('R_{xx}(0)=\\frac{1}{2\\pi}\\int_{-\\infty}^{\\infty}S_{xx}(j\\omega)\\,d\\omega \\;=\\; 
\\text{potencia total}')):  57%|#####6    | 68/120 [00:13<00:10,  4.93it/s]
Animation 20: Write(MathTex('R_{xx}(0)=\\frac{1}{2\\pi}\\int_{-\\infty}^{\\infty}S_{xx}(j\\omega)\\,d\\omega \\;=\\; 
\\text{potencia total}')):  57%|#####7    | 69/120 [00:13<00:10,  4.95it/s]
Animation 20: Write(MathTex('R_{xx}(0)=\\frac{1}{2\\pi}\\int_{-\\infty}^{\\infty}S_{xx}(j\\omega)\\,d\\omega \\;=\\; 
\\text{potencia total}')):  58%|#####8    | 70/120 [00:13<00:10,  4.95it/s]
Animation 20: Write(MathTex('R_{xx}(0)=\\frac{1}{2\\pi}\\int_{-\\infty}^{\\infty}S_{xx}(j\\omega)\\,d\\omega \\;=\\; 
\\text{potencia total}')):  59%|#####9    | 71/120 [00:14<00:09,  4.96it/s]
Animation 20: Write(MathTex('R_{xx}(0)=\\frac{1}{2\\pi}\\int_{-\\infty}^{\\infty}S_{xx}(j\\omega)\\,d\\omega \\;=\\; 
\\text{potencia total}')):  60%|######    | 72/120 [00:14<00:09,  4.96it/s]
Animation 20: Write(MathTex('R_{xx}(0)=\\frac{1}{2\\pi}\\int_{-\\infty}^{\\infty}S_{xx}(j\\omega)\\,d\\omega \\;=\\; 
\\text{potencia total}')):  61%|######    | 73/120 [00:14<00:09,  4.98it/s]
Animation 20: Write(MathTex('R_{xx}(0)=\\frac{1}{2\\pi}\\int_{-\\infty}^{\\infty}S_{xx}(j\\omega)\\,d\\omega \\;=\\; 
\\text{potencia total}')):  62%|######1   | 74/120 [00:14<00:09,  4.94it/s]
Animation 20: Write(MathTex('R_{xx}(0)=\\frac{1}{2\\pi}\\int_{-\\infty}^{\\infty}S_{xx}(j\\omega)\\,d\\omega \\;=\\; 
\\text{potencia total}')):  62%|######2   | 75/120 [00:14<00:09,  4.97it/s]
Animation 20: Write(MathTex('R_{xx}(0)=\\frac{1}{2\\pi}\\int_{-\\infty}^{\\infty}S_{xx}(j\\omega)\\,d\\omega \\;=\\; 
\\text{potencia total}')):  63%|######3   | 76/120 [00:15<00:08,  5.03it/s]
Animation 20: Write(MathTex('R_{xx}(0)=\\frac{1}{2\\pi}\\int_{-\\infty}^{\\infty}S_{xx}(j\\omega)\\,d\\omega \\;=\\; 
\\text{potencia total}')):  64%|######4   | 77/120 [00:15<00:08,  5.02it/s]
Animation 20: Write(MathTex('R_{xx}(0)=\\frac{1}{2\\pi}\\int_{-\\infty}^{\\infty}S_{xx}(j\\omega)\\,d\\omega \\;=\\; 
\\text{potencia total}')):  65%|######5   | 78/120 [00:15<00:08,  5.01it/s]
Animation 20: Write(MathTex('R_{xx}(0)=\\frac{1}{2\\pi}\\int_{-\\infty}^{\\infty}S_{xx}(j\\omega)\\,d\\omega \\;=\\; 
\\text{potencia total}')):  66%|######5   | 79/120 [00:15<00:08,  5.01it/s]
Animation 20: Write(MathTex('R_{xx}(0)=\\frac{1}{2\\pi}\\int_{-\\infty}^{\\infty}S_{xx}(j\\omega)\\,d\\omega \\;=\\; 
\\text{potencia total}')):  67%|######6   | 80/120 [00:15<00:07,  5.01it/s]
Animation 20: Write(MathTex('R_{xx}(0)=\\frac{1}{2\\pi}\\int_{-\\infty}^{\\infty}S_{xx}(j\\omega)\\,d\\omega \\;=\\; 
\\text{potencia total}')):  68%|######7   | 81/120 [00:16<00:07,  5.00it/s]
Animation 20: Write(MathTex('R_{xx}(0)=\\frac{1}{2\\pi}\\int_{-\\infty}^{\\infty}S_{xx}(j\\omega)\\,d\\omega \\;=\\; 
\\text{potencia total}')):  68%|######8   | 82/120 [00:16<00:07,  5.02it/s]
Animation 20: Write(MathTex('R_{xx}(0)=\\frac{1}{2\\pi}\\int_{-\\infty}^{\\infty}S_{xx}(j\\omega)\\,d\\omega \\;=\\; 
\\text{potencia total}')):  69%|######9   | 83/120 [00:16<00:07,  5.13it/s]
Animation 20: Write(MathTex('R_{xx}(0)=\\frac{1}{2\\pi}\\int_{-\\infty}^{\\infty}S_{xx}(j\\omega)\\,d\\omega \\;=\\; 
\\text{potencia total}')):  70%|#######   | 84/120 [00:16<00:07,  5.09it/s]
Animation 20: Write(MathTex('R_{xx}(0)=\\frac{1}{2\\pi}\\int_{-\\infty}^{\\infty}S_{xx}(j\\omega)\\,d\\omega \\;=\\; 
\\text{potencia total}')):  71%|#######   | 85/120 [00:16<00:06,  5.06it/s]
Animation 20: Write(MathTex('R_{xx}(0)=\\frac{1}{2\\pi}\\int_{-\\infty}^{\\infty}S_{xx}(j\\omega)\\,d\\omega \\;=\\; 
\\text{potencia total}')):  72%|#######1  | 86/120 [00:17<00:06,  5.05it/s]
Animation 20: Write(MathTex('R_{xx}(0)=\\frac{1}{2\\pi}\\int_{-\\infty}^{\\infty}S_{xx}(j\\omega)\\,d\\omega \\;=\\; 
\\text{potencia total}')):  72%|#######2  | 87/120 [00:17<00:06,  5.06it/s]
Animation 20: Write(MathTex('R_{xx}(0)=\\frac{1}{2\\pi}\\int_{-\\infty}^{\\infty}S_{xx}(j\\omega)\\,d\\omega \\;=\\; 
\\text{potencia total}')):  73%|#######3  | 88/120 [00:17<00:06,  5.04it/s]
Animation 20: Write(MathTex('R_{xx}(0)=\\frac{1}{2\\pi}\\int_{-\\infty}^{\\infty}S_{xx}(j\\omega)\\,d\\omega \\;=\\; 
\\text{potencia total}')):  74%|#######4  | 89/120 [00:17<00:06,  4.96it/s]
Animation 20: Write(MathTex('R_{xx}(0)=\\frac{1}{2\\pi}\\int_{-\\infty}^{\\infty}S_{xx}(j\\omega)\\,d\\omega \\;=\\; 
\\text{potencia total}')):  75%|#######5  | 90/120 [00:17<00:06,  4.99it/s]
Animation 20: Write(MathTex('R_{xx}(0)=\\frac{1}{2\\pi}\\int_{-\\infty}^{\\infty}S_{xx}(j\\omega)\\,d\\omega \\;=\\; 
\\text{potencia total}')):  76%|#######5  | 91/120 [00:18<00:05,  5.03it/s]
Animation 20: Write(MathTex('R_{xx}(0)=\\frac{1}{2\\pi}\\int_{-\\infty}^{\\infty}S_{xx}(j\\omega)\\,d\\omega \\;=\\; 
\\text{potencia total}')):  77%|#######6  | 92/120 [00:18<00:05,  5.01it/s]
Animation 20: Write(MathTex('R_{xx}(0)=\\frac{1}{2\\pi}\\int_{-\\infty}^{\\infty}S_{xx}(j\\omega)\\,d\\omega \\;=\\; 
\\text{potencia total}')):  78%|#######7  | 93/120 [00:18<00:05,  5.01it/s]
Animation 20: Write(MathTex('R_{xx}(0)=\\frac{1}{2\\pi}\\int_{-\\infty}^{\\infty}S_{xx}(j\\omega)\\,d\\omega \\;=\\; 
\\text{potencia total}')):  78%|#######8  | 94/120 [00:18<00:05,  5.05it/s]
Animation 20: Write(MathTex('R_{xx}(0)=\\frac{1}{2\\pi}\\int_{-\\infty}^{\\infty}S_{xx}(j\\omega)\\,d\\omega \\;=\\; 
\\text{potencia total}')):  79%|#######9  | 95/120 [00:18<00:04,  5.11it/s]
Animation 20: Write(MathTex('R_{xx}(0)=\\frac{1}{2\\pi}\\int_{-\\infty}^{\\infty}S_{xx}(j\\omega)\\,d\\omega \\;=\\; 
\\text{potencia total}')):  80%|########  | 96/120 [00:19<00:04,  5.08it/s]
Animation 20: Write(MathTex('R_{xx}(0)=\\frac{1}{2\\pi}\\int_{-\\infty}^{\\infty}S_{xx}(j\\omega)\\,d\\omega \\;=\\; 
\\text{potencia total}')):  81%|########  | 97/120 [00:19<00:04,  5.07it/s]
Animation 20: Write(MathTex('R_{xx}(0)=\\frac{1}{2\\pi}\\int_{-\\infty}^{\\infty}S_{xx}(j\\omega)\\,d\\omega \\;=\\; 
\\text{potencia total}')):  82%|########1 | 98/120 [00:19<00:04,  5.03it/s]
Animation 20: Write(MathTex('R_{xx}(0)=\\frac{1}{2\\pi}\\int_{-\\infty}^{\\infty}S_{xx}(j\\omega)\\,d\\omega \\;=\\; 
\\text{potencia total}')):  82%|########2 | 99/120 [00:19<00:04,  5.02it/s]
Animation 20: Write(MathTex('R_{xx}(0)=\\frac{1}{2\\pi}\\int_{-\\infty}^{\\infty}S_{xx}(j\\omega)\\,d\\omega \\;=\\; 
\\text{potencia total}')):  83%|########3 | 100/120 [00:19<00:03,  5.02it/s]
Animation 20: Write(MathTex('R_{xx}(0)=\\frac{1}{2\\pi}\\int_{-\\infty}^{\\infty}S_{xx}(j\\omega)\\,d\\omega \\;=\\; 
\\text{potencia total}')):  84%|########4 | 101/120 [00:20<00:03,  5.01it/s]
Animation 20: Write(MathTex('R_{xx}(0)=\\frac{1}{2\\pi}\\int_{-\\infty}^{\\infty}S_{xx}(j\\omega)\\,d\\omega \\;=\\; 
\\text{potencia total}')):  85%|########5 | 102/120 [00:20<00:03,  5.02it/s]
Animation 20: Write(MathTex('R_{xx}(0)=\\frac{1}{2\\pi}\\int_{-\\infty}^{\\infty}S_{xx}(j\\omega)\\,d\\omega \\;=\\; 
\\text{potencia total}')):  86%|########5 | 103/120 [00:20<00:03,  4.98it/s]
Animation 20: Write(MathTex('R_{xx}(0)=\\frac{1}{2\\pi}\\int_{-\\infty}^{\\infty}S_{xx}(j\\omega)\\,d\\omega \\;=\\; 
\\text{potencia total}')):  87%|########6 | 104/120 [00:20<00:03,  4.98it/s]
Animation 20: Write(MathTex('R_{xx}(0)=\\frac{1}{2\\pi}\\int_{-\\infty}^{\\infty}S_{xx}(j\\omega)\\,d\\omega \\;=\\; 
\\text{potencia total}')):  88%|########7 | 105/120 [00:20<00:03,  4.97it/s]
Animation 20: Write(MathTex('R_{xx}(0)=\\frac{1}{2\\pi}\\int_{-\\infty}^{\\infty}S_{xx}(j\\omega)\\,d\\omega \\;=\\; 
\\text{potencia total}')):  88%|########8 | 106/120 [00:21<00:02,  5.02it/s]
Animation 20: Write(MathTex('R_{xx}(0)=\\frac{1}{2\\pi}\\int_{-\\infty}^{\\infty}S_{xx}(j\\omega)\\,d\\omega \\;=\\; 
\\text{potencia total}')):  89%|########9 | 107/120 [00:21<00:02,  5.02it/s]
Animation 20: Write(MathTex('R_{xx}(0)=\\frac{1}{2\\pi}\\int_{-\\infty}^{\\infty}S_{xx}(j\\omega)\\,d\\omega \\;=\\; 
\\text{potencia total}')):  90%|######### | 108/120 [00:21<00:02,  4.86it/s]
Animation 20: Write(MathTex('R_{xx}(0)=\\frac{1}{2\\pi}\\int_{-\\infty}^{\\infty}S_{xx}(j\\omega)\\,d\\omega \\;=\\; 
\\text{potencia total}')):  91%|######### | 109/120 [00:21<00:02,  4.93it/s]
Animation 20: Write(MathTex('R_{xx}(0)=\\frac{1}{2\\pi}\\int_{-\\infty}^{\\infty}S_{xx}(j\\omega)\\,d\\omega \\;=\\; 
\\text{potencia total}')):  92%|#########1| 110/120 [00:21<00:02,  4.95it/s]
Animation 20: Write(MathTex('R_{xx}(0)=\\frac{1}{2\\pi}\\int_{-\\infty}^{\\infty}S_{xx}(j\\omega)\\,d\\omega \\;=\\; 
\\text{potencia total}')):  92%|#########2| 111/120 [00:22<00:01,  4.97it/s]
Animation 20: Write(MathTex('R_{xx}(0)=\\frac{1}{2\\pi}\\int_{-\\infty}^{\\infty}S_{xx}(j\\omega)\\,d\\omega \\;=\\; 
\\text{potencia total}')):  93%|#########3| 112/120 [00:22<00:01,  4.98it/s]
Animation 20: Write(MathTex('R_{xx}(0)=\\frac{1}{2\\pi}\\int_{-\\infty}^{\\infty}S_{xx}(j\\omega)\\,d\\omega \\;=\\; 
\\text{potencia total}')):  94%|#########4| 113/120 [00:22<00:01,  4.94it/s]
Animation 20: Write(MathTex('R_{xx}(0)=\\frac{1}{2\\pi}\\int_{-\\infty}^{\\infty}S_{xx}(j\\omega)\\,d\\omega \\;=\\; 
\\text{potencia total}')):  95%|#########5| 114/120 [00:22<00:01,  5.00it/s]
Animation 20: Write(MathTex('R_{xx}(0)=\\frac{1}{2\\pi}\\int_{-\\infty}^{\\infty}S_{xx}(j\\omega)\\,d\\omega \\;=\\; 
\\text{potencia total}')):  96%|#########5| 115/120 [00:22<00:01,  5.00it/s]
Animation 20: Write(MathTex('R_{xx}(0)=\\frac{1}{2\\pi}\\int_{-\\infty}^{\\infty}S_{xx}(j\\omega)\\,d\\omega \\;=\\; 
\\text{potencia total}')):  97%|#########6| 116/120 [00:23<00:00,  5.00it/s]
Animation 20: Write(MathTex('R_{xx}(0)=\\frac{1}{2\\pi}\\int_{-\\infty}^{\\infty}S_{xx}(j\\omega)\\,d\\omega \\;=\\; 
\\text{potencia total}')):  98%|#########7| 117/120 [00:23<00:00,  4.91it/s]
Animation 20: Write(MathTex('R_{xx}(0)=\\frac{1}{2\\pi}\\int_{-\\infty}^{\\infty}S_{xx}(j\\omega)\\,d\\omega \\;=\\; 
\\text{potencia total}')):  98%|#########8| 118/120 [00:23<00:00,  4.92it/s]
Animation 20: Write(MathTex('R_{xx}(0)=\\frac{1}{2\\pi}\\int_{-\\infty}^{\\infty}S_{xx}(j\\omega)\\,d\\omega \\;=\\; 
\\text{potencia total}')):  99%|#########9| 119/120 [00:23<00:00,  4.86it/s]
Animation 20: Write(MathTex('R_{xx}(0)=\\frac{1}{2\\pi}\\int_{-\\infty}^{\\infty}S_{xx}(j\\omega)\\,d\\omega \\;=\\; 
\\text{potencia total}')): 100%|##########| 120/120 [00:23<00:00,  4.89it/s]
[09/08/26 20:30:34] INFO     Animation 20 : Partial    scene_file_writer.py:192
                             movie file written in                             
                             'C:\Users\Nacho\Documents                         
                             \Animaciones\Capitulo                             
                             11\media\videos\s03_duali                         
                             dad\1080p60\partial_movie                         
                             _files\Dualidad\293244094                         
                             9_41516238_1343261430.mp4                         
                             '                                                 
[09/08/26 20:30:35] INFO     Animation 21 : Partial    scene_file_writer.py:192
                             movie file written in                             
                             'C:\Users\Nacho\Documents                         
                             \Animaciones\Capitulo                             
                             11\media\videos\s03_duali                         
                             dad\1080p60\partial_movie                         
                             _files\Dualidad\293244094                         
                             9_125152860_452055340.mp4                         
                             '                                                 
                                                                                                                       
                                                                          

Animation 22: FadeIn(Text('se ensancha o se angosta, pero el área total no cambia')):   0%|          | 0/60 [00:00<?, 
?it/s]
Animation 22: FadeIn(Text('se ensancha o se angosta, pero el área total no cambia')):   2%|1         | 1/60 
[00:00<00:11,  5.20it/s]
Animation 22: FadeIn(Text('se ensancha o se angosta, pero el área total no cambia')):   3%|3         | 2/60 
[00:00<00:11,  5.23it/s]
Animation 22: FadeIn(Text('se ensancha o se angosta, pero el área total no cambia')):   5%|5         | 3/60 
[00:00<00:11,  5.12it/s]
Animation 22: FadeIn(Text('se ensancha o se angosta, pero el área total no cambia')):   7%|6         | 4/60 
[00:00<00:11,  5.06it/s]
Animation 22: FadeIn(Text('se ensancha o se angosta, pero el área total no cambia')):   8%|8         | 5/60 
[00:00<00:10,  5.21it/s]
Animation 22: FadeIn(Text('se ensancha o se angosta, pero el área total no cambia')):  10%|#         | 6/60 
[00:01<00:10,  5.02it/s]
Animation 22: FadeIn(Text('se ensancha o se angosta, pero el área total no cambia')):  12%|#1        | 7/60 
[00:01<00:10,  5.05it/s]
Animation 22: FadeIn(Text('se ensancha o se angosta, pero el área total no cambia')):  13%|#3        | 8/60 
[00:01<00:10,  5.07it/s]
Animation 22: FadeIn(Text('se ensancha o se angosta, pero el área total no cambia')):  15%|#5        | 9/60 
[00:01<00:09,  5.14it/s]
Animation 22: FadeIn(Text('se ensancha o se angosta, pero el área total no cambia')):  17%|#6        | 10/60 
[00:01<00:09,  5.16it/s]
Animation 22: FadeIn(Text('se ensancha o se angosta, pero el área total no cambia')):  18%|#8        | 11/60 
[00:02<00:09,  5.26it/s]
Animation 22: FadeIn(Text('se ensancha o se angosta, pero el área total no cambia')):  20%|##        | 12/60 
[00:02<00:09,  5.18it/s]
Animation 22: FadeIn(Text('se ensancha o se angosta, pero el área total no cambia')):  22%|##1       | 13/60 
[00:02<00:08,  5.26it/s]
Animation 22: FadeIn(Text('se ensancha o se angosta, pero el área total no cambia')):  23%|##3       | 14/60 
[00:02<00:08,  5.16it/s]
Animation 22: FadeIn(Text('se ensancha o se angosta, pero el área total no cambia')):  25%|##5       | 15/60 
[00:02<00:08,  5.09it/s]
Animation 22: FadeIn(Text('se ensancha o se angosta, pero el área total no cambia')):  27%|##6       | 16/60 
[00:03<00:08,  5.10it/s]
Animation 22: FadeIn(Text('se ensancha o se angosta, pero el área total no cambia')):  28%|##8       | 17/60 
[00:03<00:08,  5.12it/s]
Animation 22: FadeIn(Text('se ensancha o se angosta, pero el área total no cambia')):  30%|###       | 18/60 
[00:03<00:08,  5.17it/s]
Animation 22: FadeIn(Text('se ensancha o se angosta, pero el área total no cambia')):  32%|###1      | 19/60 
[00:03<00:08,  5.11it/s]
Animation 22: FadeIn(Text('se ensancha o se angosta, pero el área total no cambia')):  33%|###3      | 20/60 
[00:03<00:07,  5.08it/s]
Animation 22: FadeIn(Text('se ensancha o se angosta, pero el área total no cambia')):  35%|###5      | 21/60 
[00:04<00:07,  5.12it/s]
Animation 22: FadeIn(Text('se ensancha o se angosta, pero el área total no cambia')):  37%|###6      | 22/60 
[00:04<00:07,  5.08it/s]
Animation 22: FadeIn(Text('se ensancha o se angosta, pero el área total no cambia')):  38%|###8      | 23/60 
[00:04<00:07,  5.07it/s]
Animation 22: FadeIn(Text('se ensancha o se angosta, pero el área total no cambia')):  40%|####      | 24/60 
[00:04<00:07,  5.09it/s]
Animation 22: FadeIn(Text('se ensancha o se angosta, pero el área total no cambia')):  42%|####1     | 25/60 
[00:04<00:06,  5.08it/s]
Animation 22: FadeIn(Text('se ensancha o se angosta, pero el área total no cambia')):  43%|####3     | 26/60 
[00:05<00:06,  5.05it/s]
Animation 22: FadeIn(Text('se ensancha o se angosta, pero el área total no cambia')):  45%|####5     | 27/60 
[00:05<00:06,  5.04it/s]
Animation 22: FadeIn(Text('se ensancha o se angosta, pero el área total no cambia')):  47%|####6     | 28/60 
[00:05<00:06,  5.15it/s]
Animation 22: FadeIn(Text('se ensancha o se angosta, pero el área total no cambia')):  48%|####8     | 29/60 
[00:05<00:06,  5.11it/s]
Animation 22: FadeIn(Text('se ensancha o se angosta, pero el área total no cambia')):  50%|#####     | 30/60 
[00:05<00:05,  5.07it/s]
Animation 22: FadeIn(Text('se ensancha o se angosta, pero el área total no cambia')):  52%|#####1    | 31/60 
[00:06<00:05,  5.05it/s]
Animation 22: FadeIn(Text('se ensancha o se angosta, pero el área total no cambia')):  53%|#####3    | 32/60 
[00:06<00:05,  5.04it/s]
Animation 22: FadeIn(Text('se ensancha o se angosta, pero el área total no cambia')):  55%|#####5    | 33/60 
[00:06<00:05,  5.03it/s]
Animation 22: FadeIn(Text('se ensancha o se angosta, pero el área total no cambia')):  57%|#####6    | 34/60 
[00:06<00:05,  5.02it/s]
Animation 22: FadeIn(Text('se ensancha o se angosta, pero el área total no cambia')):  58%|#####8    | 35/60 
[00:06<00:05,  4.93it/s]
Animation 22: FadeIn(Text('se ensancha o se angosta, pero el área total no cambia')):  60%|######    | 36/60 
[00:07<00:04,  4.91it/s]
Animation 22: FadeIn(Text('se ensancha o se angosta, pero el área total no cambia')):  62%|######1   | 37/60 
[00:07<00:04,  4.82it/s]
Animation 22: FadeIn(Text('se ensancha o se angosta, pero el área total no cambia')):  63%|######3   | 38/60 
[00:07<00:04,  4.79it/s]
Animation 22: FadeIn(Text('se ensancha o se angosta, pero el área total no cambia')):  65%|######5   | 39/60 
[00:07<00:04,  4.78it/s]
Animation 22: FadeIn(Text('se ensancha o se angosta, pero el área total no cambia')):  67%|######6   | 40/60 
[00:07<00:04,  4.74it/s]
Animation 22: FadeIn(Text('se ensancha o se angosta, pero el área total no cambia')):  68%|######8   | 41/60 
[00:08<00:04,  4.73it/s]
Animation 22: FadeIn(Text('se ensancha o se angosta, pero el área total no cambia')):  70%|#######   | 42/60 
[00:08<00:03,  4.69it/s]
Animation 22: FadeIn(Text('se ensancha o se angosta, pero el área total no cambia')):  72%|#######1  | 43/60 
[00:08<00:03,  4.56it/s]
Animation 22: FadeIn(Text('se ensancha o se angosta, pero el área total no cambia')):  73%|#######3  | 44/60 
[00:08<00:03,  4.69it/s]
Animation 22: FadeIn(Text('se ensancha o se angosta, pero el área total no cambia')):  75%|#######5  | 45/60 
[00:08<00:03,  4.78it/s]
Animation 22: FadeIn(Text('se ensancha o se angosta, pero el área total no cambia')):  77%|#######6  | 46/60 
[00:09<00:02,  4.73it/s]
Animation 22: FadeIn(Text('se ensancha o se angosta, pero el área total no cambia')):  78%|#######8  | 47/60 
[00:09<00:02,  4.80it/s]
Animation 22: FadeIn(Text('se ensancha o se angosta, pero el área total no cambia')):  80%|########  | 48/60 
[00:09<00:02,  4.98it/s]
Animation 22: FadeIn(Text('se ensancha o se angosta, pero el área total no cambia')):  82%|########1 | 49/60 
[00:09<00:02,  4.99it/s]
Animation 22: FadeIn(Text('se ensancha o se angosta, pero el área total no cambia')):  83%|########3 | 50/60 
[00:09<00:02,  4.99it/s]
Animation 22: FadeIn(Text('se ensancha o se angosta, pero el área total no cambia')):  85%|########5 | 51/60 
[00:10<00:01,  4.99it/s]
Animation 22: FadeIn(Text('se ensancha o se angosta, pero el área total no cambia')):  87%|########6 | 52/60 
[00:10<00:01,  5.04it/s]
Animation 22: FadeIn(Text('se ensancha o se angosta, pero el área total no cambia')):  88%|########8 | 53/60 
[00:10<00:01,  5.00it/s]
Animation 22: FadeIn(Text('se ensancha o se angosta, pero el área total no cambia')):  90%|######### | 54/60 
[00:10<00:01,  4.86it/s]
Animation 22: FadeIn(Text('se ensancha o se angosta, pero el área total no cambia')):  92%|#########1| 55/60 
[00:11<00:01,  4.90it/s]
Animation 22: FadeIn(Text('se ensancha o se angosta, pero el área total no cambia')):  93%|#########3| 56/60 
[00:11<00:00,  4.94it/s]
Animation 22: FadeIn(Text('se ensancha o se angosta, pero el área total no cambia')):  95%|#########5| 57/60 
[00:11<00:00,  4.95it/s]
Animation 22: FadeIn(Text('se ensancha o se angosta, pero el área total no cambia')):  97%|#########6| 58/60 
[00:11<00:00,  4.97it/s]
Animation 22: FadeIn(Text('se ensancha o se angosta, pero el área total no cambia')):  98%|#########8| 59/60 
[00:11<00:00,  4.97it/s]
Animation 22: FadeIn(Text('se ensancha o se angosta, pero el área total no cambia')): 100%|##########| 60/60 
[00:12<00:00,  4.97it/s]
[09/08/26 20:30:47] INFO     Animation 22 : Partial    scene_file_writer.py:192
                             movie file written in                             
                             'C:\Users\Nacho\Documents                         
                             \Animaciones\Capitulo                             
                             11\media\videos\s03_duali                         
                             dad\1080p60\partial_movie                         
                             _files\Dualidad\293244094                         
                             9_3890605889_4280568737.m                         
                             p4'                                               
[09/08/26 20:30:49] INFO     Animation 23 : Partial    scene_file_writer.py:192
                             movie file written in                             
                             'C:\Users\Nacho\Documents                         
                             \Animaciones\Capitulo                             
                             11\media\videos\s03_duali                         
                             dad\1080p60\partial_movie                         
                             _files\Dualidad\293244094                         
                             9_3580093213_2550480378.m                         
                             p4'                                               
                                                                                                                       
              

Animation 24: FadeOut(VGroup of 5 submobjects):   0%|          | 0/60 [00:00<?, ?it/s]
Animation 24: FadeOut(VGroup of 5 submobjects):   2%|1         | 1/60 [00:00<00:11,  5.15it/s]
Animation 24: FadeOut(VGroup of 5 submobjects):   3%|3         | 2/60 [00:00<00:12,  4.80it/s]
Animation 24: FadeOut(VGroup of 5 submobjects):   5%|5         | 3/60 [00:00<00:12,  4.65it/s]
Animation 24: FadeOut(VGroup of 5 submobjects):   7%|6         | 4/60 [00:00<00:11,  4.71it/s]
Animation 24: FadeOut(VGroup of 5 submobjects):   8%|8         | 5/60 [00:01<00:11,  4.81it/s]
Animation 24: FadeOut(VGroup of 5 submobjects):  10%|#         | 6/60 [00:01<00:11,  4.74it/s]
Animation 24: FadeOut(VGroup of 5 submobjects):  12%|#1        | 7/60 [00:01<00:11,  4.78it/s]
Animation 24: FadeOut(VGroup of 5 submobjects):  13%|#3        | 8/60 [00:01<00:10,  4.77it/s]
Animation 24: FadeOut(VGroup of 5 submobjects):  15%|#5        | 9/60 [00:01<00:10,  4.84it/s]
Animation 24: FadeOut(VGroup of 5 submobjects):  17%|#6        | 10/60 [00:02<00:10,  4.77it/s]
Animation 24: FadeOut(VGroup of 5 submobjects):  18%|#8        | 11/60 [00:02<00:10,  4.66it/s]
Animation 24: FadeOut(VGroup of 5 submobjects):  20%|##        | 12/60 [00:02<00:10,  4.68it/s]
Animation 24: FadeOut(VGroup of 5 submobjects):  22%|##1       | 13/60 [00:02<00:09,  4.74it/s]
Animation 24: FadeOut(VGroup of 5 submobjects):  23%|##3       | 14/60 [00:02<00:09,  4.71it/s]
Animation 24: FadeOut(VGroup of 5 submobjects):  25%|##5       | 15/60 [00:03<00:09,  4.73it/s]
Animation 24: FadeOut(VGroup of 5 submobjects):  27%|##6       | 16/60 [00:03<00:09,  4.70it/s]
Animation 24: FadeOut(VGroup of 5 submobjects):  28%|##8       | 17/60 [00:03<00:09,  4.67it/s]
Animation 24: FadeOut(VGroup of 5 submobjects):  30%|###       | 18/60 [00:03<00:08,  4.67it/s]
Animation 24: FadeOut(VGroup of 5 submobjects):  32%|###1      | 19/60 [00:04<00:08,  4.65it/s]
Animation 24: FadeOut(VGroup of 5 submobjects):  33%|###3      | 20/60 [00:04<00:08,  4.62it/s]
Animation 24: FadeOut(VGroup of 5 submobjects):  35%|###5      | 21/60 [00:04<00:08,  4.74it/s]
Animation 24: FadeOut(VGroup of 5 submobjects):  37%|###6      | 22/60 [00:04<00:08,  4.70it/s]
Animation 24: FadeOut(VGroup of 5 submobjects):  38%|###8      | 23/60 [00:04<00:07,  4.69it/s]
Animation 24: FadeOut(VGroup of 5 submobjects):  40%|####      | 24/60 [00:05<00:07,  4.76it/s]
Animation 24: FadeOut(VGroup of 5 submobjects):  42%|####1     | 25/60 [00:05<00:07,  4.72it/s]
Animation 24: FadeOut(VGroup of 5 submobjects):  43%|####3     | 26/60 [00:05<00:07,  4.79it/s]
Animation 24: FadeOut(VGroup of 5 submobjects):  45%|####5     | 27/60 [00:05<00:06,  4.74it/s]
Animation 24: FadeOut(VGroup of 5 submobjects):  47%|####6     | 28/60 [00:05<00:06,  4.71it/s]
Animation 24: FadeOut(VGroup of 5 submobjects):  48%|####8     | 29/60 [00:06<00:06,  4.68it/s]
Animation 24: FadeOut(VGroup of 5 submobjects):  50%|#####     | 30/60 [00:06<00:06,  4.66it/s]
Animation 24: FadeOut(VGroup of 5 submobjects):  52%|#####1    | 31/60 [00:06<00:06,  4.54it/s]
Animation 24: FadeOut(VGroup of 5 submobjects):  53%|#####3    | 32/60 [00:06<00:06,  4.56it/s]
Animation 24: FadeOut(VGroup of 5 submobjects):  55%|#####5    | 33/60 [00:07<00:05,  4.58it/s]
Animation 24: FadeOut(VGroup of 5 submobjects):  57%|#####6    | 34/60 [00:07<00:05,  4.70it/s]
Animation 24: FadeOut(VGroup of 5 submobjects):  58%|#####8    | 35/60 [00:07<00:05,  4.67it/s]
Animation 24: FadeOut(VGroup of 5 submobjects):  60%|######    | 36/60 [00:07<00:05,  4.57it/s]
Animation 24: FadeOut(VGroup of 5 submobjects):  62%|######1   | 37/60 [00:07<00:04,  4.66it/s]
Animation 24: FadeOut(VGroup of 5 submobjects):  63%|######3   | 38/60 [00:08<00:04,  4.66it/s]
Animation 24: FadeOut(VGroup of 5 submobjects):  65%|######5   | 39/60 [00:08<00:04,  4.65it/s]
Animation 24: FadeOut(VGroup of 5 submobjects):  67%|######6   | 40/60 [00:08<00:04,  4.64it/s]
Animation 24: FadeOut(VGroup of 5 submobjects):  68%|######8   | 41/60 [00:08<00:04,  4.62it/s]
Animation 24: FadeOut(VGroup of 5 submobjects):  70%|#######   | 42/60 [00:08<00:03,  4.61it/s]
Animation 24: FadeOut(VGroup of 5 submobjects):  72%|#######1  | 43/60 [00:09<00:03,  4.50it/s]
Animation 24: FadeOut(VGroup of 5 submobjects):  73%|#######3  | 44/60 [00:09<00:03,  4.55it/s]
Animation 24: FadeOut(VGroup of 5 submobjects):  75%|#######5  | 45/60 [00:09<00:03,  4.56it/s]
Animation 24: FadeOut(VGroup of 5 submobjects):  77%|#######6  | 46/60 [00:09<00:03,  4.50it/s]
Animation 24: FadeOut(VGroup of 5 submobjects):  78%|#######8  | 47/60 [00:10<00:02,  4.52it/s]
Animation 24: FadeOut(VGroup of 5 submobjects):  80%|########  | 48/60 [00:10<00:02,  4.55it/s]
Animation 24: FadeOut(VGroup of 5 submobjects):  82%|########1 | 49/60 [00:10<00:02,  4.57it/s]
Animation 24: FadeOut(VGroup of 5 submobjects):  83%|########3 | 50/60 [00:10<00:02,  4.49it/s]
Animation 24: FadeOut(VGroup of 5 submobjects):  85%|########5 | 51/60 [00:10<00:01,  4.51it/s]
Animation 24: FadeOut(VGroup of 5 submobjects):  87%|########6 | 52/60 [00:11<00:01,  4.51it/s]
Animation 24: FadeOut(VGroup of 5 submobjects):  88%|########8 | 53/60 [00:11<00:01,  4.57it/s]
Animation 24: FadeOut(VGroup of 5 submobjects):  90%|######### | 54/60 [00:11<00:01,  4.59it/s]
Animation 24: FadeOut(VGroup of 5 submobjects):  92%|#########1| 55/60 [00:11<00:01,  4.59it/s]
Animation 24: FadeOut(VGroup of 5 submobjects):  93%|#########3| 56/60 [00:12<00:00,  4.57it/s]
Animation 24: FadeOut(VGroup of 5 submobjects):  95%|#########5| 57/60 [00:12<00:00,  4.63it/s]
Animation 24: FadeOut(VGroup of 5 submobjects):  97%|#########6| 58/60 [00:12<00:00,  4.57it/s]
Animation 24: FadeOut(VGroup of 5 submobjects):  98%|#########8| 59/60 [00:12<00:00,  4.60it/s]
Animation 24: FadeOut(VGroup of 5 submobjects): 100%|##########| 60/60 [00:12<00:00,  4.64it/s]
[09/08/26 20:31:02] INFO     Animation 24 : Partial    scene_file_writer.py:192
                             movie file written in                             
                             'C:\Users\Nacho\Documents                         
                             \Animaciones\Capitulo                             
                             11\media\videos\s03_duali                         
                             dad\1080p60\partial_movie                         
                             _files\Dualidad\293244094                         
                             9_1375571011_2331461121.m                         
                             p4'                                               
                                                                                               

Animation 25: FadeIn(VGroup of 3 submobjects):   0%|          | 0/60 [00:00<?, ?it/s]
Animation 25: FadeIn(VGroup of 3 submobjects):   2%|1         | 1/60 [00:00<00:11,  5.36it/s]
Animation 25: FadeIn(VGroup of 3 submobjects):   3%|3         | 2/60 [00:00<00:10,  5.32it/s]
Animation 25: FadeIn(VGroup of 3 submobjects):   5%|5         | 3/60 [00:00<00:10,  5.50it/s]
Animation 25: FadeIn(VGroup of 3 submobjects):   7%|6         | 4/60 [00:00<00:10,  5.23it/s]
Animation 25: FadeIn(VGroup of 3 submobjects):   8%|8         | 5/60 [00:00<00:10,  5.27it/s]
Animation 25: FadeIn(VGroup of 3 submobjects):  10%|#         | 6/60 [00:01<00:10,  5.27it/s]
Animation 25: FadeIn(VGroup of 3 submobjects):  12%|#1        | 7/60 [00:01<00:09,  5.33it/s]
Animation 25: FadeIn(VGroup of 3 submobjects):  13%|#3        | 8/60 [00:01<00:09,  5.31it/s]
Animation 25: FadeIn(VGroup of 3 submobjects):  15%|#5        | 9/60 [00:01<00:09,  5.40it/s]
Animation 25: FadeIn(VGroup of 3 submobjects):  17%|#6        | 10/60 [00:01<00:09,  5.42it/s]
Animation 25: FadeIn(VGroup of 3 submobjects):  18%|#8        | 11/60 [00:02<00:09,  5.29it/s]
Animation 25: FadeIn(VGroup of 3 submobjects):  20%|##        | 12/60 [00:02<00:09,  5.26it/s]
Animation 25: FadeIn(VGroup of 3 submobjects):  22%|##1       | 13/60 [00:02<00:08,  5.25it/s]
Animation 25: FadeIn(VGroup of 3 submobjects):  23%|##3       | 14/60 [00:02<00:08,  5.31it/s]
Animation 25: FadeIn(VGroup of 3 submobjects):  25%|##5       | 15/60 [00:02<00:08,  5.35it/s]
Animation 25: FadeIn(VGroup of 3 submobjects):  27%|##6       | 16/60 [00:03<00:08,  5.24it/s]
Animation 25: FadeIn(VGroup of 3 submobjects):  28%|##8       | 17/60 [00:03<00:08,  5.30it/s]
Animation 25: FadeIn(VGroup of 3 submobjects):  30%|###       | 18/60 [00:03<00:07,  5.27it/s]
Animation 25: FadeIn(VGroup of 3 submobjects):  32%|###1      | 19/60 [00:03<00:07,  5.26it/s]
Animation 25: FadeIn(VGroup of 3 submobjects):  33%|###3      | 20/60 [00:03<00:07,  5.28it/s]
Animation 25: FadeIn(VGroup of 3 submobjects):  35%|###5      | 21/60 [00:03<00:07,  5.29it/s]
Animation 25: FadeIn(VGroup of 3 submobjects):  37%|###6      | 22/60 [00:04<00:07,  5.31it/s]
Animation 25: FadeIn(VGroup of 3 submobjects):  38%|###8      | 23/60 [00:04<00:07,  5.28it/s]
Animation 25: FadeIn(VGroup of 3 submobjects):  40%|####      | 24/60 [00:04<00:06,  5.28it/s]
Animation 25: FadeIn(VGroup of 3 submobjects):  42%|####1     | 25/60 [00:04<00:06,  5.42it/s]
Animation 25: FadeIn(VGroup of 3 submobjects):  43%|####3     | 26/60 [00:04<00:06,  5.30it/s]
Animation 25: FadeIn(VGroup of 3 submobjects):  45%|####5     | 27/60 [00:05<00:06,  5.35it/s]
Animation 25: FadeIn(VGroup of 3 submobjects):  47%|####6     | 28/60 [00:05<00:05,  5.37it/s]
Animation 25: FadeIn(VGroup of 3 submobjects):  48%|####8     | 29/60 [00:05<00:05,  5.28it/s]
Animation 25: FadeIn(VGroup of 3 submobjects):  50%|#####     | 30/60 [00:05<00:05,  5.28it/s]
Animation 25: FadeIn(VGroup of 3 submobjects):  52%|#####1    | 31/60 [00:05<00:05,  5.35it/s]
Animation 25: FadeIn(VGroup of 3 submobjects):  53%|#####3    | 32/60 [00:06<00:05,  5.24it/s]
Animation 25: FadeIn(VGroup of 3 submobjects):  55%|#####5    | 33/60 [00:06<00:05,  5.30it/s]
Animation 25: FadeIn(VGroup of 3 submobjects):  57%|#####6    | 34/60 [00:06<00:04,  5.32it/s]
Animation 25: FadeIn(VGroup of 3 submobjects):  58%|#####8    | 35/60 [00:06<00:04,  5.39it/s]
Animation 25: FadeIn(VGroup of 3 submobjects):  60%|######    | 36/60 [00:06<00:04,  5.41it/s]
Animation 25: FadeIn(VGroup of 3 submobjects):  62%|######1   | 37/60 [00:06<00:04,  5.39it/s]
Animation 25: FadeIn(VGroup of 3 submobjects):  63%|######3   | 38/60 [00:07<00:04,  5.25it/s]
Animation 25: FadeIn(VGroup of 3 submobjects):  65%|######5   | 39/60 [00:07<00:03,  5.25it/s]
Animation 25: FadeIn(VGroup of 3 submobjects):  67%|######6   | 40/60 [00:07<00:03,  5.32it/s]
Animation 25: FadeIn(VGroup of 3 submobjects):  68%|######8   | 41/60 [00:07<00:03,  5.31it/s]
Animation 25: FadeIn(VGroup of 3 submobjects):  70%|#######   | 42/60 [00:07<00:03,  5.36it/s]
Animation 25: FadeIn(VGroup of 3 submobjects):  72%|#######1  | 43/60 [00:08<00:03,  5.25it/s]
Animation 25: FadeIn(VGroup of 3 submobjects):  73%|#######3  | 44/60 [00:08<00:03,  5.17it/s]
Animation 25: FadeIn(VGroup of 3 submobjects):  75%|#######5  | 45/60 [00:08<00:02,  5.12it/s]
Animation 25: FadeIn(VGroup of 3 submobjects):  77%|#######6  | 46/60 [00:08<00:02,  5.19it/s]
Animation 25: FadeIn(VGroup of 3 submobjects):  78%|#######8  | 47/60 [00:08<00:02,  5.16it/s]
Animation 25: FadeIn(VGroup of 3 submobjects):  80%|########  | 48/60 [00:09<00:02,  5.15it/s]
Animation 25: FadeIn(VGroup of 3 submobjects):  82%|########1 | 49/60 [00:09<00:02,  5.19it/s]
Animation 25: FadeIn(VGroup of 3 submobjects):  83%|########3 | 50/60 [00:09<00:01,  5.27it/s]
Animation 25: FadeIn(VGroup of 3 submobjects):  85%|########5 | 51/60 [00:09<00:01,  5.18it/s]
Animation 25: FadeIn(VGroup of 3 submobjects):  87%|########6 | 52/60 [00:09<00:01,  5.14it/s]
Animation 25: FadeIn(VGroup of 3 submobjects):  88%|########8 | 53/60 [00:10<00:01,  5.19it/s]
Animation 25: FadeIn(VGroup of 3 submobjects):  90%|######### | 54/60 [00:10<00:01,  5.19it/s]
Animation 25: FadeIn(VGroup of 3 submobjects):  92%|#########1| 55/60 [00:10<00:00,  5.22it/s]
Animation 25: FadeIn(VGroup of 3 submobjects):  93%|#########3| 56/60 [00:10<00:00,  5.20it/s]
Animation 25: FadeIn(VGroup of 3 submobjects):  95%|#########5| 57/60 [00:10<00:00,  5.17it/s]
Animation 25: FadeIn(VGroup of 3 submobjects):  97%|#########6| 58/60 [00:10<00:00,  5.19it/s]
Animation 25: FadeIn(VGroup of 3 submobjects):  98%|#########8| 59/60 [00:11<00:00,  5.14it/s]
Animation 25: FadeIn(VGroup of 3 submobjects): 100%|##########| 60/60 [00:11<00:00,  5.22it/s]
[09/08/26 20:31:14] INFO     Animation 25 : Partial    scene_file_writer.py:192
                             movie file written in                             
                             'C:\Users\Nacho\Documents                         
                             \Animaciones\Capitulo                             
                             11\media\videos\s03_duali                         
                             dad\1080p60\partial_movie                         
                             _files\Dualidad\293244094                         
                             9_1332928746_2671380226.m                         
                             p4'                                               
[09/08/26 20:31:15] INFO     Animation 26 : Partial    scene_file_writer.py:192
                             movie file written in                             
                             'C:\Users\Nacho\Documents                         
                             \Animaciones\Capitulo                             
                             11\media\videos\s03_duali                         
                             dad\1080p60\partial_movie                         
                             _files\Dualidad\293244094                         
                             9_499328632_3628009513.mp                         
                             4'                                                
                                                                                              

Animation 27: FadeOut(VGroup of 12 submobjects):   0%|          | 0/60 [00:00<?, ?it/s]
Animation 27: FadeOut(VGroup of 12 submobjects):   2%|1         | 1/60 [00:00<00:30,  1.95it/s]
Animation 27: FadeOut(VGroup of 12 submobjects):   3%|3         | 2/60 [00:01<00:31,  1.86it/s]
Animation 27: FadeOut(VGroup of 12 submobjects):   5%|5         | 3/60 [00:01<00:30,  1.87it/s]
Animation 27: FadeOut(VGroup of 12 submobjects):   7%|6         | 4/60 [00:02<00:30,  1.85it/s]
Animation 27: FadeOut(VGroup of 12 submobjects):   8%|8         | 5/60 [00:02<00:29,  1.87it/s]
Animation 27: FadeOut(VGroup of 12 submobjects):  10%|#         | 6/60 [00:03<00:29,  1.86it/s]
Animation 27: FadeOut(VGroup of 12 submobjects):  12%|#1        | 7/60 [00:03<00:28,  1.89it/s]
Animation 27: FadeOut(VGroup of 12 submobjects):  13%|#3        | 8/60 [00:04<00:27,  1.90it/s]
Animation 27: FadeOut(VGroup of 12 submobjects):  15%|#5        | 9/60 [00:04<00:26,  1.90it/s]
Animation 27: FadeOut(VGroup of 12 submobjects):  17%|#6        | 10/60 [00:05<00:26,  1.90it/s]
Animation 27: FadeOut(VGroup of 12 submobjects):  18%|#8        | 11/60 [00:05<00:26,  1.88it/s]
Animation 27: FadeOut(VGroup of 12 submobjects):  20%|##        | 12/60 [00:06<00:25,  1.88it/s]
Animation 27: FadeOut(VGroup of 12 submobjects):  22%|##1       | 13/60 [00:06<00:25,  1.86it/s]
Animation 27: FadeOut(VGroup of 12 submobjects):  23%|##3       | 14/60 [00:07<00:24,  1.88it/s]
Animation 27: FadeOut(VGroup of 12 submobjects):  25%|##5       | 15/60 [00:07<00:23,  1.88it/s]
Animation 27: FadeOut(VGroup of 12 submobjects):  27%|##6       | 16/60 [00:08<00:23,  1.85it/s]
Animation 27: FadeOut(VGroup of 12 submobjects):  28%|##8       | 17/60 [00:09<00:23,  1.85it/s]
Animation 27: FadeOut(VGroup of 12 submobjects):  30%|###       | 18/60 [00:09<00:22,  1.86it/s]
Animation 27: FadeOut(VGroup of 12 submobjects):  32%|###1      | 19/60 [00:10<00:22,  1.84it/s]
Animation 27: FadeOut(VGroup of 12 submobjects):  33%|###3      | 20/60 [00:10<00:22,  1.77it/s]
Animation 27: FadeOut(VGroup of 12 submobjects):  35%|###5      | 21/60 [00:11<00:21,  1.80it/s]
Animation 27: FadeOut(VGroup of 12 submobjects):  37%|###6      | 22/60 [00:11<00:21,  1.81it/s]
Animation 27: FadeOut(VGroup of 12 submobjects):  38%|###8      | 23/60 [00:12<00:20,  1.81it/s]
Animation 27: FadeOut(VGroup of 12 submobjects):  40%|####      | 24/60 [00:12<00:19,  1.81it/s]
Animation 27: FadeOut(VGroup of 12 submobjects):  42%|####1     | 25/60 [00:13<00:19,  1.78it/s]
Animation 27: FadeOut(VGroup of 12 submobjects):  43%|####3     | 26/60 [00:14<00:18,  1.79it/s]
Animation 27: FadeOut(VGroup of 12 submobjects):  45%|####5     | 27/60 [00:14<00:18,  1.80it/s]
Animation 27: FadeOut(VGroup of 12 submobjects):  47%|####6     | 28/60 [00:15<00:17,  1.80it/s]
Animation 27: FadeOut(VGroup of 12 submobjects):  48%|####8     | 29/60 [00:15<00:17,  1.77it/s]
Animation 27: FadeOut(VGroup of 12 submobjects):  50%|#####     | 30/60 [00:16<00:16,  1.77it/s]
Animation 27: FadeOut(VGroup of 12 submobjects):  52%|#####1    | 31/60 [00:19<00:35,  1.22s/it]
Animation 27: FadeOut(VGroup of 12 submobjects):  53%|#####3    | 32/60 [00:22<00:50,  1.80s/it]
Animation 27: FadeOut(VGroup of 12 submobjects):  55%|#####5    | 33/60 [00:25<00:56,  2.08s/it]
Animation 27: FadeOut(VGroup of 12 submobjects):  57%|#####6    | 34/60 [00:28<01:02,  2.40s/it]
Animation 27: FadeOut(VGroup of 12 submobjects):  58%|#####8    | 35/60 [00:31<01:05,  2.62s/it]
Animation 27: FadeOut(VGroup of 12 submobjects):  60%|######    | 36/60 [00:34<01:06,  2.79s/it]
Animation 27: FadeOut(VGroup of 12 submobjects):  62%|######1   | 37/60 [00:37<01:06,  2.91s/it]
Animation 27: FadeOut(VGroup of 12 submobjects):  63%|######3   | 38/60 [00:40<01:05,  3.00s/it]
Animation 27: FadeOut(VGroup of 12 submobjects):  65%|######5   | 39/60 [00:44<01:04,  3.06s/it]
Animation 27: FadeOut(VGroup of 12 submobjects):  67%|######6   | 40/60 [00:47<01:01,  3.08s/it]
Animation 27: FadeOut(VGroup of 12 submobjects):  68%|######8   | 41/60 [00:50<00:58,  3.10s/it]
Animation 27: FadeOut(VGroup of 12 submobjects):  70%|#######   | 42/60 [00:53<00:56,  3.14s/it]
Animation 27: FadeOut(VGroup of 12 submobjects):  72%|#######1  | 43/60 [00:56<00:53,  3.17s/it]
Animation 27: FadeOut(VGroup of 12 submobjects):  73%|#######3  | 44/60 [00:59<00:50,  3.17s/it]
Animation 27: FadeOut(VGroup of 12 submobjects):  75%|#######5  | 45/60 [01:03<00:47,  3.18s/it]
Animation 27: FadeOut(VGroup of 12 submobjects):  77%|#######6  | 46/60 [01:06<00:44,  3.16s/it]
Animation 27: FadeOut(VGroup of 12 submobjects):  78%|#######8  | 47/60 [01:09<00:41,  3.17s/it]
Animation 27: FadeOut(VGroup of 12 submobjects):  80%|########  | 48/60 [01:12<00:38,  3.17s/it]
Animation 27: FadeOut(VGroup of 12 submobjects):  82%|########1 | 49/60 [01:15<00:34,  3.17s/it]
Animation 27: FadeOut(VGroup of 12 submobjects):  83%|########3 | 50/60 [01:19<00:31,  3.18s/it]
Animation 27: FadeOut(VGroup of 12 submobjects):  85%|########5 | 51/60 [01:22<00:28,  3.17s/it]
Animation 27: FadeOut(VGroup of 12 submobjects):  87%|########6 | 52/60 [01:25<00:25,  3.18s/it]
Animation 27: FadeOut(VGroup of 12 submobjects):  88%|########8 | 53/60 [01:28<00:22,  3.16s/it]
Animation 27: FadeOut(VGroup of 12 submobjects):  90%|######### | 54/60 [01:31<00:18,  3.16s/it]
Animation 27: FadeOut(VGroup of 12 submobjects):  92%|#########1| 55/60 [01:34<00:15,  3.17s/it]
Animation 27: FadeOut(VGroup of 12 submobjects):  93%|#########3| 56/60 [01:38<00:12,  3.16s/it]
Animation 27: FadeOut(VGroup of 12 submobjects):  95%|#########5| 57/60 [01:41<00:09,  3.17s/it]
Animation 27: FadeOut(VGroup of 12 submobjects):  97%|#########6| 58/60 [01:44<00:06,  3.18s/it]
Animation 27: FadeOut(VGroup of 12 submobjects):  98%|#########8| 59/60 [01:47<00:03,  3.17s/it]
Animation 27: FadeOut(VGroup of 12 submobjects): 100%|##########| 60/60 [01:50<00:00,  3.18s/it]
[09/08/26 20:33:09] INFO     Animation 27 : Partial    scene_file_writer.py:192
                             movie file written in                             
                             'C:\Users\Nacho\Documents                         
                             \Animaciones\Capitulo                             
                             11\media\videos\s03_duali                         
                             dad\1080p60\partial_movie                         
                             _files\Dualidad\293244094                         
                             9_3104591770_1159282824.m                         
                             p4'                                               
[09/08/26 20:33:10] INFO     Animation 28 : Partial    scene_file_writer.py:192
                             movie file written in                             
                             'C:\Users\Nacho\Documents                         
                             \Animaciones\Capitulo                             
                             11\media\videos\s03_duali                         
                             dad\1080p60\partial_movie                         
                             _files\Dualidad\293244094                         
                             9_4235033027_1094174881.m                         
                             p4'                                               
                    INFO     Combining to Movie file.  scene_file_writer.py:952
                    INFO                              scene_file_writer.py:1103
                             File ready at                                     
                             'C:\Users\Nacho\Document                          
                             s\Animaciones\Capitulo                            
                             11\media\videos\s03_dual                          
                             idad\1080p60\Dualidad.mp                          
                             4'                                                
                                                                               
                    INFO     Rendered Dualidad                     scene.py:290
                             Played 29 animations                              
                                                                                                
Manim Community v0.21.0

manim.exe : 
En C:\Users\Nacho\Documents\Animaciones\Capitulo 11\render.ps1: 49 Carácter: 9
+         & manim "-$Calidad" $e.archivo $e.escena *>> $log
+         ~~~~~~~~~~~~~~~~~~~~~~~~~~~~~~~~~~~~~~~~~~~~~~~~~
    + CategoryInfo          : NotSpecified: (:String) [], RemoteException
    + FullyQualifiedErrorId : NativeCommandError
 
Animation 0: FadeIn(Text('¿Cualquier función puede ser una autocorrelación?')):   0%|          | 0/60 [00:00<?, ?it/s]
Animation 0: FadeIn(Text('¿Cualquier función puede ser una autocorrelación?')):  18%|#8        | 11/60 [00:00<00:00, 
98.23it/s]
Animation 0: FadeIn(Text('¿Cualquier función puede ser una autocorrelación?')):  35%|###5      | 21/60 [00:00<00:00, 
93.00it/s]
Animation 0: FadeIn(Text('¿Cualquier función puede ser una autocorrelación?')):  53%|#####3    | 32/60 [00:00<00:00, 
91.84it/s]
Animation 0: FadeIn(Text('¿Cualquier función puede ser una autocorrelación?')):  70%|#######   | 42/60 [00:00<00:00, 
93.07it/s]
Animation 0: FadeIn(Text('¿Cualquier función puede ser una autocorrelación?')):  87%|########6 | 52/60 [00:00<00:00, 
80.41it/s]
[09/08/26 20:33:13] INFO     Animation 0 : Partial     scene_file_writer.py:192
                             movie file written in                             
                             'C:\Users\Nacho\Documents                         
                             \Animaciones\Capitulo                             
                             11\media\videos\s04_bochn                         
                             er\1080p60\partial_movie_                         
                             files\Bochner\3010004561_                         
                             1086452483_223132457.mp4'                         
[09/08/26 20:33:14] INFO     Animation 1 : Partial     scene_file_writer.py:192
                             movie file written in                             
                             'C:\Users\Nacho\Documents                         
                             \Animaciones\Capitulo                             
                             11\media\videos\s04_bochn                         
                             er\1080p60\partial_movie_                         
                             files\Bochner\2932440949_                         
                             241228271_3547823639.mp4'                         
                                                                                                                       
        

Animation 2: FadeIn(VGroup of 3 submobjects):   0%|          | 0/60 [00:00<?, ?it/s]
Animation 2: FadeIn(VGroup of 3 submobjects):  22%|##1       | 13/60 [00:00<00:00, 116.80it/s]
Animation 2: FadeIn(VGroup of 3 submobjects):  42%|####1     | 25/60 [00:00<00:00, 111.44it/s]
Animation 2: FadeIn(VGroup of 3 submobjects):  62%|######1   | 37/60 [00:00<00:00, 63.83it/s] 
Animation 2: FadeIn(VGroup of 3 submobjects):  75%|#######5  | 45/60 [00:00<00:00, 40.56it/s]
Animation 2: FadeIn(VGroup of 3 submobjects):  85%|########5 | 51/60 [00:01<00:00, 31.70it/s]
Animation 2: FadeIn(VGroup of 3 submobjects):  93%|#########3| 56/60 [00:01<00:00, 27.89it/s]
Animation 2: FadeIn(VGroup of 3 submobjects): 100%|##########| 60/60 [00:01<00:00, 25.57it/s]
[09/08/26 20:33:16] INFO     Animation 2 : Partial     scene_file_writer.py:192
                             movie file written in                             
                             'C:\Users\Nacho\Documents                         
                             \Animaciones\Capitulo                             
                             11\media\videos\s04_bochn                         
                             er\1080p60\partial_movie_                         
                             files\Bochner\2932440949_                         
                             769671644_1037784630.mp4'                         
[09/08/26 20:33:18] INFO     Animation 3 : Partial     scene_file_writer.py:192
                             movie file written in                             
                             'C:\Users\Nacho\Documents                         
                             \Animaciones\Capitulo                             
                             11\media\videos\s04_bochn                         
                             er\1080p60\partial_movie_                         
                             files\Bochner\2932440949_                         
                             4163062370_1942617530.mp4                         
                             '                                                 
                                                                                             

Animation 4: _MethodAnimation(VGroup of 3 submobjects):   0%|          | 0/60 [00:00<?, ?it/s]
Animation 4: _MethodAnimation(VGroup of 3 submobjects):   7%|6         | 4/60 [00:00<00:01, 31.24it/s]
Animation 4: _MethodAnimation(VGroup of 3 submobjects):  13%|#3        | 8/60 [00:00<00:01, 29.16it/s]
Animation 4: _MethodAnimation(VGroup of 3 submobjects):  18%|#8        | 11/60 [00:00<00:01, 29.04it/s]
Animation 4: _MethodAnimation(VGroup of 3 submobjects):  23%|##3       | 14/60 [00:00<00:01, 29.15it/s]
Animation 4: _MethodAnimation(VGroup of 3 submobjects):  28%|##8       | 17/60 [00:00<00:01, 28.42it/s]
Animation 4: _MethodAnimation(VGroup of 3 submobjects):  33%|###3      | 20/60 [00:00<00:01, 28.22it/s]
Animation 4: _MethodAnimation(VGroup of 3 submobjects):  38%|###8      | 23/60 [00:00<00:01, 28.71it/s]
Animation 4: _MethodAnimation(VGroup of 3 submobjects):  43%|####3     | 26/60 [00:00<00:01, 28.05it/s]
Animation 4: _MethodAnimation(VGroup of 3 submobjects):  50%|#####     | 30/60 [00:01<00:01, 29.25it/s]
Animation 4: _MethodAnimation(VGroup of 3 submobjects):  55%|#####5    | 33/60 [00:01<00:00, 27.98it/s]
Animation 4: _MethodAnimation(VGroup of 3 submobjects):  60%|######    | 36/60 [00:01<00:00, 27.93it/s]
Animation 4: _MethodAnimation(VGroup of 3 submobjects):  67%|######6   | 40/60 [00:01<00:00, 29.30it/s]
Animation 4: _MethodAnimation(VGroup of 3 submobjects):  72%|#######1  | 43/60 [00:01<00:00, 27.43it/s]
Animation 4: _MethodAnimation(VGroup of 3 submobjects):  77%|#######6  | 46/60 [00:01<00:00, 23.83it/s]
Animation 4: _MethodAnimation(VGroup of 3 submobjects):  82%|########1 | 49/60 [00:01<00:00, 22.54it/s]
Animation 4: _MethodAnimation(VGroup of 3 submobjects):  87%|########6 | 52/60 [00:01<00:00, 21.98it/s]
Animation 4: _MethodAnimation(VGroup of 3 submobjects):  92%|#########1| 55/60 [00:02<00:00, 22.41it/s]
Animation 4: _MethodAnimation(VGroup of 3 submobjects):  97%|#########6| 58/60 [00:02<00:00, 21.93it/s]
[09/08/26 20:33:22] INFO     Animation 4 : Partial     scene_file_writer.py:192
                             movie file written in                             
                             'C:\Users\Nacho\Documents                         
                             \Animaciones\Capitulo                             
                             11\media\videos\s04_bochn                         
                             er\1080p60\partial_movie_                         
                             files\Bochner\2932440949_                         
                             4048147176_1811921277.mp4                         
                             '                                                 
                                                                                                       

Animation 5: Create(Axes of 2 submobjects), etc.:   0%|          | 0/60 [00:00<?, ?it/s]
Animation 5: Create(Axes of 2 submobjects), etc.:   8%|8         | 5/60 [00:00<00:01, 37.44it/s]
Animation 5: Create(Axes of 2 submobjects), etc.:  15%|#5        | 9/60 [00:00<00:01, 37.60it/s]
Animation 5: Create(Axes of 2 submobjects), etc.:  22%|##1       | 13/60 [00:00<00:01, 36.92it/s]
Animation 5: Create(Axes of 2 submobjects), etc.:  28%|##8       | 17/60 [00:00<00:01, 36.46it/s]
Animation 5: Create(Axes of 2 submobjects), etc.:  37%|###6      | 22/60 [00:00<00:01, 37.59it/s]
Animation 5: Create(Axes of 2 submobjects), etc.:  43%|####3     | 26/60 [00:00<00:00, 36.98it/s]
Animation 5: Create(Axes of 2 submobjects), etc.:  50%|#####     | 30/60 [00:00<00:00, 36.60it/s]
Animation 5: Create(Axes of 2 submobjects), etc.:  57%|#####6    | 34/60 [00:00<00:00, 36.37it/s]
Animation 5: Create(Axes of 2 submobjects), etc.:  63%|######3   | 38/60 [00:01<00:00, 35.77it/s]
Animation 5: Create(Axes of 2 submobjects), etc.:  70%|#######   | 42/60 [00:01<00:00, 35.45it/s]
Animation 5: Create(Axes of 2 submobjects), etc.:  77%|#######6  | 46/60 [00:01<00:00, 29.95it/s]
Animation 5: Create(Axes of 2 submobjects), etc.:  83%|########3 | 50/60 [00:01<00:00, 29.95it/s]
Animation 5: Create(Axes of 2 submobjects), etc.:  90%|######### | 54/60 [00:01<00:00, 29.54it/s]
Animation 5: Create(Axes of 2 submobjects), etc.:  97%|#########6| 58/60 [00:01<00:00, 27.78it/s]
[09/08/26 20:33:25] INFO     Animation 5 : Partial     scene_file_writer.py:192
                             movie file written in                             
                             'C:\Users\Nacho\Documents                         
                             \Animaciones\Capitulo                             
                             11\media\videos\s04_bochn                         
                             er\1080p60\partial_movie_                         
                             files\Bochner\2932440949_                         
                             1487289435_3868587249.mp4                         
                             '                                                 
                                                                                                 

Animation 6: Create(Axes of 2 submobjects), etc.:   0%|          | 0/60 [00:00<?, ?it/s]
Animation 6: Create(Axes of 2 submobjects), etc.:  12%|#1        | 7/60 [00:00<00:00, 67.67it/s]
Animation 6: Create(Axes of 2 submobjects), etc.:  23%|##3       | 14/60 [00:00<00:00, 59.31it/s]
Animation 6: Create(Axes of 2 submobjects), etc.:  33%|###3      | 20/60 [00:00<00:00, 54.61it/s]
Animation 6: Create(Axes of 2 submobjects), etc.:  43%|####3     | 26/60 [00:00<00:00, 53.28it/s]
Animation 6: Create(Axes of 2 submobjects), etc.:  53%|#####3    | 32/60 [00:00<00:00, 50.29it/s]
Animation 6: Create(Axes of 2 submobjects), etc.:  63%|######3   | 38/60 [00:00<00:00, 47.78it/s]
Animation 6: Create(Axes of 2 submobjects), etc.:  72%|#######1  | 43/60 [00:00<00:00, 44.92it/s]
Animation 6: Create(Axes of 2 submobjects), etc.:  80%|########  | 48/60 [00:00<00:00, 43.00it/s]
Animation 6: Create(Axes of 2 submobjects), etc.:  88%|########8 | 53/60 [00:01<00:00, 41.41it/s]
Animation 6: Create(Axes of 2 submobjects), etc.:  97%|#########6| 58/60 [00:01<00:00, 42.83it/s]
[09/08/26 20:33:27] INFO     Animation 6 : Partial     scene_file_writer.py:192
                             movie file written in                             
                             'C:\Users\Nacho\Documents                         
                             \Animaciones\Capitulo                             
                             11\media\videos\s04_bochn                         
                             er\1080p60\partial_movie_                         
                             files\Bochner\2932440949_                         
                             1284311554_3161084008.mp4                         
                             '                                                 
                                                                                                 

Animation 7: Create(ParametricFunction), etc.:   0%|          | 0/108 [00:00<?, ?it/s]
Animation 7: Create(ParametricFunction), etc.:   5%|4         | 5/108 [00:00<00:02, 39.21it/s]
Animation 7: Create(ParametricFunction), etc.:   8%|8         | 9/108 [00:00<00:02, 33.98it/s]
Animation 7: Create(ParametricFunction), etc.:  12%|#2        | 13/108 [00:00<00:02, 35.21it/s]
Animation 7: Create(ParametricFunction), etc.:  16%|#5        | 17/108 [00:00<00:02, 34.85it/s]
Animation 7: Create(ParametricFunction), etc.:  19%|#9        | 21/108 [00:00<00:02, 34.42it/s]
Animation 7: Create(ParametricFunction), etc.:  24%|##4       | 26/108 [00:00<00:02, 35.70it/s]
Animation 7: Create(ParametricFunction), etc.:  28%|##7       | 30/108 [00:00<00:02, 34.23it/s]
Animation 7: Create(ParametricFunction), etc.:  31%|###1      | 34/108 [00:00<00:02, 34.05it/s]
Animation 7: Create(ParametricFunction), etc.:  35%|###5      | 38/108 [00:01<00:02, 33.73it/s]
Animation 7: Create(ParametricFunction), etc.:  39%|###8      | 42/108 [00:01<00:02, 32.99it/s]
Animation 7: Create(ParametricFunction), etc.:  43%|####2     | 46/108 [00:01<00:02, 29.14it/s]
Animation 7: Create(ParametricFunction), etc.:  45%|####5     | 49/108 [00:01<00:02, 28.50it/s]
Animation 7: Create(ParametricFunction), etc.:  48%|####8     | 52/108 [00:01<00:02, 26.12it/s]
Animation 7: Create(ParametricFunction), etc.:  51%|#####     | 55/108 [00:01<00:02, 26.31it/s]
Animation 7: Create(ParametricFunction), etc.:  54%|#####3    | 58/108 [00:01<00:01, 26.52it/s]
Animation 7: Create(ParametricFunction), etc.:  56%|#####6    | 61/108 [00:01<00:01, 27.21it/s]
Animation 7: Create(ParametricFunction), etc.:  59%|#####9    | 64/108 [00:02<00:01, 27.36it/s]
Animation 7: Create(ParametricFunction), etc.:  63%|######2   | 68/108 [00:02<00:01, 27.77it/s]
Animation 7: Create(ParametricFunction), etc.:  66%|######5   | 71/108 [00:02<00:01, 27.51it/s]
Animation 7: Create(ParametricFunction), etc.:  69%|######8   | 74/108 [00:02<00:01, 27.31it/s]
Animation 7: Create(ParametricFunction), etc.:  71%|#######1  | 77/108 [00:02<00:01, 26.45it/s]
Animation 7: Create(ParametricFunction), etc.:  74%|#######4  | 80/108 [00:02<00:01, 26.86it/s]
Animation 7: Create(ParametricFunction), etc.:  77%|#######6  | 83/108 [00:02<00:00, 26.82it/s]
Animation 7: Create(ParametricFunction), etc.:  80%|#######9  | 86/108 [00:02<00:00, 27.38it/s]
Animation 7: Create(ParametricFunction), etc.:  82%|########2 | 89/108 [00:03<00:00, 27.17it/s]
Animation 7: Create(ParametricFunction), etc.:  85%|########5 | 92/108 [00:03<00:00, 26.00it/s]
Animation 7: Create(ParametricFunction), etc.:  88%|########7 | 95/108 [00:03<00:00, 25.73it/s]
Animation 7: Create(ParametricFunction), etc.:  91%|######### | 98/108 [00:03<00:00, 26.62it/s]
Animation 7: Create(ParametricFunction), etc.:  94%|#########3| 101/108 [00:03<00:00, 26.62it/s]
Animation 7: Create(ParametricFunction), etc.:  96%|#########6| 104/108 [00:03<00:00, 26.67it/s]
Animation 7: Create(ParametricFunction), etc.:  99%|#########9| 107/108 [00:03<00:00, 26.15it/s]
[09/08/26 20:33:33] INFO     Animation 7 : Partial     scene_file_writer.py:192
                             movie file written in                             
                             'C:\Users\Nacho\Documents                         
                             \Animaciones\Capitulo                             
                             11\media\videos\s04_bochn                         
                             er\1080p60\partial_movie_                         
                             files\Bochner\2932440949_                         
                             3933495812_1341016109.mp4                         
                             '                                                 
[09/08/26 20:33:34] INFO     Animation 8 : Partial     scene_file_writer.py:192
                             movie file written in                             
                             'C:\Users\Nacho\Documents                         
                             \Animaciones\Capitulo                             
                             11\media\videos\s04_bochn                         
                             er\1080p60\partial_movie_                         
                             files\Bochner\2932440949_                         
                             125152860_1085101552.mp4'                         
                                                                                                

Animation 9: Create(DashedLine):   0%|          | 0/60 [00:00<?, ?it/s]
Animation 9: Create(DashedLine):  10%|#         | 6/60 [00:00<00:00, 55.85it/s]
Animation 9: Create(DashedLine):  20%|##        | 12/60 [00:00<00:00, 54.43it/s]
Animation 9: Create(DashedLine):  30%|###       | 18/60 [00:00<00:00, 53.31it/s]
Animation 9: Create(DashedLine):  40%|####      | 24/60 [00:00<00:00, 54.27it/s]
Animation 9: Create(DashedLine):  50%|#####     | 30/60 [00:00<00:00, 51.46it/s]
Animation 9: Create(DashedLine):  60%|######    | 36/60 [00:00<00:00, 49.21it/s]
Animation 9: Create(DashedLine):  68%|######8   | 41/60 [00:00<00:00, 38.79it/s]
Animation 9: Create(DashedLine):  77%|#######6  | 46/60 [00:01<00:00, 36.51it/s]
Animation 9: Create(DashedLine):  83%|########3 | 50/60 [00:01<00:00, 33.33it/s]
Animation 9: Create(DashedLine):  90%|######### | 54/60 [00:01<00:00, 33.09it/s]
Animation 9: Create(DashedLine):  97%|#########6| 58/60 [00:01<00:00, 32.65it/s]
[09/08/26 20:37:36] INFO     Animation 9 : Partial     scene_file_writer.py:192
                             movie file written in                             
                             'C:\Users\Nacho\Documents                         
                             \Animaciones\Capitulo                             
                             11\media\videos\s04_bochn                         
                             er\1080p60\partial_movie_                         
                             files\Bochner\2932440949_                         
                             3751278127_1351021254.mp4                         
                             '                                                 
                                                                                

Animation 10: FadeIn(VGroup of 3 submobjects):   0%|          | 0/48 [00:00<?, ?it/s]
Animation 10: FadeIn(VGroup of 3 submobjects):   8%|8         | 4/48 [00:00<00:01, 27.87it/s]
Animation 10: FadeIn(VGroup of 3 submobjects):  15%|#4        | 7/48 [00:00<00:01, 25.31it/s]
Animation 10: FadeIn(VGroup of 3 submobjects):  21%|##        | 10/48 [00:00<00:01, 23.44it/s]
Animation 10: FadeIn(VGroup of 3 submobjects):  27%|##7       | 13/48 [00:00<00:01, 24.21it/s]
Animation 10: FadeIn(VGroup of 3 submobjects):  33%|###3      | 16/48 [00:00<00:01, 23.38it/s]
Animation 10: FadeIn(VGroup of 3 submobjects):  40%|###9      | 19/48 [00:00<00:01, 22.65it/s]
Animation 10: FadeIn(VGroup of 3 submobjects):  46%|####5     | 22/48 [00:00<00:01, 20.87it/s]
Animation 10: FadeIn(VGroup of 3 submobjects):  52%|#####2    | 25/48 [00:01<00:01, 19.19it/s]
Animation 10: FadeIn(VGroup of 3 submobjects):  58%|#####8    | 28/48 [00:01<00:00, 20.21it/s]
Animation 10: FadeIn(VGroup of 3 submobjects):  65%|######4   | 31/48 [00:01<00:00, 21.36it/s]
Animation 10: FadeIn(VGroup of 3 submobjects):  71%|#######   | 34/48 [00:01<00:00, 22.07it/s]
Animation 10: FadeIn(VGroup of 3 submobjects):  77%|#######7  | 37/48 [00:01<00:00, 23.41it/s]
Animation 10: FadeIn(VGroup of 3 submobjects):  83%|########3 | 40/48 [00:01<00:00, 24.17it/s]
Animation 10: FadeIn(VGroup of 3 submobjects):  90%|########9 | 43/48 [00:01<00:00, 23.68it/s]
Animation 10: FadeIn(VGroup of 3 submobjects):  96%|#########5| 46/48 [00:02<00:00, 22.55it/s]
[09/08/26 20:37:40] INFO     Animation 10 : Partial    scene_file_writer.py:192
                             movie file written in                             
                             'C:\Users\Nacho\Documents                         
                             \Animaciones\Capitulo                             
                             11\media\videos\s04_bochn                         
                             er\1080p60\partial_movie_                         
                             files\Bochner\2932440949_                         
                             1351310411_1107655661.mp4                         
                             '                                                 
                                                                                              

Animation 11: FadeIn(VGroup of 2 submobjects):   0%|          | 0/60 [00:00<?, ?it/s]
Animation 11: FadeIn(VGroup of 2 submobjects):   8%|8         | 5/60 [00:00<00:01, 39.34it/s]
Animation 11: FadeIn(VGroup of 2 submobjects):  15%|#5        | 9/60 [00:00<00:01, 28.57it/s]
Animation 11: FadeIn(VGroup of 2 submobjects):  20%|##        | 12/60 [18:46<1:49:16, 136.59s/it]
Animation 11: FadeIn(VGroup of 2 submobjects):  22%|##1       | 13/60 [18:47<1:31:13, 116.45s/it]
Animation 11: FadeIn(VGroup of 2 submobjects):  25%|##5       | 15/60 [18:47<1:01:27, 81.94s/it] 
Animation 11: FadeIn(VGroup of 2 submobjects):  28%|##8       | 17/60 [18:47<41:15, 57.58s/it]  
Animation 11: FadeIn(VGroup of 2 submobjects):  32%|###1      | 19/60 [18:47<27:37, 40.43s/it]
Animation 11: FadeIn(VGroup of 2 submobjects):  35%|###5      | 21/60 [18:47<18:26, 28.36s/it]
Animation 11: FadeIn(VGroup of 2 submobjects):  40%|####      | 24/60 [18:47<10:23, 17.31s/it]
Animation 11: FadeIn(VGroup of 2 submobjects):  45%|####5     | 27/60 [18:48<06:07, 11.13s/it]
Animation 11: FadeIn(VGroup of 2 submobjects):  50%|#####     | 30/60 [18:48<03:41,  7.38s/it]
Animation 11: FadeIn(VGroup of 2 submobjects):  55%|#####5    | 33/60 [18:48<02:14,  4.99s/it]
Animation 11: FadeIn(VGroup of 2 submobjects):  60%|######    | 36/60 [18:48<01:22,  3.42s/it]
Animation 11: FadeIn(VGroup of 2 submobjects):  65%|######5   | 39/60 [18:48<00:49,  2.37s/it]
Animation 11: FadeIn(VGroup of 2 submobjects):  70%|#######   | 42/60 [18:48<00:29,  1.65s/it]
Animation 11: FadeIn(VGroup of 2 submobjects):  75%|#######5  | 45/60 [18:48<00:17,  1.17s/it]
Animation 11: FadeIn(VGroup of 2 submobjects):  80%|########  | 48/60 [18:49<00:09,  1.21it/s]
Animation 11: FadeIn(VGroup of 2 submobjects):  83%|########3 | 50/60 [18:49<00:06,  1.52it/s]
Animation 11: FadeIn(VGroup of 2 submobjects):  87%|########6 | 52/60 [18:49<00:04,  1.96it/s]
Animation 11: FadeIn(VGroup of 2 submobjects):  90%|######### | 54/60 [18:49<00:02,  2.52it/s]
Animation 11: FadeIn(VGroup of 2 submobjects):  93%|#########3| 56/60 [18:49<00:01,  3.25it/s]
Animation 11: FadeIn(VGroup of 2 submobjects):  97%|#########6| 58/60 [18:49<00:00,  4.23it/s]
[09/08/26 20:56:32] INFO     Animation 11 : Partial    scene_file_writer.py:192
                             movie file written in                             
                             'C:\Users\Nacho\Documents                         
                             \Animaciones\Capitulo                             
                             11\media\videos\s04_bochn                         
                             er\1080p60\partial_movie_                         
                             files\Bochner\2932440949_                         
                             1589874303_3560686520.mp4                         
                             '                                                 
[09/08/26 20:56:34] INFO     Animation 12 : Partial    scene_file_writer.py:192
                             movie file written in                             
                             'C:\Users\Nacho\Documents                         
                             \Animaciones\Capitulo                             
                             11\media\videos\s04_bochn                         
                             er\1080p60\partial_movie_                         
                             files\Bochner\2932440949_                         
                             125152860_2812454085.mp4'                         
                                                                                              

Animation 13: FadeIn(Text('una rectangular NO puede ser autocorrelación')):   0%|          | 0/60 [00:00<?, ?it/s]
Animation 13: FadeIn(Text('una rectangular NO puede ser autocorrelación')):   8%|8         | 5/60 [00:00<00:01, 
45.15it/s]
Animation 13: FadeIn(Text('una rectangular NO puede ser autocorrelación')):  17%|#6        | 10/60 [00:00<00:01, 
42.03it/s]
Animation 13: FadeIn(Text('una rectangular NO puede ser autocorrelación')):  25%|##5       | 15/60 [00:00<00:01, 
38.47it/s]
Animation 13: FadeIn(Text('una rectangular NO puede ser autocorrelación')):  32%|###1      | 19/60 [00:00<00:01, 
37.67it/s]
Animation 13: FadeIn(Text('una rectangular NO puede ser autocorrelación')):  38%|###8      | 23/60 [00:00<00:01, 
36.74it/s]
Animation 13: FadeIn(Text('una rectangular NO puede ser autocorrelación')):  45%|####5     | 27/60 [00:00<00:00, 
37.46it/s]
Animation 13: FadeIn(Text('una rectangular NO puede ser autocorrelación')):  53%|#####3    | 32/60 [00:00<00:00, 
39.76it/s]
Animation 13: FadeIn(Text('una rectangular NO puede ser autocorrelación')):  62%|######1   | 37/60 [00:00<00:00, 
40.28it/s]
Animation 13: FadeIn(Text('una rectangular NO puede ser autocorrelación')):  70%|#######   | 42/60 [00:01<00:00, 
37.23it/s]
Animation 13: FadeIn(Text('una rectangular NO puede ser autocorrelación')):  77%|#######6  | 46/60 [00:01<00:00, 
32.86it/s]
Animation 13: FadeIn(Text('una rectangular NO puede ser autocorrelación')):  83%|########3 | 50/60 [00:01<00:00, 
33.75it/s]
Animation 13: FadeIn(Text('una rectangular NO puede ser autocorrelación')):  92%|#########1| 55/60 [00:01<00:00, 
36.24it/s]
Animation 13: FadeIn(Text('una rectangular NO puede ser autocorrelación')): 100%|##########| 60/60 [00:01<00:00, 
38.37it/s]
[09/08/26 21:19:28] INFO     Animation 13 : Partial    scene_file_writer.py:192
                             movie file written in                             
                             'C:\Users\Nacho\Documents                         
                             \Animaciones\Capitulo                             
                             11\media\videos\s04_bochn                         
                             er\1080p60\partial_movie_                         
                             files\Bochner\2932440949_                         
                             2693414382_2149973168.mp4                         
                             '                                                 
[09/08/26 21:19:33] INFO     Animation 14 : Partial    scene_file_writer.py:192
                             movie file written in                             
                             'C:\Users\Nacho\Documents                         
                             \Animaciones\Capitulo                             
                             11\media\videos\s04_bochn                         
                             er\1080p60\partial_movie_                         
                             files\Bochner\2932440949_                         
                             3580093213_2018904223.mp4                         
                             '                                                 
                                                                                                                       
    

Animation 15: FadeOut(VGroup of 3 submobjects):   0%|          | 0/60 [00:00<?, ?it/s]
Animation 15: FadeOut(VGroup of 3 submobjects):   3%|3         | 2/60 [00:00<00:03, 17.88it/s]
Animation 15: FadeOut(VGroup of 3 submobjects):   8%|8         | 5/60 [00:00<00:02, 19.64it/s]
Animation 15: FadeOut(VGroup of 3 submobjects):  12%|#1        | 7/60 [00:00<00:02, 19.11it/s]
Animation 15: FadeOut(VGroup of 3 submobjects):  15%|#5        | 9/60 [00:00<00:02, 18.20it/s]
Animation 15: FadeOut(VGroup of 3 submobjects):  18%|#8        | 11/60 [00:00<00:02, 18.53it/s]
Animation 15: FadeOut(VGroup of 3 submobjects):  22%|##1       | 13/60 [00:00<00:02, 18.29it/s]
Animation 15: FadeOut(VGroup of 3 submobjects):  25%|##5       | 15/60 [00:00<00:02, 18.70it/s]
Animation 15: FadeOut(VGroup of 3 submobjects):  28%|##8       | 17/60 [00:00<00:02, 18.84it/s]
Animation 15: FadeOut(VGroup of 3 submobjects):  33%|###3      | 20/60 [00:01<00:02, 18.90it/s]
Animation 15: FadeOut(VGroup of 3 submobjects):  38%|###8      | 23/60 [00:01<00:01, 19.62it/s]
Animation 15: FadeOut(VGroup of 3 submobjects):  42%|####1     | 25/60 [00:01<00:01, 19.17it/s]
Animation 15: FadeOut(VGroup of 3 submobjects):  47%|####6     | 28/60 [00:01<00:01, 18.98it/s]
Animation 15: FadeOut(VGroup of 3 submobjects):  50%|#####     | 30/60 [00:01<00:01, 16.71it/s]
Animation 15: FadeOut(VGroup of 3 submobjects):  53%|#####3    | 32/60 [00:01<00:01, 17.22it/s]
Animation 15: FadeOut(VGroup of 3 submobjects):  58%|#####8    | 35/60 [00:01<00:01, 17.73it/s]
Animation 15: FadeOut(VGroup of 3 submobjects):  62%|######1   | 37/60 [00:02<00:01, 17.77it/s]
Animation 15: FadeOut(VGroup of 3 submobjects):  65%|######5   | 39/60 [00:02<00:01, 17.82it/s]
Animation 15: FadeOut(VGroup of 3 submobjects):  70%|#######   | 42/60 [00:02<00:00, 18.82it/s]
Animation 15: FadeOut(VGroup of 3 submobjects):  73%|#######3  | 44/60 [00:02<00:01, 15.42it/s]
Animation 15: FadeOut(VGroup of 3 submobjects):  77%|#######6  | 46/60 [00:02<00:00, 15.22it/s]
Animation 15: FadeOut(VGroup of 3 submobjects):  80%|########  | 48/60 [00:02<00:01, 11.05it/s]
Animation 15: FadeOut(VGroup of 3 submobjects):  83%|########3 | 50/60 [00:03<00:01,  9.52it/s]
Animation 15: FadeOut(VGroup of 3 submobjects):  87%|########6 | 52/60 [00:03<00:01,  6.14it/s]
Animation 15: FadeOut(VGroup of 3 submobjects):  88%|########8 | 53/60 [00:03<00:01,  6.23it/s]
Animation 15: FadeOut(VGroup of 3 submobjects):  90%|######### | 54/60 [00:04<00:01,  5.07it/s]
Animation 15: FadeOut(VGroup of 3 submobjects):  92%|#########1| 55/60 [00:04<00:01,  4.71it/s]
Animation 15: FadeOut(VGroup of 3 submobjects):  93%|#########3| 56/60 [00:04<00:00,  4.47it/s]
Animation 15: FadeOut(VGroup of 3 submobjects):  95%|#########5| 57/60 [00:05<00:00,  4.43it/s]
Animation 15: FadeOut(VGroup of 3 submobjects):  97%|#########6| 58/60 [00:05<00:00,  4.94it/s]
Animation 15: FadeOut(VGroup of 3 submobjects):  98%|#########8| 59/60 [00:05<00:00,  5.62it/s]
Animation 15: FadeOut(VGroup of 3 submobjects): 100%|##########| 60/60 [00:05<00:00,  5.20it/s]
[09/08/26 21:19:42] INFO     Animation 15 : Partial    scene_file_writer.py:192
                             movie file written in                             
                             'C:\Users\Nacho\Documents                         
                             \Animaciones\Capitulo                             
                             11\media\videos\s04_bochn                         
                             er\1080p60\partial_movie_                         
                             files\Bochner\2932440949_                         
                             1466378568_1000972475.mp4                         
                             '                                                 
                                                                                               

Animation 16: Transform(VMobject), etc.:   0%|          | 0/72 [00:00<?, ?it/s]
Animation 16: Transform(VMobject), etc.:   3%|2         | 2/72 [00:00<00:03, 19.06it/s]
Animation 16: Transform(VMobject), etc.:   6%|5         | 4/72 [00:00<00:03, 17.70it/s]
Animation 16: Transform(VMobject), etc.:   8%|8         | 6/72 [00:00<00:03, 17.64it/s]
Animation 16: Transform(VMobject), etc.:  11%|#1        | 8/72 [00:00<00:03, 17.86it/s]
Animation 16: Transform(VMobject), etc.:  14%|#3        | 10/72 [00:00<00:03, 17.41it/s]
Animation 16: Transform(VMobject), etc.:  17%|#6        | 12/72 [00:00<00:03, 17.81it/s]
Animation 16: Transform(VMobject), etc.:  21%|##        | 15/72 [00:00<00:03, 18.34it/s]
Animation 16: Transform(VMobject), etc.:  25%|##5       | 18/72 [00:00<00:02, 18.80it/s]
Animation 16: Transform(VMobject), etc.:  29%|##9       | 21/72 [00:01<00:02, 19.96it/s]
Animation 16: Transform(VMobject), etc.:  32%|###1      | 23/72 [00:01<00:02, 19.21it/s]
Animation 16: Transform(VMobject), etc.:  35%|###4      | 25/72 [00:01<00:02, 19.13it/s]
Animation 16: Transform(VMobject), etc.:  39%|###8      | 28/72 [00:01<00:02, 19.38it/s]
Animation 16: Transform(VMobject), etc.:  42%|####1     | 30/72 [00:01<00:02, 18.52it/s]
Animation 16: Transform(VMobject), etc.:  44%|####4     | 32/72 [00:01<00:02, 18.46it/s]
Animation 16: Transform(VMobject), etc.:  47%|####7     | 34/72 [00:01<00:02, 18.40it/s]
Animation 16: Transform(VMobject), etc.:  50%|#####     | 36/72 [00:01<00:01, 18.18it/s]
Animation 16: Transform(VMobject), etc.:  54%|#####4    | 39/72 [00:02<00:01, 18.47it/s]
Animation 16: Transform(VMobject), etc.:  57%|#####6    | 41/72 [00:02<00:01, 18.72it/s]
Animation 16: Transform(VMobject), etc.:  60%|#####9    | 43/72 [00:02<00:01, 16.28it/s]
Animation 16: Transform(VMobject), etc.:  62%|######2   | 45/72 [00:02<00:02, 13.30it/s]
Animation 16: Transform(VMobject), etc.:  65%|######5   | 47/72 [00:02<00:01, 13.86it/s]
Animation 16: Transform(VMobject), etc.:  68%|######8   | 49/72 [00:02<00:01, 13.94it/s]
Animation 16: Transform(VMobject), etc.:  71%|#######   | 51/72 [00:02<00:01, 14.42it/s]
Animation 16: Transform(VMobject), etc.:  74%|#######3  | 53/72 [00:03<00:01, 14.82it/s]
Animation 16: Transform(VMobject), etc.:  76%|#######6  | 55/72 [00:03<00:01, 15.63it/s]
Animation 16: Transform(VMobject), etc.:  79%|#######9  | 57/72 [00:03<00:00, 15.48it/s]
Animation 16: Transform(VMobject), etc.:  82%|########1 | 59/72 [00:03<00:00, 15.68it/s]
Animation 16: Transform(VMobject), etc.:  85%|########4 | 61/72 [00:03<00:00, 15.80it/s]
Animation 16: Transform(VMobject), etc.:  88%|########7 | 63/72 [00:03<00:00, 16.37it/s]
Animation 16: Transform(VMobject), etc.:  90%|######### | 65/72 [00:03<00:00, 15.84it/s]
Animation 16: Transform(VMobject), etc.:  93%|#########3| 67/72 [00:03<00:00, 15.57it/s]
Animation 16: Transform(VMobject), etc.:  96%|#########5| 69/72 [00:04<00:00, 15.82it/s]
Animation 16: Transform(VMobject), etc.:  99%|#########8| 71/72 [00:04<00:00, 15.93it/s]
[09/08/26 21:19:49] INFO     Animation 16 : Partial    scene_file_writer.py:192
                             movie file written in                             
                             'C:\Users\Nacho\Documents                         
                             \Animaciones\Capitulo                             
                             11\media\videos\s04_bochn                         
                             er\1080p60\partial_movie_                         
                             files\Bochner\2932440949_                         
                             817264434_3545950929.mp4'                         
                                                                                        

Animation 17: Transform(ParametricFunction), etc.:   0%|          | 0/84 [00:00<?, ?it/s]
Animation 17: Transform(ParametricFunction), etc.:   2%|2         | 2/84 [00:00<00:04, 18.93it/s]
Animation 17: Transform(ParametricFunction), etc.:   6%|5         | 5/84 [00:00<00:03, 20.23it/s]
Animation 17: Transform(ParametricFunction), etc.:  10%|9         | 8/84 [00:00<00:03, 21.36it/s]
Animation 17: Transform(ParametricFunction), etc.:  13%|#3        | 11/84 [00:00<00:03, 21.52it/s]
Animation 17: Transform(ParametricFunction), etc.:  17%|#6        | 14/84 [00:00<00:03, 22.32it/s]
Animation 17: Transform(ParametricFunction), etc.:  20%|##        | 17/84 [00:00<00:03, 22.18it/s]
Animation 17: Transform(ParametricFunction), etc.:  24%|##3       | 20/84 [00:00<00:02, 22.20it/s]
Animation 17: Transform(ParametricFunction), etc.:  27%|##7       | 23/84 [00:01<00:02, 21.78it/s]
Animation 17: Transform(ParametricFunction), etc.:  31%|###       | 26/84 [00:01<00:02, 22.28it/s]
Animation 17: Transform(ParametricFunction), etc.:  35%|###4      | 29/84 [00:01<00:02, 22.07it/s]
Animation 17: Transform(ParametricFunction), etc.:  38%|###8      | 32/84 [00:01<00:02, 22.86it/s]
Animation 17: Transform(ParametricFunction), etc.:  42%|####1     | 35/84 [00:01<00:02, 23.17it/s]
Animation 17: Transform(ParametricFunction), etc.:  45%|####5     | 38/84 [00:01<00:02, 21.02it/s]
Animation 17: Transform(ParametricFunction), etc.:  49%|####8     | 41/84 [00:01<00:01, 21.78it/s]
Animation 17: Transform(ParametricFunction), etc.:  52%|#####2    | 44/84 [00:02<00:02, 18.41it/s]
Animation 17: Transform(ParametricFunction), etc.:  55%|#####4    | 46/84 [00:02<00:02, 17.35it/s]
Animation 17: Transform(ParametricFunction), etc.:  57%|#####7    | 48/84 [00:02<00:02, 15.76it/s]
Animation 17: Transform(ParametricFunction), etc.:  60%|#####9    | 50/84 [00:02<00:02, 16.29it/s]
Animation 17: Transform(ParametricFunction), etc.:  62%|######1   | 52/84 [00:02<00:01, 16.96it/s]
Animation 17: Transform(ParametricFunction), etc.:  65%|######5   | 55/84 [00:02<00:01, 18.03it/s]
Animation 17: Transform(ParametricFunction), etc.:  68%|######7   | 57/84 [00:02<00:01, 18.12it/s]
Animation 17: Transform(ParametricFunction), etc.:  70%|#######   | 59/84 [00:02<00:01, 18.52it/s]
Animation 17: Transform(ParametricFunction), etc.:  73%|#######2  | 61/84 [00:03<00:01, 18.56it/s]
Animation 17: Transform(ParametricFunction), etc.:  75%|#######5  | 63/84 [00:03<00:01, 18.58it/s]
Animation 17: Transform(ParametricFunction), etc.:  77%|#######7  | 65/84 [00:03<00:01, 17.48it/s]
Animation 17: Transform(ParametricFunction), etc.:  81%|########  | 68/84 [00:03<00:00, 17.75it/s]
Animation 17: Transform(ParametricFunction), etc.:  83%|########3 | 70/84 [00:03<00:00, 18.21it/s]
Animation 17: Transform(ParametricFunction), etc.:  86%|########5 | 72/84 [00:03<00:00, 18.18it/s]
Animation 17: Transform(ParametricFunction), etc.:  88%|########8 | 74/84 [00:03<00:00, 18.14it/s]
Animation 17: Transform(ParametricFunction), etc.:  90%|######### | 76/84 [00:03<00:00, 17.70it/s]
Animation 17: Transform(ParametricFunction), etc.:  94%|#########4| 79/84 [00:04<00:00, 18.82it/s]
Animation 17: Transform(ParametricFunction), etc.:  96%|#########6| 81/84 [00:04<00:00, 19.05it/s]
Animation 17: Transform(ParametricFunction), etc.:  99%|#########8| 83/84 [00:04<00:00, 19.05it/s]
[09/08/26 21:19:55] INFO     Animation 17 : Partial    scene_file_writer.py:192
                             movie file written in                             
                             'C:\Users\Nacho\Documents                         
                             \Animaciones\Capitulo                             
                             11\media\videos\s04_bochn                         
                             er\1080p60\partial_movie_                         
                             files\Bochner\2932440949_                         
                             92133116_3962134162.mp4'                          
[09/08/26 21:19:56] INFO     Animation 18 : Partial    scene_file_writer.py:192
                             movie file written in                             
                             'C:\Users\Nacho\Documents                         
                             \Animaciones\Capitulo                             
                             11\media\videos\s04_bochn                         
                             er\1080p60\partial_movie_                         
                             files\Bochner\2932440949_                         
                             241228271_484747469.mp4'                          
                                                                                                  

Animation 19: FadeIn(Polygon):   0%|          | 0/60 [00:00<?, ?it/s]
Animation 19: FadeIn(Polygon):   8%|8         | 5/60 [00:00<00:01, 40.73it/s]
Animation 19: FadeIn(Polygon):  17%|#6        | 10/60 [00:00<00:01, 37.55it/s]
Animation 19: FadeIn(Polygon):  23%|##3       | 14/60 [00:00<00:01, 26.88it/s]
Animation 19: FadeIn(Polygon):  33%|###3      | 20/60 [00:00<00:01, 34.15it/s]
Animation 19: FadeIn(Polygon):  43%|####3     | 26/60 [00:00<00:00, 40.97it/s]
Animation 19: FadeIn(Polygon):  52%|#####1    | 31/60 [00:01<00:01, 26.18it/s]
Animation 19: FadeIn(Polygon):  58%|#####8    | 35/60 [00:01<00:01, 21.48it/s]
Animation 19: FadeIn(Polygon):  63%|######3   | 38/60 [00:01<00:01, 18.80it/s]
Animation 19: FadeIn(Polygon):  68%|######8   | 41/60 [00:01<00:01, 15.28it/s]
Animation 19: FadeIn(Polygon):  73%|#######3  | 44/60 [00:01<00:00, 16.77it/s]
Animation 19: FadeIn(Polygon):  80%|########  | 48/60 [00:02<00:00, 18.08it/s]
Animation 19: FadeIn(Polygon):  85%|########5 | 51/60 [00:02<00:00, 17.99it/s]
Animation 19: FadeIn(Polygon):  88%|########8 | 53/60 [00:02<00:00, 16.07it/s]
Animation 19: FadeIn(Polygon):  92%|#########1| 55/60 [00:02<00:00, 16.38it/s]
Animation 19: FadeIn(Polygon):  95%|#########5| 57/60 [00:02<00:00, 14.51it/s]
Animation 19: FadeIn(Polygon):  98%|#########8| 59/60 [00:02<00:00, 15.39it/s]
[09/08/26 21:20:01] INFO     Animation 19 : Partial    scene_file_writer.py:192
                             movie file written in                             
                             'C:\Users\Nacho\Documents                         
                             \Animaciones\Capitulo                             
                             11\media\videos\s04_bochn                         
                             er\1080p60\partial_movie_                         
                             files\Bochner\2932440949_                         
                             4051469649_2522600752.mp4                         
                             '                                                 
                                                                              

Animation 20: FadeIn(VGroup of 2 submobjects):   0%|          | 0/60 [00:00<?, ?it/s]
Animation 20: FadeIn(VGroup of 2 submobjects):   7%|6         | 4/60 [00:00<00:03, 16.82it/s]
Animation 20: FadeIn(VGroup of 2 submobjects):  10%|#         | 6/60 [00:00<00:05, 10.41it/s]
Animation 20: FadeIn(VGroup of 2 submobjects):  15%|#5        | 9/60 [00:00<00:03, 14.10it/s]
Animation 20: FadeIn(VGroup of 2 submobjects):  25%|##5       | 15/60 [00:00<00:01, 24.79it/s]
Animation 20: FadeIn(VGroup of 2 submobjects):  32%|###1      | 19/60 [00:00<00:01, 28.14it/s]
Animation 20: FadeIn(VGroup of 2 submobjects):  38%|###8      | 23/60 [00:01<00:01, 26.98it/s]
Animation 20: FadeIn(VGroup of 2 submobjects):  45%|####5     | 27/60 [00:01<00:01, 30.16it/s]
Animation 20: FadeIn(VGroup of 2 submobjects):  57%|#####6    | 34/60 [00:01<00:00, 38.93it/s]
Animation 20: FadeIn(VGroup of 2 submobjects):  67%|######6   | 40/60 [00:01<00:00, 42.90it/s]
Animation 20: FadeIn(VGroup of 2 submobjects):  75%|#######5  | 45/60 [00:01<00:00, 41.75it/s]
Animation 20: FadeIn(VGroup of 2 submobjects):  83%|########3 | 50/60 [00:01<00:00, 42.92it/s]
Animation 20: FadeIn(VGroup of 2 submobjects):  92%|#########1| 55/60 [00:01<00:00, 44.25it/s]
Animation 20: FadeIn(VGroup of 2 submobjects): 100%|##########| 60/60 [00:01<00:00, 45.41it/s]
[09/08/26 21:20:05] INFO     Animation 20 : Partial    scene_file_writer.py:192
                             movie file written in                             
                             'C:\Users\Nacho\Documents                         
                             \Animaciones\Capitulo                             
                             11\media\videos\s04_bochn                         
                             er\1080p60\partial_movie_                         
                             files\Bochner\2932440949_                         
                             24168341_581634722.mp4'                           
                                                                                              

Animation 21: FadeIn(Text('una triangular SÍ puede ser autocorrelación')):   0%|          | 0/60 [00:00<?, ?it/s]
Animation 21: FadeIn(Text('una triangular SÍ puede ser autocorrelación')):  10%|#         | 6/60 [00:00<00:00, 
59.92it/s]
Animation 21: FadeIn(Text('una triangular SÍ puede ser autocorrelación')):  20%|##        | 12/60 [00:00<00:00, 
52.49it/s]
Animation 21: FadeIn(Text('una triangular SÍ puede ser autocorrelación')):  30%|###       | 18/60 [00:00<00:00, 
54.13it/s]
Animation 21: FadeIn(Text('una triangular SÍ puede ser autocorrelación')):  40%|####      | 24/60 [00:00<00:00, 
53.89it/s]
Animation 21: FadeIn(Text('una triangular SÍ puede ser autocorrelación')):  50%|#####     | 30/60 [00:00<00:00, 
49.72it/s]
Animation 21: FadeIn(Text('una triangular SÍ puede ser autocorrelación')):  60%|######    | 36/60 [00:00<00:00, 
49.71it/s]
Animation 21: FadeIn(Text('una triangular SÍ puede ser autocorrelación')):  70%|#######   | 42/60 [00:00<00:00, 
51.05it/s]
Animation 21: FadeIn(Text('una triangular SÍ puede ser autocorrelación')):  80%|########  | 48/60 [00:01<00:00, 
33.31it/s]
Animation 21: FadeIn(Text('una triangular SÍ puede ser autocorrelación')):  88%|########8 | 53/60 [00:01<00:00, 
34.65it/s]
Animation 21: FadeIn(Text('una triangular SÍ puede ser autocorrelación')):  98%|#########8| 59/60 [00:01<00:00, 
38.09it/s]
[09/08/26 21:20:07] INFO     Animation 21 : Partial    scene_file_writer.py:192
                             movie file written in                             
                             'C:\Users\Nacho\Documents                         
                             \Animaciones\Capitulo                             
                             11\media\videos\s04_bochn                         
                             er\1080p60\partial_movie_                         
                             files\Bochner\2932440949_                         
                             1863730337_4064179456.mp4                         
                             '                                                 
[09/08/26 21:20:13] INFO     Animation 22 : Partial    scene_file_writer.py:192
                             movie file written in                             
                             'C:\Users\Nacho\Documents                         
                             \Animaciones\Capitulo                             
                             11\media\videos\s04_bochn                         
                             er\1080p60\partial_movie_                         
                             files\Bochner\2932440949_                         
                             499328632_1494384778.mp4'                         
                                                                                                                       
   

Animation 23: FadeOut(VGroup of 14 submobjects):   0%|          | 0/60 [00:00<?, ?it/s]
Animation 23: FadeOut(VGroup of 14 submobjects):   2%|1         | 1/60 [00:00<00:06,  9.12it/s]
Animation 23: FadeOut(VGroup of 14 submobjects):   5%|5         | 3/60 [00:00<00:07,  8.05it/s]
Animation 23: FadeOut(VGroup of 14 submobjects):   7%|6         | 4/60 [00:00<00:07,  7.30it/s]
Animation 23: FadeOut(VGroup of 14 submobjects):   8%|8         | 5/60 [00:00<00:07,  7.42it/s]
Animation 23: FadeOut(VGroup of 14 submobjects):  10%|#         | 6/60 [00:00<00:06,  8.03it/s]
Animation 23: FadeOut(VGroup of 14 submobjects):  13%|#3        | 8/60 [00:00<00:04, 10.51it/s]
Animation 23: FadeOut(VGroup of 14 submobjects):  17%|#6        | 10/60 [00:01<00:04, 11.20it/s]
Animation 23: FadeOut(VGroup of 14 submobjects):  20%|##        | 12/60 [00:01<00:04, 11.01it/s]
Animation 23: FadeOut(VGroup of 14 submobjects):  23%|##3       | 14/60 [00:01<00:03, 12.76it/s]
Animation 23: FadeOut(VGroup of 14 submobjects):  27%|##6       | 16/60 [00:01<00:03, 13.29it/s]
Animation 23: FadeOut(VGroup of 14 submobjects):  30%|###       | 18/60 [00:01<00:02, 14.47it/s]
Animation 23: FadeOut(VGroup of 14 submobjects):  33%|###3      | 20/60 [00:01<00:02, 14.32it/s]
Animation 23: FadeOut(VGroup of 14 submobjects):  37%|###6      | 22/60 [00:01<00:03, 11.65it/s]
Animation 23: FadeOut(VGroup of 14 submobjects):  40%|####      | 24/60 [00:02<00:03,  9.92it/s]
Animation 23: FadeOut(VGroup of 14 submobjects):  43%|####3     | 26/60 [00:02<00:04,  8.15it/s]
Animation 23: FadeOut(VGroup of 14 submobjects):  45%|####5     | 27/60 [00:02<00:04,  8.02it/s]
Animation 23: FadeOut(VGroup of 14 submobjects):  47%|####6     | 28/60 [00:02<00:04,  7.42it/s]
Animation 23: FadeOut(VGroup of 14 submobjects):  48%|####8     | 29/60 [00:03<00:04,  7.23it/s]
Animation 23: FadeOut(VGroup of 14 submobjects):  50%|#####     | 30/60 [00:03<00:04,  7.36it/s]
Animation 23: FadeOut(VGroup of 14 submobjects):  52%|#####1    | 31/60 [00:03<00:03,  7.57it/s]
Animation 23: FadeOut(VGroup of 14 submobjects):  53%|#####3    | 32/60 [00:03<00:03,  7.16it/s]
Animation 23: FadeOut(VGroup of 14 submobjects):  55%|#####5    | 33/60 [00:03<00:03,  7.20it/s]
Animation 23: FadeOut(VGroup of 14 submobjects):  57%|#####6    | 34/60 [00:03<00:03,  7.57it/s]
Animation 23: FadeOut(VGroup of 14 submobjects):  58%|#####8    | 35/60 [00:03<00:03,  7.67it/s]
Animation 23: FadeOut(VGroup of 14 submobjects):  60%|######    | 36/60 [00:04<00:03,  6.55it/s]
Animation 23: FadeOut(VGroup of 14 submobjects):  62%|######1   | 37/60 [00:04<00:03,  6.10it/s]
Animation 23: FadeOut(VGroup of 14 submobjects):  63%|######3   | 38/60 [00:04<00:03,  6.57it/s]
Animation 23: FadeOut(VGroup of 14 submobjects):  65%|######5   | 39/60 [00:04<00:03,  6.94it/s]
Animation 23: FadeOut(VGroup of 14 submobjects):  67%|######6   | 40/60 [00:04<00:02,  6.98it/s]
Animation 23: FadeOut(VGroup of 14 submobjects):  68%|######8   | 41/60 [00:04<00:03,  6.32it/s]
Animation 23: FadeOut(VGroup of 14 submobjects):  70%|#######   | 42/60 [00:05<00:02,  6.10it/s]
Animation 23: FadeOut(VGroup of 14 submobjects):  72%|#######1  | 43/60 [00:05<00:03,  5.56it/s]
Animation 23: FadeOut(VGroup of 14 submobjects):  73%|#######3  | 44/60 [00:05<00:02,  6.15it/s]
Animation 23: FadeOut(VGroup of 14 submobjects):  75%|#######5  | 45/60 [00:05<00:02,  6.38it/s]
Animation 23: FadeOut(VGroup of 14 submobjects):  77%|#######6  | 46/60 [00:05<00:02,  6.44it/s]
Animation 23: FadeOut(VGroup of 14 submobjects):  78%|#######8  | 47/60 [00:05<00:01,  6.70it/s]
Animation 23: FadeOut(VGroup of 14 submobjects):  80%|########  | 48/60 [00:05<00:01,  6.53it/s]
Animation 23: FadeOut(VGroup of 14 submobjects):  82%|########1 | 49/60 [00:06<00:01,  6.66it/s]
Animation 23: FadeOut(VGroup of 14 submobjects):  83%|########3 | 50/60 [00:06<00:01,  6.98it/s]
Animation 23: FadeOut(VGroup of 14 submobjects):  85%|########5 | 51/60 [00:06<00:01,  7.37it/s]
Animation 23: FadeOut(VGroup of 14 submobjects):  87%|########6 | 52/60 [00:06<00:01,  7.49it/s]
Animation 23: FadeOut(VGroup of 14 submobjects):  88%|########8 | 53/60 [00:06<00:01,  6.89it/s]
Animation 23: FadeOut(VGroup of 14 submobjects):  90%|######### | 54/60 [00:06<00:00,  6.94it/s]
Animation 23: FadeOut(VGroup of 14 submobjects):  92%|#########1| 55/60 [00:06<00:00,  7.47it/s]
Animation 23: FadeOut(VGroup of 14 submobjects):  93%|#########3| 56/60 [00:07<00:00,  7.32it/s]
Animation 23: FadeOut(VGroup of 14 submobjects):  95%|#########5| 57/60 [00:07<00:00,  7.49it/s]
Animation 23: FadeOut(VGroup of 14 submobjects):  97%|#########6| 58/60 [00:07<00:00,  7.45it/s]
Animation 23: FadeOut(VGroup of 14 submobjects):  98%|#########8| 59/60 [00:07<00:00,  7.54it/s]
Animation 23: FadeOut(VGroup of 14 submobjects): 100%|##########| 60/60 [00:07<00:00,  7.98it/s]
[09/08/26 21:20:23] INFO     Animation 23 : Partial    scene_file_writer.py:192
                             movie file written in                             
                             'C:\Users\Nacho\Documents                         
                             \Animaciones\Capitulo                             
                             11\media\videos\s04_bochn                         
                             er\1080p60\partial_movie_                         
                             files\Bochner\2932440949_                         
                             2908838129_1673518334.mp4                         
                             '                                                 
                                                                                                

Animation 24: FadeIn(Text('Teorema de Bochner')), etc.:   0%|          | 0/60 [00:00<?, ?it/s]
Animation 24: FadeIn(Text('Teorema de Bochner')), etc.:   7%|6         | 4/60 [00:00<00:02, 27.37it/s]
Animation 24: FadeIn(Text('Teorema de Bochner')), etc.:  12%|#1        | 7/60 [00:00<00:02, 24.27it/s]
Animation 24: FadeIn(Text('Teorema de Bochner')), etc.:  17%|#6        | 10/60 [00:00<00:02, 23.53it/s]
Animation 24: FadeIn(Text('Teorema de Bochner')), etc.:  22%|##1       | 13/60 [00:00<00:02, 21.48it/s]
Animation 24: FadeIn(Text('Teorema de Bochner')), etc.:  27%|##6       | 16/60 [00:00<00:02, 21.30it/s]
Animation 24: FadeIn(Text('Teorema de Bochner')), etc.:  32%|###1      | 19/60 [00:00<00:01, 20.52it/s]
Animation 24: FadeIn(Text('Teorema de Bochner')), etc.:  37%|###6      | 22/60 [00:01<00:01, 20.58it/s]
Animation 24: FadeIn(Text('Teorema de Bochner')), etc.:  42%|####1     | 25/60 [00:01<00:01, 20.43it/s]
Animation 24: FadeIn(Text('Teorema de Bochner')), etc.:  47%|####6     | 28/60 [00:01<00:01, 20.18it/s]
Animation 24: FadeIn(Text('Teorema de Bochner')), etc.:  52%|#####1    | 31/60 [00:01<00:01, 20.42it/s]
Animation 24: FadeIn(Text('Teorema de Bochner')), etc.:  57%|#####6    | 34/60 [00:01<00:01, 20.30it/s]
Animation 24: FadeIn(Text('Teorema de Bochner')), etc.:  62%|######1   | 37/60 [00:01<00:01, 20.60it/s]
Animation 24: FadeIn(Text('Teorema de Bochner')), etc.:  67%|######6   | 40/60 [00:01<00:00, 20.34it/s]
Animation 24: FadeIn(Text('Teorema de Bochner')), etc.:  72%|#######1  | 43/60 [00:02<00:00, 19.33it/s]
Animation 24: FadeIn(Text('Teorema de Bochner')), etc.:  75%|#######5  | 45/60 [00:02<00:00, 18.24it/s]
Animation 24: FadeIn(Text('Teorema de Bochner')), etc.:  78%|#######8  | 47/60 [00:02<00:00, 16.85it/s]
Animation 24: FadeIn(Text('Teorema de Bochner')), etc.:  82%|########1 | 49/60 [00:02<00:00, 16.38it/s]
Animation 24: FadeIn(Text('Teorema de Bochner')), etc.:  85%|########5 | 51/60 [00:02<00:00, 15.90it/s]
Animation 24: FadeIn(Text('Teorema de Bochner')), etc.:  88%|########8 | 53/60 [00:02<00:00, 15.77it/s]
Animation 24: FadeIn(Text('Teorema de Bochner')), etc.:  92%|#########1| 55/60 [00:02<00:00, 16.46it/s]
Animation 24: FadeIn(Text('Teorema de Bochner')), etc.:  95%|#########5| 57/60 [00:02<00:00, 16.27it/s]
Animation 24: FadeIn(Text('Teorema de Bochner')), etc.:  98%|#########8| 59/60 [00:03<00:00, 16.14it/s]
[09/08/26 21:20:29] INFO     Animation 24 : Partial    scene_file_writer.py:192
                             movie file written in                             
                             'C:\Users\Nacho\Documents                         
                             \Animaciones\Capitulo                             
                             11\media\videos\s04_bochn                         
                             er\1080p60\partial_movie_                         
                             files\Bochner\2932440949_                         
                             1270668774_3998726375.mp4                         
                             '                                                 
[09/08/26 21:20:30] INFO     Animation 25 : Partial    scene_file_writer.py:192
                             movie file written in                             
                             'C:\Users\Nacho\Documents                         
                             \Animaciones\Capitulo                             
                             11\media\videos\s04_bochn                         
                             er\1080p60\partial_movie_                         
                             files\Bochner\2932440949_                         
                             241228271_837601487.mp4'                          
                                                                                                       

Animation 26: Write(MathTex('R(\\tau)\\ \\text{es autocorrelación válida}\\iff \\mathcal{F}\\{R\\}\\ \\text{real, par 
y}\\ \\geq 0')):   0%|          | 0/120 [00:00<?, ?it/s]
Animation 26: Write(MathTex('R(\\tau)\\ \\text{es autocorrelación válida}\\iff \\mathcal{F}\\{R\\}\\ \\text{real, par 
y}\\ \\geq 0')):   2%|2         | 3/120 [00:00<00:04, 25.51it/s]
Animation 26: Write(MathTex('R(\\tau)\\ \\text{es autocorrelación válida}\\iff \\mathcal{F}\\{R\\}\\ \\text{real, par 
y}\\ \\geq 0')):   5%|5         | 6/120 [00:00<00:05, 20.39it/s]
Animation 26: Write(MathTex('R(\\tau)\\ \\text{es autocorrelación válida}\\iff \\mathcal{F}\\{R\\}\\ \\text{real, par 
y}\\ \\geq 0')):   8%|7         | 9/120 [00:00<00:05, 20.61it/s]
Animation 26: Write(MathTex('R(\\tau)\\ \\text{es autocorrelación válida}\\iff \\mathcal{F}\\{R\\}\\ \\text{real, par 
y}\\ \\geq 0')):  10%|#         | 12/120 [00:00<00:04, 21.67it/s]
Animation 26: Write(MathTex('R(\\tau)\\ \\text{es autocorrelación válida}\\iff \\mathcal{F}\\{R\\}\\ \\text{real, par 
y}\\ \\geq 0')):  12%|#2        | 15/120 [00:00<00:04, 22.01it/s]
Animation 26: Write(MathTex('R(\\tau)\\ \\text{es autocorrelación válida}\\iff \\mathcal{F}\\{R\\}\\ \\text{real, par 
y}\\ \\geq 0')):  15%|#5        | 18/120 [00:00<00:04, 21.97it/s]
Animation 26: Write(MathTex('R(\\tau)\\ \\text{es autocorrelación válida}\\iff \\mathcal{F}\\{R\\}\\ \\text{real, par 
y}\\ \\geq 0')):  18%|#7        | 21/120 [00:00<00:04, 22.14it/s]
Animation 26: Write(MathTex('R(\\tau)\\ \\text{es autocorrelación válida}\\iff \\mathcal{F}\\{R\\}\\ \\text{real, par 
y}\\ \\geq 0')):  20%|##        | 24/120 [00:01<00:04, 22.63it/s]
Animation 26: Write(MathTex('R(\\tau)\\ \\text{es autocorrelación válida}\\iff \\mathcal{F}\\{R\\}\\ \\text{real, par 
y}\\ \\geq 0')):  22%|##2       | 27/120 [00:01<00:04, 21.38it/s]
Animation 26: Write(MathTex('R(\\tau)\\ \\text{es autocorrelación válida}\\iff \\mathcal{F}\\{R\\}\\ \\text{real, par 
y}\\ \\geq 0')):  25%|##5       | 30/120 [00:01<00:04, 21.04it/s]
Animation 26: Write(MathTex('R(\\tau)\\ \\text{es autocorrelación válida}\\iff \\mathcal{F}\\{R\\}\\ \\text{real, par 
y}\\ \\geq 0')):  28%|##7       | 33/120 [00:01<00:04, 21.31it/s]
Animation 26: Write(MathTex('R(\\tau)\\ \\text{es autocorrelación válida}\\iff \\mathcal{F}\\{R\\}\\ \\text{real, par 
y}\\ \\geq 0')):  30%|###       | 36/120 [00:01<00:03, 21.83it/s]
Animation 26: Write(MathTex('R(\\tau)\\ \\text{es autocorrelación válida}\\iff \\mathcal{F}\\{R\\}\\ \\text{real, par 
y}\\ \\geq 0')):  32%|###2      | 39/120 [00:01<00:03, 22.04it/s]
Animation 26: Write(MathTex('R(\\tau)\\ \\text{es autocorrelación válida}\\iff \\mathcal{F}\\{R\\}\\ \\text{real, par 
y}\\ \\geq 0')):  35%|###5      | 42/120 [00:01<00:03, 22.32it/s]
Animation 26: Write(MathTex('R(\\tau)\\ \\text{es autocorrelación válida}\\iff \\mathcal{F}\\{R\\}\\ \\text{real, par 
y}\\ \\geq 0')):  38%|###7      | 45/120 [00:02<00:04, 18.50it/s]
Animation 26: Write(MathTex('R(\\tau)\\ \\text{es autocorrelación válida}\\iff \\mathcal{F}\\{R\\}\\ \\text{real, par 
y}\\ \\geq 0')):  39%|###9      | 47/120 [00:02<00:04, 17.74it/s]
Animation 26: Write(MathTex('R(\\tau)\\ \\text{es autocorrelación válida}\\iff \\mathcal{F}\\{R\\}\\ \\text{real, par 
y}\\ \\geq 0')):  41%|####      | 49/120 [00:02<00:03, 17.90it/s]
Animation 26: Write(MathTex('R(\\tau)\\ \\text{es autocorrelación válida}\\iff \\mathcal{F}\\{R\\}\\ \\text{real, par 
y}\\ \\geq 0')):  43%|####3     | 52/120 [00:02<00:03, 18.64it/s]
Animation 26: Write(MathTex('R(\\tau)\\ \\text{es autocorrelación válida}\\iff \\mathcal{F}\\{R\\}\\ \\text{real, par 
y}\\ \\geq 0')):  46%|####5     | 55/120 [00:02<00:03, 19.15it/s]
Animation 26: Write(MathTex('R(\\tau)\\ \\text{es autocorrelación válida}\\iff \\mathcal{F}\\{R\\}\\ \\text{real, par 
y}\\ \\geq 0')):  48%|####7     | 57/120 [00:02<00:03, 19.09it/s]
Animation 26: Write(MathTex('R(\\tau)\\ \\text{es autocorrelación válida}\\iff \\mathcal{F}\\{R\\}\\ \\text{real, par 
y}\\ \\geq 0')):  50%|#####     | 60/120 [00:02<00:03, 19.81it/s]
Animation 26: Write(MathTex('R(\\tau)\\ \\text{es autocorrelación válida}\\iff \\mathcal{F}\\{R\\}\\ \\text{real, par 
y}\\ \\geq 0')):  52%|#####2    | 63/120 [00:03<00:02, 20.31it/s]
Animation 26: Write(MathTex('R(\\tau)\\ \\text{es autocorrelación válida}\\iff \\mathcal{F}\\{R\\}\\ \\text{real, par 
y}\\ \\geq 0')):  55%|#####5    | 66/120 [00:03<00:02, 20.18it/s]
Animation 26: Write(MathTex('R(\\tau)\\ \\text{es autocorrelación válida}\\iff \\mathcal{F}\\{R\\}\\ \\text{real, par 
y}\\ \\geq 0')):  57%|#####7    | 69/120 [00:03<00:02, 18.61it/s]
Animation 26: Write(MathTex('R(\\tau)\\ \\text{es autocorrelación válida}\\iff \\mathcal{F}\\{R\\}\\ \\text{real, par 
y}\\ \\geq 0')):  59%|#####9    | 71/120 [00:03<00:02, 18.17it/s]
Animation 26: Write(MathTex('R(\\tau)\\ \\text{es autocorrelación válida}\\iff \\mathcal{F}\\{R\\}\\ \\text{real, par 
y}\\ \\geq 0')):  61%|######    | 73/120 [00:03<00:02, 17.99it/s]
Animation 26: Write(MathTex('R(\\tau)\\ \\text{es autocorrelación válida}\\iff \\mathcal{F}\\{R\\}\\ \\text{real, par 
y}\\ \\geq 0')):  62%|######2   | 75/120 [00:03<00:02, 17.49it/s]
Animation 26: Write(MathTex('R(\\tau)\\ \\text{es autocorrelación válida}\\iff \\mathcal{F}\\{R\\}\\ \\text{real, par 
y}\\ \\geq 0')):  65%|######5   | 78/120 [00:03<00:02, 18.72it/s]
Animation 26: Write(MathTex('R(\\tau)\\ \\text{es autocorrelación válida}\\iff \\mathcal{F}\\{R\\}\\ \\text{real, par 
y}\\ \\geq 0')):  68%|######7   | 81/120 [00:04<00:01, 19.62it/s]
Animation 26: Write(MathTex('R(\\tau)\\ \\text{es autocorrelación válida}\\iff \\mathcal{F}\\{R\\}\\ \\text{real, par 
y}\\ \\geq 0')):  69%|######9   | 83/120 [00:04<00:01, 19.58it/s]
Animation 26: Write(MathTex('R(\\tau)\\ \\text{es autocorrelación válida}\\iff \\mathcal{F}\\{R\\}\\ \\text{real, par 
y}\\ \\geq 0')):  72%|#######1  | 86/120 [00:04<00:01, 20.23it/s]
Animation 26: Write(MathTex('R(\\tau)\\ \\text{es autocorrelación válida}\\iff \\mathcal{F}\\{R\\}\\ \\text{real, par 
y}\\ \\geq 0')):  74%|#######4  | 89/120 [00:04<00:01, 20.09it/s]
Animation 26: Write(MathTex('R(\\tau)\\ \\text{es autocorrelación válida}\\iff \\mathcal{F}\\{R\\}\\ \\text{real, par 
y}\\ \\geq 0')):  77%|#######6  | 92/120 [00:04<00:01, 20.34it/s]
Animation 26: Write(MathTex('R(\\tau)\\ \\text{es autocorrelación válida}\\iff \\mathcal{F}\\{R\\}\\ \\text{real, par 
y}\\ \\geq 0')):  79%|#######9  | 95/120 [00:04<00:01, 19.97it/s]
Animation 26: Write(MathTex('R(\\tau)\\ \\text{es autocorrelación válida}\\iff \\mathcal{F}\\{R\\}\\ \\text{real, par 
y}\\ \\geq 0')):  81%|########  | 97/120 [00:04<00:01, 19.59it/s]
Animation 26: Write(MathTex('R(\\tau)\\ \\text{es autocorrelación válida}\\iff \\mathcal{F}\\{R\\}\\ \\text{real, par 
y}\\ \\geq 0')):  83%|########3 | 100/120 [00:04<00:01, 19.70it/s]
Animation 26: Write(MathTex('R(\\tau)\\ \\text{es autocorrelación válida}\\iff \\mathcal{F}\\{R\\}\\ \\text{real, par 
y}\\ \\geq 0')):  86%|########5 | 103/120 [00:05<00:00, 20.08it/s]
Animation 26: Write(MathTex('R(\\tau)\\ \\text{es autocorrelación válida}\\iff \\mathcal{F}\\{R\\}\\ \\text{real, par 
y}\\ \\geq 0')):  88%|########8 | 106/120 [00:05<00:00, 20.55it/s]
Animation 26: Write(MathTex('R(\\tau)\\ \\text{es autocorrelación válida}\\iff \\mathcal{F}\\{R\\}\\ \\text{real, par 
y}\\ \\geq 0')):  91%|######### | 109/120 [00:05<00:00, 20.14it/s]
Animation 26: Write(MathTex('R(\\tau)\\ \\text{es autocorrelación válida}\\iff \\mathcal{F}\\{R\\}\\ \\text{real, par 
y}\\ \\geq 0')):  93%|#########3| 112/120 [00:05<00:00, 20.20it/s]
Animation 26: Write(MathTex('R(\\tau)\\ \\text{es autocorrelación válida}\\iff \\mathcal{F}\\{R\\}\\ \\text{real, par 
y}\\ \\geq 0')):  96%|#########5| 115/120 [00:05<00:00, 20.48it/s]
Animation 26: Write(MathTex('R(\\tau)\\ \\text{es autocorrelación válida}\\iff \\mathcal{F}\\{R\\}\\ \\text{real, par 
y}\\ \\geq 0')):  98%|#########8| 118/120 [00:05<00:00, 20.85it/s]
[09/08/26 21:20:38] INFO     Animation 26 : Partial    scene_file_writer.py:192
                             movie file written in                             
                             'C:\Users\Nacho\Documents                         
                             \Animaciones\Capitulo                             
                             11\media\videos\s04_bochn                         
                             er\1080p60\partial_movie_                         
                             files\Bochner\2932440949_                         
                             1004343777_2835230357.mp4                         
                             '                                                 
[09/08/26 21:20:42] INFO     Animation 27 : Partial    scene_file_writer.py:192
                             movie file written in                             
                             'C:\Users\Nacho\Documents                         
                             \Animaciones\Capitulo                             
                             11\media\videos\s04_bochn                         
                             er\1080p60\partial_movie_                         
                             files\Bochner\2932440949_                         
                             349589963_3541900541.mp4'                         
                                                                                                                       
                                                                 

Animation 28: FadeOut(VGroup of 2 submobjects):   0%|          | 0/60 [00:00<?, ?it/s]
Animation 28: FadeOut(VGroup of 2 submobjects):   3%|3         | 2/60 [00:00<00:04, 12.54it/s]
Animation 28: FadeOut(VGroup of 2 submobjects):   7%|6         | 4/60 [00:00<00:04, 12.81it/s]
Animation 28: FadeOut(VGroup of 2 submobjects):  10%|#         | 6/60 [00:00<00:04, 12.71it/s]
Animation 28: FadeOut(VGroup of 2 submobjects):  13%|#3        | 8/60 [00:00<00:04, 12.72it/s]
Animation 28: FadeOut(VGroup of 2 submobjects):  17%|#6        | 10/60 [00:00<00:03, 12.70it/s]
Animation 28: FadeOut(VGroup of 2 submobjects):  20%|##        | 12/60 [00:00<00:03, 12.71it/s]
Animation 28: FadeOut(VGroup of 2 submobjects):  23%|##3       | 14/60 [00:01<00:03, 12.56it/s]
Animation 28: FadeOut(VGroup of 2 submobjects):  27%|##6       | 16/60 [00:01<00:03, 12.54it/s]
Animation 28: FadeOut(VGroup of 2 submobjects):  30%|###       | 18/60 [00:01<00:03, 12.49it/s]
Animation 28: FadeOut(VGroup of 2 submobjects):  33%|###3      | 20/60 [00:01<00:03, 12.58it/s]
Animation 28: FadeOut(VGroup of 2 submobjects):  37%|###6      | 22/60 [00:01<00:03, 12.60it/s]
Animation 28: FadeOut(VGroup of 2 submobjects):  40%|####      | 24/60 [00:01<00:02, 12.69it/s]
Animation 28: FadeOut(VGroup of 2 submobjects):  43%|####3     | 26/60 [00:02<00:02, 12.68it/s]
Animation 28: FadeOut(VGroup of 2 submobjects):  47%|####6     | 28/60 [00:02<00:02, 12.65it/s]
Animation 28: FadeOut(VGroup of 2 submobjects):  50%|#####     | 30/60 [00:02<00:02, 12.56it/s]
Animation 28: FadeOut(VGroup of 2 submobjects):  53%|#####3    | 32/60 [00:02<00:02, 12.52it/s]
Animation 28: FadeOut(VGroup of 2 submobjects):  57%|#####6    | 34/60 [00:02<00:02, 12.13it/s]
Animation 28: FadeOut(VGroup of 2 submobjects):  60%|######    | 36/60 [00:02<00:01, 12.05it/s]
Animation 28: FadeOut(VGroup of 2 submobjects):  63%|######3   | 38/60 [00:03<00:01, 12.24it/s]
Animation 28: FadeOut(VGroup of 2 submobjects):  67%|######6   | 40/60 [00:03<00:01, 12.41it/s]
Animation 28: FadeOut(VGroup of 2 submobjects):  70%|#######   | 42/60 [00:03<00:01, 12.37it/s]
Animation 28: FadeOut(VGroup of 2 submobjects):  73%|#######3  | 44/60 [00:03<00:01, 10.79it/s]
Animation 28: FadeOut(VGroup of 2 submobjects):  77%|#######6  | 46/60 [00:03<00:01, 10.41it/s]
Animation 28: FadeOut(VGroup of 2 submobjects):  80%|########  | 48/60 [00:03<00:01, 10.73it/s]
Animation 28: FadeOut(VGroup of 2 submobjects):  83%|########3 | 50/60 [00:04<00:00, 11.15it/s]
Animation 28: FadeOut(VGroup of 2 submobjects):  87%|########6 | 52/60 [00:04<00:00, 11.10it/s]
Animation 28: FadeOut(VGroup of 2 submobjects):  90%|######### | 54/60 [00:04<00:00, 11.12it/s]
Animation 28: FadeOut(VGroup of 2 submobjects):  93%|#########3| 56/60 [00:04<00:00, 11.33it/s]
Animation 28: FadeOut(VGroup of 2 submobjects):  97%|#########6| 58/60 [00:04<00:00, 11.46it/s]
Animation 28: FadeOut(VGroup of 2 submobjects): 100%|##########| 60/60 [00:05<00:00, 11.54it/s]
[09/08/26 21:20:50] INFO     Animation 28 : Partial    scene_file_writer.py:192
                             movie file written in                             
                             'C:\Users\Nacho\Documents                         
                             \Animaciones\Capitulo                             
                             11\media\videos\s04_bochn                         
                             er\1080p60\partial_movie_                         
                             files\Bochner\2932440949_                         
                             3424315388_89551558.mp4'                          
                    INFO     Animation 29 : Partial    scene_file_writer.py:192
                             movie file written in                             
                             'C:\Users\Nacho\Documents                         
                             \Animaciones\Capitulo                             
                             11\media\videos\s04_bochn                         
                             er\1080p60\partial_movie_                         
                             files\Bochner\2932440949_                         
                             4235033027_1235804913.mp4                         
                             '                                                 
[09/08/26 21:20:51] INFO     Combining to Movie file.  scene_file_writer.py:952
                    INFO                              scene_file_writer.py:1103
                             File ready at                                     
                             'C:\Users\Nacho\Document                          
                             s\Animaciones\Capitulo                            
                             11\media\videos\s04_boch                          
                             ner\1080p60\Bochner.mp4'                          
                                                                               
                    INFO     Rendered Bochner                      scene.py:290
                             Played 30 animations                              
                                                                                               
Manim Community v0.21.0

manim.exe : 
En C:\Users\Nacho\Documents\Animaciones\Capitulo 11\render.ps1: 49 Carácter: 9
+         & manim "-$Calidad" $e.archivo $e.escena *>> $log
+         ~~~~~~~~~~~~~~~~~~~~~~~~~~~~~~~~~~~~~~~~~~~~~~~~~
    + CategoryInfo          : NotSpecified: (:String) [], RemoteException
    + FullyQualifiedErrorId : NativeCommandError
 
Animation 0: FadeIn(Text('Procesos blancos y coloreados')):   0%|          | 0/60 [00:00<?, ?it/s]
Animation 0: FadeIn(Text('Procesos blancos y coloreados')):   7%|6         | 4/60 [00:00<00:01, 28.70it/s]
Animation 0: FadeIn(Text('Procesos blancos y coloreados')):  12%|#1        | 7/60 [00:00<00:01, 27.24it/s]
Animation 0: FadeIn(Text('Procesos blancos y coloreados')):  17%|#6        | 10/60 [00:00<00:01, 26.87it/s]
Animation 0: FadeIn(Text('Procesos blancos y coloreados')):  22%|##1       | 13/60 [00:00<00:01, 26.62it/s]
Animation 0: FadeIn(Text('Procesos blancos y coloreados')):  27%|##6       | 16/60 [00:00<00:01, 26.36it/s]
Animation 0: FadeIn(Text('Procesos blancos y coloreados')):  32%|###1      | 19/60 [00:00<00:01, 26.88it/s]
Animation 0: FadeIn(Text('Procesos blancos y coloreados')):  37%|###6      | 22/60 [00:00<00:01, 26.86it/s]
Animation 0: FadeIn(Text('Procesos blancos y coloreados')):  42%|####1     | 25/60 [00:00<00:01, 26.98it/s]
Animation 0: FadeIn(Text('Procesos blancos y coloreados')):  47%|####6     | 28/60 [00:01<00:01, 27.42it/s]
Animation 0: FadeIn(Text('Procesos blancos y coloreados')):  52%|#####1    | 31/60 [00:01<00:01, 26.53it/s]
Animation 0: FadeIn(Text('Procesos blancos y coloreados')):  57%|#####6    | 34/60 [00:01<00:01, 25.87it/s]
Animation 0: FadeIn(Text('Procesos blancos y coloreados')):  62%|######1   | 37/60 [00:01<00:00, 25.92it/s]
Animation 0: FadeIn(Text('Procesos blancos y coloreados')):  67%|######6   | 40/60 [00:01<00:00, 26.01it/s]
Animation 0: FadeIn(Text('Procesos blancos y coloreados')):  72%|#######1  | 43/60 [00:01<00:00, 26.49it/s]
Animation 0: FadeIn(Text('Procesos blancos y coloreados')):  77%|#######6  | 46/60 [00:01<00:00, 27.29it/s]
Animation 0: FadeIn(Text('Procesos blancos y coloreados')):  83%|########3 | 50/60 [00:01<00:00, 27.55it/s]
Animation 0: FadeIn(Text('Procesos blancos y coloreados')):  88%|########8 | 53/60 [00:02<00:00, 23.99it/s]
Animation 0: FadeIn(Text('Procesos blancos y coloreados')):  93%|#########3| 56/60 [00:02<00:00, 23.15it/s]
Animation 0: FadeIn(Text('Procesos blancos y coloreados')):  98%|#########8| 59/60 [00:02<00:00, 22.60it/s]
[09/08/26 21:20:59] INFO     Animation 0 : Partial     scene_file_writer.py:192
                             movie file written in                             
                             'C:\Users\Nacho\Documents                         
                             \Animaciones\Capitulo                             
                             11\media\videos\s05_blanc                         
                             o_coloreado\1080p60\parti                         
                             al_movie_files\BlancoColo                         
                             reado\3010004561_35270022                         
                             2_223132457.mp4'                                  
[09/08/26 21:21:00] INFO     Animation 1 : Partial     scene_file_writer.py:192
                             movie file written in                             
                             'C:\Users\Nacho\Documents                         
                             \Animaciones\Capitulo                             
                             11\media\videos\s05_blanc                         
                             o_coloreado\1080p60\parti                         
                             al_movie_files\BlancoColo                         
                             reado\2932440949_42350330                         
                             27_1829511595.mp4'                                
                                                                                                           

Animation 2: Create(Axes of 2 submobjects), etc.:   0%|          | 0/60 [00:00<?, ?it/s]
Animation 2: Create(Axes of 2 submobjects), etc.:   5%|5         | 3/60 [00:00<00:02, 20.27it/s]
Animation 2: Create(Axes of 2 submobjects), etc.:  10%|#         | 6/60 [00:00<00:03, 17.34it/s]
Animation 2: Create(Axes of 2 submobjects), etc.:  13%|#3        | 8/60 [00:00<00:02, 17.71it/s]
Animation 2: Create(Axes of 2 submobjects), etc.:  18%|#8        | 11/60 [00:00<00:02, 18.81it/s]
Animation 2: Create(Axes of 2 submobjects), etc.:  23%|##3       | 14/60 [00:00<00:02, 18.95it/s]
Animation 2: Create(Axes of 2 submobjects), etc.:  27%|##6       | 16/60 [00:00<00:02, 19.21it/s]
Animation 2: Create(Axes of 2 submobjects), etc.:  32%|###1      | 19/60 [00:00<00:01, 20.85it/s]
Animation 2: Create(Axes of 2 submobjects), etc.:  37%|###6      | 22/60 [00:01<00:01, 21.13it/s]
Animation 2: Create(Axes of 2 submobjects), etc.:  42%|####1     | 25/60 [00:01<00:01, 21.60it/s]
Animation 2: Create(Axes of 2 submobjects), etc.:  47%|####6     | 28/60 [00:01<00:01, 21.59it/s]
Animation 2: Create(Axes of 2 submobjects), etc.:  52%|#####1    | 31/60 [00:01<00:01, 20.35it/s]
Animation 2: Create(Axes of 2 submobjects), etc.:  57%|#####6    | 34/60 [00:01<00:01, 19.54it/s]
Animation 2: Create(Axes of 2 submobjects), etc.:  60%|######    | 36/60 [00:01<00:01, 19.26it/s]
Animation 2: Create(Axes of 2 submobjects), etc.:  63%|######3   | 38/60 [00:01<00:01, 19.36it/s]
Animation 2: Create(Axes of 2 submobjects), etc.:  68%|######8   | 41/60 [00:02<00:00, 20.02it/s]
Animation 2: Create(Axes of 2 submobjects), etc.:  73%|#######3  | 44/60 [00:02<00:00, 18.05it/s]
Animation 2: Create(Axes of 2 submobjects), etc.:  77%|#######6  | 46/60 [00:02<00:00, 16.62it/s]
Animation 2: Create(Axes of 2 submobjects), etc.:  80%|########  | 48/60 [00:02<00:00, 15.63it/s]
Animation 2: Create(Axes of 2 submobjects), etc.:  83%|########3 | 50/60 [00:02<00:00, 15.87it/s]
Animation 2: Create(Axes of 2 submobjects), etc.:  87%|########6 | 52/60 [00:02<00:00, 16.22it/s]
Animation 2: Create(Axes of 2 submobjects), etc.:  90%|######### | 54/60 [00:02<00:00, 16.45it/s]
Animation 2: Create(Axes of 2 submobjects), etc.:  93%|#########3| 56/60 [00:03<00:00, 17.06it/s]
Animation 2: Create(Axes of 2 submobjects), etc.:  97%|#########6| 58/60 [00:03<00:00, 17.72it/s]
Animation 2: Create(Axes of 2 submobjects), etc.: 100%|##########| 60/60 [00:03<00:00, 18.33it/s]
[09/08/26 21:21:04] INFO     Animation 2 : Partial     scene_file_writer.py:192
                             movie file written in                             
                             'C:\Users\Nacho\Documents                         
                             \Animaciones\Capitulo                             
                             11\media\videos\s05_blanc                         
                             o_coloreado\1080p60\parti                         
                             al_movie_files\BlancoColo                         
                             reado\2932440949_24408224                         
                             94_3737253266.mp4'                                
                                                                                                 

Animation 3: FadeIn(Text('BLANCO')):   0%|          | 0/60 [00:00<?, ?it/s]
Animation 3: FadeIn(Text('BLANCO')):  10%|#         | 6/60 [00:00<00:01, 52.96it/s]
Animation 3: FadeIn(Text('BLANCO')):  20%|##        | 12/60 [00:00<00:01, 43.02it/s]
Animation 3: FadeIn(Text('BLANCO')):  28%|##8       | 17/60 [00:00<00:01, 39.74it/s]
Animation 3: FadeIn(Text('BLANCO')):  37%|###6      | 22/60 [00:00<00:01, 37.19it/s]
Animation 3: FadeIn(Text('BLANCO')):  43%|####3     | 26/60 [00:00<00:00, 36.29it/s]
Animation 3: FadeIn(Text('BLANCO')):  50%|#####     | 30/60 [00:00<00:00, 36.04it/s]
Animation 3: FadeIn(Text('BLANCO')):  57%|#####6    | 34/60 [00:00<00:00, 35.76it/s]
Animation 3: FadeIn(Text('BLANCO')):  63%|######3   | 38/60 [00:01<00:00, 34.58it/s]
Animation 3: FadeIn(Text('BLANCO')):  70%|#######   | 42/60 [00:01<00:00, 34.83it/s]
Animation 3: FadeIn(Text('BLANCO')):  77%|#######6  | 46/60 [00:01<00:00, 34.38it/s]
Animation 3: FadeIn(Text('BLANCO')):  83%|########3 | 50/60 [00:01<00:00, 32.86it/s]
Animation 3: FadeIn(Text('BLANCO')):  90%|######### | 54/60 [00:01<00:00, 31.74it/s]
Animation 3: FadeIn(Text('BLANCO')):  97%|#########6| 58/60 [00:01<00:00, 32.78it/s]
[09/08/26 21:21:07] INFO     Animation 3 : Partial     scene_file_writer.py:192
                             movie file written in                             
                             'C:\Users\Nacho\Documents                         
                             \Animaciones\Capitulo                             
                             11\media\videos\s05_blanc                         
                             o_coloreado\1080p60\parti                         
                             al_movie_files\BlancoColo                         
                             reado\2932440949_24318922                         
                             49_956532133.mp4'                                 
                                                                                    

Animation 4: Create(VMobject):   0%|          | 0/96 [00:00<?, ?it/s]
Animation 4: Create(VMobject):  11%|#1        | 11/96 [00:00<00:00, 85.61it/s]
Animation 4: Create(VMobject):  21%|##        | 20/96 [00:00<00:01, 72.44it/s]
Animation 4: Create(VMobject):  31%|###1      | 30/96 [00:00<00:00, 81.17it/s]
Animation 4: Create(VMobject):  44%|####3     | 42/96 [00:00<00:00, 92.02it/s]
Animation 4: Create(VMobject):  54%|#####4    | 52/96 [00:00<00:00, 90.65it/s]
Animation 4: Create(VMobject):  66%|######5   | 63/96 [00:00<00:00, 93.12it/s]
Animation 4: Create(VMobject):  76%|#######6  | 73/96 [00:00<00:00, 70.50it/s]
Animation 4: Create(VMobject):  84%|########4 | 81/96 [00:01<00:00, 63.32it/s]
Animation 4: Create(VMobject):  92%|#########1| 88/96 [00:01<00:00, 56.61it/s]
Animation 4: Create(VMobject):  99%|#########8| 95/96 [00:01<00:00, 53.75it/s]
[09/08/26 21:21:10] INFO     Animation 4 : Partial     scene_file_writer.py:192
                             movie file written in                             
                             'C:\Users\Nacho\Documents                         
                             \Animaciones\Capitulo                             
                             11\media\videos\s05_blanc                         
                             o_coloreado\1080p60\parti                         
                             al_movie_files\BlancoColo                         
                             reado\2932440949_35887739                         
                             60_1175620077.mp4'                                
                                                                              

Animation 5: FadeIn(VGroup of 26 submobjects), etc.:   0%|          | 0/60 [00:00<?, ?it/s]
Animation 5: FadeIn(VGroup of 26 submobjects), etc.:   8%|8         | 5/60 [00:00<00:01, 37.16it/s]
Animation 5: FadeIn(VGroup of 26 submobjects), etc.:  15%|#5        | 9/60 [00:00<00:01, 34.94it/s]
Animation 5: FadeIn(VGroup of 26 submobjects), etc.:  22%|##1       | 13/60 [00:00<00:01, 34.30it/s]
Animation 5: FadeIn(VGroup of 26 submobjects), etc.:  28%|##8       | 17/60 [00:00<00:01, 32.97it/s]
Animation 5: FadeIn(VGroup of 26 submobjects), etc.:  35%|###5      | 21/60 [00:00<00:01, 33.70it/s]
Animation 5: FadeIn(VGroup of 26 submobjects), etc.:  42%|####1     | 25/60 [00:00<00:01, 32.73it/s]
Animation 5: FadeIn(VGroup of 26 submobjects), etc.:  48%|####8     | 29/60 [00:00<00:00, 32.85it/s]
Animation 5: FadeIn(VGroup of 26 submobjects), etc.:  55%|#####5    | 33/60 [00:00<00:00, 33.70it/s]
Animation 5: FadeIn(VGroup of 26 submobjects), etc.:  62%|######1   | 37/60 [00:01<00:00, 35.03it/s]
Animation 5: FadeIn(VGroup of 26 submobjects), etc.:  68%|######8   | 41/60 [00:01<00:00, 35.07it/s]
Animation 5: FadeIn(VGroup of 26 submobjects), etc.:  75%|#######5  | 45/60 [00:01<00:00, 31.09it/s]
Animation 5: FadeIn(VGroup of 26 submobjects), etc.:  82%|########1 | 49/60 [00:01<00:00, 29.99it/s]
Animation 5: FadeIn(VGroup of 26 submobjects), etc.:  88%|########8 | 53/60 [00:01<00:00, 28.36it/s]
Animation 5: FadeIn(VGroup of 26 submobjects), etc.:  95%|#########5| 57/60 [00:01<00:00, 28.63it/s]
[09/08/26 21:21:13] INFO     Animation 5 : Partial     scene_file_writer.py:192
                             movie file written in                             
                             'C:\Users\Nacho\Documents                         
                             \Animaciones\Capitulo                             
                             11\media\videos\s05_blanc                         
                             o_coloreado\1080p60\parti                         
                             al_movie_files\BlancoColo                         
                             reado\2932440949_31625217                         
                             27_37245016.mp4'                                  
[09/08/26 21:21:15] INFO     Animation 6 : Partial     scene_file_writer.py:192
                             movie file written in                             
                             'C:\Users\Nacho\Documents                         
                             \Animaciones\Capitulo                             
                             11\media\videos\s05_blanc                         
                             o_coloreado\1080p60\parti                         
                             al_movie_files\BlancoColo                         
                             reado\2932440949_38809684                         
                             70_718910398.mp4'                                 
                                                                                                    

Animation 7: FadeIn(Text('cada muestra es independiente de las demás')):   0%|          | 0/60 [00:00<?, ?it/s]
Animation 7: FadeIn(Text('cada muestra es independiente de las demás')):   7%|6         | 4/60 [00:00<00:01, 28.12it/s]
Animation 7: FadeIn(Text('cada muestra es independiente de las demás')):  12%|#1        | 7/60 [00:00<00:01, 27.16it/s]
Animation 7: FadeIn(Text('cada muestra es independiente de las demás')):  17%|#6        | 10/60 [00:00<00:01, 
26.79it/s]
Animation 7: FadeIn(Text('cada muestra es independiente de las demás')):  22%|##1       | 13/60 [00:00<00:01, 
26.60it/s]
Animation 7: FadeIn(Text('cada muestra es independiente de las demás')):  27%|##6       | 16/60 [00:00<00:01, 
26.41it/s]
Animation 7: FadeIn(Text('cada muestra es independiente de las demás')):  32%|###1      | 19/60 [00:00<00:01, 
25.97it/s]
Animation 7: FadeIn(Text('cada muestra es independiente de las demás')):  37%|###6      | 22/60 [00:00<00:01, 
26.33it/s]
Animation 7: FadeIn(Text('cada muestra es independiente de las demás')):  42%|####1     | 25/60 [00:00<00:01, 
25.98it/s]
Animation 7: FadeIn(Text('cada muestra es independiente de las demás')):  47%|####6     | 28/60 [00:01<00:01, 
25.24it/s]
Animation 7: FadeIn(Text('cada muestra es independiente de las demás')):  52%|#####1    | 31/60 [00:01<00:01, 
25.91it/s]
Animation 7: FadeIn(Text('cada muestra es independiente de las demás')):  57%|#####6    | 34/60 [00:01<00:00, 
26.01it/s]
Animation 7: FadeIn(Text('cada muestra es independiente de las demás')):  62%|######1   | 37/60 [00:01<00:00, 
26.17it/s]
Animation 7: FadeIn(Text('cada muestra es independiente de las demás')):  67%|######6   | 40/60 [00:01<00:00, 
25.45it/s]
Animation 7: FadeIn(Text('cada muestra es independiente de las demás')):  72%|#######1  | 43/60 [00:01<00:00, 
23.70it/s]
Animation 7: FadeIn(Text('cada muestra es independiente de las demás')):  77%|#######6  | 46/60 [00:01<00:00, 
19.00it/s]
Animation 7: FadeIn(Text('cada muestra es independiente de las demás')):  82%|########1 | 49/60 [00:02<00:00, 
19.55it/s]
Animation 7: FadeIn(Text('cada muestra es independiente de las demás')):  87%|########6 | 52/60 [00:02<00:00, 
20.29it/s]
Animation 7: FadeIn(Text('cada muestra es independiente de las demás')):  92%|#########1| 55/60 [00:02<00:00, 
21.11it/s]
Animation 7: FadeIn(Text('cada muestra es independiente de las demás')):  97%|#########6| 58/60 [00:02<00:00, 
21.76it/s]
[09/08/26 21:21:19] INFO     Animation 7 : Partial     scene_file_writer.py:192
                             movie file written in                             
                             'C:\Users\Nacho\Documents                         
                             \Animaciones\Capitulo                             
                             11\media\videos\s05_blanc                         
                             o_coloreado\1080p60\parti                         
                             al_movie_files\BlancoColo                         
                             reado\2932440949_24023094                         
                             86_3303065227.mp4'                                
[09/08/26 21:21:21] INFO     Animation 8 : Partial     scene_file_writer.py:192
                             movie file written in                             
                             'C:\Users\Nacho\Documents                         
                             \Animaciones\Capitulo                             
                             11\media\videos\s05_blanc                         
                             o_coloreado\1080p60\parti                         
                             al_movie_files\BlancoColo                         
                             reado\2932440949_40468638                         
                             25_2886637974.mp4'                                
                                                                                                                       
 

Animation 9: FadeOut(Text('cada muestra es independiente de las demás')), etc.:   0%|          | 0/60 [00:00<?, ?it/s]
Animation 9: FadeOut(Text('cada muestra es independiente de las demás')), etc.:   3%|3         | 2/60 [00:00<00:02, 
19.81it/s]
Animation 9: FadeOut(Text('cada muestra es independiente de las demás')), etc.:   7%|6         | 4/60 [00:00<00:02, 
18.72it/s]
Animation 9: FadeOut(Text('cada muestra es independiente de las demás')), etc.:  10%|#         | 6/60 [00:00<00:02, 
18.14it/s]
Animation 9: FadeOut(Text('cada muestra es independiente de las demás')), etc.:  13%|#3        | 8/60 [00:00<00:02, 
18.01it/s]
Animation 9: FadeOut(Text('cada muestra es independiente de las demás')), etc.:  17%|#6        | 10/60 [00:00<00:02, 
17.75it/s]
Animation 9: FadeOut(Text('cada muestra es independiente de las demás')), etc.:  20%|##        | 12/60 [00:00<00:02, 
16.37it/s]
Animation 9: FadeOut(Text('cada muestra es independiente de las demás')), etc.:  23%|##3       | 14/60 [00:00<00:03, 
14.22it/s]
Animation 9: FadeOut(Text('cada muestra es independiente de las demás')), etc.:  27%|##6       | 16/60 [00:01<00:03, 
13.83it/s]
Animation 9: FadeOut(Text('cada muestra es independiente de las demás')), etc.:  30%|###       | 18/60 [00:01<00:03, 
13.60it/s]
Animation 9: FadeOut(Text('cada muestra es independiente de las demás')), etc.:  33%|###3      | 20/60 [00:01<00:02, 
13.81it/s]
Animation 9: FadeOut(Text('cada muestra es independiente de las demás')), etc.:  37%|###6      | 22/60 [00:01<00:02, 
14.05it/s]
Animation 9: FadeOut(Text('cada muestra es independiente de las demás')), etc.:  40%|####      | 24/60 [00:01<00:02, 
14.57it/s]
Animation 9: FadeOut(Text('cada muestra es independiente de las demás')), etc.:  43%|####3     | 26/60 [00:01<00:02, 
14.97it/s]
Animation 9: FadeOut(Text('cada muestra es independiente de las demás')), etc.:  47%|####6     | 28/60 [00:01<00:02, 
15.10it/s]
Animation 9: FadeOut(Text('cada muestra es independiente de las demás')), etc.:  50%|#####     | 30/60 [00:01<00:01, 
15.49it/s]
Animation 9: FadeOut(Text('cada muestra es independiente de las demás')), etc.:  53%|#####3    | 32/60 [00:02<00:01, 
15.88it/s]
Animation 9: FadeOut(Text('cada muestra es independiente de las demás')), etc.:  57%|#####6    | 34/60 [00:02<00:01, 
16.11it/s]
Animation 9: FadeOut(Text('cada muestra es independiente de las demás')), etc.:  60%|######    | 36/60 [00:02<00:01, 
16.23it/s]
Animation 9: FadeOut(Text('cada muestra es independiente de las demás')), etc.:  63%|######3   | 38/60 [00:02<00:01, 
16.58it/s]
Animation 9: FadeOut(Text('cada muestra es independiente de las demás')), etc.:  67%|######6   | 40/60 [00:02<00:01, 
16.89it/s]
Animation 9: FadeOut(Text('cada muestra es independiente de las demás')), etc.:  70%|#######   | 42/60 [00:02<00:01, 
17.03it/s]
Animation 9: FadeOut(Text('cada muestra es independiente de las demás')), etc.:  73%|#######3  | 44/60 [00:02<00:01, 
13.15it/s]
Animation 9: FadeOut(Text('cada muestra es independiente de las demás')), etc.:  77%|#######6  | 46/60 [00:03<00:01, 
13.60it/s]
Animation 9: FadeOut(Text('cada muestra es independiente de las demás')), etc.:  80%|########  | 48/60 [00:03<00:00, 
14.06it/s]
Animation 9: FadeOut(Text('cada muestra es independiente de las demás')), etc.:  83%|########3 | 50/60 [00:03<00:00, 
14.60it/s]
Animation 9: FadeOut(Text('cada muestra es independiente de las demás')), etc.:  87%|########6 | 52/60 [00:03<00:00, 
15.06it/s]
Animation 9: FadeOut(Text('cada muestra es independiente de las demás')), etc.:  90%|######### | 54/60 [00:03<00:00, 
15.53it/s]
Animation 9: FadeOut(Text('cada muestra es independiente de las demás')), etc.:  93%|#########3| 56/60 [00:03<00:00, 
15.60it/s]
Animation 9: FadeOut(Text('cada muestra es independiente de las demás')), etc.:  97%|#########6| 58/60 [00:03<00:00, 
15.74it/s]
Animation 9: FadeOut(Text('cada muestra es independiente de las demás')), etc.: 100%|##########| 60/60 [00:03<00:00, 
14.83it/s]
[09/08/26 21:21:27] INFO     Animation 9 : Partial     scene_file_writer.py:192
                             movie file written in                             
                             'C:\Users\Nacho\Documents                         
                             \Animaciones\Capitulo                             
                             11\media\videos\s05_blanc                         
                             o_coloreado\1080p60\parti                         
                             al_movie_files\BlancoColo                         
                             reado\2932440949_12806637                         
                             88_3312299190.mp4'                                
[09/08/26 21:21:31] INFO     Animation 10 : Partial    scene_file_writer.py:192
                             movie file written in                             
                             'C:\Users\Nacho\Documents                         
                             \Animaciones\Capitulo                             
                             11\media\videos\s05_blanc                         
                             o_coloreado\1080p60\parti                         
                             al_movie_files\BlancoColo                         
                             reado\2932440949_39265006                         
                             12_2368355782.mp4'                                
                                                                                                                       
        

Animation 11: FadeOut(Text('una sola delta en el origen  →  espectro totalmente plano')):   0%|          | 0/60 
[00:00<?, ?it/s]
Animation 11: FadeOut(Text('una sola delta en el origen  →  espectro totalmente plano')):   5%|5         | 3/60 
[00:00<00:02, 25.72it/s]
Animation 11: FadeOut(Text('una sola delta en el origen  →  espectro totalmente plano')):  10%|#         | 6/60 
[00:00<00:02, 24.93it/s]
Animation 11: FadeOut(Text('una sola delta en el origen  →  espectro totalmente plano')):  15%|#5        | 9/60 
[00:00<00:02, 24.97it/s]
Animation 11: FadeOut(Text('una sola delta en el origen  →  espectro totalmente plano')):  20%|##        | 12/60 
[00:00<00:01, 24.76it/s]
Animation 11: FadeOut(Text('una sola delta en el origen  →  espectro totalmente plano')):  25%|##5       | 15/60 
[00:00<00:01, 24.17it/s]
Animation 11: FadeOut(Text('una sola delta en el origen  →  espectro totalmente plano')):  30%|###       | 18/60 
[00:00<00:01, 24.11it/s]
Animation 11: FadeOut(Text('una sola delta en el origen  →  espectro totalmente plano')):  35%|###5      | 21/60 
[00:00<00:01, 23.75it/s]
Animation 11: FadeOut(Text('una sola delta en el origen  →  espectro totalmente plano')):  40%|####      | 24/60 
[00:01<00:01, 22.56it/s]
Animation 11: FadeOut(Text('una sola delta en el origen  →  espectro totalmente plano')):  45%|####5     | 27/60 
[00:01<00:01, 21.98it/s]
Animation 11: FadeOut(Text('una sola delta en el origen  →  espectro totalmente plano')):  50%|#####     | 30/60 
[00:01<00:01, 20.68it/s]
Animation 11: FadeOut(Text('una sola delta en el origen  →  espectro totalmente plano')):  55%|#####5    | 33/60 
[00:01<00:01, 18.90it/s]
Animation 11: FadeOut(Text('una sola delta en el origen  →  espectro totalmente plano')):  58%|#####8    | 35/60 
[00:01<00:01, 18.27it/s]
Animation 11: FadeOut(Text('una sola delta en el origen  →  espectro totalmente plano')):  62%|######1   | 37/60 
[00:01<00:01, 18.13it/s]
Animation 11: FadeOut(Text('una sola delta en el origen  →  espectro totalmente plano')):  65%|######5   | 39/60 
[00:01<00:01, 17.99it/s]
Animation 11: FadeOut(Text('una sola delta en el origen  →  espectro totalmente plano')):  68%|######8   | 41/60 
[00:01<00:01, 17.92it/s]
Animation 11: FadeOut(Text('una sola delta en el origen  →  espectro totalmente plano')):  72%|#######1  | 43/60 
[00:02<00:01, 14.92it/s]
Animation 11: FadeOut(Text('una sola delta en el origen  →  espectro totalmente plano')):  75%|#######5  | 45/60 
[00:02<00:01, 14.49it/s]
Animation 11: FadeOut(Text('una sola delta en el origen  →  espectro totalmente plano')):  78%|#######8  | 47/60 
[00:02<00:00, 14.44it/s]
Animation 11: FadeOut(Text('una sola delta en el origen  →  espectro totalmente plano')):  82%|########1 | 49/60 
[00:02<00:00, 15.05it/s]
Animation 11: FadeOut(Text('una sola delta en el origen  →  espectro totalmente plano')):  85%|########5 | 51/60 
[00:02<00:00, 15.71it/s]
Animation 11: FadeOut(Text('una sola delta en el origen  →  espectro totalmente plano')):  88%|########8 | 53/60 
[00:02<00:00, 16.00it/s]
Animation 11: FadeOut(Text('una sola delta en el origen  →  espectro totalmente plano')):  92%|#########1| 55/60 
[00:02<00:00, 16.31it/s]
Animation 11: FadeOut(Text('una sola delta en el origen  →  espectro totalmente plano')):  95%|#########5| 57/60 
[00:03<00:00, 16.73it/s]
Animation 11: FadeOut(Text('una sola delta en el origen  →  espectro totalmente plano')):  98%|#########8| 59/60 
[00:03<00:00, 17.47it/s]
[09/08/26 21:21:36] INFO     Animation 11 : Partial    scene_file_writer.py:192
                             movie file written in                             
                             'C:\Users\Nacho\Documents                         
                             \Animaciones\Capitulo                             
                             11\media\videos\s05_blanc                         
                             o_coloreado\1080p60\parti                         
                             al_movie_files\BlancoColo                         
                             reado\2932440949_68975104                         
                             6_1738467402.mp4'                                 
                                                                                                                       
                  

Animation 12: FadeIn(VGroup of 2 submobjects):   0%|          | 0/60 [00:00<?, ?it/s]
Animation 12: FadeIn(VGroup of 2 submobjects):   7%|6         | 4/60 [00:00<00:01, 32.33it/s]
Animation 12: FadeIn(VGroup of 2 submobjects):  13%|#3        | 8/60 [00:00<00:01, 30.50it/s]
Animation 12: FadeIn(VGroup of 2 submobjects):  20%|##        | 12/60 [00:00<00:01, 30.76it/s]
Animation 12: FadeIn(VGroup of 2 submobjects):  27%|##6       | 16/60 [00:00<00:01, 30.75it/s]
Animation 12: FadeIn(VGroup of 2 submobjects):  33%|###3      | 20/60 [00:00<00:01, 30.43it/s]
Animation 12: FadeIn(VGroup of 2 submobjects):  40%|####      | 24/60 [00:00<00:01, 28.43it/s]
Animation 12: FadeIn(VGroup of 2 submobjects):  45%|####5     | 27/60 [00:00<00:01, 27.69it/s]
Animation 12: FadeIn(VGroup of 2 submobjects):  50%|#####     | 30/60 [00:01<00:01, 28.02it/s]
Animation 12: FadeIn(VGroup of 2 submobjects):  55%|#####5    | 33/60 [00:01<00:00, 27.49it/s]
Animation 12: FadeIn(VGroup of 2 submobjects):  60%|######    | 36/60 [00:01<00:00, 28.13it/s]
Animation 12: FadeIn(VGroup of 2 submobjects):  65%|######5   | 39/60 [00:01<00:00, 27.27it/s]
Animation 12: FadeIn(VGroup of 2 submobjects):  70%|#######   | 42/60 [00:01<00:00, 27.47it/s]
Animation 12: FadeIn(VGroup of 2 submobjects):  75%|#######5  | 45/60 [00:01<00:00, 24.69it/s]
Animation 12: FadeIn(VGroup of 2 submobjects):  80%|########  | 48/60 [00:01<00:00, 22.71it/s]
Animation 12: FadeIn(VGroup of 2 submobjects):  85%|########5 | 51/60 [00:01<00:00, 19.78it/s]
Animation 12: FadeIn(VGroup of 2 submobjects):  90%|######### | 54/60 [00:02<00:00, 19.68it/s]
Animation 12: FadeIn(VGroup of 2 submobjects):  95%|#########5| 57/60 [00:02<00:00, 20.21it/s]
Animation 12: FadeIn(VGroup of 2 submobjects): 100%|##########| 60/60 [00:02<00:00, 21.21it/s]
[09/08/26 21:21:39] INFO     Animation 12 : Partial    scene_file_writer.py:192
                             movie file written in                             
                             'C:\Users\Nacho\Documents                         
                             \Animaciones\Capitulo                             
                             11\media\videos\s05_blanc                         
                             o_coloreado\1080p60\parti                         
                             al_movie_files\BlancoColo                         
                             reado\2932440949_23280854                         
                             62_2668802057.mp4'                                
[09/08/26 21:21:42] INFO     Animation 13 : Partial    scene_file_writer.py:192
                             movie file written in                             
                             'C:\Users\Nacho\Documents                         
                             \Animaciones\Capitulo                             
                             11\media\videos\s05_blanc                         
                             o_coloreado\1080p60\parti                         
                             al_movie_files\BlancoColo                         
                             reado\2932440949_94161517                         
                             3_2901129297.mp4'                                 
                                                                                              

Animation 14: Transform(Text('BLANCO')), etc.:   0%|          | 0/120 [00:00<?, ?it/s]
Animation 14: Transform(Text('BLANCO')), etc.:   2%|2         | 3/120 [00:00<00:05, 22.21it/s]
Animation 14: Transform(Text('BLANCO')), etc.:   5%|5         | 6/120 [00:00<00:05, 21.97it/s]
Animation 14: Transform(Text('BLANCO')), etc.:   8%|7         | 9/120 [00:00<00:05, 22.13it/s]
Animation 14: Transform(Text('BLANCO')), etc.:  10%|#         | 12/120 [00:00<00:04, 22.34it/s]
Animation 14: Transform(Text('BLANCO')), etc.:  12%|#2        | 15/120 [00:00<00:04, 22.40it/s]
Animation 14: Transform(Text('BLANCO')), etc.:  15%|#5        | 18/120 [00:00<00:04, 22.27it/s]
Animation 14: Transform(Text('BLANCO')), etc.:  18%|#7        | 21/120 [00:00<00:04, 22.24it/s]
Animation 14: Transform(Text('BLANCO')), etc.:  20%|##        | 24/120 [00:01<00:04, 22.30it/s]
Animation 14: Transform(Text('BLANCO')), etc.:  22%|##2       | 27/120 [00:01<00:04, 21.48it/s]
Animation 14: Transform(Text('BLANCO')), etc.:  25%|##5       | 30/120 [00:01<00:04, 21.84it/s]
Animation 14: Transform(Text('BLANCO')), etc.:  28%|##7       | 33/120 [00:01<00:03, 22.10it/s]
Animation 14: Transform(Text('BLANCO')), etc.:  30%|###       | 36/120 [00:01<00:03, 22.05it/s]
Animation 14: Transform(Text('BLANCO')), etc.:  32%|###2      | 39/120 [00:01<00:03, 22.23it/s]
Animation 14: Transform(Text('BLANCO')), etc.:  35%|###5      | 42/120 [00:01<00:03, 22.32it/s]
Animation 14: Transform(Text('BLANCO')), etc.:  38%|###7      | 45/120 [00:02<00:04, 16.91it/s]
Animation 14: Transform(Text('BLANCO')), etc.:  39%|###9      | 47/120 [00:02<00:04, 17.34it/s]
Animation 14: Transform(Text('BLANCO')), etc.:  41%|####      | 49/120 [00:02<00:04, 17.02it/s]
Animation 14: Transform(Text('BLANCO')), etc.:  42%|####2     | 51/120 [00:02<00:03, 17.64it/s]
Animation 14: Transform(Text('BLANCO')), etc.:  44%|####4     | 53/120 [00:02<00:03, 17.47it/s]
Animation 14: Transform(Text('BLANCO')), etc.:  46%|####5     | 55/120 [00:02<00:03, 17.97it/s]
Animation 14: Transform(Text('BLANCO')), etc.:  48%|####7     | 57/120 [00:02<00:03, 18.21it/s]
Animation 14: Transform(Text('BLANCO')), etc.:  49%|####9     | 59/120 [00:02<00:03, 18.51it/s]
Animation 14: Transform(Text('BLANCO')), etc.:  51%|#####     | 61/120 [00:03<00:03, 18.45it/s]
Animation 14: Transform(Text('BLANCO')), etc.:  53%|#####3    | 64/120 [00:03<00:03, 18.66it/s]
Animation 14: Transform(Text('BLANCO')), etc.:  55%|#####5    | 66/120 [00:03<00:02, 18.48it/s]
Animation 14: Transform(Text('BLANCO')), etc.:  57%|#####6    | 68/120 [00:03<00:02, 18.19it/s]
Animation 14: Transform(Text('BLANCO')), etc.:  59%|#####9    | 71/120 [00:03<00:02, 19.33it/s]
Animation 14: Transform(Text('BLANCO')), etc.:  61%|######    | 73/120 [00:03<00:02, 19.01it/s]
Animation 14: Transform(Text('BLANCO')), etc.:  63%|######3   | 76/120 [00:03<00:02, 19.66it/s]
Animation 14: Transform(Text('BLANCO')), etc.:  66%|######5   | 79/120 [00:03<00:02, 20.17it/s]
Animation 14: Transform(Text('BLANCO')), etc.:  68%|######8   | 82/120 [00:04<00:01, 20.12it/s]
Animation 14: Transform(Text('BLANCO')), etc.:  71%|#######   | 85/120 [00:04<00:01, 20.10it/s]
Animation 14: Transform(Text('BLANCO')), etc.:  73%|#######3  | 88/120 [00:04<00:01, 20.33it/s]
Animation 14: Transform(Text('BLANCO')), etc.:  76%|#######5  | 91/120 [00:04<00:01, 20.62it/s]
Animation 14: Transform(Text('BLANCO')), etc.:  78%|#######8  | 94/120 [00:04<00:01, 20.16it/s]
Animation 14: Transform(Text('BLANCO')), etc.:  81%|########  | 97/120 [00:04<00:01, 20.03it/s]
Animation 14: Transform(Text('BLANCO')), etc.:  83%|########3 | 100/120 [00:04<00:00, 20.19it/s]
Animation 14: Transform(Text('BLANCO')), etc.:  86%|########5 | 103/120 [00:05<00:00, 20.38it/s]
Animation 14: Transform(Text('BLANCO')), etc.:  88%|########8 | 106/120 [00:05<00:00, 20.32it/s]
Animation 14: Transform(Text('BLANCO')), etc.:  91%|######### | 109/120 [00:05<00:00, 20.06it/s]
Animation 14: Transform(Text('BLANCO')), etc.:  93%|#########3| 112/120 [00:05<00:00, 18.50it/s]
Animation 14: Transform(Text('BLANCO')), etc.:  95%|#########5| 114/120 [00:05<00:00, 18.31it/s]
Animation 14: Transform(Text('BLANCO')), etc.:  98%|#########7| 117/120 [00:05<00:00, 18.92it/s]
Animation 14: Transform(Text('BLANCO')), etc.: 100%|##########| 120/120 [00:06<00:00, 19.47it/s]
[09/08/26 21:21:49] INFO     Animation 14 : Partial    scene_file_writer.py:192
                             movie file written in                             
                             'C:\Users\Nacho\Documents                         
                             \Animaciones\Capitulo                             
                             11\media\videos\s05_blanc                         
                             o_coloreado\1080p60\parti                         
                             al_movie_files\BlancoColo                         
                             reado\2932440949_34772864                         
                             03_848030039.mp4'                                 
[09/08/26 21:21:51] INFO     Animation 15 : Partial    scene_file_writer.py:192
                             movie file written in                             
                             'C:\Users\Nacho\Documents                         
                             \Animaciones\Capitulo                             
                             11\media\videos\s05_blanc                         
                             o_coloreado\1080p60\parti                         
                             al_movie_files\BlancoColo                         
                             reado\2932440949_94161517                         
                             3_2488943999.mp4'                                 
                                                                                                

Animation 16: FadeIn(Text('la señal ahora es más lenta: arrastra memoria de un paso')):   0%|          | 0/60 
[00:00<?, ?it/s]
Animation 16: FadeIn(Text('la señal ahora es más lenta: arrastra memoria de un paso')):   5%|5         | 3/60 
[00:00<00:02, 28.05it/s]
Animation 16: FadeIn(Text('la señal ahora es más lenta: arrastra memoria de un paso')):  10%|#         | 6/60 
[00:00<00:02, 25.81it/s]
Animation 16: FadeIn(Text('la señal ahora es más lenta: arrastra memoria de un paso')):  15%|#5        | 9/60 
[00:00<00:02, 25.08it/s]
Animation 16: FadeIn(Text('la señal ahora es más lenta: arrastra memoria de un paso')):  20%|##        | 12/60 
[00:00<00:01, 24.51it/s]
Animation 16: FadeIn(Text('la señal ahora es más lenta: arrastra memoria de un paso')):  25%|##5       | 15/60 
[00:00<00:01, 24.40it/s]
Animation 16: FadeIn(Text('la señal ahora es más lenta: arrastra memoria de un paso')):  30%|###       | 18/60 
[00:00<00:01, 24.29it/s]
Animation 16: FadeIn(Text('la señal ahora es más lenta: arrastra memoria de un paso')):  35%|###5      | 21/60 
[00:00<00:01, 24.23it/s]
Animation 16: FadeIn(Text('la señal ahora es más lenta: arrastra memoria de un paso')):  40%|####      | 24/60 
[00:00<00:01, 24.17it/s]
Animation 16: FadeIn(Text('la señal ahora es más lenta: arrastra memoria de un paso')):  45%|####5     | 27/60 
[00:01<00:01, 24.02it/s]
Animation 16: FadeIn(Text('la señal ahora es más lenta: arrastra memoria de un paso')):  50%|#####     | 30/60 
[00:01<00:01, 24.24it/s]
Animation 16: FadeIn(Text('la señal ahora es más lenta: arrastra memoria de un paso')):  55%|#####5    | 33/60 
[00:01<00:01, 24.46it/s]
Animation 16: FadeIn(Text('la señal ahora es más lenta: arrastra memoria de un paso')):  60%|######    | 36/60 
[00:01<00:00, 24.27it/s]
Animation 16: FadeIn(Text('la señal ahora es más lenta: arrastra memoria de un paso')):  65%|######5   | 39/60 
[00:01<00:00, 24.16it/s]
Animation 16: FadeIn(Text('la señal ahora es más lenta: arrastra memoria de un paso')):  70%|#######   | 42/60 
[00:01<00:00, 24.15it/s]
Animation 16: FadeIn(Text('la señal ahora es más lenta: arrastra memoria de un paso')):  75%|#######5  | 45/60 
[00:01<00:00, 18.16it/s]
Animation 16: FadeIn(Text('la señal ahora es más lenta: arrastra memoria de un paso')):  80%|########  | 48/60 
[00:02<00:00, 18.64it/s]
Animation 16: FadeIn(Text('la señal ahora es más lenta: arrastra memoria de un paso')):  85%|########5 | 51/60 
[00:02<00:00, 19.24it/s]
Animation 16: FadeIn(Text('la señal ahora es más lenta: arrastra memoria de un paso')):  90%|######### | 54/60 
[00:02<00:00, 19.42it/s]
Animation 16: FadeIn(Text('la señal ahora es más lenta: arrastra memoria de un paso')):  95%|#########5| 57/60 
[00:02<00:00, 19.87it/s]
Animation 16: FadeIn(Text('la señal ahora es más lenta: arrastra memoria de un paso')): 100%|##########| 60/60 
[00:02<00:00, 20.54it/s]
[09/08/26 21:21:56] INFO     Animation 16 : Partial    scene_file_writer.py:192
                             movie file written in                             
                             'C:\Users\Nacho\Documents                         
                             \Animaciones\Capitulo                             
                             11\media\videos\s05_blanc                         
                             o_coloreado\1080p60\parti                         
                             al_movie_files\BlancoColo                         
                             reado\2932440949_14924878                         
                             5_2120273737.mp4'                                 
[09/08/26 21:21:59] INFO     Animation 17 : Partial    scene_file_writer.py:192
                             movie file written in                             
                             'C:\Users\Nacho\Documents                         
                             \Animaciones\Capitulo                             
                             11\media\videos\s05_blanc                         
                             o_coloreado\1080p60\parti                         
                             al_movie_files\BlancoColo                         
                             reado\2932440949_17084679                         
                             8_344409406.mp4'                                  
                                                                                                                       
                

Animation 18: FadeOut(Text('la señal ahora es más lenta: arrastra memoria de un paso')), etc.:   0%|          | 0/60 
[00:00<?, ?it/s]
Animation 18: FadeOut(Text('la señal ahora es más lenta: arrastra memoria de un paso')), etc.:   3%|3         | 2/60 
[00:00<00:03, 16.12it/s]
Animation 18: FadeOut(Text('la señal ahora es más lenta: arrastra memoria de un paso')), etc.:   7%|6         | 4/60 
[00:00<00:04, 13.32it/s]
Animation 18: FadeOut(Text('la señal ahora es más lenta: arrastra memoria de un paso')), etc.:  10%|#         | 6/60 
[00:00<00:03, 14.51it/s]
Animation 18: FadeOut(Text('la señal ahora es más lenta: arrastra memoria de un paso')), etc.:  13%|#3        | 8/60 
[00:00<00:03, 15.02it/s]
Animation 18: FadeOut(Text('la señal ahora es más lenta: arrastra memoria de un paso')), etc.:  17%|#6        | 10/60 
[00:00<00:03, 14.96it/s]
Animation 18: FadeOut(Text('la señal ahora es más lenta: arrastra memoria de un paso')), etc.:  20%|##        | 12/60 
[00:00<00:03, 15.30it/s]
Animation 18: FadeOut(Text('la señal ahora es más lenta: arrastra memoria de un paso')), etc.:  23%|##3       | 14/60 
[00:00<00:02, 15.61it/s]
Animation 18: FadeOut(Text('la señal ahora es más lenta: arrastra memoria de un paso')), etc.:  27%|##6       | 16/60 
[00:01<00:02, 15.60it/s]
Animation 18: FadeOut(Text('la señal ahora es más lenta: arrastra memoria de un paso')), etc.:  30%|###       | 18/60 
[00:01<00:02, 15.65it/s]
Animation 18: FadeOut(Text('la señal ahora es más lenta: arrastra memoria de un paso')), etc.:  33%|###3      | 20/60 
[00:01<00:02, 15.77it/s]
Animation 18: FadeOut(Text('la señal ahora es más lenta: arrastra memoria de un paso')), etc.:  37%|###6      | 22/60 
[00:01<00:02, 15.81it/s]
Animation 18: FadeOut(Text('la señal ahora es más lenta: arrastra memoria de un paso')), etc.:  40%|####      | 24/60 
[00:01<00:02, 16.06it/s]
Animation 18: FadeOut(Text('la señal ahora es más lenta: arrastra memoria de un paso')), etc.:  43%|####3     | 26/60 
[00:01<00:02, 15.90it/s]
Animation 18: FadeOut(Text('la señal ahora es más lenta: arrastra memoria de un paso')), etc.:  47%|####6     | 28/60 
[00:01<00:02, 15.72it/s]
Animation 18: FadeOut(Text('la señal ahora es más lenta: arrastra memoria de un paso')), etc.:  50%|#####     | 30/60 
[00:01<00:01, 16.02it/s]
Animation 18: FadeOut(Text('la señal ahora es más lenta: arrastra memoria de un paso')), etc.:  53%|#####3    | 32/60 
[00:02<00:01, 15.96it/s]
Animation 18: FadeOut(Text('la señal ahora es más lenta: arrastra memoria de un paso')), etc.:  57%|#####6    | 34/60 
[00:02<00:01, 15.91it/s]
Animation 18: FadeOut(Text('la señal ahora es más lenta: arrastra memoria de un paso')), etc.:  60%|######    | 36/60 
[00:02<00:01, 15.77it/s]
Animation 18: FadeOut(Text('la señal ahora es más lenta: arrastra memoria de un paso')), etc.:  63%|######3   | 38/60 
[00:02<00:01, 15.81it/s]
Animation 18: FadeOut(Text('la señal ahora es más lenta: arrastra memoria de un paso')), etc.:  67%|######6   | 40/60 
[00:02<00:01, 15.93it/s]
Animation 18: FadeOut(Text('la señal ahora es más lenta: arrastra memoria de un paso')), etc.:  70%|#######   | 42/60 
[00:02<00:01, 15.90it/s]
Animation 18: FadeOut(Text('la señal ahora es más lenta: arrastra memoria de un paso')), etc.:  73%|#######3  | 44/60 
[00:02<00:01, 12.51it/s]
Animation 18: FadeOut(Text('la señal ahora es más lenta: arrastra memoria de un paso')), etc.:  77%|#######6  | 46/60 
[00:03<00:01, 13.15it/s]
Animation 18: FadeOut(Text('la señal ahora es más lenta: arrastra memoria de un paso')), etc.:  80%|########  | 48/60 
[00:03<00:00, 13.45it/s]
Animation 18: FadeOut(Text('la señal ahora es más lenta: arrastra memoria de un paso')), etc.:  83%|########3 | 50/60 
[00:03<00:00, 13.91it/s]
Animation 18: FadeOut(Text('la señal ahora es más lenta: arrastra memoria de un paso')), etc.:  87%|########6 | 52/60 
[00:03<00:00, 14.16it/s]
Animation 18: FadeOut(Text('la señal ahora es más lenta: arrastra memoria de un paso')), etc.:  90%|######### | 54/60 
[00:03<00:00, 14.37it/s]
Animation 18: FadeOut(Text('la señal ahora es más lenta: arrastra memoria de un paso')), etc.:  93%|#########3| 56/60 
[00:03<00:00, 14.28it/s]
Animation 18: FadeOut(Text('la señal ahora es más lenta: arrastra memoria de un paso')), etc.:  97%|#########6| 58/60 
[00:03<00:00, 14.52it/s]
Animation 18: FadeOut(Text('la señal ahora es más lenta: arrastra memoria de un paso')), etc.: 100%|##########| 60/60 
[00:04<00:00, 14.80it/s]
[09/08/26 21:22:06] INFO     Animation 18 : Partial    scene_file_writer.py:192
                             movie file written in                             
                             'C:\Users\Nacho\Documents                         
                             \Animaciones\Capitulo                             
                             11\media\videos\s05_blanc                         
                             o_coloreado\1080p60\parti                         
                             al_movie_files\BlancoColo                         
                             reado\2932440949_39946597                         
                             14_4067409018.mp4'                                
[09/08/26 21:22:10] INFO     Animation 19 : Partial    scene_file_writer.py:192
                             movie file written in                             
                             'C:\Users\Nacho\Documents                         
                             \Animaciones\Capitulo                             
                             11\media\videos\s05_blanc                         
                             o_coloreado\1080p60\parti                         
                             al_movie_files\BlancoColo                         
                             reado\2932440949_35800932                         
                             13_3386575492.mp4'                                
                                                                                                                       
                       

Animation 20: FadeOut(Text('la covarianza se ensanchó y el espectro dejó de ser plano')):   0%|          | 0/60 
[00:00<?, ?it/s]
Animation 20: FadeOut(Text('la covarianza se ensanchó y el espectro dejó de ser plano')):   5%|5         | 3/60 
[00:00<00:02, 24.26it/s]
Animation 20: FadeOut(Text('la covarianza se ensanchó y el espectro dejó de ser plano')):  10%|#         | 6/60 
[00:00<00:02, 23.68it/s]
Animation 20: FadeOut(Text('la covarianza se ensanchó y el espectro dejó de ser plano')):  15%|#5        | 9/60 
[00:00<00:02, 23.76it/s]
Animation 20: FadeOut(Text('la covarianza se ensanchó y el espectro dejó de ser plano')):  20%|##        | 12/60 
[00:00<00:02, 23.83it/s]
Animation 20: FadeOut(Text('la covarianza se ensanchó y el espectro dejó de ser plano')):  25%|##5       | 15/60 
[00:00<00:01, 24.21it/s]
Animation 20: FadeOut(Text('la covarianza se ensanchó y el espectro dejó de ser plano')):  30%|###       | 18/60 
[00:00<00:01, 24.10it/s]
Animation 20: FadeOut(Text('la covarianza se ensanchó y el espectro dejó de ser plano')):  35%|###5      | 21/60 
[00:00<00:01, 23.70it/s]
Animation 20: FadeOut(Text('la covarianza se ensanchó y el espectro dejó de ser plano')):  40%|####      | 24/60 
[00:01<00:01, 23.87it/s]
Animation 20: FadeOut(Text('la covarianza se ensanchó y el espectro dejó de ser plano')):  45%|####5     | 27/60 
[00:01<00:01, 23.61it/s]
Animation 20: FadeOut(Text('la covarianza se ensanchó y el espectro dejó de ser plano')):  50%|#####     | 30/60 
[00:01<00:01, 23.75it/s]
Animation 20: FadeOut(Text('la covarianza se ensanchó y el espectro dejó de ser plano')):  55%|#####5    | 33/60 
[00:01<00:01, 23.78it/s]
Animation 20: FadeOut(Text('la covarianza se ensanchó y el espectro dejó de ser plano')):  60%|######    | 36/60 
[00:01<00:01, 23.83it/s]
Animation 20: FadeOut(Text('la covarianza se ensanchó y el espectro dejó de ser plano')):  65%|######5   | 39/60 
[00:01<00:00, 23.80it/s]
Animation 20: FadeOut(Text('la covarianza se ensanchó y el espectro dejó de ser plano')):  70%|#######   | 42/60 
[00:01<00:00, 23.21it/s]
Animation 20: FadeOut(Text('la covarianza se ensanchó y el espectro dejó de ser plano')):  75%|#######5  | 45/60 
[00:02<00:00, 18.30it/s]
Animation 20: FadeOut(Text('la covarianza se ensanchó y el espectro dejó de ser plano')):  78%|#######8  | 47/60 
[00:02<00:00, 18.38it/s]
Animation 20: FadeOut(Text('la covarianza se ensanchó y el espectro dejó de ser plano')):  82%|########1 | 49/60 
[00:02<00:00, 18.02it/s]
Animation 20: FadeOut(Text('la covarianza se ensanchó y el espectro dejó de ser plano')):  87%|########6 | 52/60 
[00:02<00:00, 18.77it/s]
Animation 20: FadeOut(Text('la covarianza se ensanchó y el espectro dejó de ser plano')):  92%|#########1| 55/60 
[00:02<00:00, 19.76it/s]
Animation 20: FadeOut(Text('la covarianza se ensanchó y el espectro dejó de ser plano')):  97%|#########6| 58/60 
[00:02<00:00, 20.27it/s]
[09/08/26 21:22:14] INFO     Animation 20 : Partial    scene_file_writer.py:192
                             movie file written in                             
                             'C:\Users\Nacho\Documents                         
                             \Animaciones\Capitulo                             
                             11\media\videos\s05_blanc                         
                             o_coloreado\1080p60\parti                         
                             al_movie_files\BlancoColo                         
                             reado\2932440949_38956515                         
                             90_4089938741.mp4'                                
                                                                                                                       
                  

Animation 21: Write(MathTex('C_{xx}[m]=K\\delta[m] \\iff D_{xx}(e^{j\\Omega})=K')):   0%|          | 0/120 [00:00<?, 
?it/s]
Animation 21: Write(MathTex('C_{xx}[m]=K\\delta[m] \\iff D_{xx}(e^{j\\Omega})=K')):   3%|3         | 4/120 
[00:00<00:03, 37.84it/s]
Animation 21: Write(MathTex('C_{xx}[m]=K\\delta[m] \\iff D_{xx}(e^{j\\Omega})=K')):   7%|6         | 8/120 
[00:00<00:03, 34.35it/s]
Animation 21: Write(MathTex('C_{xx}[m]=K\\delta[m] \\iff D_{xx}(e^{j\\Omega})=K')):  10%|#         | 12/120 
[00:00<00:03, 33.63it/s]
Animation 21: Write(MathTex('C_{xx}[m]=K\\delta[m] \\iff D_{xx}(e^{j\\Omega})=K')):  13%|#3        | 16/120 
[00:00<00:03, 30.72it/s]
Animation 21: Write(MathTex('C_{xx}[m]=K\\delta[m] \\iff D_{xx}(e^{j\\Omega})=K')):  17%|#6        | 20/120 
[00:00<00:03, 28.54it/s]
Animation 21: Write(MathTex('C_{xx}[m]=K\\delta[m] \\iff D_{xx}(e^{j\\Omega})=K')):  20%|##        | 24/120 
[00:00<00:03, 29.24it/s]
Animation 21: Write(MathTex('C_{xx}[m]=K\\delta[m] \\iff D_{xx}(e^{j\\Omega})=K')):  23%|##3       | 28/120 
[00:00<00:03, 29.76it/s]
Animation 21: Write(MathTex('C_{xx}[m]=K\\delta[m] \\iff D_{xx}(e^{j\\Omega})=K')):  27%|##6       | 32/120 
[00:01<00:02, 29.95it/s]
Animation 21: Write(MathTex('C_{xx}[m]=K\\delta[m] \\iff D_{xx}(e^{j\\Omega})=K')):  30%|###       | 36/120 
[00:01<00:02, 30.97it/s]
Animation 21: Write(MathTex('C_{xx}[m]=K\\delta[m] \\iff D_{xx}(e^{j\\Omega})=K')):  33%|###3      | 40/120 
[00:01<00:02, 29.14it/s]
Animation 21: Write(MathTex('C_{xx}[m]=K\\delta[m] \\iff D_{xx}(e^{j\\Omega})=K')):  36%|###5      | 43/120 
[00:01<00:02, 27.35it/s]
Animation 21: Write(MathTex('C_{xx}[m]=K\\delta[m] \\iff D_{xx}(e^{j\\Omega})=K')):  38%|###8      | 46/120 
[00:01<00:03, 23.72it/s]
Animation 21: Write(MathTex('C_{xx}[m]=K\\delta[m] \\iff D_{xx}(e^{j\\Omega})=K')):  41%|####      | 49/120 
[00:01<00:03, 22.71it/s]
Animation 21: Write(MathTex('C_{xx}[m]=K\\delta[m] \\iff D_{xx}(e^{j\\Omega})=K')):  43%|####3     | 52/120 
[00:01<00:03, 22.37it/s]
Animation 21: Write(MathTex('C_{xx}[m]=K\\delta[m] \\iff D_{xx}(e^{j\\Omega})=K')):  46%|####5     | 55/120 
[00:02<00:02, 22.44it/s]
Animation 21: Write(MathTex('C_{xx}[m]=K\\delta[m] \\iff D_{xx}(e^{j\\Omega})=K')):  48%|####8     | 58/120 
[00:02<00:02, 22.56it/s]
Animation 21: Write(MathTex('C_{xx}[m]=K\\delta[m] \\iff D_{xx}(e^{j\\Omega})=K')):  51%|#####     | 61/120 
[00:02<00:02, 23.02it/s]
Animation 21: Write(MathTex('C_{xx}[m]=K\\delta[m] \\iff D_{xx}(e^{j\\Omega})=K')):  53%|#####3    | 64/120 
[00:02<00:02, 22.82it/s]
Animation 21: Write(MathTex('C_{xx}[m]=K\\delta[m] \\iff D_{xx}(e^{j\\Omega})=K')):  56%|#####5    | 67/120 
[00:02<00:02, 22.99it/s]
Animation 21: Write(MathTex('C_{xx}[m]=K\\delta[m] \\iff D_{xx}(e^{j\\Omega})=K')):  58%|#####8    | 70/120 
[00:02<00:02, 23.25it/s]
Animation 21: Write(MathTex('C_{xx}[m]=K\\delta[m] \\iff D_{xx}(e^{j\\Omega})=K')):  61%|######    | 73/120 
[00:02<00:01, 24.10it/s]
Animation 21: Write(MathTex('C_{xx}[m]=K\\delta[m] \\iff D_{xx}(e^{j\\Omega})=K')):  63%|######3   | 76/120 
[00:02<00:01, 24.58it/s]
Animation 21: Write(MathTex('C_{xx}[m]=K\\delta[m] \\iff D_{xx}(e^{j\\Omega})=K')):  66%|######5   | 79/120 
[00:03<00:01, 24.46it/s]
Animation 21: Write(MathTex('C_{xx}[m]=K\\delta[m] \\iff D_{xx}(e^{j\\Omega})=K')):  68%|######8   | 82/120 
[00:03<00:01, 24.29it/s]
Animation 21: Write(MathTex('C_{xx}[m]=K\\delta[m] \\iff D_{xx}(e^{j\\Omega})=K')):  71%|#######   | 85/120 
[00:03<00:01, 23.97it/s]
Animation 21: Write(MathTex('C_{xx}[m]=K\\delta[m] \\iff D_{xx}(e^{j\\Omega})=K')):  73%|#######3  | 88/120 
[00:03<00:01, 23.20it/s]
Animation 21: Write(MathTex('C_{xx}[m]=K\\delta[m] \\iff D_{xx}(e^{j\\Omega})=K')):  76%|#######5  | 91/120 
[00:03<00:01, 22.68it/s]
Animation 21: Write(MathTex('C_{xx}[m]=K\\delta[m] \\iff D_{xx}(e^{j\\Omega})=K')):  78%|#######8  | 94/120 
[00:03<00:01, 22.66it/s]
Animation 21: Write(MathTex('C_{xx}[m]=K\\delta[m] \\iff D_{xx}(e^{j\\Omega})=K')):  81%|########  | 97/120 
[00:03<00:01, 22.85it/s]
Animation 21: Write(MathTex('C_{xx}[m]=K\\delta[m] \\iff D_{xx}(e^{j\\Omega})=K')):  83%|########3 | 100/120 
[00:03<00:00, 23.43it/s]
Animation 21: Write(MathTex('C_{xx}[m]=K\\delta[m] \\iff D_{xx}(e^{j\\Omega})=K')):  86%|########5 | 103/120 
[00:04<00:00, 23.69it/s]
Animation 21: Write(MathTex('C_{xx}[m]=K\\delta[m] \\iff D_{xx}(e^{j\\Omega})=K')):  88%|########8 | 106/120 
[00:04<00:00, 23.73it/s]
Animation 21: Write(MathTex('C_{xx}[m]=K\\delta[m] \\iff D_{xx}(e^{j\\Omega})=K')):  91%|######### | 109/120 
[00:04<00:00, 24.00it/s]
Animation 21: Write(MathTex('C_{xx}[m]=K\\delta[m] \\iff D_{xx}(e^{j\\Omega})=K')):  93%|#########3| 112/120 
[00:04<00:00, 24.04it/s]
Animation 21: Write(MathTex('C_{xx}[m]=K\\delta[m] \\iff D_{xx}(e^{j\\Omega})=K')):  96%|#########5| 115/120 
[00:04<00:00, 24.37it/s]
Animation 21: Write(MathTex('C_{xx}[m]=K\\delta[m] \\iff D_{xx}(e^{j\\Omega})=K')):  98%|#########8| 118/120 
[00:04<00:00, 24.40it/s]
[09/08/26 21:22:20] INFO     Animation 21 : Partial    scene_file_writer.py:192
                             movie file written in                             
                             'C:\Users\Nacho\Documents                         
                             \Animaciones\Capitulo                             
                             11\media\videos\s05_blanc                         
                             o_coloreado\1080p60\parti                         
                             al_movie_files\BlancoColo                         
                             reado\2932440949_10288302                         
                             01_1176349256.mp4'                                
[09/08/26 21:22:22] INFO     Animation 22 : Partial    scene_file_writer.py:192
                             movie file written in                             
                             'C:\Users\Nacho\Documents                         
                             \Animaciones\Capitulo                             
                             11\media\videos\s05_blanc                         
                             o_coloreado\1080p60\parti                         
                             al_movie_files\BlancoColo                         
                             reado\2932440949_12515286                         
                             0_49608491.mp4'                                   
                                                                                                                       
              

Animation 23: FadeIn(Text('y vale en los dos sentidos: espectro plano ⇒ media nula e incorrelado')):   0%|          | 
0/60 [00:00<?, ?it/s]
Animation 23: FadeIn(Text('y vale en los dos sentidos: espectro plano ⇒ media nula e incorrelado')):   5%|5         | 
3/60 [00:00<00:02, 24.41it/s]
Animation 23: FadeIn(Text('y vale en los dos sentidos: espectro plano ⇒ media nula e incorrelado')):  10%|#         | 
6/60 [00:00<00:02, 22.57it/s]
Animation 23: FadeIn(Text('y vale en los dos sentidos: espectro plano ⇒ media nula e incorrelado')):  15%|#5        | 
9/60 [00:00<00:02, 21.85it/s]
Animation 23: FadeIn(Text('y vale en los dos sentidos: espectro plano ⇒ media nula e incorrelado')):  20%|##        | 
12/60 [00:00<00:02, 21.87it/s]
Animation 23: FadeIn(Text('y vale en los dos sentidos: espectro plano ⇒ media nula e incorrelado')):  25%|##5       | 
15/60 [00:00<00:02, 21.94it/s]
Animation 23: FadeIn(Text('y vale en los dos sentidos: espectro plano ⇒ media nula e incorrelado')):  30%|###       | 
18/60 [00:00<00:01, 21.60it/s]
Animation 23: FadeIn(Text('y vale en los dos sentidos: espectro plano ⇒ media nula e incorrelado')):  35%|###5      | 
21/60 [00:00<00:01, 21.30it/s]
Animation 23: FadeIn(Text('y vale en los dos sentidos: espectro plano ⇒ media nula e incorrelado')):  40%|####      | 
24/60 [00:01<00:01, 21.24it/s]
Animation 23: FadeIn(Text('y vale en los dos sentidos: espectro plano ⇒ media nula e incorrelado')):  45%|####5     | 
27/60 [00:01<00:01, 21.33it/s]
Animation 23: FadeIn(Text('y vale en los dos sentidos: espectro plano ⇒ media nula e incorrelado')):  50%|#####     | 
30/60 [00:01<00:01, 21.25it/s]
Animation 23: FadeIn(Text('y vale en los dos sentidos: espectro plano ⇒ media nula e incorrelado')):  55%|#####5    | 
33/60 [00:01<00:01, 21.40it/s]
Animation 23: FadeIn(Text('y vale en los dos sentidos: espectro plano ⇒ media nula e incorrelado')):  60%|######    | 
36/60 [00:01<00:01, 21.27it/s]
Animation 23: FadeIn(Text('y vale en los dos sentidos: espectro plano ⇒ media nula e incorrelado')):  65%|######5   | 
39/60 [00:01<00:00, 21.38it/s]
Animation 23: FadeIn(Text('y vale en los dos sentidos: espectro plano ⇒ media nula e incorrelado')):  70%|#######   | 
42/60 [00:01<00:00, 21.42it/s]
Animation 23: FadeIn(Text('y vale en los dos sentidos: espectro plano ⇒ media nula e incorrelado')):  75%|#######5  | 
45/60 [00:02<00:00, 17.16it/s]
Animation 23: FadeIn(Text('y vale en los dos sentidos: espectro plano ⇒ media nula e incorrelado')):  78%|#######8  | 
47/60 [00:02<00:00, 16.98it/s]
Animation 23: FadeIn(Text('y vale en los dos sentidos: espectro plano ⇒ media nula e incorrelado')):  82%|########1 | 
49/60 [00:02<00:00, 17.14it/s]
Animation 23: FadeIn(Text('y vale en los dos sentidos: espectro plano ⇒ media nula e incorrelado')):  87%|########6 | 
52/60 [00:02<00:00, 17.45it/s]
Animation 23: FadeIn(Text('y vale en los dos sentidos: espectro plano ⇒ media nula e incorrelado')):  90%|######### | 
54/60 [00:02<00:00, 17.47it/s]
Animation 23: FadeIn(Text('y vale en los dos sentidos: espectro plano ⇒ media nula e incorrelado')):  93%|#########3| 
56/60 [00:02<00:00, 17.54it/s]
Animation 23: FadeIn(Text('y vale en los dos sentidos: espectro plano ⇒ media nula e incorrelado')):  97%|#########6| 
58/60 [00:02<00:00, 18.07it/s]
Animation 23: FadeIn(Text('y vale en los dos sentidos: espectro plano ⇒ media nula e incorrelado')): 100%|##########| 
60/60 [00:03<00:00, 18.24it/s]
[09/08/26 21:22:27] INFO     Animation 23 : Partial    scene_file_writer.py:192
                             movie file written in                             
                             'C:\Users\Nacho\Documents                         
                             \Animaciones\Capitulo                             
                             11\media\videos\s05_blanc                         
                             o_coloreado\1080p60\parti                         
                             al_movie_files\BlancoColo                         
                             reado\2932440949_23147637                         
                             07_2024682364.mp4'                                
[09/08/26 21:22:32] INFO     Animation 24 : Partial    scene_file_writer.py:192
                             movie file written in                             
                             'C:\Users\Nacho\Documents                         
                             \Animaciones\Capitulo                             
                             11\media\videos\s05_blanc                         
                             o_coloreado\1080p60\parti                         
                             al_movie_files\BlancoColo                         
                             reado\2932440949_34958996                         
                             3_3734980653.mp4'                                 
                                                                                                                       
                             

Animation 25: FadeOut(VGroup of 16 submobjects):   0%|          | 0/60 [00:00<?, ?it/s]
Animation 25: FadeOut(VGroup of 16 submobjects):   3%|3         | 2/60 [00:00<00:06,  9.43it/s]
Animation 25: FadeOut(VGroup of 16 submobjects):   5%|5         | 3/60 [00:00<00:05,  9.51it/s]
Animation 25: FadeOut(VGroup of 16 submobjects):   7%|6         | 4/60 [00:00<00:05,  9.61it/s]
Animation 25: FadeOut(VGroup of 16 submobjects):   8%|8         | 5/60 [00:00<00:05,  9.62it/s]
Animation 25: FadeOut(VGroup of 16 submobjects):  10%|#         | 6/60 [00:00<00:05,  9.68it/s]
Animation 25: FadeOut(VGroup of 16 submobjects):  12%|#1        | 7/60 [00:00<00:05,  9.63it/s]
Animation 25: FadeOut(VGroup of 16 submobjects):  13%|#3        | 8/60 [00:00<00:05,  9.63it/s]
Animation 25: FadeOut(VGroup of 16 submobjects):  17%|#6        | 10/60 [00:01<00:05,  9.86it/s]
Animation 25: FadeOut(VGroup of 16 submobjects):  18%|#8        | 11/60 [00:01<00:04,  9.82it/s]
Animation 25: FadeOut(VGroup of 16 submobjects):  20%|##        | 12/60 [00:01<00:04,  9.74it/s]
Animation 25: FadeOut(VGroup of 16 submobjects):  22%|##1       | 13/60 [00:01<00:04,  9.71it/s]
Animation 25: FadeOut(VGroup of 16 submobjects):  25%|##5       | 15/60 [00:01<00:04,  9.78it/s]
Animation 25: FadeOut(VGroup of 16 submobjects):  27%|##6       | 16/60 [00:01<00:04,  9.75it/s]
Animation 25: FadeOut(VGroup of 16 submobjects):  28%|##8       | 17/60 [00:01<00:04,  9.79it/s]
Animation 25: FadeOut(VGroup of 16 submobjects):  30%|###       | 18/60 [00:01<00:04,  9.76it/s]
Animation 25: FadeOut(VGroup of 16 submobjects):  32%|###1      | 19/60 [00:01<00:04,  9.77it/s]
Animation 25: FadeOut(VGroup of 16 submobjects):  33%|###3      | 20/60 [00:02<00:04,  9.73it/s]
Animation 25: FadeOut(VGroup of 16 submobjects):  37%|###6      | 22/60 [00:02<00:03,  9.70it/s]
Animation 25: FadeOut(VGroup of 16 submobjects):  38%|###8      | 23/60 [00:02<00:03,  9.72it/s]
Animation 25: FadeOut(VGroup of 16 submobjects):  40%|####      | 24/60 [00:02<00:03,  9.67it/s]
Animation 25: FadeOut(VGroup of 16 submobjects):  42%|####1     | 25/60 [00:02<00:03,  9.66it/s]
Animation 25: FadeOut(VGroup of 16 submobjects):  43%|####3     | 26/60 [00:02<00:03,  9.65it/s]
Animation 25: FadeOut(VGroup of 16 submobjects):  47%|####6     | 28/60 [00:02<00:03,  9.87it/s]
Animation 25: FadeOut(VGroup of 16 submobjects):  48%|####8     | 29/60 [00:02<00:03,  9.87it/s]
Animation 25: FadeOut(VGroup of 16 submobjects):  50%|#####     | 30/60 [00:03<00:03,  9.85it/s]
Animation 25: FadeOut(VGroup of 16 submobjects):  52%|#####1    | 31/60 [00:03<00:02,  9.87it/s]
Animation 25: FadeOut(VGroup of 16 submobjects):  53%|#####3    | 32/60 [00:03<00:02,  9.80it/s]
Animation 25: FadeOut(VGroup of 16 submobjects):  55%|#####5    | 33/60 [00:03<00:02,  9.79it/s]
Animation 25: FadeOut(VGroup of 16 submobjects):  57%|#####6    | 34/60 [00:03<00:02,  9.80it/s]
Animation 25: FadeOut(VGroup of 16 submobjects):  58%|#####8    | 35/60 [00:03<00:02,  9.79it/s]
Animation 25: FadeOut(VGroup of 16 submobjects):  60%|######    | 36/60 [00:03<00:02,  9.75it/s]
Animation 25: FadeOut(VGroup of 16 submobjects):  62%|######1   | 37/60 [00:03<00:02,  9.80it/s]
Animation 25: FadeOut(VGroup of 16 submobjects):  63%|######3   | 38/60 [00:03<00:02,  9.69it/s]
Animation 25: FadeOut(VGroup of 16 submobjects):  65%|######5   | 39/60 [00:04<00:02,  9.60it/s]
Animation 25: FadeOut(VGroup of 16 submobjects):  67%|######6   | 40/60 [00:04<00:02,  9.64it/s]
Animation 25: FadeOut(VGroup of 16 submobjects):  68%|######8   | 41/60 [00:04<00:01,  9.71it/s]
Animation 25: FadeOut(VGroup of 16 submobjects):  70%|#######   | 42/60 [00:04<00:01,  9.71it/s]
Animation 25: FadeOut(VGroup of 16 submobjects):  72%|#######1  | 43/60 [00:04<00:02,  8.29it/s]
Animation 25: FadeOut(VGroup of 16 submobjects):  73%|#######3  | 44/60 [00:04<00:02,  7.42it/s]
Animation 25: FadeOut(VGroup of 16 submobjects):  75%|#######5  | 45/60 [00:04<00:01,  7.85it/s]
Animation 25: FadeOut(VGroup of 16 submobjects):  77%|#######6  | 46/60 [00:04<00:01,  8.17it/s]
Animation 25: FadeOut(VGroup of 16 submobjects):  78%|#######8  | 47/60 [00:04<00:01,  8.50it/s]
Animation 25: FadeOut(VGroup of 16 submobjects):  80%|########  | 48/60 [00:05<00:01,  8.45it/s]
Animation 25: FadeOut(VGroup of 16 submobjects):  82%|########1 | 49/60 [00:05<00:01,  8.60it/s]
Animation 25: FadeOut(VGroup of 16 submobjects):  83%|########3 | 50/60 [00:05<00:01,  8.90it/s]
Animation 25: FadeOut(VGroup of 16 submobjects):  85%|########5 | 51/60 [00:05<00:00,  9.10it/s]
Animation 25: FadeOut(VGroup of 16 submobjects):  87%|########6 | 52/60 [00:05<00:00,  9.04it/s]
Animation 25: FadeOut(VGroup of 16 submobjects):  88%|########8 | 53/60 [00:05<00:00,  9.21it/s]
Animation 25: FadeOut(VGroup of 16 submobjects):  90%|######### | 54/60 [00:05<00:00,  9.40it/s]
Animation 25: FadeOut(VGroup of 16 submobjects):  92%|#########1| 55/60 [00:05<00:00,  9.43it/s]
Animation 25: FadeOut(VGroup of 16 submobjects):  93%|#########3| 56/60 [00:05<00:00,  9.18it/s]
Animation 25: FadeOut(VGroup of 16 submobjects):  95%|#########5| 57/60 [00:06<00:00,  9.22it/s]
Animation 25: FadeOut(VGroup of 16 submobjects):  97%|#########6| 58/60 [00:06<00:00,  9.16it/s]
Animation 25: FadeOut(VGroup of 16 submobjects): 100%|##########| 60/60 [00:06<00:00, 10.07it/s]
[09/08/26 21:22:42] INFO     Animation 25 : Partial    scene_file_writer.py:192
                             movie file written in                             
                             'C:\Users\Nacho\Documents                         
                             \Animaciones\Capitulo                             
                             11\media\videos\s05_blanc                         
                             o_coloreado\1080p60\parti                         
                             al_movie_files\BlancoColo                         
                             reado\2932440949_88808383                         
                             1_2633478503.mp4'                                 
                                                                                                

Animation 26: FadeIn(Text('Blanco  =  sin memoria  =  espectro plano')):   0%|          | 0/60 [00:00<?, ?it/s]
Animation 26: FadeIn(Text('Blanco  =  sin memoria  =  espectro plano')):   7%|6         | 4/60 [00:00<00:01, 28.91it/s]
Animation 26: FadeIn(Text('Blanco  =  sin memoria  =  espectro plano')):  12%|#1        | 7/60 [00:00<00:01, 27.81it/s]
Animation 26: FadeIn(Text('Blanco  =  sin memoria  =  espectro plano')):  17%|#6        | 10/60 [00:00<00:01, 
27.34it/s]
Animation 26: FadeIn(Text('Blanco  =  sin memoria  =  espectro plano')):  22%|##1       | 13/60 [00:00<00:01, 
27.67it/s]
Animation 26: FadeIn(Text('Blanco  =  sin memoria  =  espectro plano')):  27%|##6       | 16/60 [00:00<00:01, 
27.90it/s]
Animation 26: FadeIn(Text('Blanco  =  sin memoria  =  espectro plano')):  32%|###1      | 19/60 [00:00<00:01, 
27.91it/s]
Animation 26: FadeIn(Text('Blanco  =  sin memoria  =  espectro plano')):  37%|###6      | 22/60 [00:00<00:01, 
27.43it/s]
Animation 26: FadeIn(Text('Blanco  =  sin memoria  =  espectro plano')):  42%|####1     | 25/60 [00:00<00:01, 
27.44it/s]
Animation 26: FadeIn(Text('Blanco  =  sin memoria  =  espectro plano')):  47%|####6     | 28/60 [00:01<00:01, 
27.97it/s]
Animation 26: FadeIn(Text('Blanco  =  sin memoria  =  espectro plano')):  52%|#####1    | 31/60 [00:01<00:01, 
27.87it/s]
Animation 26: FadeIn(Text('Blanco  =  sin memoria  =  espectro plano')):  57%|#####6    | 34/60 [00:01<00:00, 
27.41it/s]
Animation 26: FadeIn(Text('Blanco  =  sin memoria  =  espectro plano')):  62%|######1   | 37/60 [00:01<00:00, 
27.17it/s]
Animation 26: FadeIn(Text('Blanco  =  sin memoria  =  espectro plano')):  67%|######6   | 40/60 [00:01<00:00, 
27.06it/s]
Animation 26: FadeIn(Text('Blanco  =  sin memoria  =  espectro plano')):  72%|#######1  | 43/60 [00:01<00:00, 
26.56it/s]
Animation 26: FadeIn(Text('Blanco  =  sin memoria  =  espectro plano')):  77%|#######6  | 46/60 [00:01<00:00, 
24.66it/s]
Animation 26: FadeIn(Text('Blanco  =  sin memoria  =  espectro plano')):  82%|########1 | 49/60 [00:01<00:00, 
21.05it/s]
Animation 26: FadeIn(Text('Blanco  =  sin memoria  =  espectro plano')):  87%|########6 | 52/60 [00:02<00:00, 
19.61it/s]
Animation 26: FadeIn(Text('Blanco  =  sin memoria  =  espectro plano')):  92%|#########1| 55/60 [00:02<00:00, 
20.58it/s]
Animation 26: FadeIn(Text('Blanco  =  sin memoria  =  espectro plano')):  97%|#########6| 58/60 [00:02<00:00, 
21.06it/s]
[09/08/26 21:22:46] INFO     Animation 26 : Partial    scene_file_writer.py:192
                             movie file written in                             
                             'C:\Users\Nacho\Documents                         
                             \Animaciones\Capitulo                             
                             11\media\videos\s05_blanc                         
                             o_coloreado\1080p60\parti                         
                             al_movie_files\BlancoColo                         
                             reado\2932440949_15976760                         
                             69_2577167382.mp4'                                
                                                                                                                       
 

Animation 27: FadeIn(Text('Coloreado  =  con memoria  =  espectro con forma')):   0%|          | 0/60 [00:00<?, ?it/s]
Animation 27: FadeIn(Text('Coloreado  =  con memoria  =  espectro con forma')):   7%|6         | 4/60 [00:00<00:01, 
29.25it/s]
Animation 27: FadeIn(Text('Coloreado  =  con memoria  =  espectro con forma')):  12%|#1        | 7/60 [00:00<00:01, 
27.68it/s]
Animation 27: FadeIn(Text('Coloreado  =  con memoria  =  espectro con forma')):  17%|#6        | 10/60 [00:00<00:01, 
27.22it/s]
Animation 27: FadeIn(Text('Coloreado  =  con memoria  =  espectro con forma')):  22%|##1       | 13/60 [00:00<00:01, 
27.06it/s]
Animation 27: FadeIn(Text('Coloreado  =  con memoria  =  espectro con forma')):  27%|##6       | 16/60 [00:00<00:01, 
26.42it/s]
Animation 27: FadeIn(Text('Coloreado  =  con memoria  =  espectro con forma')):  32%|###1      | 19/60 [00:00<00:01, 
26.55it/s]
Animation 27: FadeIn(Text('Coloreado  =  con memoria  =  espectro con forma')):  37%|###6      | 22/60 [00:00<00:01, 
26.58it/s]
Animation 27: FadeIn(Text('Coloreado  =  con memoria  =  espectro con forma')):  42%|####1     | 25/60 [00:00<00:01, 
26.66it/s]
Animation 27: FadeIn(Text('Coloreado  =  con memoria  =  espectro con forma')):  47%|####6     | 28/60 [00:01<00:01, 
26.45it/s]
Animation 27: FadeIn(Text('Coloreado  =  con memoria  =  espectro con forma')):  52%|#####1    | 31/60 [00:01<00:01, 
26.10it/s]
Animation 27: FadeIn(Text('Coloreado  =  con memoria  =  espectro con forma')):  57%|#####6    | 34/60 [00:01<00:01, 
25.96it/s]
Animation 27: FadeIn(Text('Coloreado  =  con memoria  =  espectro con forma')):  62%|######1   | 37/60 [00:01<00:00, 
25.78it/s]
Animation 27: FadeIn(Text('Coloreado  =  con memoria  =  espectro con forma')):  67%|######6   | 40/60 [00:01<00:00, 
25.84it/s]
Animation 27: FadeIn(Text('Coloreado  =  con memoria  =  espectro con forma')):  72%|#######1  | 43/60 [00:01<00:00, 
24.11it/s]
Animation 27: FadeIn(Text('Coloreado  =  con memoria  =  espectro con forma')):  77%|#######6  | 46/60 [00:01<00:00, 
20.96it/s]
Animation 27: FadeIn(Text('Coloreado  =  con memoria  =  espectro con forma')):  82%|########1 | 49/60 [00:02<00:00, 
19.38it/s]
Animation 27: FadeIn(Text('Coloreado  =  con memoria  =  espectro con forma')):  87%|########6 | 52/60 [00:02<00:00, 
19.51it/s]
Animation 27: FadeIn(Text('Coloreado  =  con memoria  =  espectro con forma')):  92%|#########1| 55/60 [00:02<00:00, 
20.10it/s]
Animation 27: FadeIn(Text('Coloreado  =  con memoria  =  espectro con forma')):  97%|#########6| 58/60 [00:02<00:00, 
20.47it/s]
[09/08/26 21:22:50] INFO     Animation 27 : Partial    scene_file_writer.py:192
                             movie file written in                             
                             'C:\Users\Nacho\Documents                         
                             \Animaciones\Capitulo                             
                             11\media\videos\s05_blanc                         
                             o_coloreado\1080p60\parti                         
                             al_movie_files\BlancoColo                         
                             reado\2932440949_21241096                         
                             66_1111866892.mp4'                                
[09/08/26 21:22:54] INFO     Animation 28 : Partial    scene_file_writer.py:192
                             movie file written in                             
                             'C:\Users\Nacho\Documents                         
                             \Animaciones\Capitulo                             
                             11\media\videos\s05_blanc                         
                             o_coloreado\1080p60\parti                         
                             al_movie_files\BlancoColo                         
                             reado\2932440949_49932863                         
                             2_595738279.mp4'                                  
                                                                                                                       
        

Animation 29: FadeOut(VGroup of 2 submobjects):   0%|          | 0/60 [00:00<?, ?it/s]
Animation 29: FadeOut(VGroup of 2 submobjects):   3%|3         | 2/60 [00:00<00:03, 14.82it/s]
Animation 29: FadeOut(VGroup of 2 submobjects):   7%|6         | 4/60 [00:00<00:03, 14.75it/s]
Animation 29: FadeOut(VGroup of 2 submobjects):  10%|#         | 6/60 [00:00<00:03, 15.21it/s]
Animation 29: FadeOut(VGroup of 2 submobjects):  13%|#3        | 8/60 [00:00<00:03, 15.03it/s]
Animation 29: FadeOut(VGroup of 2 submobjects):  17%|#6        | 10/60 [00:00<00:03, 15.27it/s]
Animation 29: FadeOut(VGroup of 2 submobjects):  20%|##        | 12/60 [00:00<00:03, 15.28it/s]
Animation 29: FadeOut(VGroup of 2 submobjects):  23%|##3       | 14/60 [00:00<00:03, 15.26it/s]
Animation 29: FadeOut(VGroup of 2 submobjects):  27%|##6       | 16/60 [00:01<00:02, 15.24it/s]
Animation 29: FadeOut(VGroup of 2 submobjects):  30%|###       | 18/60 [00:01<00:02, 15.24it/s]
Animation 29: FadeOut(VGroup of 2 submobjects):  33%|###3      | 20/60 [00:01<00:02, 15.07it/s]
Animation 29: FadeOut(VGroup of 2 submobjects):  37%|###6      | 22/60 [00:01<00:02, 15.12it/s]
Animation 29: FadeOut(VGroup of 2 submobjects):  40%|####      | 24/60 [00:01<00:02, 15.17it/s]
Animation 29: FadeOut(VGroup of 2 submobjects):  43%|####3     | 26/60 [00:01<00:02, 15.08it/s]
Animation 29: FadeOut(VGroup of 2 submobjects):  47%|####6     | 28/60 [00:01<00:02, 15.15it/s]
Animation 29: FadeOut(VGroup of 2 submobjects):  50%|#####     | 30/60 [00:01<00:01, 15.10it/s]
Animation 29: FadeOut(VGroup of 2 submobjects):  53%|#####3    | 32/60 [00:02<00:01, 14.99it/s]
Animation 29: FadeOut(VGroup of 2 submobjects):  57%|#####6    | 34/60 [00:02<00:01, 15.02it/s]
Animation 29: FadeOut(VGroup of 2 submobjects):  60%|######    | 36/60 [00:02<00:01, 15.15it/s]
Animation 29: FadeOut(VGroup of 2 submobjects):  63%|######3   | 38/60 [00:02<00:01, 15.23it/s]
Animation 29: FadeOut(VGroup of 2 submobjects):  67%|######6   | 40/60 [00:02<00:01, 15.32it/s]
Animation 29: FadeOut(VGroup of 2 submobjects):  70%|#######   | 42/60 [00:02<00:01, 15.31it/s]
Animation 29: FadeOut(VGroup of 2 submobjects):  73%|#######3  | 44/60 [00:02<00:01, 13.30it/s]
Animation 29: FadeOut(VGroup of 2 submobjects):  77%|#######6  | 46/60 [00:03<00:01, 11.90it/s]
Animation 29: FadeOut(VGroup of 2 submobjects):  80%|########  | 48/60 [00:03<00:00, 12.03it/s]
Animation 29: FadeOut(VGroup of 2 submobjects):  83%|########3 | 50/60 [00:03<00:00, 12.19it/s]
Animation 29: FadeOut(VGroup of 2 submobjects):  87%|########6 | 52/60 [00:03<00:00, 12.67it/s]
Animation 29: FadeOut(VGroup of 2 submobjects):  90%|######### | 54/60 [00:03<00:00, 13.04it/s]
Animation 29: FadeOut(VGroup of 2 submobjects):  93%|#########3| 56/60 [00:03<00:00, 13.16it/s]
Animation 29: FadeOut(VGroup of 2 submobjects):  97%|#########6| 58/60 [00:04<00:00, 13.08it/s]
Animation 29: FadeOut(VGroup of 2 submobjects): 100%|##########| 60/60 [00:04<00:00, 13.79it/s]
[09/08/26 21:23:00] INFO     Animation 29 : Partial    scene_file_writer.py:192
                             movie file written in                             
                             'C:\Users\Nacho\Documents                         
                             \Animaciones\Capitulo                             
                             11\media\videos\s05_blanc                         
                             o_coloreado\1080p60\parti                         
                             al_movie_files\BlancoColo                         
                             reado\2932440949_16140246                         
                             95_3792022463.mp4'                                
[09/08/26 21:23:01] INFO     Animation 30 : Partial    scene_file_writer.py:192
                             movie file written in                             
                             'C:\Users\Nacho\Documents                         
                             \Animaciones\Capitulo                             
                             11\media\videos\s05_blanc                         
                             o_coloreado\1080p60\parti                         
                             al_movie_files\BlancoColo                         
                             reado\2932440949_42350330                         
                             27_3007309624.mp4'                                
                    INFO     Combining to Movie file.  scene_file_writer.py:952
[09/08/26 21:23:02] INFO                              scene_file_writer.py:1103
                             File ready at                                     
                             'C:\Users\Nacho\Document                          
                             s\Animaciones\Capitulo                            
                             11\media\videos\s05_blan                          
                             co_coloreado\1080p60\Bla                          
                             ncoColoreado.mp4'                                 
                                                                               
                    INFO     Rendered BlancoColoreado              scene.py:290
                             Played 31 animations                              
                                                                                               
Manim Community v0.21.0

manim.exe : 
En C:\Users\Nacho\Documents\Animaciones\Capitulo 11\render.ps1: 49 Carácter: 9
+         & manim "-$Calidad" $e.archivo $e.escena *>> $log
+         ~~~~~~~~~~~~~~~~~~~~~~~~~~~~~~~~~~~~~~~~~~~~~~~~~
    + CategoryInfo          : NotSpecified: (:String) [], RemoteException
    + FullyQualifiedErrorId : NativeCommandError
 
Animation 0: FadeIn(Text('Estimar el espectro: promediar periodogramas')):   0%|          | 0/60 [00:00<?, ?it/s]
Animation 0: FadeIn(Text('Estimar el espectro: promediar periodogramas')):   5%|5         | 3/60 [00:00<00:02, 
25.50it/s]
Animation 0: FadeIn(Text('Estimar el espectro: promediar periodogramas')):  10%|#         | 6/60 [00:00<00:02, 
18.51it/s]
Animation 0: FadeIn(Text('Estimar el espectro: promediar periodogramas')):  13%|#3        | 8/60 [00:00<00:02, 
18.78it/s]
Animation 0: FadeIn(Text('Estimar el espectro: promediar periodogramas')):  18%|#8        | 11/60 [00:00<00:02, 
19.45it/s]
Animation 0: FadeIn(Text('Estimar el espectro: promediar periodogramas')):  23%|##3       | 14/60 [00:00<00:02, 
20.03it/s]
Animation 0: FadeIn(Text('Estimar el espectro: promediar periodogramas')):  28%|##8       | 17/60 [00:00<00:02, 
20.53it/s]
Animation 0: FadeIn(Text('Estimar el espectro: promediar periodogramas')):  33%|###3      | 20/60 [00:00<00:01, 
20.95it/s]
Animation 0: FadeIn(Text('Estimar el espectro: promediar periodogramas')):  38%|###8      | 23/60 [00:01<00:01, 
21.59it/s]
Animation 0: FadeIn(Text('Estimar el espectro: promediar periodogramas')):  43%|####3     | 26/60 [00:01<00:01, 
21.66it/s]
Animation 0: FadeIn(Text('Estimar el espectro: promediar periodogramas')):  48%|####8     | 29/60 [00:01<00:01, 
21.31it/s]
Animation 0: FadeIn(Text('Estimar el espectro: promediar periodogramas')):  53%|#####3    | 32/60 [00:01<00:01, 
20.88it/s]
Animation 0: FadeIn(Text('Estimar el espectro: promediar periodogramas')):  58%|#####8    | 35/60 [00:01<00:01, 
20.89it/s]
Animation 0: FadeIn(Text('Estimar el espectro: promediar periodogramas')):  63%|######3   | 38/60 [00:01<00:01, 
21.46it/s]
Animation 0: FadeIn(Text('Estimar el espectro: promediar periodogramas')):  68%|######8   | 41/60 [00:01<00:00, 
22.04it/s]
Animation 0: FadeIn(Text('Estimar el espectro: promediar periodogramas')):  73%|#######3  | 44/60 [00:02<00:00, 
21.50it/s]
Animation 0: FadeIn(Text('Estimar el espectro: promediar periodogramas')):  78%|#######8  | 47/60 [00:02<00:00, 
21.18it/s]
Animation 0: FadeIn(Text('Estimar el espectro: promediar periodogramas')):  83%|########3 | 50/60 [00:02<00:00, 
20.85it/s]
Animation 0: FadeIn(Text('Estimar el espectro: promediar periodogramas')):  88%|########8 | 53/60 [00:02<00:00, 
17.89it/s]
Animation 0: FadeIn(Text('Estimar el espectro: promediar periodogramas')):  92%|#########1| 55/60 [00:02<00:00, 
16.90it/s]
Animation 0: FadeIn(Text('Estimar el espectro: promediar periodogramas')):  95%|#########5| 57/60 [00:02<00:00, 
15.83it/s]
Animation 0: FadeIn(Text('Estimar el espectro: promediar periodogramas')):  98%|#########8| 59/60 [00:03<00:00, 
15.96it/s]
[09/08/26 21:23:10] INFO     Animation 0 : Partial     scene_file_writer.py:192
                             movie file written in                             
                             'C:\Users\Nacho\Documents                         
                             \Animaciones\Capitulo                             
                             11\media\videos\s06_perio                         
                             dograma\1080p60\partial_m                         
                             ovie_files\Periodograma\3                         
                             010004561_921632813_22313                         
                             2457.mp4'                                         
[09/08/26 21:23:11] INFO     Animation 1 : Partial     scene_file_writer.py:192
                             movie file written in                             
                             'C:\Users\Nacho\Documents                         
                             \Animaciones\Capitulo                             
                             11\media\videos\s06_perio                         
                             dograma\1080p60\partial_m                         
                             ovie_files\Periodograma\2                         
                             932440949_4235033027_1640                         
                             909338.mp4'                                       
                                                                                                                       
   

Animation 2: 
Write(MathTex('S_{xx}(j\\omega)\\;=\\;\\lim_{T\\to\\infty}\\frac{1}{2T}\\,E\\big[\\,|X_T(j\\omega)|^2\\,\\big]')), 
etc.:   0%|          | 0/120 [00:00<?, ?it/s]
Animation 2: 
Write(MathTex('S_{xx}(j\\omega)\\;=\\;\\lim_{T\\to\\infty}\\frac{1}{2T}\\,E\\big[\\,|X_T(j\\omega)|^2\\,\\big]')), 
etc.:   2%|2         | 3/120 [00:00<00:05, 22.17it/s]
Animation 2: 
Write(MathTex('S_{xx}(j\\omega)\\;=\\;\\lim_{T\\to\\infty}\\frac{1}{2T}\\,E\\big[\\,|X_T(j\\omega)|^2\\,\\big]')), 
etc.:   5%|5         | 6/120 [00:00<00:05, 20.78it/s]
Animation 2: 
Write(MathTex('S_{xx}(j\\omega)\\;=\\;\\lim_{T\\to\\infty}\\frac{1}{2T}\\,E\\big[\\,|X_T(j\\omega)|^2\\,\\big]')), 
etc.:   8%|7         | 9/120 [00:00<00:05, 20.55it/s]
Animation 2: 
Write(MathTex('S_{xx}(j\\omega)\\;=\\;\\lim_{T\\to\\infty}\\frac{1}{2T}\\,E\\big[\\,|X_T(j\\omega)|^2\\,\\big]')), 
etc.:  10%|#         | 12/120 [00:00<00:05, 20.12it/s]
Animation 2: 
Write(MathTex('S_{xx}(j\\omega)\\;=\\;\\lim_{T\\to\\infty}\\frac{1}{2T}\\,E\\big[\\,|X_T(j\\omega)|^2\\,\\big]')), 
etc.:  12%|#2        | 15/120 [00:00<00:05, 19.74it/s]
Animation 2: 
Write(MathTex('S_{xx}(j\\omega)\\;=\\;\\lim_{T\\to\\infty}\\frac{1}{2T}\\,E\\big[\\,|X_T(j\\omega)|^2\\,\\big]')), 
etc.:  14%|#4        | 17/120 [00:00<00:05, 19.40it/s]
Animation 2: 
Write(MathTex('S_{xx}(j\\omega)\\;=\\;\\lim_{T\\to\\infty}\\frac{1}{2T}\\,E\\big[\\,|X_T(j\\omega)|^2\\,\\big]')), 
etc.:  16%|#5        | 19/120 [00:00<00:05, 19.01it/s]
Animation 2: 
Write(MathTex('S_{xx}(j\\omega)\\;=\\;\\lim_{T\\to\\infty}\\frac{1}{2T}\\,E\\big[\\,|X_T(j\\omega)|^2\\,\\big]')), 
etc.:  18%|#7        | 21/120 [00:01<00:05, 18.90it/s]
Animation 2: 
Write(MathTex('S_{xx}(j\\omega)\\;=\\;\\lim_{T\\to\\infty}\\frac{1}{2T}\\,E\\big[\\,|X_T(j\\omega)|^2\\,\\big]')), 
etc.:  19%|#9        | 23/120 [00:01<00:05, 18.49it/s]
Animation 2: 
Write(MathTex('S_{xx}(j\\omega)\\;=\\;\\lim_{T\\to\\infty}\\frac{1}{2T}\\,E\\big[\\,|X_T(j\\omega)|^2\\,\\big]')), 
etc.:  21%|##        | 25/120 [00:01<00:05, 17.76it/s]
Animation 2: 
Write(MathTex('S_{xx}(j\\omega)\\;=\\;\\lim_{T\\to\\infty}\\frac{1}{2T}\\,E\\big[\\,|X_T(j\\omega)|^2\\,\\big]')), 
etc.:  22%|##2       | 27/120 [00:01<00:05, 18.00it/s]
Animation 2: 
Write(MathTex('S_{xx}(j\\omega)\\;=\\;\\lim_{T\\to\\infty}\\frac{1}{2T}\\,E\\big[\\,|X_T(j\\omega)|^2\\,\\big]')), 
etc.:  24%|##4       | 29/120 [00:01<00:04, 18.25it/s]
Animation 2: 
Write(MathTex('S_{xx}(j\\omega)\\;=\\;\\lim_{T\\to\\infty}\\frac{1}{2T}\\,E\\big[\\,|X_T(j\\omega)|^2\\,\\big]')), 
etc.:  26%|##5       | 31/120 [00:01<00:04, 18.15it/s]
Animation 2: 
Write(MathTex('S_{xx}(j\\omega)\\;=\\;\\lim_{T\\to\\infty}\\frac{1}{2T}\\,E\\big[\\,|X_T(j\\omega)|^2\\,\\big]')), 
etc.:  28%|##7       | 33/120 [00:01<00:04, 18.36it/s]
Animation 2: 
Write(MathTex('S_{xx}(j\\omega)\\;=\\;\\lim_{T\\to\\infty}\\frac{1}{2T}\\,E\\big[\\,|X_T(j\\omega)|^2\\,\\big]')), 
etc.:  29%|##9       | 35/120 [00:01<00:04, 18.50it/s]
Animation 2: 
Write(MathTex('S_{xx}(j\\omega)\\;=\\;\\lim_{T\\to\\infty}\\frac{1}{2T}\\,E\\big[\\,|X_T(j\\omega)|^2\\,\\big]')), 
etc.:  31%|###       | 37/120 [00:01<00:04, 17.86it/s]
Animation 2: 
Write(MathTex('S_{xx}(j\\omega)\\;=\\;\\lim_{T\\to\\infty}\\frac{1}{2T}\\,E\\big[\\,|X_T(j\\omega)|^2\\,\\big]')), 
etc.:  32%|###2      | 39/120 [00:02<00:04, 17.96it/s]
Animation 2: 
Write(MathTex('S_{xx}(j\\omega)\\;=\\;\\lim_{T\\to\\infty}\\frac{1}{2T}\\,E\\big[\\,|X_T(j\\omega)|^2\\,\\big]')), 
etc.:  34%|###4      | 41/120 [00:02<00:04, 18.38it/s]
Animation 2: 
Write(MathTex('S_{xx}(j\\omega)\\;=\\;\\lim_{T\\to\\infty}\\frac{1}{2T}\\,E\\big[\\,|X_T(j\\omega)|^2\\,\\big]')), 
etc.:  36%|###5      | 43/120 [00:02<00:04, 17.72it/s]
Animation 2: 
Write(MathTex('S_{xx}(j\\omega)\\;=\\;\\lim_{T\\to\\infty}\\frac{1}{2T}\\,E\\big[\\,|X_T(j\\omega)|^2\\,\\big]')), 
etc.:  38%|###7      | 45/120 [00:02<00:05, 14.10it/s]
Animation 2: 
Write(MathTex('S_{xx}(j\\omega)\\;=\\;\\lim_{T\\to\\infty}\\frac{1}{2T}\\,E\\big[\\,|X_T(j\\omega)|^2\\,\\big]')), 
etc.:  39%|###9      | 47/120 [00:02<00:05, 14.29it/s]
Animation 2: 
Write(MathTex('S_{xx}(j\\omega)\\;=\\;\\lim_{T\\to\\infty}\\frac{1}{2T}\\,E\\big[\\,|X_T(j\\omega)|^2\\,\\big]')), 
etc.:  41%|####      | 49/120 [00:02<00:04, 14.35it/s]
Animation 2: 
Write(MathTex('S_{xx}(j\\omega)\\;=\\;\\lim_{T\\to\\infty}\\frac{1}{2T}\\,E\\big[\\,|X_T(j\\omega)|^2\\,\\big]')), 
etc.:  42%|####2     | 51/120 [00:02<00:04, 14.70it/s]
Animation 2: 
Write(MathTex('S_{xx}(j\\omega)\\;=\\;\\lim_{T\\to\\infty}\\frac{1}{2T}\\,E\\big[\\,|X_T(j\\omega)|^2\\,\\big]')), 
etc.:  44%|####4     | 53/120 [00:03<00:04, 14.49it/s]
Animation 2: 
Write(MathTex('S_{xx}(j\\omega)\\;=\\;\\lim_{T\\to\\infty}\\frac{1}{2T}\\,E\\big[\\,|X_T(j\\omega)|^2\\,\\big]')), 
etc.:  46%|####5     | 55/120 [00:03<00:04, 14.57it/s]
Animation 2: 
Write(MathTex('S_{xx}(j\\omega)\\;=\\;\\lim_{T\\to\\infty}\\frac{1}{2T}\\,E\\big[\\,|X_T(j\\omega)|^2\\,\\big]')), 
etc.:  48%|####7     | 57/120 [00:03<00:04, 14.59it/s]
Animation 2: 
Write(MathTex('S_{xx}(j\\omega)\\;=\\;\\lim_{T\\to\\infty}\\frac{1}{2T}\\,E\\big[\\,|X_T(j\\omega)|^2\\,\\big]')), 
etc.:  49%|####9     | 59/120 [00:03<00:04, 14.94it/s]
Animation 2: 
Write(MathTex('S_{xx}(j\\omega)\\;=\\;\\lim_{T\\to\\infty}\\frac{1}{2T}\\,E\\big[\\,|X_T(j\\omega)|^2\\,\\big]')), 
etc.:  51%|#####     | 61/120 [00:03<00:03, 14.88it/s]
Animation 2: 
Write(MathTex('S_{xx}(j\\omega)\\;=\\;\\lim_{T\\to\\infty}\\frac{1}{2T}\\,E\\big[\\,|X_T(j\\omega)|^2\\,\\big]')), 
etc.:  52%|#####2    | 63/120 [00:03<00:03, 14.71it/s]
Animation 2: 
Write(MathTex('S_{xx}(j\\omega)\\;=\\;\\lim_{T\\to\\infty}\\frac{1}{2T}\\,E\\big[\\,|X_T(j\\omega)|^2\\,\\big]')), 
etc.:  54%|#####4    | 65/120 [00:03<00:03, 14.81it/s]
Animation 2: 
Write(MathTex('S_{xx}(j\\omega)\\;=\\;\\lim_{T\\to\\infty}\\frac{1}{2T}\\,E\\big[\\,|X_T(j\\omega)|^2\\,\\big]')), 
etc.:  56%|#####5    | 67/120 [00:04<00:03, 14.58it/s]
Animation 2: 
Write(MathTex('S_{xx}(j\\omega)\\;=\\;\\lim_{T\\to\\infty}\\frac{1}{2T}\\,E\\big[\\,|X_T(j\\omega)|^2\\,\\big]')), 
etc.:  57%|#####7    | 69/120 [00:04<00:03, 15.05it/s]
Animation 2: 
Write(MathTex('S_{xx}(j\\omega)\\;=\\;\\lim_{T\\to\\infty}\\frac{1}{2T}\\,E\\big[\\,|X_T(j\\omega)|^2\\,\\big]')), 
etc.:  59%|#####9    | 71/120 [00:04<00:03, 14.76it/s]
Animation 2: 
Write(MathTex('S_{xx}(j\\omega)\\;=\\;\\lim_{T\\to\\infty}\\frac{1}{2T}\\,E\\big[\\,|X_T(j\\omega)|^2\\,\\big]')), 
etc.:  61%|######    | 73/120 [00:04<00:03, 14.62it/s]
Animation 2: 
Write(MathTex('S_{xx}(j\\omega)\\;=\\;\\lim_{T\\to\\infty}\\frac{1}{2T}\\,E\\big[\\,|X_T(j\\omega)|^2\\,\\big]')), 
etc.:  62%|######2   | 75/120 [00:04<00:03, 14.99it/s]
Animation 2: 
Write(MathTex('S_{xx}(j\\omega)\\;=\\;\\lim_{T\\to\\infty}\\frac{1}{2T}\\,E\\big[\\,|X_T(j\\omega)|^2\\,\\big]')), 
etc.:  64%|######4   | 77/120 [00:04<00:02, 14.85it/s]
Animation 2: 
Write(MathTex('S_{xx}(j\\omega)\\;=\\;\\lim_{T\\to\\infty}\\frac{1}{2T}\\,E\\big[\\,|X_T(j\\omega)|^2\\,\\big]')), 
etc.:  66%|######5   | 79/120 [00:04<00:02, 14.96it/s]
Animation 2: 
Write(MathTex('S_{xx}(j\\omega)\\;=\\;\\lim_{T\\to\\infty}\\frac{1}{2T}\\,E\\big[\\,|X_T(j\\omega)|^2\\,\\big]')), 
etc.:  68%|######7   | 81/120 [00:04<00:02, 14.67it/s]
Animation 2: 
Write(MathTex('S_{xx}(j\\omega)\\;=\\;\\lim_{T\\to\\infty}\\frac{1}{2T}\\,E\\big[\\,|X_T(j\\omega)|^2\\,\\big]')), 
etc.:  69%|######9   | 83/120 [00:05<00:02, 14.88it/s]
Animation 2: 
Write(MathTex('S_{xx}(j\\omega)\\;=\\;\\lim_{T\\to\\infty}\\frac{1}{2T}\\,E\\big[\\,|X_T(j\\omega)|^2\\,\\big]')), 
etc.:  71%|#######   | 85/120 [00:05<00:02, 14.54it/s]
Animation 2: 
Write(MathTex('S_{xx}(j\\omega)\\;=\\;\\lim_{T\\to\\infty}\\frac{1}{2T}\\,E\\big[\\,|X_T(j\\omega)|^2\\,\\big]')), 
etc.:  72%|#######2  | 87/120 [00:05<00:02, 14.65it/s]
Animation 2: 
Write(MathTex('S_{xx}(j\\omega)\\;=\\;\\lim_{T\\to\\infty}\\frac{1}{2T}\\,E\\big[\\,|X_T(j\\omega)|^2\\,\\big]')), 
etc.:  74%|#######4  | 89/120 [00:05<00:02, 14.23it/s]
Animation 2: 
Write(MathTex('S_{xx}(j\\omega)\\;=\\;\\lim_{T\\to\\infty}\\frac{1}{2T}\\,E\\big[\\,|X_T(j\\omega)|^2\\,\\big]')), 
etc.:  76%|#######5  | 91/120 [00:05<00:02, 14.46it/s]
Animation 2: 
Write(MathTex('S_{xx}(j\\omega)\\;=\\;\\lim_{T\\to\\infty}\\frac{1}{2T}\\,E\\big[\\,|X_T(j\\omega)|^2\\,\\big]')), 
etc.:  78%|#######7  | 93/120 [00:05<00:01, 14.22it/s]
Animation 2: 
Write(MathTex('S_{xx}(j\\omega)\\;=\\;\\lim_{T\\to\\infty}\\frac{1}{2T}\\,E\\big[\\,|X_T(j\\omega)|^2\\,\\big]')), 
etc.:  79%|#######9  | 95/120 [00:05<00:01, 14.65it/s]
Animation 2: 
Write(MathTex('S_{xx}(j\\omega)\\;=\\;\\lim_{T\\to\\infty}\\frac{1}{2T}\\,E\\big[\\,|X_T(j\\omega)|^2\\,\\big]')), 
etc.:  81%|########  | 97/120 [00:06<00:01, 14.47it/s]
Animation 2: 
Write(MathTex('S_{xx}(j\\omega)\\;=\\;\\lim_{T\\to\\infty}\\frac{1}{2T}\\,E\\big[\\,|X_T(j\\omega)|^2\\,\\big]')), 
etc.:  82%|########2 | 99/120 [00:06<00:01, 14.64it/s]
Animation 2: 
Write(MathTex('S_{xx}(j\\omega)\\;=\\;\\lim_{T\\to\\infty}\\frac{1}{2T}\\,E\\big[\\,|X_T(j\\omega)|^2\\,\\big]')), 
etc.:  84%|########4 | 101/120 [00:06<00:01, 14.14it/s]
Animation 2: 
Write(MathTex('S_{xx}(j\\omega)\\;=\\;\\lim_{T\\to\\infty}\\frac{1}{2T}\\,E\\big[\\,|X_T(j\\omega)|^2\\,\\big]')), 
etc.:  86%|########5 | 103/120 [00:06<00:01, 14.41it/s]
Animation 2: 
Write(MathTex('S_{xx}(j\\omega)\\;=\\;\\lim_{T\\to\\infty}\\frac{1}{2T}\\,E\\big[\\,|X_T(j\\omega)|^2\\,\\big]')), 
etc.:  88%|########7 | 105/120 [00:06<00:01, 14.35it/s]
Animation 2: 
Write(MathTex('S_{xx}(j\\omega)\\;=\\;\\lim_{T\\to\\infty}\\frac{1}{2T}\\,E\\big[\\,|X_T(j\\omega)|^2\\,\\big]')), 
etc.:  89%|########9 | 107/120 [00:06<00:00, 14.55it/s]
Animation 2: 
Write(MathTex('S_{xx}(j\\omega)\\;=\\;\\lim_{T\\to\\infty}\\frac{1}{2T}\\,E\\big[\\,|X_T(j\\omega)|^2\\,\\big]')), 
etc.:  91%|######### | 109/120 [00:06<00:00, 14.50it/s]
Animation 2: 
Write(MathTex('S_{xx}(j\\omega)\\;=\\;\\lim_{T\\to\\infty}\\frac{1}{2T}\\,E\\big[\\,|X_T(j\\omega)|^2\\,\\big]')), 
etc.:  92%|#########2| 111/120 [00:07<00:00, 14.77it/s]
Animation 2: 
Write(MathTex('S_{xx}(j\\omega)\\;=\\;\\lim_{T\\to\\infty}\\frac{1}{2T}\\,E\\big[\\,|X_T(j\\omega)|^2\\,\\big]')), 
etc.:  94%|#########4| 113/120 [00:07<00:00, 14.69it/s]
Animation 2: 
Write(MathTex('S_{xx}(j\\omega)\\;=\\;\\lim_{T\\to\\infty}\\frac{1}{2T}\\,E\\big[\\,|X_T(j\\omega)|^2\\,\\big]')), 
etc.:  96%|#########5| 115/120 [00:07<00:00, 14.83it/s]
Animation 2: 
Write(MathTex('S_{xx}(j\\omega)\\;=\\;\\lim_{T\\to\\infty}\\frac{1}{2T}\\,E\\big[\\,|X_T(j\\omega)|^2\\,\\big]')), 
etc.:  98%|#########7| 117/120 [00:07<00:00, 14.68it/s]
Animation 2: 
Write(MathTex('S_{xx}(j\\omega)\\;=\\;\\lim_{T\\to\\infty}\\frac{1}{2T}\\,E\\big[\\,|X_T(j\\omega)|^2\\,\\big]')), 
etc.:  99%|#########9| 119/120 [00:07<00:00, 14.90it/s]
[09/08/26 21:23:20] INFO     Animation 2 : Partial     scene_file_writer.py:192
                             movie file written in                             
                             'C:\Users\Nacho\Documents                         
                             \Animaciones\Capitulo                             
                             11\media\videos\s06_perio                         
                             dograma\1080p60\partial_m                         
                             ovie_files\Periodograma\2                         
                             932440949_3969094188_1222                         
                             314945.mp4'                                       
[09/08/26 21:23:24] INFO     Animation 3 : Partial     scene_file_writer.py:192
                             movie file written in                             
                             'C:\Users\Nacho\Documents                         
                             \Animaciones\Capitulo                             
                             11\media\videos\s06_perio                         
                             dograma\1080p60\partial_m                         
                             ovie_files\Periodograma\2                         
                             932440949_3926500612_1116                         
                             993122.mp4'                                       
                                                                                                                       
                                                                

Animation 4: FadeOut(Text('teorema de Einstein–Wiener–Khinchin')), etc.:   0%|          | 0/60 [00:00<?, ?it/s]
Animation 4: FadeOut(Text('teorema de Einstein–Wiener–Khinchin')), etc.:   3%|3         | 2/60 [00:00<00:03, 16.73it/s]
Animation 4: FadeOut(Text('teorema de Einstein–Wiener–Khinchin')), etc.:   7%|6         | 4/60 [00:00<00:03, 17.14it/s]
Animation 4: FadeOut(Text('teorema de Einstein–Wiener–Khinchin')), etc.:  10%|#         | 6/60 [00:00<00:03, 17.92it/s]
Animation 4: FadeOut(Text('teorema de Einstein–Wiener–Khinchin')), etc.:  13%|#3        | 8/60 [00:00<00:02, 18.13it/s]
Animation 4: FadeOut(Text('teorema de Einstein–Wiener–Khinchin')), etc.:  18%|#8        | 11/60 [00:00<00:02, 
19.04it/s]
Animation 4: FadeOut(Text('teorema de Einstein–Wiener–Khinchin')), etc.:  23%|##3       | 14/60 [00:00<00:02, 
19.80it/s]
Animation 4: FadeOut(Text('teorema de Einstein–Wiener–Khinchin')), etc.:  28%|##8       | 17/60 [00:00<00:02, 
20.15it/s]
Animation 4: FadeOut(Text('teorema de Einstein–Wiener–Khinchin')), etc.:  33%|###3      | 20/60 [00:01<00:01, 
20.43it/s]
Animation 4: FadeOut(Text('teorema de Einstein–Wiener–Khinchin')), etc.:  38%|###8      | 23/60 [00:01<00:01, 
20.70it/s]
Animation 4: FadeOut(Text('teorema de Einstein–Wiener–Khinchin')), etc.:  43%|####3     | 26/60 [00:01<00:01, 
20.74it/s]
Animation 4: FadeOut(Text('teorema de Einstein–Wiener–Khinchin')), etc.:  48%|####8     | 29/60 [00:01<00:01, 
20.87it/s]
Animation 4: FadeOut(Text('teorema de Einstein–Wiener–Khinchin')), etc.:  53%|#####3    | 32/60 [00:01<00:01, 
21.00it/s]
Animation 4: FadeOut(Text('teorema de Einstein–Wiener–Khinchin')), etc.:  58%|#####8    | 35/60 [00:01<00:01, 
21.09it/s]
Animation 4: FadeOut(Text('teorema de Einstein–Wiener–Khinchin')), etc.:  63%|######3   | 38/60 [00:01<00:01, 
21.30it/s]
Animation 4: FadeOut(Text('teorema de Einstein–Wiener–Khinchin')), etc.:  68%|######8   | 41/60 [00:02<00:00, 
21.14it/s]
Animation 4: FadeOut(Text('teorema de Einstein–Wiener–Khinchin')), etc.:  73%|#######3  | 44/60 [00:02<00:00, 
17.28it/s]
Animation 4: FadeOut(Text('teorema de Einstein–Wiener–Khinchin')), etc.:  77%|#######6  | 46/60 [00:02<00:00, 
16.50it/s]
Animation 4: FadeOut(Text('teorema de Einstein–Wiener–Khinchin')), etc.:  80%|########  | 48/60 [00:02<00:00, 
16.61it/s]
Animation 4: FadeOut(Text('teorema de Einstein–Wiener–Khinchin')), etc.:  83%|########3 | 50/60 [00:02<00:00, 
17.06it/s]
Animation 4: FadeOut(Text('teorema de Einstein–Wiener–Khinchin')), etc.:  87%|########6 | 52/60 [00:02<00:00, 
17.49it/s]
Animation 4: FadeOut(Text('teorema de Einstein–Wiener–Khinchin')), etc.:  90%|######### | 54/60 [00:02<00:00, 
17.99it/s]
Animation 4: FadeOut(Text('teorema de Einstein–Wiener–Khinchin')), etc.:  93%|#########3| 56/60 [00:02<00:00, 
18.04it/s]
Animation 4: FadeOut(Text('teorema de Einstein–Wiener–Khinchin')), etc.:  97%|#########6| 58/60 [00:03<00:00, 
18.41it/s]
Animation 4: FadeOut(Text('teorema de Einstein–Wiener–Khinchin')), etc.: 100%|##########| 60/60 [00:03<00:00, 
18.64it/s]
[09/08/26 21:23:29] INFO     Animation 4 : Partial     scene_file_writer.py:192
                             movie file written in                             
                             'C:\Users\Nacho\Documents                         
                             \Animaciones\Capitulo                             
                             11\media\videos\s06_perio                         
                             dograma\1080p60\partial_m                         
                             ovie_files\Periodograma\2                         
                             932440949_3141425803_3994                         
                             046524.mp4'                                       
                                                                                                                       
 

Animation 5: Create(Axes of 2 submobjects), etc.:   0%|          | 0/60 [00:00<?, ?it/s]
Animation 5: Create(Axes of 2 submobjects), etc.:  12%|#1        | 7/60 [00:00<00:00, 57.37it/s]
Animation 5: Create(Axes of 2 submobjects), etc.:  22%|##1       | 13/60 [00:00<00:00, 54.63it/s]
Animation 5: Create(Axes of 2 submobjects), etc.:  32%|###1      | 19/60 [00:00<00:00, 53.53it/s]
Animation 5: Create(Axes of 2 submobjects), etc.:  42%|####1     | 25/60 [00:00<00:00, 47.63it/s]
Animation 5: Create(Axes of 2 submobjects), etc.:  50%|#####     | 30/60 [00:00<00:00, 43.15it/s]
Animation 5: Create(Axes of 2 submobjects), etc.:  58%|#####8    | 35/60 [00:00<00:00, 40.51it/s]
Animation 5: Create(Axes of 2 submobjects), etc.:  67%|######6   | 40/60 [00:00<00:00, 40.07it/s]
Animation 5: Create(Axes of 2 submobjects), etc.:  75%|#######5  | 45/60 [00:01<00:00, 40.03it/s]
Animation 5: Create(Axes of 2 submobjects), etc.:  83%|########3 | 50/60 [00:01<00:00, 40.22it/s]
Animation 5: Create(Axes of 2 submobjects), etc.:  92%|#########1| 55/60 [00:01<00:00, 41.59it/s]
[09/08/26 21:23:32] INFO     Animation 5 : Partial     scene_file_writer.py:192
                             movie file written in                             
                             'C:\Users\Nacho\Documents                         
                             \Animaciones\Capitulo                             
                             11\media\videos\s06_perio                         
                             dograma\1080p60\partial_m                         
                             ovie_files\Periodograma\2                         
                             932440949_465284882_27644                         
                             12553.mp4'                                        
                                                                                                 

Animation 6: Create(DashedLine), etc.:   0%|          | 0/60 [00:00<?, ?it/s]
Animation 6: Create(DashedLine), etc.:   8%|8         | 5/60 [00:00<00:01, 37.54it/s]
Animation 6: Create(DashedLine), etc.:  15%|#5        | 9/60 [00:00<00:01, 36.16it/s]
Animation 6: Create(DashedLine), etc.:  22%|##1       | 13/60 [00:00<00:01, 36.61it/s]
Animation 6: Create(DashedLine), etc.:  28%|##8       | 17/60 [00:00<00:01, 34.82it/s]
Animation 6: Create(DashedLine), etc.:  35%|###5      | 21/60 [00:00<00:01, 32.98it/s]
Animation 6: Create(DashedLine), etc.:  42%|####1     | 25/60 [00:00<00:01, 32.20it/s]
Animation 6: Create(DashedLine), etc.:  48%|####8     | 29/60 [00:00<00:01, 30.99it/s]
Animation 6: Create(DashedLine), etc.:  55%|#####5    | 33/60 [00:01<00:00, 30.94it/s]
Animation 6: Create(DashedLine), etc.:  62%|######1   | 37/60 [00:01<00:00, 31.31it/s]
Animation 6: Create(DashedLine), etc.:  68%|######8   | 41/60 [00:01<00:00, 31.98it/s]
Animation 6: Create(DashedLine), etc.:  75%|#######5  | 45/60 [00:01<00:00, 31.75it/s]
Animation 6: Create(DashedLine), etc.:  82%|########1 | 49/60 [00:01<00:00, 30.65it/s]
Animation 6: Create(DashedLine), etc.:  88%|########8 | 53/60 [00:01<00:00, 30.66it/s]
Animation 6: Create(DashedLine), etc.:  95%|#########5| 57/60 [00:01<00:00, 29.92it/s]
[09/08/26 21:23:35] INFO     Animation 6 : Partial     scene_file_writer.py:192
                             movie file written in                             
                             'C:\Users\Nacho\Documents                         
                             \Animaciones\Capitulo                             
                             11\media\videos\s06_perio                         
                             dograma\1080p60\partial_m                         
                             ovie_files\Periodograma\2                         
                             932440949_3047996016_3822                         
                             585366.mp4'                                       
[09/08/26 21:23:36] INFO     Animation 7 : Partial     scene_file_writer.py:192
                             movie file written in                             
                             'C:\Users\Nacho\Documents                         
                             \Animaciones\Capitulo                             
                             11\media\videos\s06_perio                         
                             dograma\1080p60\partial_m                         
                             ovie_files\Periodograma\2                         
                             932440949_241228271_98587                         
                             2575.mp4'                                         
                                                                                      

Animation 8: Create(VMobject), etc.:   0%|          | 0/72 [00:00<?, ?it/s]
Animation 8: Create(VMobject), etc.:  10%|9         | 7/72 [00:00<00:01, 64.05it/s]
Animation 8: Create(VMobject), etc.:  19%|#9        | 14/72 [00:00<00:01, 48.00it/s]
Animation 8: Create(VMobject), etc.:  28%|##7       | 20/72 [00:00<00:01, 43.15it/s]
Animation 8: Create(VMobject), etc.:  35%|###4      | 25/72 [00:00<00:01, 41.31it/s]
Animation 8: Create(VMobject), etc.:  42%|####1     | 30/72 [00:00<00:01, 40.55it/s]
Animation 8: Create(VMobject), etc.:  49%|####8     | 35/72 [00:00<00:00, 39.32it/s]
Animation 8: Create(VMobject), etc.:  54%|#####4    | 39/72 [00:00<00:00, 39.30it/s]
Animation 8: Create(VMobject), etc.:  61%|######1   | 44/72 [00:01<00:00, 39.60it/s]
Animation 8: Create(VMobject), etc.:  67%|######6   | 48/72 [00:01<00:00, 39.61it/s]
Animation 8: Create(VMobject), etc.:  74%|#######3  | 53/72 [00:01<00:00, 40.48it/s]
Animation 8: Create(VMobject), etc.:  81%|########  | 58/72 [00:01<00:00, 36.05it/s]
Animation 8: Create(VMobject), etc.:  86%|########6 | 62/72 [00:01<00:00, 34.18it/s]
Animation 8: Create(VMobject), etc.:  92%|#########1| 66/72 [00:01<00:00, 34.02it/s]
Animation 8: Create(VMobject), etc.:  97%|#########7| 70/72 [00:01<00:00, 34.04it/s]
[09/08/26 21:23:39] INFO     Animation 8 : Partial     scene_file_writer.py:192
                             movie file written in                             
                             'C:\Users\Nacho\Documents                         
                             \Animaciones\Capitulo                             
                             11\media\videos\s06_perio                         
                             dograma\1080p60\partial_m                         
                             ovie_files\Periodograma\2                         
                             932440949_100023478_35517                         
                             56526.mp4'                                        
[09/08/26 21:23:41] INFO     Animation 9 : Partial     scene_file_writer.py:192
                             movie file written in                             
                             'C:\Users\Nacho\Documents                         
                             \Animaciones\Capitulo                             
                             11\media\videos\s06_perio                         
                             dograma\1080p60\partial_m                         
                             ovie_files\Periodograma\2                         
                             932440949_3880968470_3885                         
                             729043.mp4'                                       
                                                                                    

Animation 10: FadeIn(Text('un solo periodograma es puro ruido')):   0%|          | 0/60 [00:00<?, ?it/s]
Animation 10: FadeIn(Text('un solo periodograma es puro ruido')):   7%|6         | 4/60 [00:00<00:01, 32.28it/s]
Animation 10: FadeIn(Text('un solo periodograma es puro ruido')):  13%|#3        | 8/60 [00:00<00:01, 28.98it/s]
Animation 10: FadeIn(Text('un solo periodograma es puro ruido')):  18%|#8        | 11/60 [00:00<00:01, 26.88it/s]
Animation 10: FadeIn(Text('un solo periodograma es puro ruido')):  23%|##3       | 14/60 [00:00<00:01, 27.01it/s]
Animation 10: FadeIn(Text('un solo periodograma es puro ruido')):  28%|##8       | 17/60 [00:00<00:01, 27.49it/s]
Animation 10: FadeIn(Text('un solo periodograma es puro ruido')):  35%|###5      | 21/60 [00:00<00:01, 28.22it/s]
Animation 10: FadeIn(Text('un solo periodograma es puro ruido')):  40%|####      | 24/60 [00:00<00:01, 27.98it/s]
Animation 10: FadeIn(Text('un solo periodograma es puro ruido')):  45%|####5     | 27/60 [00:00<00:01, 28.37it/s]
Animation 10: FadeIn(Text('un solo periodograma es puro ruido')):  50%|#####     | 30/60 [00:01<00:01, 28.18it/s]
Animation 10: FadeIn(Text('un solo periodograma es puro ruido')):  55%|#####5    | 33/60 [00:01<00:00, 28.09it/s]
Animation 10: FadeIn(Text('un solo periodograma es puro ruido')):  60%|######    | 36/60 [00:01<00:00, 28.40it/s]
Animation 10: FadeIn(Text('un solo periodograma es puro ruido')):  65%|######5   | 39/60 [00:01<00:00, 27.86it/s]
Animation 10: FadeIn(Text('un solo periodograma es puro ruido')):  70%|#######   | 42/60 [00:01<00:00, 27.97it/s]
Animation 10: FadeIn(Text('un solo periodograma es puro ruido')):  75%|#######5  | 45/60 [00:01<00:00, 23.97it/s]
Animation 10: FadeIn(Text('un solo periodograma es puro ruido')):  80%|########  | 48/60 [00:01<00:00, 20.89it/s]
Animation 10: FadeIn(Text('un solo periodograma es puro ruido')):  85%|########5 | 51/60 [00:01<00:00, 20.93it/s]
Animation 10: FadeIn(Text('un solo periodograma es puro ruido')):  90%|######### | 54/60 [00:02<00:00, 21.26it/s]
Animation 10: FadeIn(Text('un solo periodograma es puro ruido')):  95%|#########5| 57/60 [00:02<00:00, 21.79it/s]
Animation 10: FadeIn(Text('un solo periodograma es puro ruido')): 100%|##########| 60/60 [00:02<00:00, 22.26it/s]
[09/08/26 21:23:45] INFO     Animation 10 : Partial    scene_file_writer.py:192
                             movie file written in                             
                             'C:\Users\Nacho\Documents                         
                             \Animaciones\Capitulo                             
                             11\media\videos\s06_perio                         
                             dograma\1080p60\partial_m                         
                             ovie_files\Periodograma\2                         
                             932440949_491685673_99481                         
                             2840.mp4'                                         
[09/08/26 21:23:48] INFO     Animation 11 : Partial    scene_file_writer.py:192
                             movie file written in                             
                             'C:\Users\Nacho\Documents                         
                             \Animaciones\Capitulo                             
                             11\media\videos\s06_perio                         
                             dograma\1080p60\partial_m                         
                             ovie_files\Periodograma\2                         
                             932440949_170846798_19659                         
                             29265.mp4'                                        
                                                                                                                 

Animation 12: FadeOut(Text('un solo periodograma es puro ruido')):   0%|          | 0/60 [00:00<?, ?it/s]
Animation 12: FadeOut(Text('un solo periodograma es puro ruido')):   7%|6         | 4/60 [00:00<00:01, 29.04it/s]
Animation 12: FadeOut(Text('un solo periodograma es puro ruido')):  12%|#1        | 7/60 [00:00<00:01, 28.26it/s]
Animation 12: FadeOut(Text('un solo periodograma es puro ruido')):  17%|#6        | 10/60 [00:00<00:01, 28.17it/s]
Animation 12: FadeOut(Text('un solo periodograma es puro ruido')):  22%|##1       | 13/60 [00:00<00:01, 28.13it/s]
Animation 12: FadeOut(Text('un solo periodograma es puro ruido')):  27%|##6       | 16/60 [00:00<00:01, 27.61it/s]
Animation 12: FadeOut(Text('un solo periodograma es puro ruido')):  32%|###1      | 19/60 [00:00<00:01, 27.42it/s]
Animation 12: FadeOut(Text('un solo periodograma es puro ruido')):  37%|###6      | 22/60 [00:00<00:01, 28.01it/s]
Animation 12: FadeOut(Text('un solo periodograma es puro ruido')):  42%|####1     | 25/60 [00:00<00:01, 28.16it/s]
Animation 12: FadeOut(Text('un solo periodograma es puro ruido')):  47%|####6     | 28/60 [00:00<00:01, 28.21it/s]
Animation 12: FadeOut(Text('un solo periodograma es puro ruido')):  52%|#####1    | 31/60 [00:01<00:01, 27.07it/s]
Animation 12: FadeOut(Text('un solo periodograma es puro ruido')):  57%|#####6    | 34/60 [00:01<00:00, 27.33it/s]
Animation 12: FadeOut(Text('un solo periodograma es puro ruido')):  62%|######1   | 37/60 [00:01<00:00, 27.80it/s]
Animation 12: FadeOut(Text('un solo periodograma es puro ruido')):  67%|######6   | 40/60 [00:01<00:00, 27.55it/s]
Animation 12: FadeOut(Text('un solo periodograma es puro ruido')):  72%|#######1  | 43/60 [00:01<00:00, 26.01it/s]
Animation 12: FadeOut(Text('un solo periodograma es puro ruido')):  77%|#######6  | 46/60 [00:01<00:00, 23.43it/s]
Animation 12: FadeOut(Text('un solo periodograma es puro ruido')):  82%|########1 | 49/60 [00:01<00:00, 20.68it/s]
Animation 12: FadeOut(Text('un solo periodograma es puro ruido')):  87%|########6 | 52/60 [00:02<00:00, 21.26it/s]
Animation 12: FadeOut(Text('un solo periodograma es puro ruido')):  92%|#########1| 55/60 [00:02<00:00, 21.68it/s]
Animation 12: FadeOut(Text('un solo periodograma es puro ruido')):  97%|#########6| 58/60 [00:02<00:00, 22.29it/s]
[09/08/26 21:23:52] INFO     Animation 12 : Partial    scene_file_writer.py:192
                             movie file written in                             
                             'C:\Users\Nacho\Documents                         
                             \Animaciones\Capitulo                             
                             11\media\videos\s06_perio                         
                             dograma\1080p60\partial_m                         
                             ovie_files\Periodograma\2                         
                             932440949_3484382319_3713                         
                             347099.mp4'                                       
                                                                                                                  

Animation 13: Transform(VMobject), etc.:   0%|          | 0/45 [00:00<?, ?it/s]
Animation 13: Transform(VMobject), etc.:  11%|#1        | 5/45 [00:00<00:00, 43.11it/s]
Animation 13: Transform(VMobject), etc.:  22%|##2       | 10/45 [00:00<00:00, 36.75it/s]
Animation 13: Transform(VMobject), etc.:  31%|###1      | 14/45 [00:00<00:00, 36.06it/s]
Animation 13: Transform(VMobject), etc.:  40%|####      | 18/45 [00:00<00:00, 36.38it/s]
Animation 13: Transform(VMobject), etc.:  49%|####8     | 22/45 [00:00<00:00, 36.27it/s]
Animation 13: Transform(VMobject), etc.:  58%|#####7    | 26/45 [00:00<00:00, 37.23it/s]
Animation 13: Transform(VMobject), etc.:  69%|######8   | 31/45 [00:00<00:00, 38.10it/s]
Animation 13: Transform(VMobject), etc.:  78%|#######7  | 35/45 [00:00<00:00, 38.19it/s]
Animation 13: Transform(VMobject), etc.:  87%|########6 | 39/45 [00:01<00:00, 37.60it/s]
Animation 13: Transform(VMobject), etc.:  96%|#########5| 43/45 [00:01<00:00, 37.25it/s]
[09/08/26 21:23:54] INFO     Animation 13 : Partial    scene_file_writer.py:192
                             movie file written in                             
                             'C:\Users\Nacho\Documents                         
                             \Animaciones\Capitulo                             
                             11\media\videos\s06_perio                         
                             dograma\1080p60\partial_m                         
                             ovie_files\Periodograma\2                         
                             932440949_3567592603_1514                         
                             039621.mp4'                                       
                                                                                        

Animation 14: Transform(VMobject), etc.:   0%|          | 0/45 [00:00<?, ?it/s]
Animation 14: Transform(VMobject), etc.:  11%|#1        | 5/45 [00:00<00:00, 44.94it/s]
Animation 14: Transform(VMobject), etc.:  22%|##2       | 10/45 [00:00<00:00, 36.51it/s]
Animation 14: Transform(VMobject), etc.:  31%|###1      | 14/45 [00:00<00:00, 36.97it/s]
Animation 14: Transform(VMobject), etc.:  40%|####      | 18/45 [00:00<00:00, 36.78it/s]
Animation 14: Transform(VMobject), etc.:  49%|####8     | 22/45 [00:00<00:00, 37.43it/s]
Animation 14: Transform(VMobject), etc.:  58%|#####7    | 26/45 [00:00<00:00, 37.84it/s]
Animation 14: Transform(VMobject), etc.:  67%|######6   | 30/45 [00:00<00:00, 37.60it/s]
Animation 14: Transform(VMobject), etc.:  76%|#######5  | 34/45 [00:00<00:00, 37.22it/s]
Animation 14: Transform(VMobject), etc.:  84%|########4 | 38/45 [00:01<00:00, 38.00it/s]
Animation 14: Transform(VMobject), etc.:  93%|#########3| 42/45 [00:01<00:00, 38.12it/s]
[09/08/26 21:23:57] INFO     Animation 14 : Partial    scene_file_writer.py:192
                             movie file written in                             
                             'C:\Users\Nacho\Documents                         
                             \Animaciones\Capitulo                             
                             11\media\videos\s06_perio                         
                             dograma\1080p60\partial_m                         
                             ovie_files\Periodograma\2                         
                             932440949_1569538817_1514                         
                             039621.mp4'                                       
                                                                                        

Animation 15: Transform(VMobject), etc.:   0%|          | 0/45 [00:00<?, ?it/s]
Animation 15: Transform(VMobject), etc.:  11%|#1        | 5/45 [00:00<00:00, 46.60it/s]
Animation 15: Transform(VMobject), etc.:  22%|##2       | 10/45 [00:00<00:00, 37.64it/s]
Animation 15: Transform(VMobject), etc.:  31%|###1      | 14/45 [00:00<00:00, 37.89it/s]
Animation 15: Transform(VMobject), etc.:  40%|####      | 18/45 [00:00<00:00, 37.49it/s]
Animation 15: Transform(VMobject), etc.:  49%|####8     | 22/45 [00:00<00:00, 37.20it/s]
Animation 15: Transform(VMobject), etc.:  58%|#####7    | 26/45 [00:00<00:00, 36.29it/s]
Animation 15: Transform(VMobject), etc.:  67%|######6   | 30/45 [00:00<00:00, 35.58it/s]
Animation 15: Transform(VMobject), etc.:  76%|#######5  | 34/45 [00:00<00:00, 34.87it/s]
Animation 15: Transform(VMobject), etc.:  84%|########4 | 38/45 [00:01<00:00, 35.00it/s]
Animation 15: Transform(VMobject), etc.:  93%|#########3| 42/45 [00:01<00:00, 33.23it/s]
[09/08/26 21:23:59] INFO     Animation 15 : Partial    scene_file_writer.py:192
                             movie file written in                             
                             'C:\Users\Nacho\Documents                         
                             \Animaciones\Capitulo                             
                             11\media\videos\s06_perio                         
                             dograma\1080p60\partial_m                         
                             ovie_files\Periodograma\2                         
                             932440949_3970336768_1514                         
                             039621.mp4'                                       
                                                                                        

Animation 16: Transform(VMobject), etc.:   0%|          | 0/54 [00:00<?, ?it/s]
Animation 16: Transform(VMobject), etc.:   9%|9         | 5/54 [00:00<00:01, 47.12it/s]
Animation 16: Transform(VMobject), etc.:  19%|#8        | 10/54 [00:00<00:01, 38.41it/s]
Animation 16: Transform(VMobject), etc.:  26%|##5       | 14/54 [00:00<00:01, 38.84it/s]
Animation 16: Transform(VMobject), etc.:  35%|###5      | 19/54 [00:00<00:00, 39.50it/s]
Animation 16: Transform(VMobject), etc.:  44%|####4     | 24/54 [00:00<00:00, 40.16it/s]
Animation 16: Transform(VMobject), etc.:  54%|#####3    | 29/54 [00:00<00:00, 40.10it/s]
Animation 16: Transform(VMobject), etc.:  63%|######2   | 34/54 [00:00<00:00, 40.01it/s]
Animation 16: Transform(VMobject), etc.:  72%|#######2  | 39/54 [00:00<00:00, 39.87it/s]
Animation 16: Transform(VMobject), etc.:  81%|########1 | 44/54 [00:01<00:00, 39.36it/s]
Animation 16: Transform(VMobject), etc.:  89%|########8 | 48/54 [00:01<00:00, 36.73it/s]
Animation 16: Transform(VMobject), etc.:  96%|#########6| 52/54 [00:01<00:00, 36.07it/s]
[09/08/26 21:24:02] INFO     Animation 16 : Partial    scene_file_writer.py:192
                             movie file written in                             
                             'C:\Users\Nacho\Documents                         
                             \Animaciones\Capitulo                             
                             11\media\videos\s06_perio                         
                             dograma\1080p60\partial_m                         
                             ovie_files\Periodograma\2                         
                             932440949_1192390251_1514                         
                             039621.mp4'                                       
[09/08/26 21:24:03] INFO     Animation 17 : Partial    scene_file_writer.py:192
                             movie file written in                             
                             'C:\Users\Nacho\Documents                         
                             \Animaciones\Capitulo                             
                             11\media\videos\s06_perio                         
                             dograma\1080p60\partial_m                         
                             ovie_files\Periodograma\2                         
                             932440949_3114361405_4217                         
                             55114.mp4'                                        
                                                                                        

Animation 18: Transform(VMobject), etc.:   0%|          | 0/54 [00:00<?, ?it/s]
Animation 18: Transform(VMobject), etc.:   9%|9         | 5/54 [00:00<00:01, 46.91it/s]
Animation 18: Transform(VMobject), etc.:  19%|#8        | 10/54 [00:00<00:01, 37.63it/s]
Animation 18: Transform(VMobject), etc.:  28%|##7       | 15/54 [00:00<00:01, 38.96it/s]
Animation 18: Transform(VMobject), etc.:  37%|###7      | 20/54 [00:00<00:00, 39.43it/s]
Animation 18: Transform(VMobject), etc.:  44%|####4     | 24/54 [00:00<00:00, 38.37it/s]
Animation 18: Transform(VMobject), etc.:  52%|#####1    | 28/54 [00:00<00:00, 37.87it/s]
Animation 18: Transform(VMobject), etc.:  59%|#####9    | 32/54 [00:00<00:00, 38.05it/s]
Animation 18: Transform(VMobject), etc.:  69%|######8   | 37/54 [00:00<00:00, 38.40it/s]
Animation 18: Transform(VMobject), etc.:  76%|#######5  | 41/54 [00:01<00:00, 37.66it/s]
Animation 18: Transform(VMobject), etc.:  83%|########3 | 45/54 [00:01<00:00, 36.87it/s]
Animation 18: Transform(VMobject), etc.:  91%|######### | 49/54 [00:01<00:00, 36.60it/s]
Animation 18: Transform(VMobject), etc.:  98%|#########8| 53/54 [00:01<00:00, 35.55it/s]
[09/08/26 21:24:06] INFO     Animation 18 : Partial    scene_file_writer.py:192
                             movie file written in                             
                             'C:\Users\Nacho\Documents                         
                             \Animaciones\Capitulo                             
                             11\media\videos\s06_perio                         
                             dograma\1080p60\partial_m                         
                             ovie_files\Periodograma\2                         
                             932440949_1148312558_1977                         
                             394878.mp4'                                       
[09/08/26 21:24:07] INFO     Animation 19 : Partial    scene_file_writer.py:192
                             movie file written in                             
                             'C:\Users\Nacho\Documents                         
                             \Animaciones\Capitulo                             
                             11\media\videos\s06_perio                         
                             dograma\1080p60\partial_m                         
                             ovie_files\Periodograma\2                         
                             932440949_3114361405_3109                         
                             734251.mp4'                                       
                                                                                        

Animation 20: Transform(VMobject), etc.:   0%|          | 0/54 [00:00<?, ?it/s]
Animation 20: Transform(VMobject), etc.:  11%|#1        | 6/54 [00:00<00:00, 52.30it/s]
Animation 20: Transform(VMobject), etc.:  22%|##2       | 12/54 [00:00<00:01, 41.19it/s]
Animation 20: Transform(VMobject), etc.:  31%|###1      | 17/54 [00:00<00:00, 38.30it/s]
Animation 20: Transform(VMobject), etc.:  39%|###8      | 21/54 [00:00<00:00, 38.77it/s]
Animation 20: Transform(VMobject), etc.:  46%|####6     | 25/54 [00:00<00:00, 38.27it/s]
Animation 20: Transform(VMobject), etc.:  56%|#####5    | 30/54 [00:00<00:00, 39.23it/s]
Animation 20: Transform(VMobject), etc.:  63%|######2   | 34/54 [00:00<00:00, 38.38it/s]
Animation 20: Transform(VMobject), etc.:  70%|#######   | 38/54 [00:00<00:00, 38.32it/s]
Animation 20: Transform(VMobject), etc.:  78%|#######7  | 42/54 [00:01<00:00, 37.71it/s]
Animation 20: Transform(VMobject), etc.:  87%|########7 | 47/54 [00:01<00:00, 38.14it/s]
Animation 20: Transform(VMobject), etc.:  96%|#########6| 52/54 [00:01<00:00, 38.30it/s]
[09/08/26 21:24:09] INFO     Animation 20 : Partial    scene_file_writer.py:192
                             movie file written in                             
                             'C:\Users\Nacho\Documents                         
                             \Animaciones\Capitulo                             
                             11\media\videos\s06_perio                         
                             dograma\1080p60\partial_m                         
                             ovie_files\Periodograma\2                         
                             932440949_1218576877_1140                         
                             324050.mp4'                                       
[09/08/26 21:24:10] INFO     Animation 21 : Partial    scene_file_writer.py:192
                             movie file written in                             
                             'C:\Users\Nacho\Documents                         
                             \Animaciones\Capitulo                             
                             11\media\videos\s06_perio                         
                             dograma\1080p60\partial_m                         
                             ovie_files\Periodograma\2                         
                             932440949_3114361405_3595                         
                             267238.mp4'                                       
                                                                                        

Animation 22: Transform(VMobject), etc.:   0%|          | 0/54 [00:00<?, ?it/s]
Animation 22: Transform(VMobject), etc.:   9%|9         | 5/54 [00:00<00:00, 49.32it/s]
Animation 22: Transform(VMobject), etc.:  19%|#8        | 10/54 [00:00<00:01, 42.68it/s]
Animation 22: Transform(VMobject), etc.:  28%|##7       | 15/54 [00:00<00:00, 41.29it/s]
Animation 22: Transform(VMobject), etc.:  37%|###7      | 20/54 [00:00<00:00, 38.87it/s]
Animation 22: Transform(VMobject), etc.:  46%|####6     | 25/54 [00:00<00:00, 40.82it/s]
Animation 22: Transform(VMobject), etc.:  56%|#####5    | 30/54 [00:00<00:00, 40.91it/s]
Animation 22: Transform(VMobject), etc.:  65%|######4   | 35/54 [00:00<00:00, 40.12it/s]
Animation 22: Transform(VMobject), etc.:  74%|#######4  | 40/54 [00:00<00:00, 40.05it/s]
Animation 22: Transform(VMobject), etc.:  83%|########3 | 45/54 [00:01<00:00, 39.82it/s]
Animation 22: Transform(VMobject), etc.:  91%|######### | 49/54 [00:01<00:00, 38.61it/s]
Animation 22: Transform(VMobject), etc.:  98%|#########8| 53/54 [00:01<00:00, 35.82it/s]
[09/08/26 21:24:13] INFO     Animation 22 : Partial    scene_file_writer.py:192
                             movie file written in                             
                             'C:\Users\Nacho\Documents                         
                             \Animaciones\Capitulo                             
                             11\media\videos\s06_perio                         
                             dograma\1080p60\partial_m                         
                             ovie_files\Periodograma\2                         
                             932440949_1955910016_2579                         
                             188427.mp4'                                       
[09/08/26 21:24:14] INFO     Animation 23 : Partial    scene_file_writer.py:192
                             movie file written in                             
                             'C:\Users\Nacho\Documents                         
                             \Animaciones\Capitulo                             
                             11\media\videos\s06_perio                         
                             dograma\1080p60\partial_m                         
                             ovie_files\Periodograma\2                         
                             932440949_3114361405_6457                         
                             94532.mp4'                                        
                                                                                        

Animation 24: Transform(VMobject), etc.:   0%|          | 0/54 [00:00<?, ?it/s]
Animation 24: Transform(VMobject), etc.:  11%|#1        | 6/54 [00:00<00:00, 49.35it/s]
Animation 24: Transform(VMobject), etc.:  20%|##        | 11/54 [00:00<00:01, 39.09it/s]
Animation 24: Transform(VMobject), etc.:  28%|##7       | 15/54 [00:00<00:00, 39.01it/s]
Animation 24: Transform(VMobject), etc.:  35%|###5      | 19/54 [00:00<00:00, 37.45it/s]
Animation 24: Transform(VMobject), etc.:  44%|####4     | 24/54 [00:00<00:00, 38.54it/s]
Animation 24: Transform(VMobject), etc.:  52%|#####1    | 28/54 [00:00<00:00, 38.71it/s]
Animation 24: Transform(VMobject), etc.:  59%|#####9    | 32/54 [00:00<00:00, 39.07it/s]
Animation 24: Transform(VMobject), etc.:  69%|######8   | 37/54 [00:00<00:00, 39.39it/s]
Animation 24: Transform(VMobject), etc.:  76%|#######5  | 41/54 [00:01<00:00, 39.22it/s]
Animation 24: Transform(VMobject), etc.:  83%|########3 | 45/54 [00:01<00:00, 37.05it/s]
Animation 24: Transform(VMobject), etc.:  91%|######### | 49/54 [00:01<00:00, 37.65it/s]
Animation 24: Transform(VMobject), etc.:  98%|#########8| 53/54 [00:01<00:00, 34.91it/s]
[09/08/26 21:24:16] INFO     Animation 24 : Partial    scene_file_writer.py:192
                             movie file written in                             
                             'C:\Users\Nacho\Documents                         
                             \Animaciones\Capitulo                             
                             11\media\videos\s06_perio                         
                             dograma\1080p60\partial_m                         
                             ovie_files\Periodograma\2                         
                             932440949_3276939773_1746                         
                             8739.mp4'                                         
[09/08/26 21:24:17] INFO     Animation 25 : Partial    scene_file_writer.py:192
                             movie file written in                             
                             'C:\Users\Nacho\Documents                         
                             \Animaciones\Capitulo                             
                             11\media\videos\s06_perio                         
                             dograma\1080p60\partial_m                         
                             ovie_files\Periodograma\2                         
                             932440949_3114361405_2107                         
                             994010.mp4'                                       
[09/08/26 21:24:19] INFO     Animation 26 : Partial    scene_file_writer.py:192
                             movie file written in                             
                             'C:\Users\Nacho\Documents                         
                             \Animaciones\Capitulo                             
                             11\media\videos\s06_perio                         
                             dograma\1080p60\partial_m                         
                             ovie_files\Periodograma\2                         
                             932440949_125152860_13264                         
                             96328.mp4'                                        
                                                                                        

Animation 27: FadeIn(Text('promediando, la estimación converge a la PSD real')):   0%|          | 0/60 [00:00<?, ?it/s]
Animation 27: FadeIn(Text('promediando, la estimación converge a la PSD real')):   5%|5         | 3/60 [00:00<00:02, 
26.58it/s]
Animation 27: FadeIn(Text('promediando, la estimación converge a la PSD real')):  10%|#         | 6/60 [00:00<00:02, 
25.63it/s]
Animation 27: FadeIn(Text('promediando, la estimación converge a la PSD real')):  15%|#5        | 9/60 [00:00<00:02, 
25.02it/s]
Animation 27: FadeIn(Text('promediando, la estimación converge a la PSD real')):  20%|##        | 12/60 [00:00<00:01, 
25.22it/s]
Animation 27: FadeIn(Text('promediando, la estimación converge a la PSD real')):  25%|##5       | 15/60 [00:00<00:01, 
25.29it/s]
Animation 27: FadeIn(Text('promediando, la estimación converge a la PSD real')):  30%|###       | 18/60 [00:00<00:01, 
25.14it/s]
Animation 27: FadeIn(Text('promediando, la estimación converge a la PSD real')):  35%|###5      | 21/60 [00:00<00:01, 
25.19it/s]
Animation 27: FadeIn(Text('promediando, la estimación converge a la PSD real')):  40%|####      | 24/60 [00:00<00:01, 
25.26it/s]
Animation 27: FadeIn(Text('promediando, la estimación converge a la PSD real')):  45%|####5     | 27/60 [00:01<00:01, 
25.31it/s]
Animation 27: FadeIn(Text('promediando, la estimación converge a la PSD real')):  50%|#####     | 30/60 [00:01<00:01, 
24.88it/s]
Animation 27: FadeIn(Text('promediando, la estimación converge a la PSD real')):  55%|#####5    | 33/60 [00:01<00:01, 
24.73it/s]
Animation 27: FadeIn(Text('promediando, la estimación converge a la PSD real')):  60%|######    | 36/60 [00:01<00:00, 
24.68it/s]
Animation 27: FadeIn(Text('promediando, la estimación converge a la PSD real')):  65%|######5   | 39/60 [00:01<00:00, 
24.45it/s]
Animation 27: FadeIn(Text('promediando, la estimación converge a la PSD real')):  70%|#######   | 42/60 [00:01<00:00, 
24.70it/s]
Animation 27: FadeIn(Text('promediando, la estimación converge a la PSD real')):  75%|#######5  | 45/60 [00:01<00:00, 
20.26it/s]
Animation 27: FadeIn(Text('promediando, la estimación converge a la PSD real')):  80%|########  | 48/60 [00:02<00:00, 
19.07it/s]
Animation 27: FadeIn(Text('promediando, la estimación converge a la PSD real')):  85%|########5 | 51/60 [00:02<00:00, 
19.80it/s]
Animation 27: FadeIn(Text('promediando, la estimación converge a la PSD real')):  90%|######### | 54/60 [00:02<00:00, 
20.00it/s]
Animation 27: FadeIn(Text('promediando, la estimación converge a la PSD real')):  95%|#########5| 57/60 [00:02<00:00, 
19.92it/s]
Animation 27: FadeIn(Text('promediando, la estimación converge a la PSD real')): 100%|##########| 60/60 [00:02<00:00, 
20.11it/s]
[09/08/26 21:24:24] INFO     Animation 27 : Partial    scene_file_writer.py:192
                             movie file written in                             
                             'C:\Users\Nacho\Documents                         
                             \Animaciones\Capitulo                             
                             11\media\videos\s06_perio                         
                             dograma\1080p60\partial_m                         
                             ovie_files\Periodograma\2                         
                             932440949_4201510654_2378                         
                             176473.mp4'                                       
[09/08/26 21:24:28] INFO     Animation 28 : Partial    scene_file_writer.py:192
                             movie file written in                             
                             'C:\Users\Nacho\Documents                         
                             \Animaciones\Capitulo                             
                             11\media\videos\s06_perio                         
                             dograma\1080p60\partial_m                         
                             ovie_files\Periodograma\2                         
                             932440949_3580093213_4236                         
                             282145.mp4'                                       
                                                                                                                       
         

Animation 29: FadeOut(Text('promediando, la estimación converge a la PSD real')):   0%|          | 0/60 [00:00<?, 
?it/s]
Animation 29: FadeOut(Text('promediando, la estimación converge a la PSD real')):   5%|5         | 3/60 [00:00<00:02, 
24.96it/s]
Animation 29: FadeOut(Text('promediando, la estimación converge a la PSD real')):  10%|#         | 6/60 [00:00<00:02, 
23.86it/s]
Animation 29: FadeOut(Text('promediando, la estimación converge a la PSD real')):  15%|#5        | 9/60 [00:00<00:02, 
24.19it/s]
Animation 29: FadeOut(Text('promediando, la estimación converge a la PSD real')):  20%|##        | 12/60 [00:00<00:02, 
22.30it/s]
Animation 29: FadeOut(Text('promediando, la estimación converge a la PSD real')):  25%|##5       | 15/60 [00:00<00:02, 
22.10it/s]
Animation 29: FadeOut(Text('promediando, la estimación converge a la PSD real')):  30%|###       | 18/60 [00:00<00:01, 
22.93it/s]
Animation 29: FadeOut(Text('promediando, la estimación converge a la PSD real')):  35%|###5      | 21/60 [00:00<00:01, 
23.32it/s]
Animation 29: FadeOut(Text('promediando, la estimación converge a la PSD real')):  40%|####      | 24/60 [00:01<00:01, 
23.50it/s]
Animation 29: FadeOut(Text('promediando, la estimación converge a la PSD real')):  45%|####5     | 27/60 [00:01<00:01, 
22.95it/s]
Animation 29: FadeOut(Text('promediando, la estimación converge a la PSD real')):  50%|#####     | 30/60 [00:01<00:01, 
23.04it/s]
Animation 29: FadeOut(Text('promediando, la estimación converge a la PSD real')):  55%|#####5    | 33/60 [00:01<00:01, 
22.90it/s]
Animation 29: FadeOut(Text('promediando, la estimación converge a la PSD real')):  60%|######    | 36/60 [00:01<00:01, 
23.18it/s]
Animation 29: FadeOut(Text('promediando, la estimación converge a la PSD real')):  65%|######5   | 39/60 [00:01<00:00, 
23.72it/s]
Animation 29: FadeOut(Text('promediando, la estimación converge a la PSD real')):  70%|#######   | 42/60 [00:01<00:00, 
23.86it/s]
Animation 29: FadeOut(Text('promediando, la estimación converge a la PSD real')):  75%|#######5  | 45/60 [00:02<00:00, 
19.53it/s]
Animation 29: FadeOut(Text('promediando, la estimación converge a la PSD real')):  80%|########  | 48/60 [00:02<00:00, 
18.81it/s]
Animation 29: FadeOut(Text('promediando, la estimación converge a la PSD real')):  85%|########5 | 51/60 [00:02<00:00, 
19.38it/s]
Animation 29: FadeOut(Text('promediando, la estimación converge a la PSD real')):  90%|######### | 54/60 [00:02<00:00, 
19.40it/s]
Animation 29: FadeOut(Text('promediando, la estimación converge a la PSD real')):  93%|#########3| 56/60 [00:02<00:00, 
19.19it/s]
Animation 29: FadeOut(Text('promediando, la estimación converge a la PSD real')):  97%|#########6| 58/60 [00:02<00:00, 
19.20it/s]
[09/08/26 21:24:32] INFO     Animation 29 : Partial    scene_file_writer.py:192
                             movie file written in                             
                             'C:\Users\Nacho\Documents                         
                             \Animaciones\Capitulo                             
                             11\media\videos\s06_perio                         
                             dograma\1080p60\partial_m                         
                             ovie_files\Periodograma\2                         
                             932440949_451078698_20425                         
                             17268.mp4'                                        
                                                                                                                       
          

Animation 30: Write(MathTex('\\text{varianza del estimador}\\;\\propto\\;\\frac{1}{M}')):   0%|          | 0/120 
[00:00<?, ?it/s]
Animation 30: Write(MathTex('\\text{varianza del estimador}\\;\\propto\\;\\frac{1}{M}')):   4%|4         | 5/120 
[00:00<00:02, 39.80it/s]
Animation 30: Write(MathTex('\\text{varianza del estimador}\\;\\propto\\;\\frac{1}{M}')):   8%|7         | 9/120 
[00:00<00:02, 38.09it/s]
Animation 30: Write(MathTex('\\text{varianza del estimador}\\;\\propto\\;\\frac{1}{M}')):  11%|#         | 13/120 
[00:00<00:03, 33.30it/s]
Animation 30: Write(MathTex('\\text{varianza del estimador}\\;\\propto\\;\\frac{1}{M}')):  14%|#4        | 17/120 
[00:00<00:03, 30.88it/s]
Animation 30: Write(MathTex('\\text{varianza del estimador}\\;\\propto\\;\\frac{1}{M}')):  18%|#7        | 21/120 
[00:00<00:03, 30.23it/s]
Animation 30: Write(MathTex('\\text{varianza del estimador}\\;\\propto\\;\\frac{1}{M}')):  21%|##        | 25/120 
[00:00<00:03, 30.46it/s]
Animation 30: Write(MathTex('\\text{varianza del estimador}\\;\\propto\\;\\frac{1}{M}')):  24%|##4       | 29/120 
[00:00<00:02, 30.43it/s]
Animation 30: Write(MathTex('\\text{varianza del estimador}\\;\\propto\\;\\frac{1}{M}')):  28%|##7       | 33/120 
[00:01<00:02, 31.12it/s]
Animation 30: Write(MathTex('\\text{varianza del estimador}\\;\\propto\\;\\frac{1}{M}')):  31%|###       | 37/120 
[00:01<00:02, 31.41it/s]
Animation 30: Write(MathTex('\\text{varianza del estimador}\\;\\propto\\;\\frac{1}{M}')):  34%|###4      | 41/120 
[00:01<00:02, 31.31it/s]
Animation 30: Write(MathTex('\\text{varianza del estimador}\\;\\propto\\;\\frac{1}{M}')):  38%|###7      | 45/120 
[00:01<00:02, 25.89it/s]
Animation 30: Write(MathTex('\\text{varianza del estimador}\\;\\propto\\;\\frac{1}{M}')):  40%|####      | 48/120 
[00:01<00:03, 23.49it/s]
Animation 30: Write(MathTex('\\text{varianza del estimador}\\;\\propto\\;\\frac{1}{M}')):  42%|####2     | 51/120 
[00:01<00:03, 22.10it/s]
Animation 30: Write(MathTex('\\text{varianza del estimador}\\;\\propto\\;\\frac{1}{M}')):  45%|####5     | 54/120 
[00:01<00:03, 21.30it/s]
Animation 30: Write(MathTex('\\text{varianza del estimador}\\;\\propto\\;\\frac{1}{M}')):  48%|####7     | 57/120 
[00:02<00:03, 20.97it/s]
Animation 30: Write(MathTex('\\text{varianza del estimador}\\;\\propto\\;\\frac{1}{M}')):  50%|#####     | 60/120 
[00:02<00:02, 21.87it/s]
Animation 30: Write(MathTex('\\text{varianza del estimador}\\;\\propto\\;\\frac{1}{M}')):  52%|#####2    | 63/120 
[00:02<00:02, 22.67it/s]
Animation 30: Write(MathTex('\\text{varianza del estimador}\\;\\propto\\;\\frac{1}{M}')):  55%|#####5    | 66/120 
[00:02<00:02, 23.25it/s]
Animation 30: Write(MathTex('\\text{varianza del estimador}\\;\\propto\\;\\frac{1}{M}')):  57%|#####7    | 69/120 
[00:02<00:02, 23.67it/s]
Animation 30: Write(MathTex('\\text{varianza del estimador}\\;\\propto\\;\\frac{1}{M}')):  60%|######    | 72/120 
[00:02<00:01, 24.13it/s]
Animation 30: Write(MathTex('\\text{varianza del estimador}\\;\\propto\\;\\frac{1}{M}')):  62%|######2   | 75/120 
[00:02<00:01, 23.56it/s]
Animation 30: Write(MathTex('\\text{varianza del estimador}\\;\\propto\\;\\frac{1}{M}')):  65%|######5   | 78/120 
[00:03<00:01, 23.25it/s]
Animation 30: Write(MathTex('\\text{varianza del estimador}\\;\\propto\\;\\frac{1}{M}')):  68%|######7   | 81/120 
[00:03<00:01, 21.68it/s]
Animation 30: Write(MathTex('\\text{varianza del estimador}\\;\\propto\\;\\frac{1}{M}')):  70%|#######   | 84/120 
[00:03<00:01, 21.35it/s]
Animation 30: Write(MathTex('\\text{varianza del estimador}\\;\\propto\\;\\frac{1}{M}')):  72%|#######2  | 87/120 
[00:03<00:01, 21.66it/s]
Animation 30: Write(MathTex('\\text{varianza del estimador}\\;\\propto\\;\\frac{1}{M}')):  75%|#######5  | 90/120 
[00:03<00:01, 21.82it/s]
Animation 30: Write(MathTex('\\text{varianza del estimador}\\;\\propto\\;\\frac{1}{M}')):  78%|#######7  | 93/120 
[00:03<00:01, 21.67it/s]
Animation 30: Write(MathTex('\\text{varianza del estimador}\\;\\propto\\;\\frac{1}{M}')):  80%|########  | 96/120 
[00:03<00:01, 22.50it/s]
Animation 30: Write(MathTex('\\text{varianza del estimador}\\;\\propto\\;\\frac{1}{M}')):  82%|########2 | 99/120 
[00:03<00:00, 22.32it/s]
Animation 30: Write(MathTex('\\text{varianza del estimador}\\;\\propto\\;\\frac{1}{M}')):  85%|########5 | 102/120 
[00:04<00:00, 22.40it/s]
Animation 30: Write(MathTex('\\text{varianza del estimador}\\;\\propto\\;\\frac{1}{M}')):  88%|########7 | 105/120 
[00:04<00:00, 23.34it/s]
Animation 30: Write(MathTex('\\text{varianza del estimador}\\;\\propto\\;\\frac{1}{M}')):  90%|######### | 108/120 
[00:04<00:00, 24.23it/s]
Animation 30: Write(MathTex('\\text{varianza del estimador}\\;\\propto\\;\\frac{1}{M}')):  92%|#########2| 111/120 
[00:04<00:00, 24.53it/s]
Animation 30: Write(MathTex('\\text{varianza del estimador}\\;\\propto\\;\\frac{1}{M}')):  95%|#########5| 114/120 
[00:04<00:00, 24.34it/s]
Animation 30: Write(MathTex('\\text{varianza del estimador}\\;\\propto\\;\\frac{1}{M}')):  98%|#########7| 117/120 
[00:04<00:00, 25.23it/s]
Animation 30: Write(MathTex('\\text{varianza del estimador}\\;\\propto\\;\\frac{1}{M}')): 100%|##########| 120/120 
[00:04<00:00, 25.25it/s]
[09/08/26 21:24:39] INFO     Animation 30 : Partial    scene_file_writer.py:192
                             movie file written in                             
                             'C:\Users\Nacho\Documents                         
                             \Animaciones\Capitulo                             
                             11\media\videos\s06_perio                         
                             dograma\1080p60\partial_m                         
                             ovie_files\Periodograma\2                         
                             932440949_413919166_20830                         
                             45153.mp4'                                        
[09/08/26 21:24:43] INFO     Animation 31 : Partial    scene_file_writer.py:192
                             movie file written in                             
                             'C:\Users\Nacho\Documents                         
                             \Animaciones\Capitulo                             
                             11\media\videos\s06_perio                         
                             dograma\1080p60\partial_m                         
                             ovie_files\Periodograma\2                         
                             932440949_3580093213_3724                         
                             525398.mp4'                                       
                                                                                                                       
                    

Animation 32: FadeOut(VGroup of 8 submobjects):   0%|          | 0/60 [00:00<?, ?it/s]
Animation 32: FadeOut(VGroup of 8 submobjects):   3%|3         | 2/60 [00:00<00:03, 16.17it/s]
Animation 32: FadeOut(VGroup of 8 submobjects):   7%|6         | 4/60 [00:00<00:03, 16.51it/s]
Animation 32: FadeOut(VGroup of 8 submobjects):  10%|#         | 6/60 [00:00<00:03, 16.81it/s]
Animation 32: FadeOut(VGroup of 8 submobjects):  13%|#3        | 8/60 [00:00<00:03, 16.63it/s]
Animation 32: FadeOut(VGroup of 8 submobjects):  17%|#6        | 10/60 [00:00<00:02, 16.91it/s]
Animation 32: FadeOut(VGroup of 8 submobjects):  20%|##        | 12/60 [00:00<00:02, 17.08it/s]
Animation 32: FadeOut(VGroup of 8 submobjects):  23%|##3       | 14/60 [00:00<00:02, 17.24it/s]
Animation 32: FadeOut(VGroup of 8 submobjects):  27%|##6       | 16/60 [00:00<00:02, 16.79it/s]
Animation 32: FadeOut(VGroup of 8 submobjects):  30%|###       | 18/60 [00:01<00:02, 16.95it/s]
Animation 32: FadeOut(VGroup of 8 submobjects):  33%|###3      | 20/60 [00:01<00:02, 16.91it/s]
Animation 32: FadeOut(VGroup of 8 submobjects):  37%|###6      | 22/60 [00:01<00:02, 17.01it/s]
Animation 32: FadeOut(VGroup of 8 submobjects):  40%|####      | 24/60 [00:01<00:02, 16.88it/s]
Animation 32: FadeOut(VGroup of 8 submobjects):  43%|####3     | 26/60 [00:01<00:02, 16.96it/s]
Animation 32: FadeOut(VGroup of 8 submobjects):  47%|####6     | 28/60 [00:01<00:01, 17.00it/s]
Animation 32: FadeOut(VGroup of 8 submobjects):  50%|#####     | 30/60 [00:01<00:01, 17.04it/s]
Animation 32: FadeOut(VGroup of 8 submobjects):  53%|#####3    | 32/60 [00:01<00:01, 17.01it/s]
Animation 32: FadeOut(VGroup of 8 submobjects):  57%|#####6    | 34/60 [00:02<00:01, 17.01it/s]
Animation 32: FadeOut(VGroup of 8 submobjects):  60%|######    | 36/60 [00:02<00:01, 17.20it/s]
Animation 32: FadeOut(VGroup of 8 submobjects):  63%|######3   | 38/60 [00:02<00:01, 17.23it/s]
Animation 32: FadeOut(VGroup of 8 submobjects):  67%|######6   | 40/60 [00:02<00:01, 17.30it/s]
Animation 32: FadeOut(VGroup of 8 submobjects):  70%|#######   | 42/60 [00:02<00:01, 17.47it/s]
Animation 32: FadeOut(VGroup of 8 submobjects):  73%|#######3  | 44/60 [00:02<00:01, 14.35it/s]
Animation 32: FadeOut(VGroup of 8 submobjects):  77%|#######6  | 46/60 [00:02<00:01, 13.34it/s]
Animation 32: FadeOut(VGroup of 8 submobjects):  80%|########  | 48/60 [00:02<00:00, 13.72it/s]
Animation 32: FadeOut(VGroup of 8 submobjects):  83%|########3 | 50/60 [00:03<00:00, 14.20it/s]
Animation 32: FadeOut(VGroup of 8 submobjects):  87%|########6 | 52/60 [00:03<00:00, 14.26it/s]
Animation 32: FadeOut(VGroup of 8 submobjects):  90%|######### | 54/60 [00:03<00:00, 14.70it/s]
Animation 32: FadeOut(VGroup of 8 submobjects):  93%|#########3| 56/60 [00:03<00:00, 14.73it/s]
Animation 32: FadeOut(VGroup of 8 submobjects):  97%|#########6| 58/60 [00:03<00:00, 14.67it/s]
Animation 32: FadeOut(VGroup of 8 submobjects): 100%|##########| 60/60 [00:03<00:00, 15.23it/s]
[09/08/26 21:24:48] INFO     Animation 32 : Partial    scene_file_writer.py:192
                             movie file written in                             
                             'C:\Users\Nacho\Documents                         
                             \Animaciones\Capitulo                             
                             11\media\videos\s06_perio                         
                             dograma\1080p60\partial_m                         
                             ovie_files\Periodograma\2                         
                             932440949_2665936655_3789                         
                             916148.mp4'                                       
                                                                                               

Animation 33: FadeIn(Text('Más ventanas  →  menos varianza')):   0%|          | 0/60 [00:00<?, ?it/s]
Animation 33: FadeIn(Text('Más ventanas  →  menos varianza')):   5%|5         | 3/60 [00:00<00:02, 28.29it/s]
Animation 33: FadeIn(Text('Más ventanas  →  menos varianza')):  10%|#         | 6/60 [00:00<00:02, 23.04it/s]
Animation 33: FadeIn(Text('Más ventanas  →  menos varianza')):  15%|#5        | 9/60 [00:00<00:02, 24.68it/s]
Animation 33: FadeIn(Text('Más ventanas  →  menos varianza')):  20%|##        | 12/60 [00:00<00:01, 25.90it/s]
Animation 33: FadeIn(Text('Más ventanas  →  menos varianza')):  25%|##5       | 15/60 [00:00<00:01, 25.00it/s]
Animation 33: FadeIn(Text('Más ventanas  →  menos varianza')):  30%|###       | 18/60 [00:00<00:01, 26.01it/s]
Animation 33: FadeIn(Text('Más ventanas  →  menos varianza')):  35%|###5      | 21/60 [00:00<00:01, 27.00it/s]
Animation 33: FadeIn(Text('Más ventanas  →  menos varianza')):  40%|####      | 24/60 [00:00<00:01, 27.46it/s]
Animation 33: FadeIn(Text('Más ventanas  →  menos varianza')):  45%|####5     | 27/60 [00:01<00:01, 27.62it/s]
Animation 33: FadeIn(Text('Más ventanas  →  menos varianza')):  50%|#####     | 30/60 [00:01<00:01, 27.71it/s]
Animation 33: FadeIn(Text('Más ventanas  →  menos varianza')):  55%|#####5    | 33/60 [00:01<00:00, 27.25it/s]
Animation 33: FadeIn(Text('Más ventanas  →  menos varianza')):  60%|######    | 36/60 [00:01<00:00, 27.99it/s]
Animation 33: FadeIn(Text('Más ventanas  →  menos varianza')):  65%|######5   | 39/60 [00:01<00:00, 28.12it/s]
Animation 33: FadeIn(Text('Más ventanas  →  menos varianza')):  70%|#######   | 42/60 [00:01<00:00, 28.49it/s]
Animation 33: FadeIn(Text('Más ventanas  →  menos varianza')):  75%|#######5  | 45/60 [00:01<00:00, 24.99it/s]
Animation 33: FadeIn(Text('Más ventanas  →  menos varianza')):  80%|########  | 48/60 [00:01<00:00, 22.29it/s]
Animation 33: FadeIn(Text('Más ventanas  →  menos varianza')):  85%|########5 | 51/60 [00:02<00:00, 21.82it/s]
Animation 33: FadeIn(Text('Más ventanas  →  menos varianza')):  90%|######### | 54/60 [00:02<00:00, 21.66it/s]
Animation 33: FadeIn(Text('Más ventanas  →  menos varianza')):  95%|#########5| 57/60 [00:02<00:00, 22.02it/s]
Animation 33: FadeIn(Text('Más ventanas  →  menos varianza')): 100%|##########| 60/60 [00:02<00:00, 22.88it/s]
[09/08/26 21:24:53] INFO     Animation 33 : Partial    scene_file_writer.py:192
                             movie file written in                             
                             'C:\Users\Nacho\Documents                         
                             \Animaciones\Capitulo                             
                             11\media\videos\s06_perio                         
                             dograma\1080p60\partial_m                         
                             ovie_files\Periodograma\2                         
                             932440949_1952883676_4214                         
                             934354.mp4'                                       
                                                                                                              

Animation 34: FadeIn(Text('Ventanas más largas  →  mejor resolución')):   0%|          | 0/60 [00:00<?, ?it/s]
Animation 34: FadeIn(Text('Ventanas más largas  →  mejor resolución')):   7%|6         | 4/60 [00:00<00:01, 29.36it/s]
Animation 34: FadeIn(Text('Ventanas más largas  →  mejor resolución')):  12%|#1        | 7/60 [00:00<00:01, 27.97it/s]
Animation 34: FadeIn(Text('Ventanas más largas  →  mejor resolución')):  17%|#6        | 10/60 [00:00<00:01, 27.25it/s]
Animation 34: FadeIn(Text('Ventanas más largas  →  mejor resolución')):  22%|##1       | 13/60 [00:00<00:01, 27.49it/s]
Animation 34: FadeIn(Text('Ventanas más largas  →  mejor resolución')):  27%|##6       | 16/60 [00:00<00:01, 27.58it/s]
Animation 34: FadeIn(Text('Ventanas más largas  →  mejor resolución')):  32%|###1      | 19/60 [00:00<00:01, 26.26it/s]
Animation 34: FadeIn(Text('Ventanas más largas  →  mejor resolución')):  37%|###6      | 22/60 [00:00<00:01, 25.81it/s]
Animation 34: FadeIn(Text('Ventanas más largas  →  mejor resolución')):  42%|####1     | 25/60 [00:00<00:01, 26.13it/s]
Animation 34: FadeIn(Text('Ventanas más largas  →  mejor resolución')):  47%|####6     | 28/60 [00:01<00:01, 26.36it/s]
Animation 34: FadeIn(Text('Ventanas más largas  →  mejor resolución')):  52%|#####1    | 31/60 [00:01<00:01, 26.54it/s]
Animation 34: FadeIn(Text('Ventanas más largas  →  mejor resolución')):  57%|#####6    | 34/60 [00:01<00:00, 26.49it/s]
Animation 34: FadeIn(Text('Ventanas más largas  →  mejor resolución')):  62%|######1   | 37/60 [00:01<00:00, 26.88it/s]
Animation 34: FadeIn(Text('Ventanas más largas  →  mejor resolución')):  67%|######6   | 40/60 [00:01<00:00, 26.57it/s]
Animation 34: FadeIn(Text('Ventanas más largas  →  mejor resolución')):  72%|#######1  | 43/60 [00:01<00:00, 24.74it/s]
Animation 34: FadeIn(Text('Ventanas más largas  →  mejor resolución')):  77%|#######6  | 46/60 [00:01<00:00, 20.00it/s]
Animation 34: FadeIn(Text('Ventanas más largas  →  mejor resolución')):  82%|########1 | 49/60 [00:01<00:00, 20.41it/s]
Animation 34: FadeIn(Text('Ventanas más largas  →  mejor resolución')):  87%|########6 | 52/60 [00:02<00:00, 20.94it/s]
Animation 34: FadeIn(Text('Ventanas más largas  →  mejor resolución')):  92%|#########1| 55/60 [00:02<00:00, 22.03it/s]
Animation 34: FadeIn(Text('Ventanas más largas  →  mejor resolución')):  97%|#########6| 58/60 [00:02<00:00, 22.34it/s]
[09/08/26 21:24:56] INFO     Animation 34 : Partial    scene_file_writer.py:192
                             movie file written in                             
                             'C:\Users\Nacho\Documents                         
                             \Animaciones\Capitulo                             
                             11\media\videos\s06_perio                         
                             dograma\1080p60\partial_m                         
                             ovie_files\Periodograma\2                         
                             932440949_4156881550_3728                         
                             796152.mp4'                                       
[09/08/26 21:24:57] INFO     Animation 35 : Partial    scene_file_writer.py:192
                             movie file written in                             
                             'C:\Users\Nacho\Documents                         
                             \Animaciones\Capitulo                             
                             11\media\videos\s06_perio                         
                             dograma\1080p60\partial_m                         
                             ovie_files\Periodograma\2                         
                             932440949_241228271_38846                         
                             18114.mp4'                                        
                                                                                                                       

Animation 36: FadeIn(Text('pero con un registro fijo no se pueden las dos cosas…')):   0%|          | 0/60 [00:00<?, 
?it/s]
Animation 36: FadeIn(Text('pero con un registro fijo no se pueden las dos cosas…')):   5%|5         | 3/60 
[00:00<00:01, 28.59it/s]
Animation 36: FadeIn(Text('pero con un registro fijo no se pueden las dos cosas…')):  10%|#         | 6/60 
[00:00<00:02, 26.03it/s]
Animation 36: FadeIn(Text('pero con un registro fijo no se pueden las dos cosas…')):  15%|#5        | 9/60 
[00:00<00:02, 22.91it/s]
Animation 36: FadeIn(Text('pero con un registro fijo no se pueden las dos cosas…')):  20%|##        | 12/60 
[00:00<00:02, 22.38it/s]
Animation 36: FadeIn(Text('pero con un registro fijo no se pueden las dos cosas…')):  25%|##5       | 15/60 
[00:00<00:02, 21.19it/s]
Animation 36: FadeIn(Text('pero con un registro fijo no se pueden las dos cosas…')):  30%|###       | 18/60 
[00:00<00:02, 20.27it/s]
Animation 36: FadeIn(Text('pero con un registro fijo no se pueden las dos cosas…')):  35%|###5      | 21/60 
[00:00<00:01, 20.70it/s]
Animation 36: FadeIn(Text('pero con un registro fijo no se pueden las dos cosas…')):  40%|####      | 24/60 
[00:01<00:01, 20.09it/s]
Animation 36: FadeIn(Text('pero con un registro fijo no se pueden las dos cosas…')):  45%|####5     | 27/60 
[00:01<00:01, 19.03it/s]
Animation 36: FadeIn(Text('pero con un registro fijo no se pueden las dos cosas…')):  48%|####8     | 29/60 
[00:01<00:01, 18.22it/s]
Animation 36: FadeIn(Text('pero con un registro fijo no se pueden las dos cosas…')):  52%|#####1    | 31/60 
[00:01<00:01, 18.07it/s]
Animation 36: FadeIn(Text('pero con un registro fijo no se pueden las dos cosas…')):  55%|#####5    | 33/60 
[00:01<00:01, 17.12it/s]
Animation 36: FadeIn(Text('pero con un registro fijo no se pueden las dos cosas…')):  58%|#####8    | 35/60 
[00:01<00:01, 15.93it/s]
Animation 36: FadeIn(Text('pero con un registro fijo no se pueden las dos cosas…')):  62%|######1   | 37/60 
[00:01<00:01, 16.40it/s]
Animation 36: FadeIn(Text('pero con un registro fijo no se pueden las dos cosas…')):  65%|######5   | 39/60 
[00:02<00:01, 16.54it/s]
Animation 36: FadeIn(Text('pero con un registro fijo no se pueden las dos cosas…')):  68%|######8   | 41/60 
[00:02<00:01, 16.88it/s]
Animation 36: FadeIn(Text('pero con un registro fijo no se pueden las dos cosas…')):  72%|#######1  | 43/60 
[00:02<00:01, 16.09it/s]
Animation 36: FadeIn(Text('pero con un registro fijo no se pueden las dos cosas…')):  75%|#######5  | 45/60 
[00:02<00:01, 14.38it/s]
Animation 36: FadeIn(Text('pero con un registro fijo no se pueden las dos cosas…')):  78%|#######8  | 47/60 
[00:02<00:00, 14.18it/s]
Animation 36: FadeIn(Text('pero con un registro fijo no se pueden las dos cosas…')):  82%|########1 | 49/60 
[00:02<00:00, 14.84it/s]
Animation 36: FadeIn(Text('pero con un registro fijo no se pueden las dos cosas…')):  85%|########5 | 51/60 
[00:02<00:00, 15.69it/s]
Animation 36: FadeIn(Text('pero con un registro fijo no se pueden las dos cosas…')):  88%|########8 | 53/60 
[00:02<00:00, 16.30it/s]
Animation 36: FadeIn(Text('pero con un registro fijo no se pueden las dos cosas…')):  92%|#########1| 55/60 
[00:03<00:00, 16.84it/s]
Animation 36: FadeIn(Text('pero con un registro fijo no se pueden las dos cosas…')):  95%|#########5| 57/60 
[00:03<00:00, 16.65it/s]
Animation 36: FadeIn(Text('pero con un registro fijo no se pueden las dos cosas…')):  98%|#########8| 59/60 
[00:03<00:00, 17.39it/s]
[09/08/26 21:25:02] INFO     Animation 36 : Partial    scene_file_writer.py:192
                             movie file written in                             
                             'C:\Users\Nacho\Documents                         
                             \Animaciones\Capitulo                             
                             11\media\videos\s06_perio                         
                             dograma\1080p60\partial_m                         
                             ovie_files\Periodograma\2                         
                             932440949_1514835447_3092                         
                             339014.mp4'                                       
[09/08/26 21:25:07] INFO     Animation 37 : Partial    scene_file_writer.py:192
                             movie file written in                             
                             'C:\Users\Nacho\Documents                         
                             \Animaciones\Capitulo                             
                             11\media\videos\s06_perio                         
                             dograma\1080p60\partial_m                         
                             ovie_files\Periodograma\2                         
                             932440949_499328632_11261                         
                             74605.mp4'                                        
                                                                                                                       
             

Animation 38: FadeOut(VGroup of 2 submobjects):   0%|          | 0/60 [00:00<?, ?it/s]
Animation 38: FadeOut(VGroup of 2 submobjects):   3%|3         | 2/60 [00:00<00:05, 10.20it/s]
Animation 38: FadeOut(VGroup of 2 submobjects):   7%|6         | 4/60 [00:00<00:05, 10.69it/s]
Animation 38: FadeOut(VGroup of 2 submobjects):  10%|#         | 6/60 [00:00<00:05, 10.69it/s]
Animation 38: FadeOut(VGroup of 2 submobjects):  13%|#3        | 8/60 [00:00<00:04, 10.62it/s]
Animation 38: FadeOut(VGroup of 2 submobjects):  17%|#6        | 10/60 [00:00<00:04, 10.76it/s]
Animation 38: FadeOut(VGroup of 2 submobjects):  20%|##        | 12/60 [00:01<00:04, 10.82it/s]
Animation 38: FadeOut(VGroup of 2 submobjects):  23%|##3       | 14/60 [00:01<00:04, 10.77it/s]
Animation 38: FadeOut(VGroup of 2 submobjects):  27%|##6       | 16/60 [00:01<00:04, 10.86it/s]
Animation 38: FadeOut(VGroup of 2 submobjects):  30%|###       | 18/60 [00:01<00:03, 11.02it/s]
Animation 38: FadeOut(VGroup of 2 submobjects):  33%|###3      | 20/60 [00:01<00:03, 11.19it/s]
Animation 38: FadeOut(VGroup of 2 submobjects):  37%|###6      | 22/60 [00:02<00:03, 11.27it/s]
Animation 38: FadeOut(VGroup of 2 submobjects):  40%|####      | 24/60 [00:02<00:03, 11.31it/s]
Animation 38: FadeOut(VGroup of 2 submobjects):  43%|####3     | 26/60 [00:02<00:03, 11.33it/s]
Animation 38: FadeOut(VGroup of 2 submobjects):  47%|####6     | 28/60 [00:02<00:03, 10.46it/s]
Animation 38: FadeOut(VGroup of 2 submobjects):  50%|#####     | 30/60 [00:02<00:02, 10.40it/s]
Animation 38: FadeOut(VGroup of 2 submobjects):  53%|#####3    | 32/60 [00:02<00:02, 10.67it/s]
Animation 38: FadeOut(VGroup of 2 submobjects):  57%|#####6    | 34/60 [00:03<00:02, 10.91it/s]
Animation 38: FadeOut(VGroup of 2 submobjects):  60%|######    | 36/60 [00:03<00:02, 11.18it/s]
Animation 38: FadeOut(VGroup of 2 submobjects):  63%|######3   | 38/60 [00:03<00:01, 11.44it/s]
Animation 38: FadeOut(VGroup of 2 submobjects):  67%|######6   | 40/60 [00:03<00:01, 11.50it/s]
Animation 38: FadeOut(VGroup of 2 submobjects):  70%|#######   | 42/60 [00:03<00:01, 11.51it/s]
Animation 38: FadeOut(VGroup of 2 submobjects):  73%|#######3  | 44/60 [00:04<00:01, 10.00it/s]
Animation 38: FadeOut(VGroup of 2 submobjects):  77%|#######6  | 46/60 [00:04<00:01,  9.60it/s]
Animation 38: FadeOut(VGroup of 2 submobjects):  80%|########  | 48/60 [00:04<00:01,  9.84it/s]
Animation 38: FadeOut(VGroup of 2 submobjects):  83%|########3 | 50/60 [00:04<00:00, 10.08it/s]
Animation 38: FadeOut(VGroup of 2 submobjects):  87%|########6 | 52/60 [00:04<00:00, 10.14it/s]
Animation 38: FadeOut(VGroup of 2 submobjects):  90%|######### | 54/60 [00:05<00:00, 10.49it/s]
Animation 38: FadeOut(VGroup of 2 submobjects):  93%|#########3| 56/60 [00:05<00:00, 10.42it/s]
Animation 38: FadeOut(VGroup of 2 submobjects):  97%|#########6| 58/60 [00:05<00:00, 10.44it/s]
Animation 38: FadeOut(VGroup of 2 submobjects): 100%|##########| 60/60 [00:05<00:00, 11.02it/s]
[09/08/26 21:25:16] INFO     Animation 38 : Partial    scene_file_writer.py:192
                             movie file written in                             
                             'C:\Users\Nacho\Documents                         
                             \Animaciones\Capitulo                             
                             11\media\videos\s06_perio                         
                             dograma\1080p60\partial_m                         
                             ovie_files\Periodograma\2                         
                             932440949_1890755471_2268                         
                             143980.mp4'                                       
                    INFO     Animation 39 : Partial    scene_file_writer.py:192
                             movie file written in                             
                             'C:\Users\Nacho\Documents                         
                             \Animaciones\Capitulo                             
                             11\media\videos\s06_perio                         
                             dograma\1080p60\partial_m                         
                             ovie_files\Periodograma\2                         
                             932440949_4235033027_1678                         
                             10572.mp4'                                        
                    INFO     Combining to Movie file.  scene_file_writer.py:952
[09/08/26 21:25:17] INFO                              scene_file_writer.py:1103
                             File ready at                                     
                             'C:\Users\Nacho\Document                          
                             s\Animaciones\Capitulo                            
                             11\media\videos\s06_peri                          
                             odograma\1080p60\Periodo                          
                             grama.mp4'                                        
                                                                               
                    INFO     Rendered Periodograma                 scene.py:290
                             Played 40 animations                              
                                                                                               
Manim Community v0.21.0

manim.exe : 
En C:\Users\Nacho\Documents\Animaciones\Capitulo 11\render.ps1: 49 Carácter: 9
+         & manim "-$Calidad" $e.archivo $e.escena *>> $log
+         ~~~~~~~~~~~~~~~~~~~~~~~~~~~~~~~~~~~~~~~~~~~~~~~~~
    + CategoryInfo          : NotSpecified: (:String) [], RemoteException
    + FullyQualifiedErrorId : NativeCommandError
 
Animation 0: FadeIn(Text('Resolución contra varianza: no se puede todo')):   0%|          | 0/60 [00:00<?, ?it/s]
Animation 0: FadeIn(Text('Resolución contra varianza: no se puede todo')):   5%|5         | 3/60 [00:00<00:02, 
25.10it/s]
Animation 0: FadeIn(Text('Resolución contra varianza: no se puede todo')):  10%|#         | 6/60 [00:00<00:02, 
24.17it/s]
Animation 0: FadeIn(Text('Resolución contra varianza: no se puede todo')):  15%|#5        | 9/60 [00:00<00:02, 
23.84it/s]
Animation 0: FadeIn(Text('Resolución contra varianza: no se puede todo')):  20%|##        | 12/60 [00:00<00:01, 
24.26it/s]
Animation 0: FadeIn(Text('Resolución contra varianza: no se puede todo')):  25%|##5       | 15/60 [00:00<00:01, 
23.86it/s]
Animation 0: FadeIn(Text('Resolución contra varianza: no se puede todo')):  30%|###       | 18/60 [00:00<00:01, 
23.58it/s]
Animation 0: FadeIn(Text('Resolución contra varianza: no se puede todo')):  35%|###5      | 21/60 [00:00<00:01, 
23.32it/s]
Animation 0: FadeIn(Text('Resolución contra varianza: no se puede todo')):  40%|####      | 24/60 [00:01<00:01, 
23.43it/s]
Animation 0: FadeIn(Text('Resolución contra varianza: no se puede todo')):  45%|####5     | 27/60 [00:01<00:01, 
23.68it/s]
Animation 0: FadeIn(Text('Resolución contra varianza: no se puede todo')):  50%|#####     | 30/60 [00:01<00:01, 
22.98it/s]
Animation 0: FadeIn(Text('Resolución contra varianza: no se puede todo')):  55%|#####5    | 33/60 [00:01<00:01, 
22.69it/s]
Animation 0: FadeIn(Text('Resolución contra varianza: no se puede todo')):  60%|######    | 36/60 [00:01<00:01, 
23.08it/s]
Animation 0: FadeIn(Text('Resolución contra varianza: no se puede todo')):  65%|######5   | 39/60 [00:01<00:00, 
23.81it/s]
Animation 0: FadeIn(Text('Resolución contra varianza: no se puede todo')):  70%|#######   | 42/60 [00:01<00:00, 
23.68it/s]
Animation 0: FadeIn(Text('Resolución contra varianza: no se puede todo')):  75%|#######5  | 45/60 [00:01<00:00, 
22.61it/s]
Animation 0: FadeIn(Text('Resolución contra varianza: no se puede todo')):  80%|########  | 48/60 [00:02<00:00, 
22.54it/s]
Animation 0: FadeIn(Text('Resolución contra varianza: no se puede todo')):  85%|########5 | 51/60 [00:02<00:00, 
19.94it/s]
Animation 0: FadeIn(Text('Resolución contra varianza: no se puede todo')):  90%|######### | 54/60 [00:02<00:00, 
19.08it/s]
Animation 0: FadeIn(Text('Resolución contra varianza: no se puede todo')):  93%|#########3| 56/60 [00:02<00:00, 
17.93it/s]
Animation 0: FadeIn(Text('Resolución contra varianza: no se puede todo')):  98%|#########8| 59/60 [00:02<00:00, 
18.70it/s]
[09/08/26 21:25:25] INFO     Animation 0 : Partial     scene_file_writer.py:192
                             movie file written in                             
                             'C:\Users\Nacho\Documents                         
                             \Animaciones\Capitulo                             
                             11\media\videos\s07_resol                         
                             ucion\1080p60\partial_mov                         
                             ie_files\Resolucion\30100                         
                             04561_3444820174_22313245                         
                             7.mp4'                                            
                    INFO     Animation 1 : Partial     scene_file_writer.py:192
                             movie file written in                             
                             'C:\Users\Nacho\Documents                         
                             \Animaciones\Capitulo                             
                             11\media\videos\s07_resol                         
                             ucion\1080p60\partial_mov                         
                             ie_files\Resolucion\29324                         
                             40949_4235033027_14445374                         
                             8.mp4'                                            
                                                                                                                       
   

Animation 2: FadeIn(Text('El proceso tiene DOS componentes cíclicas cercanas')):   0%|          | 0/60 [00:00<?, ?it/s]
Animation 2: FadeIn(Text('El proceso tiene DOS componentes cíclicas cercanas')):   5%|5         | 3/60 [00:00<00:02, 
26.88it/s]
Animation 2: FadeIn(Text('El proceso tiene DOS componentes cíclicas cercanas')):  10%|#         | 6/60 [00:00<00:02, 
23.94it/s]
Animation 2: FadeIn(Text('El proceso tiene DOS componentes cíclicas cercanas')):  15%|#5        | 9/60 [00:00<00:02, 
24.01it/s]
Animation 2: FadeIn(Text('El proceso tiene DOS componentes cíclicas cercanas')):  20%|##        | 12/60 [00:00<00:02, 
23.68it/s]
Animation 2: FadeIn(Text('El proceso tiene DOS componentes cíclicas cercanas')):  25%|##5       | 15/60 [00:00<00:01, 
23.92it/s]
Animation 2: FadeIn(Text('El proceso tiene DOS componentes cíclicas cercanas')):  30%|###       | 18/60 [00:00<00:01, 
23.89it/s]
Animation 2: FadeIn(Text('El proceso tiene DOS componentes cíclicas cercanas')):  35%|###5      | 21/60 [00:00<00:01, 
23.89it/s]
Animation 2: FadeIn(Text('El proceso tiene DOS componentes cíclicas cercanas')):  40%|####      | 24/60 [00:01<00:01, 
23.48it/s]
Animation 2: FadeIn(Text('El proceso tiene DOS componentes cíclicas cercanas')):  45%|####5     | 27/60 [00:01<00:01, 
24.05it/s]
Animation 2: FadeIn(Text('El proceso tiene DOS componentes cíclicas cercanas')):  50%|#####     | 30/60 [00:01<00:01, 
23.62it/s]
Animation 2: FadeIn(Text('El proceso tiene DOS componentes cíclicas cercanas')):  55%|#####5    | 33/60 [00:01<00:01, 
23.13it/s]
Animation 2: FadeIn(Text('El proceso tiene DOS componentes cíclicas cercanas')):  60%|######    | 36/60 [00:01<00:01, 
23.33it/s]
Animation 2: FadeIn(Text('El proceso tiene DOS componentes cíclicas cercanas')):  65%|######5   | 39/60 [00:01<00:00, 
23.67it/s]
Animation 2: FadeIn(Text('El proceso tiene DOS componentes cíclicas cercanas')):  70%|#######   | 42/60 [00:01<00:00, 
23.70it/s]
Animation 2: FadeIn(Text('El proceso tiene DOS componentes cíclicas cercanas')):  75%|#######5  | 45/60 [00:01<00:00, 
21.37it/s]
Animation 2: FadeIn(Text('El proceso tiene DOS componentes cíclicas cercanas')):  80%|########  | 48/60 [00:02<00:00, 
19.18it/s]
Animation 2: FadeIn(Text('El proceso tiene DOS componentes cíclicas cercanas')):  83%|########3 | 50/60 [00:02<00:00, 
17.98it/s]
Animation 2: FadeIn(Text('El proceso tiene DOS componentes cíclicas cercanas')):  87%|########6 | 52/60 [00:02<00:00, 
18.05it/s]
Animation 2: FadeIn(Text('El proceso tiene DOS componentes cíclicas cercanas')):  92%|#########1| 55/60 [00:02<00:00, 
18.69it/s]
Animation 2: FadeIn(Text('El proceso tiene DOS componentes cíclicas cercanas')):  95%|#########5| 57/60 [00:02<00:00, 
18.54it/s]
Animation 2: FadeIn(Text('El proceso tiene DOS componentes cíclicas cercanas')):  98%|#########8| 59/60 [00:02<00:00, 
18.80it/s]
[09/08/26 21:25:30] INFO     Animation 2 : Partial     scene_file_writer.py:192
                             movie file written in                             
                             'C:\Users\Nacho\Documents                         
                             \Animaciones\Capitulo                             
                             11\media\videos\s07_resol                         
                             ucion\1080p60\partial_mov                         
                             ie_files\Resolucion\29324                         
                             40949_1616998409_24150556                         
                             3.mp4'                                            
[09/08/26 21:25:32] INFO     Animation 3 : Partial     scene_file_writer.py:192
                             movie file written in                             
                             'C:\Users\Nacho\Documents                         
                             \Animaciones\Capitulo                             
                             11\media\videos\s07_resol                         
                             ucion\1080p60\partial_mov                         
                             ie_files\Resolucion\29324                         
                             40949_4046863825_23635817                         
                             50.mp4'                                           
                                                                                                                       
         

Animation 4: Create(Axes of 2 submobjects), etc.:   0%|          | 0/60 [00:00<?, ?it/s]
Animation 4: Create(Axes of 2 submobjects), etc.:   5%|5         | 3/60 [00:00<00:02, 24.56it/s]
Animation 4: Create(Axes of 2 submobjects), etc.:  10%|#         | 6/60 [00:00<00:02, 24.16it/s]
Animation 4: Create(Axes of 2 submobjects), etc.:  15%|#5        | 9/60 [00:00<00:02, 23.57it/s]
Animation 4: Create(Axes of 2 submobjects), etc.:  20%|##        | 12/60 [00:00<00:02, 23.47it/s]
Animation 4: Create(Axes of 2 submobjects), etc.:  25%|##5       | 15/60 [00:00<00:01, 22.95it/s]
Animation 4: Create(Axes of 2 submobjects), etc.:  30%|###       | 18/60 [00:00<00:01, 22.81it/s]
Animation 4: Create(Axes of 2 submobjects), etc.:  35%|###5      | 21/60 [00:00<00:01, 22.94it/s]
Animation 4: Create(Axes of 2 submobjects), etc.:  40%|####      | 24/60 [00:01<00:01, 23.03it/s]
Animation 4: Create(Axes of 2 submobjects), etc.:  45%|####5     | 27/60 [00:01<00:01, 23.22it/s]
Animation 4: Create(Axes of 2 submobjects), etc.:  50%|#####     | 30/60 [00:01<00:01, 23.27it/s]
Animation 4: Create(Axes of 2 submobjects), etc.:  55%|#####5    | 33/60 [00:01<00:01, 23.30it/s]
Animation 4: Create(Axes of 2 submobjects), etc.:  60%|######    | 36/60 [00:01<00:01, 23.36it/s]
Animation 4: Create(Axes of 2 submobjects), etc.:  65%|######5   | 39/60 [00:01<00:00, 23.40it/s]
Animation 4: Create(Axes of 2 submobjects), etc.:  70%|#######   | 42/60 [00:01<00:00, 23.39it/s]
Animation 4: Create(Axes of 2 submobjects), etc.:  75%|#######5  | 45/60 [00:01<00:00, 20.34it/s]
Animation 4: Create(Axes of 2 submobjects), etc.:  80%|########  | 48/60 [00:02<00:00, 17.52it/s]
Animation 4: Create(Axes of 2 submobjects), etc.:  83%|########3 | 50/60 [00:02<00:00, 17.79it/s]
Animation 4: Create(Axes of 2 submobjects), etc.:  87%|########6 | 52/60 [00:02<00:00, 17.90it/s]
Animation 4: Create(Axes of 2 submobjects), etc.:  92%|#########1| 55/60 [00:02<00:00, 18.70it/s]
Animation 4: Create(Axes of 2 submobjects), etc.:  97%|#########6| 58/60 [00:02<00:00, 19.34it/s]
[09/08/26 21:25:36] INFO     Animation 4 : Partial     scene_file_writer.py:192
                             movie file written in                             
                             'C:\Users\Nacho\Documents                         
                             \Animaciones\Capitulo                             
                             11\media\videos\s07_resol                         
                             ucion\1080p60\partial_mov                         
                             ie_files\Resolucion\29324                         
                             40949_2073309672_32464821                         
                             80.mp4'                                           
                                                                                                 

Animation 5: GrowArrow(Arrow), etc.:   0%|          | 0/60 [00:00<?, ?it/s]
Animation 5: GrowArrow(Arrow), etc.:   7%|6         | 4/60 [00:00<00:01, 31.65it/s]
Animation 5: GrowArrow(Arrow), etc.:  13%|#3        | 8/60 [00:00<00:01, 31.12it/s]
Animation 5: GrowArrow(Arrow), etc.:  20%|##        | 12/60 [00:00<00:01, 30.79it/s]
Animation 5: GrowArrow(Arrow), etc.:  27%|##6       | 16/60 [00:00<00:01, 30.02it/s]
Animation 5: GrowArrow(Arrow), etc.:  33%|###3      | 20/60 [00:00<00:01, 29.97it/s]
Animation 5: GrowArrow(Arrow), etc.:  38%|###8      | 23/60 [00:00<00:01, 29.51it/s]
Animation 5: GrowArrow(Arrow), etc.:  45%|####5     | 27/60 [00:00<00:01, 29.79it/s]
Animation 5: GrowArrow(Arrow), etc.:  52%|#####1    | 31/60 [00:01<00:00, 29.95it/s]
Animation 5: GrowArrow(Arrow), etc.:  58%|#####8    | 35/60 [00:01<00:00, 30.04it/s]
Animation 5: GrowArrow(Arrow), etc.:  65%|######5   | 39/60 [00:01<00:00, 30.21it/s]
Animation 5: GrowArrow(Arrow), etc.:  72%|#######1  | 43/60 [00:01<00:00, 29.98it/s]
Animation 5: GrowArrow(Arrow), etc.:  77%|#######6  | 46/60 [00:01<00:00, 26.02it/s]
Animation 5: GrowArrow(Arrow), etc.:  82%|########1 | 49/60 [00:01<00:00, 23.34it/s]
Animation 5: GrowArrow(Arrow), etc.:  87%|########6 | 52/60 [00:01<00:00, 21.95it/s]
Animation 5: GrowArrow(Arrow), etc.:  92%|#########1| 55/60 [00:02<00:00, 23.09it/s]
Animation 5: GrowArrow(Arrow), etc.:  97%|#########6| 58/60 [00:02<00:00, 24.17it/s]
[09/08/26 21:25:40] INFO     Animation 5 : Partial     scene_file_writer.py:192
                             movie file written in                             
                             'C:\Users\Nacho\Documents                         
                             \Animaciones\Capitulo                             
                             11\media\videos\s07_resol                         
                             ucion\1080p60\partial_mov                         
                             ie_files\Resolucion\29324                         
                             40949_3369427053_32655907                         
                             69.mp4'                                           
[09/08/26 21:25:42] INFO     Animation 6 : Partial     scene_file_writer.py:192
                             movie file written in                             
                             'C:\Users\Nacho\Documents                         
                             \Animaciones\Capitulo                             
                             11\media\videos\s07_resol                         
                             ucion\1080p60\partial_mov                         
                             ie_files\Resolucion\29324                         
                             40949_4163062370_27200084                         
                             16.mp4'                                           
                                                                                    

Animation 7: _MethodAnimation(VGroup of 2 submobjects), etc.:   0%|          | 0/60 [00:00<?, ?it/s]
Animation 7: _MethodAnimation(VGroup of 2 submobjects), etc.:   7%|6         | 4/60 [00:00<00:01, 32.30it/s]
Animation 7: _MethodAnimation(VGroup of 2 submobjects), etc.:  13%|#3        | 8/60 [00:00<00:01, 30.09it/s]
Animation 7: _MethodAnimation(VGroup of 2 submobjects), etc.:  20%|##        | 12/60 [00:00<00:01, 30.01it/s]
Animation 7: _MethodAnimation(VGroup of 2 submobjects), etc.:  27%|##6       | 16/60 [00:00<00:01, 29.65it/s]
Animation 7: _MethodAnimation(VGroup of 2 submobjects), etc.:  33%|###3      | 20/60 [00:00<00:01, 29.91it/s]
Animation 7: _MethodAnimation(VGroup of 2 submobjects), etc.:  38%|###8      | 23/60 [00:00<00:01, 29.68it/s]
Animation 7: _MethodAnimation(VGroup of 2 submobjects), etc.:  45%|####5     | 27/60 [00:00<00:01, 30.11it/s]
Animation 7: _MethodAnimation(VGroup of 2 submobjects), etc.:  52%|#####1    | 31/60 [00:01<00:00, 29.86it/s]
Animation 7: _MethodAnimation(VGroup of 2 submobjects), etc.:  57%|#####6    | 34/60 [00:01<00:00, 29.66it/s]
Animation 7: _MethodAnimation(VGroup of 2 submobjects), etc.:  63%|######3   | 38/60 [00:01<00:00, 30.37it/s]
Animation 7: _MethodAnimation(VGroup of 2 submobjects), etc.:  70%|#######   | 42/60 [00:01<00:00, 29.90it/s]
Animation 7: _MethodAnimation(VGroup of 2 submobjects), etc.:  75%|#######5  | 45/60 [00:01<00:00, 25.53it/s]
Animation 7: _MethodAnimation(VGroup of 2 submobjects), etc.:  80%|########  | 48/60 [00:01<00:00, 22.17it/s]
Animation 7: _MethodAnimation(VGroup of 2 submobjects), etc.:  85%|########5 | 51/60 [00:01<00:00, 22.95it/s]
Animation 7: _MethodAnimation(VGroup of 2 submobjects), etc.:  90%|######### | 54/60 [00:01<00:00, 23.51it/s]
Animation 7: _MethodAnimation(VGroup of 2 submobjects), etc.:  95%|#########5| 57/60 [00:02<00:00, 23.93it/s]
Animation 7: _MethodAnimation(VGroup of 2 submobjects), etc.: 100%|##########| 60/60 [00:02<00:00, 24.82it/s]
[09/08/26 21:25:45] INFO     Animation 7 : Partial     scene_file_writer.py:192
                             movie file written in                             
                             'C:\Users\Nacho\Documents                         
                             \Animaciones\Capitulo                             
                             11\media\videos\s07_resol                         
                             ucion\1080p60\partial_mov                         
                             ie_files\Resolucion\29324                         
                             40949_48099208_1323597437                         
                             .mp4'                                             
                                                                                                             

Animation 8: FadeIn(ParametricFunction):   0%|          | 0/60 [00:00<?, ?it/s]
Animation 8: FadeIn(ParametricFunction):   2%|1         | 1/60 [00:00<00:10,  5.83it/s]
Animation 8: FadeIn(ParametricFunction):   3%|3         | 2/60 [00:00<00:10,  5.37it/s]
Animation 8: FadeIn(ParametricFunction):   5%|5         | 3/60 [00:00<00:10,  5.41it/s]
Animation 8: FadeIn(ParametricFunction):   7%|6         | 4/60 [00:00<00:10,  5.44it/s]
Animation 8: FadeIn(ParametricFunction):   8%|8         | 5/60 [00:00<00:10,  5.45it/s]
Animation 8: FadeIn(ParametricFunction):  10%|#         | 6/60 [00:01<00:10,  5.39it/s]
Animation 8: FadeIn(ParametricFunction):  12%|#1        | 7/60 [00:01<00:10,  5.19it/s]
Animation 8: FadeIn(ParametricFunction):  13%|#3        | 8/60 [00:01<00:09,  5.29it/s]
Animation 8: FadeIn(ParametricFunction):  15%|#5        | 9/60 [00:01<00:09,  5.34it/s]
Animation 8: FadeIn(ParametricFunction):  17%|#6        | 10/60 [00:01<00:09,  5.38it/s]
Animation 8: FadeIn(ParametricFunction):  18%|#8        | 11/60 [00:02<00:09,  5.32it/s]
Animation 8: FadeIn(ParametricFunction):  20%|##        | 12/60 [00:02<00:09,  5.20it/s]
Animation 8: FadeIn(ParametricFunction):  22%|##1       | 13/60 [00:02<00:09,  5.12it/s]
Animation 8: FadeIn(ParametricFunction):  23%|##3       | 14/60 [00:02<00:09,  5.09it/s]
Animation 8: FadeIn(ParametricFunction):  25%|##5       | 15/60 [00:02<00:08,  5.12it/s]
Animation 8: FadeIn(ParametricFunction):  27%|##6       | 16/60 [00:03<00:08,  5.17it/s]
Animation 8: FadeIn(ParametricFunction):  28%|##8       | 17/60 [00:03<00:08,  5.20it/s]
Animation 8: FadeIn(ParametricFunction):  30%|###       | 18/60 [00:03<00:08,  5.21it/s]
Animation 8: FadeIn(ParametricFunction):  32%|###1      | 19/60 [00:03<00:07,  5.27it/s]
Animation 8: FadeIn(ParametricFunction):  33%|###3      | 20/60 [00:03<00:07,  5.32it/s]
Animation 8: FadeIn(ParametricFunction):  35%|###5      | 21/60 [00:03<00:07,  5.33it/s]
Animation 8: FadeIn(ParametricFunction):  37%|###6      | 22/60 [00:04<00:07,  5.39it/s]
Animation 8: FadeIn(ParametricFunction):  38%|###8      | 23/60 [00:04<00:06,  5.40it/s]
Animation 8: FadeIn(ParametricFunction):  40%|####      | 24/60 [00:04<00:06,  5.40it/s]
Animation 8: FadeIn(ParametricFunction):  42%|####1     | 25/60 [00:04<00:06,  5.42it/s]
Animation 8: FadeIn(ParametricFunction):  43%|####3     | 26/60 [00:04<00:06,  5.41it/s]
Animation 8: FadeIn(ParametricFunction):  45%|####5     | 27/60 [00:05<00:06,  5.44it/s]
Animation 8: FadeIn(ParametricFunction):  47%|####6     | 28/60 [00:05<00:05,  5.45it/s]
Animation 8: FadeIn(ParametricFunction):  48%|####8     | 29/60 [00:05<00:05,  5.43it/s]
Animation 8: FadeIn(ParametricFunction):  50%|#####     | 30/60 [00:05<00:05,  5.47it/s]
Animation 8: FadeIn(ParametricFunction):  52%|#####1    | 31/60 [00:05<00:05,  5.48it/s]
Animation 8: FadeIn(ParametricFunction):  53%|#####3    | 32/60 [00:05<00:05,  5.41it/s]
Animation 8: FadeIn(ParametricFunction):  55%|#####5    | 33/60 [00:06<00:04,  5.43it/s]
Animation 8: FadeIn(ParametricFunction):  57%|#####6    | 34/60 [00:06<00:04,  5.44it/s]
Animation 8: FadeIn(ParametricFunction):  58%|#####8    | 35/60 [00:06<00:04,  5.42it/s]
Animation 8: FadeIn(ParametricFunction):  60%|######    | 36/60 [00:06<00:04,  5.42it/s]
Animation 8: FadeIn(ParametricFunction):  62%|######1   | 37/60 [00:06<00:04,  5.43it/s]
Animation 8: FadeIn(ParametricFunction):  63%|######3   | 38/60 [00:07<00:04,  5.44it/s]
Animation 8: FadeIn(ParametricFunction):  65%|######5   | 39/60 [00:07<00:03,  5.47it/s]
Animation 8: FadeIn(ParametricFunction):  67%|######6   | 40/60 [00:07<00:03,  5.46it/s]
Animation 8: FadeIn(ParametricFunction):  68%|######8   | 41/60 [00:07<00:03,  5.48it/s]
Animation 8: FadeIn(ParametricFunction):  70%|#######   | 42/60 [00:07<00:03,  5.44it/s]
Animation 8: FadeIn(ParametricFunction):  72%|#######1  | 43/60 [00:08<00:03,  4.76it/s]
Animation 8: FadeIn(ParametricFunction):  73%|#######3  | 44/60 [00:08<00:03,  4.90it/s]
Animation 8: FadeIn(ParametricFunction):  75%|#######5  | 45/60 [00:08<00:02,  5.05it/s]
Animation 8: FadeIn(ParametricFunction):  77%|#######6  | 46/60 [00:08<00:02,  5.18it/s]
Animation 8: FadeIn(ParametricFunction):  78%|#######8  | 47/60 [00:08<00:02,  5.25it/s]
Animation 8: FadeIn(ParametricFunction):  80%|########  | 48/60 [00:09<00:02,  5.16it/s]
Animation 8: FadeIn(ParametricFunction):  82%|########1 | 49/60 [00:09<00:02,  5.22it/s]
Animation 8: FadeIn(ParametricFunction):  83%|########3 | 50/60 [00:09<00:01,  5.26it/s]
Animation 8: FadeIn(ParametricFunction):  85%|########5 | 51/60 [00:09<00:01,  5.28it/s]
Animation 8: FadeIn(ParametricFunction):  87%|########6 | 52/60 [00:09<00:01,  5.23it/s]
Animation 8: FadeIn(ParametricFunction):  88%|########8 | 53/60 [00:09<00:01,  5.25it/s]
Animation 8: FadeIn(ParametricFunction):  90%|######### | 54/60 [00:10<00:01,  5.28it/s]
Animation 8: FadeIn(ParametricFunction):  92%|#########1| 55/60 [00:10<00:00,  5.27it/s]
Animation 8: FadeIn(ParametricFunction):  93%|#########3| 56/60 [00:10<00:00,  5.22it/s]
Animation 8: FadeIn(ParametricFunction):  95%|#########5| 57/60 [00:10<00:00,  5.27it/s]
Animation 8: FadeIn(ParametricFunction):  97%|#########6| 58/60 [00:10<00:00,  5.28it/s]
Animation 8: FadeIn(ParametricFunction):  98%|#########8| 59/60 [00:11<00:00,  5.26it/s]
Animation 8: FadeIn(ParametricFunction): 100%|##########| 60/60 [00:11<00:00,  5.20it/s]
[09/08/26 21:25:58] INFO     Animation 8 : Partial     scene_file_writer.py:192
                             movie file written in                             
                             'C:\Users\Nacho\Documents                         
                             \Animaciones\Capitulo                             
                             11\media\videos\s07_resol                         
                             ucion\1080p60\partial_mov                         
                             ie_files\Resolucion\29324                         
                             40949_3048632401_12219157                         
                             88.mp4'                                           
                                                                                        

Animation 9: FadeIn(VGroup of 4 submobjects), etc.:   0%|          | 0/60 [00:00<?, ?it/s]
Animation 9: FadeIn(VGroup of 4 submobjects), etc.:   2%|1         | 1/60 [00:00<00:12,  4.76it/s]
Animation 9: FadeIn(VGroup of 4 submobjects), etc.:   3%|3         | 2/60 [00:00<00:13,  4.43it/s]
Animation 9: FadeIn(VGroup of 4 submobjects), etc.:   5%|5         | 3/60 [00:00<00:12,  4.44it/s]
Animation 9: FadeIn(VGroup of 4 submobjects), etc.:   7%|6         | 4/60 [00:00<00:12,  4.33it/s]
Animation 9: FadeIn(VGroup of 4 submobjects), etc.:   8%|8         | 5/60 [00:01<00:12,  4.35it/s]
Animation 9: FadeIn(VGroup of 4 submobjects), etc.:  10%|#         | 6/60 [00:01<00:12,  4.33it/s]
Animation 9: FadeIn(VGroup of 4 submobjects), etc.:  12%|#1        | 7/60 [00:01<00:12,  4.33it/s]
Animation 9: FadeIn(VGroup of 4 submobjects), etc.:  13%|#3        | 8/60 [00:01<00:12,  4.32it/s]
Animation 9: FadeIn(VGroup of 4 submobjects), etc.:  15%|#5        | 9/60 [00:02<00:11,  4.36it/s]
Animation 9: FadeIn(VGroup of 4 submobjects), etc.:  17%|#6        | 10/60 [00:02<00:11,  4.37it/s]
Animation 9: FadeIn(VGroup of 4 submobjects), etc.:  18%|#8        | 11/60 [00:02<00:11,  4.39it/s]
Animation 9: FadeIn(VGroup of 4 submobjects), etc.:  20%|##        | 12/60 [00:02<00:10,  4.39it/s]
Animation 9: FadeIn(VGroup of 4 submobjects), etc.:  22%|##1       | 13/60 [00:02<00:10,  4.32it/s]
Animation 9: FadeIn(VGroup of 4 submobjects), etc.:  23%|##3       | 14/60 [00:03<00:10,  4.29it/s]
Animation 9: FadeIn(VGroup of 4 submobjects), etc.:  25%|##5       | 15/60 [00:03<00:10,  4.32it/s]
Animation 9: FadeIn(VGroup of 4 submobjects), etc.:  27%|##6       | 16/60 [00:03<00:10,  4.32it/s]
Animation 9: FadeIn(VGroup of 4 submobjects), etc.:  28%|##8       | 17/60 [00:03<00:09,  4.33it/s]
Animation 9: FadeIn(VGroup of 4 submobjects), etc.:  30%|###       | 18/60 [00:04<00:09,  4.32it/s]
Animation 9: FadeIn(VGroup of 4 submobjects), etc.:  32%|###1      | 19/60 [00:04<00:09,  4.35it/s]
Animation 9: FadeIn(VGroup of 4 submobjects), etc.:  33%|###3      | 20/60 [00:04<00:09,  4.35it/s]
Animation 9: FadeIn(VGroup of 4 submobjects), etc.:  35%|###5      | 21/60 [00:04<00:08,  4.36it/s]
Animation 9: FadeIn(VGroup of 4 submobjects), etc.:  37%|###6      | 22/60 [00:05<00:08,  4.34it/s]
Animation 9: FadeIn(VGroup of 4 submobjects), etc.:  38%|###8      | 23/60 [00:05<00:08,  4.34it/s]
Animation 9: FadeIn(VGroup of 4 submobjects), etc.:  40%|####      | 24/60 [00:05<00:08,  4.37it/s]
Animation 9: FadeIn(VGroup of 4 submobjects), etc.:  42%|####1     | 25/60 [00:05<00:08,  4.36it/s]
Animation 9: FadeIn(VGroup of 4 submobjects), etc.:  43%|####3     | 26/60 [00:05<00:07,  4.33it/s]
Animation 9: FadeIn(VGroup of 4 submobjects), etc.:  45%|####5     | 27/60 [00:06<00:07,  4.34it/s]
Animation 9: FadeIn(VGroup of 4 submobjects), etc.:  47%|####6     | 28/60 [00:06<00:07,  4.32it/s]
Animation 9: FadeIn(VGroup of 4 submobjects), etc.:  48%|####8     | 29/60 [00:06<00:07,  4.28it/s]
Animation 9: FadeIn(VGroup of 4 submobjects), etc.:  50%|#####     | 30/60 [00:06<00:06,  4.30it/s]
Animation 9: FadeIn(VGroup of 4 submobjects), etc.:  52%|#####1    | 31/60 [00:07<00:06,  4.29it/s]
Animation 9: FadeIn(VGroup of 4 submobjects), etc.:  53%|#####3    | 32/60 [00:07<00:06,  4.29it/s]
Animation 9: FadeIn(VGroup of 4 submobjects), etc.:  55%|#####5    | 33/60 [00:07<00:06,  4.32it/s]
Animation 9: FadeIn(VGroup of 4 submobjects), etc.:  57%|#####6    | 34/60 [00:07<00:05,  4.35it/s]
Animation 9: FadeIn(VGroup of 4 submobjects), etc.:  58%|#####8    | 35/60 [00:08<00:05,  4.33it/s]
Animation 9: FadeIn(VGroup of 4 submobjects), etc.:  60%|######    | 36/60 [00:08<00:05,  4.26it/s]
Animation 9: FadeIn(VGroup of 4 submobjects), etc.:  62%|######1   | 37/60 [00:08<00:05,  4.28it/s]
Animation 9: FadeIn(VGroup of 4 submobjects), etc.:  63%|######3   | 38/60 [00:08<00:05,  4.29it/s]
Animation 9: FadeIn(VGroup of 4 submobjects), etc.:  65%|######5   | 39/60 [00:09<00:04,  4.31it/s]
Animation 9: FadeIn(VGroup of 4 submobjects), etc.:  67%|######6   | 40/60 [00:09<00:04,  4.27it/s]
Animation 9: FadeIn(VGroup of 4 submobjects), etc.:  68%|######8   | 41/60 [00:09<00:04,  4.26it/s]
Animation 9: FadeIn(VGroup of 4 submobjects), etc.:  70%|#######   | 42/60 [00:09<00:04,  3.77it/s]
Animation 9: FadeIn(VGroup of 4 submobjects), etc.:  72%|#######1  | 43/60 [00:10<00:04,  3.46it/s]
Animation 9: FadeIn(VGroup of 4 submobjects), etc.:  73%|#######3  | 44/60 [00:10<00:04,  3.66it/s]
Animation 9: FadeIn(VGroup of 4 submobjects), etc.:  75%|#######5  | 45/60 [00:10<00:03,  3.83it/s]
Animation 9: FadeIn(VGroup of 4 submobjects), etc.:  77%|#######6  | 46/60 [00:10<00:03,  3.98it/s]
Animation 9: FadeIn(VGroup of 4 submobjects), etc.:  78%|#######8  | 47/60 [00:11<00:03,  4.03it/s]
Animation 9: FadeIn(VGroup of 4 submobjects), etc.:  80%|########  | 48/60 [00:11<00:02,  4.05it/s]
Animation 9: FadeIn(VGroup of 4 submobjects), etc.:  82%|########1 | 49/60 [00:11<00:02,  4.11it/s]
Animation 9: FadeIn(VGroup of 4 submobjects), etc.:  83%|########3 | 50/60 [00:11<00:02,  4.18it/s]
Animation 9: FadeIn(VGroup of 4 submobjects), etc.:  85%|########5 | 51/60 [00:12<00:02,  4.21it/s]
Animation 9: FadeIn(VGroup of 4 submobjects), etc.:  87%|########6 | 52/60 [00:12<00:01,  4.20it/s]
Animation 9: FadeIn(VGroup of 4 submobjects), etc.:  88%|########8 | 53/60 [00:12<00:01,  4.25it/s]
Animation 9: FadeIn(VGroup of 4 submobjects), etc.:  90%|######### | 54/60 [00:12<00:01,  4.28it/s]
Animation 9: FadeIn(VGroup of 4 submobjects), etc.:  92%|#########1| 55/60 [00:12<00:01,  4.30it/s]
Animation 9: FadeIn(VGroup of 4 submobjects), etc.:  93%|#########3| 56/60 [00:13<00:00,  4.19it/s]
Animation 9: FadeIn(VGroup of 4 submobjects), etc.:  95%|#########5| 57/60 [00:13<00:00,  4.19it/s]
Animation 9: FadeIn(VGroup of 4 submobjects), etc.:  97%|#########6| 58/60 [00:13<00:00,  4.22it/s]
Animation 9: FadeIn(VGroup of 4 submobjects), etc.:  98%|#########8| 59/60 [00:13<00:00,  4.24it/s]
Animation 9: FadeIn(VGroup of 4 submobjects), etc.: 100%|##########| 60/60 [00:14<00:00,  4.22it/s]
[09/08/26 21:26:13] INFO     Animation 9 : Partial     scene_file_writer.py:192
                             movie file written in                             
                             'C:\Users\Nacho\Documents                         
                             \Animaciones\Capitulo                             
                             11\media\videos\s07_resol                         
                             ucion\1080p60\partial_mov                         
                             ie_files\Resolucion\29324                         
                             40949_2868763230_38113127                         
                             61.mp4'                                           
[09/08/26 21:26:15] INFO     Animation 10 : Partial    scene_file_writer.py:192
                             movie file written in                             
                             'C:\Users\Nacho\Documents                         
                             \Animaciones\Capitulo                             
                             11\media\videos\s07_resol                         
                             ucion\1080p60\partial_mov                         
                             ie_files\Resolucion\29324                         
                             40949_3880968470_30626562                         
                             37.mp4'                                           
                                                                                                   

Animation 11: FadeIn(Text('ventana corta: los dos picos se funden en uno')):   0%|          | 0/60 [00:00<?, ?it/s]
Animation 11: FadeIn(Text('ventana corta: los dos picos se funden en uno')):   2%|1         | 1/60 [00:00<00:10,  
5.68it/s]
Animation 11: FadeIn(Text('ventana corta: los dos picos se funden en uno')):   3%|3         | 2/60 [00:00<00:10,  
5.32it/s]
Animation 11: FadeIn(Text('ventana corta: los dos picos se funden en uno')):   5%|5         | 3/60 [00:00<00:10,  
5.32it/s]
Animation 11: FadeIn(Text('ventana corta: los dos picos se funden en uno')):   7%|6         | 4/60 [00:00<00:10,  
5.30it/s]
Animation 11: FadeIn(Text('ventana corta: los dos picos se funden en uno')):   8%|8         | 5/60 [00:00<00:10,  
5.27it/s]
Animation 11: FadeIn(Text('ventana corta: los dos picos se funden en uno')):  10%|#         | 6/60 [00:01<00:10,  
5.29it/s]
Animation 11: FadeIn(Text('ventana corta: los dos picos se funden en uno')):  12%|#1        | 7/60 [00:01<00:10,  
5.28it/s]
Animation 11: FadeIn(Text('ventana corta: los dos picos se funden en uno')):  13%|#3        | 8/60 [00:01<00:09,  
5.27it/s]
Animation 11: FadeIn(Text('ventana corta: los dos picos se funden en uno')):  15%|#5        | 9/60 [00:01<00:09,  
5.30it/s]
Animation 11: FadeIn(Text('ventana corta: los dos picos se funden en uno')):  17%|#6        | 10/60 [00:01<00:09,  
5.25it/s]
Animation 11: FadeIn(Text('ventana corta: los dos picos se funden en uno')):  18%|#8        | 11/60 [00:02<00:09,  
5.26it/s]
Animation 11: FadeIn(Text('ventana corta: los dos picos se funden en uno')):  20%|##        | 12/60 [00:02<00:09,  
5.19it/s]
Animation 11: FadeIn(Text('ventana corta: los dos picos se funden en uno')):  22%|##1       | 13/60 [00:02<00:08,  
5.24it/s]
Animation 11: FadeIn(Text('ventana corta: los dos picos se funden en uno')):  23%|##3       | 14/60 [00:02<00:08,  
5.25it/s]
Animation 11: FadeIn(Text('ventana corta: los dos picos se funden en uno')):  25%|##5       | 15/60 [00:02<00:08,  
5.24it/s]
Animation 11: FadeIn(Text('ventana corta: los dos picos se funden en uno')):  27%|##6       | 16/60 [00:03<00:08,  
5.28it/s]
Animation 11: FadeIn(Text('ventana corta: los dos picos se funden en uno')):  28%|##8       | 17/60 [00:03<00:08,  
5.27it/s]
Animation 11: FadeIn(Text('ventana corta: los dos picos se funden en uno')):  30%|###       | 18/60 [00:03<00:07,  
5.26it/s]
Animation 11: FadeIn(Text('ventana corta: los dos picos se funden en uno')):  32%|###1      | 19/60 [00:03<00:07,  
5.30it/s]
Animation 11: FadeIn(Text('ventana corta: los dos picos se funden en uno')):  33%|###3      | 20/60 [00:03<00:07,  
5.29it/s]
Animation 11: FadeIn(Text('ventana corta: los dos picos se funden en uno')):  35%|###5      | 21/60 [00:03<00:07,  
5.29it/s]
Animation 11: FadeIn(Text('ventana corta: los dos picos se funden en uno')):  37%|###6      | 22/60 [00:04<00:07,  
5.30it/s]
Animation 11: FadeIn(Text('ventana corta: los dos picos se funden en uno')):  38%|###8      | 23/60 [00:04<00:07,  
5.26it/s]
Animation 11: FadeIn(Text('ventana corta: los dos picos se funden en uno')):  40%|####      | 24/60 [00:04<00:06,  
5.30it/s]
Animation 11: FadeIn(Text('ventana corta: los dos picos se funden en uno')):  42%|####1     | 25/60 [00:04<00:06,  
5.28it/s]
Animation 11: FadeIn(Text('ventana corta: los dos picos se funden en uno')):  43%|####3     | 26/60 [00:04<00:06,  
5.30it/s]
Animation 11: FadeIn(Text('ventana corta: los dos picos se funden en uno')):  45%|####5     | 27/60 [00:05<00:06,  
5.28it/s]
Animation 11: FadeIn(Text('ventana corta: los dos picos se funden en uno')):  47%|####6     | 28/60 [00:05<00:06,  
5.28it/s]
Animation 11: FadeIn(Text('ventana corta: los dos picos se funden en uno')):  48%|####8     | 29/60 [00:05<00:05,  
5.31it/s]
Animation 11: FadeIn(Text('ventana corta: los dos picos se funden en uno')):  50%|#####     | 30/60 [00:05<00:05,  
5.32it/s]
Animation 11: FadeIn(Text('ventana corta: los dos picos se funden en uno')):  52%|#####1    | 31/60 [00:05<00:05,  
5.30it/s]
Animation 11: FadeIn(Text('ventana corta: los dos picos se funden en uno')):  53%|#####3    | 32/60 [00:06<00:05,  
5.30it/s]
Animation 11: FadeIn(Text('ventana corta: los dos picos se funden en uno')):  55%|#####5    | 33/60 [00:06<00:05,  
5.25it/s]
Animation 11: FadeIn(Text('ventana corta: los dos picos se funden en uno')):  57%|#####6    | 34/60 [00:06<00:04,  
5.29it/s]
Animation 11: FadeIn(Text('ventana corta: los dos picos se funden en uno')):  58%|#####8    | 35/60 [00:06<00:04,  
5.30it/s]
Animation 11: FadeIn(Text('ventana corta: los dos picos se funden en uno')):  60%|######    | 36/60 [00:06<00:04,  
5.31it/s]
Animation 11: FadeIn(Text('ventana corta: los dos picos se funden en uno')):  62%|######1   | 37/60 [00:06<00:04,  
5.33it/s]
Animation 11: FadeIn(Text('ventana corta: los dos picos se funden en uno')):  63%|######3   | 38/60 [00:07<00:04,  
5.30it/s]
Animation 11: FadeIn(Text('ventana corta: los dos picos se funden en uno')):  65%|######5   | 39/60 [00:07<00:03,  
5.31it/s]
Animation 11: FadeIn(Text('ventana corta: los dos picos se funden en uno')):  67%|######6   | 40/60 [00:07<00:03,  
5.33it/s]
Animation 11: FadeIn(Text('ventana corta: los dos picos se funden en uno')):  68%|######8   | 41/60 [00:07<00:03,  
5.30it/s]
Animation 11: FadeIn(Text('ventana corta: los dos picos se funden en uno')):  70%|#######   | 42/60 [00:07<00:03,  
5.28it/s]
Animation 11: FadeIn(Text('ventana corta: los dos picos se funden en uno')):  72%|#######1  | 43/60 [00:08<00:03,  
4.56it/s]
Animation 11: FadeIn(Text('ventana corta: los dos picos se funden en uno')):  73%|#######3  | 44/60 [00:08<00:03,  
4.73it/s]
Animation 11: FadeIn(Text('ventana corta: los dos picos se funden en uno')):  75%|#######5  | 45/60 [00:08<00:03,  
4.89it/s]
Animation 11: FadeIn(Text('ventana corta: los dos picos se funden en uno')):  77%|#######6  | 46/60 [00:08<00:02,  
4.98it/s]
Animation 11: FadeIn(Text('ventana corta: los dos picos se funden en uno')):  78%|#######8  | 47/60 [00:09<00:02,  
4.99it/s]
Animation 11: FadeIn(Text('ventana corta: los dos picos se funden en uno')):  80%|########  | 48/60 [00:09<00:02,  
4.98it/s]
Animation 11: FadeIn(Text('ventana corta: los dos picos se funden en uno')):  82%|########1 | 49/60 [00:09<00:02,  
5.04it/s]
Animation 11: FadeIn(Text('ventana corta: los dos picos se funden en uno')):  83%|########3 | 50/60 [00:09<00:01,  
5.15it/s]
Animation 11: FadeIn(Text('ventana corta: los dos picos se funden en uno')):  85%|########5 | 51/60 [00:09<00:01,  
5.16it/s]
Animation 11: FadeIn(Text('ventana corta: los dos picos se funden en uno')):  87%|########6 | 52/60 [00:09<00:01,  
5.10it/s]
Animation 11: FadeIn(Text('ventana corta: los dos picos se funden en uno')):  88%|########8 | 53/60 [00:10<00:01,  
5.11it/s]
Animation 11: FadeIn(Text('ventana corta: los dos picos se funden en uno')):  90%|######### | 54/60 [00:10<00:01,  
5.16it/s]
Animation 11: FadeIn(Text('ventana corta: los dos picos se funden en uno')):  92%|#########1| 55/60 [00:10<00:00,  
5.21it/s]
Animation 11: FadeIn(Text('ventana corta: los dos picos se funden en uno')):  93%|#########3| 56/60 [00:10<00:00,  
5.21it/s]
Animation 11: FadeIn(Text('ventana corta: los dos picos se funden en uno')):  95%|#########5| 57/60 [00:10<00:00,  
5.17it/s]
Animation 11: FadeIn(Text('ventana corta: los dos picos se funden en uno')):  97%|#########6| 58/60 [00:11<00:00,  
5.21it/s]
Animation 11: FadeIn(Text('ventana corta: los dos picos se funden en uno')):  98%|#########8| 59/60 [00:11<00:00,  
5.20it/s]
Animation 11: FadeIn(Text('ventana corta: los dos picos se funden en uno')): 100%|##########| 60/60 [00:11<00:00,  
5.14it/s]
[09/08/26 21:26:28] INFO     Animation 11 : Partial    scene_file_writer.py:192
                             movie file written in                             
                             'C:\Users\Nacho\Documents                         
                             \Animaciones\Capitulo                             
                             11\media\videos\s07_resol                         
                             ucion\1080p60\partial_mov                         
                             ie_files\Resolucion\29324                         
                             40949_1188552716_10177797                         
                             34.mp4'                                           
[09/08/26 21:26:31] INFO     Animation 12 : Partial    scene_file_writer.py:192
                             movie file written in                             
                             'C:\Users\Nacho\Documents                         
                             \Animaciones\Capitulo                             
                             11\media\videos\s07_resol                         
                             ucion\1080p60\partial_mov                         
                             ie_files\Resolucion\29324                         
                             40949_3926500612_32206536                         
                             68.mp4'                                           
                                                                                                                       
     

Animation 13: FadeOut(Text('ventana corta: los dos picos se funden en uno')):   0%|          | 0/60 [00:00<?, ?it/s]
Animation 13: FadeOut(Text('ventana corta: los dos picos se funden en uno')):   2%|1         | 1/60 [00:00<00:10,  
5.78it/s]
Animation 13: FadeOut(Text('ventana corta: los dos picos se funden en uno')):   3%|3         | 2/60 [00:00<00:11,  
5.24it/s]
Animation 13: FadeOut(Text('ventana corta: los dos picos se funden en uno')):   5%|5         | 3/60 [00:00<00:10,  
5.27it/s]
Animation 13: FadeOut(Text('ventana corta: los dos picos se funden en uno')):   7%|6         | 4/60 [00:00<00:10,  
5.20it/s]
Animation 13: FadeOut(Text('ventana corta: los dos picos se funden en uno')):   8%|8         | 5/60 [00:00<00:10,  
5.17it/s]
Animation 13: FadeOut(Text('ventana corta: los dos picos se funden en uno')):  10%|#         | 6/60 [00:01<00:10,  
5.20it/s]
Animation 13: FadeOut(Text('ventana corta: los dos picos se funden en uno')):  12%|#1        | 7/60 [00:01<00:10,  
5.17it/s]
Animation 13: FadeOut(Text('ventana corta: los dos picos se funden en uno')):  13%|#3        | 8/60 [00:01<00:09,  
5.21it/s]
Animation 13: FadeOut(Text('ventana corta: los dos picos se funden en uno')):  15%|#5        | 9/60 [00:01<00:09,  
5.27it/s]
Animation 13: FadeOut(Text('ventana corta: los dos picos se funden en uno')):  17%|#6        | 10/60 [00:01<00:09,  
5.28it/s]
Animation 13: FadeOut(Text('ventana corta: los dos picos se funden en uno')):  18%|#8        | 11/60 [00:02<00:09,  
5.32it/s]
Animation 13: FadeOut(Text('ventana corta: los dos picos se funden en uno')):  20%|##        | 12/60 [00:02<00:09,  
5.31it/s]
Animation 13: FadeOut(Text('ventana corta: los dos picos se funden en uno')):  22%|##1       | 13/60 [00:02<00:08,  
5.30it/s]
Animation 13: FadeOut(Text('ventana corta: los dos picos se funden en uno')):  23%|##3       | 14/60 [00:02<00:08,  
5.33it/s]
Animation 13: FadeOut(Text('ventana corta: los dos picos se funden en uno')):  25%|##5       | 15/60 [00:02<00:08,  
5.32it/s]
Animation 13: FadeOut(Text('ventana corta: los dos picos se funden en uno')):  27%|##6       | 16/60 [00:03<00:08,  
5.32it/s]
Animation 13: FadeOut(Text('ventana corta: los dos picos se funden en uno')):  28%|##8       | 17/60 [00:03<00:08,  
5.30it/s]
Animation 13: FadeOut(Text('ventana corta: los dos picos se funden en uno')):  30%|###       | 18/60 [00:03<00:07,  
5.31it/s]
Animation 13: FadeOut(Text('ventana corta: los dos picos se funden en uno')):  32%|###1      | 19/60 [00:03<00:07,  
5.34it/s]
Animation 13: FadeOut(Text('ventana corta: los dos picos se funden en uno')):  33%|###3      | 20/60 [00:03<00:07,  
5.35it/s]
Animation 13: FadeOut(Text('ventana corta: los dos picos se funden en uno')):  35%|###5      | 21/60 [00:03<00:07,  
5.34it/s]
Animation 13: FadeOut(Text('ventana corta: los dos picos se funden en uno')):  37%|###6      | 22/60 [00:04<00:07,  
5.34it/s]
Animation 13: FadeOut(Text('ventana corta: los dos picos se funden en uno')):  38%|###8      | 23/60 [00:04<00:06,  
5.36it/s]
Animation 13: FadeOut(Text('ventana corta: los dos picos se funden en uno')):  40%|####      | 24/60 [00:04<00:06,  
5.37it/s]
Animation 13: FadeOut(Text('ventana corta: los dos picos se funden en uno')):  42%|####1     | 25/60 [00:04<00:06,  
5.40it/s]
Animation 13: FadeOut(Text('ventana corta: los dos picos se funden en uno')):  43%|####3     | 26/60 [00:04<00:06,  
5.37it/s]
Animation 13: FadeOut(Text('ventana corta: los dos picos se funden en uno')):  45%|####5     | 27/60 [00:05<00:06,  
5.39it/s]
Animation 13: FadeOut(Text('ventana corta: los dos picos se funden en uno')):  47%|####6     | 28/60 [00:05<00:05,  
5.34it/s]
Animation 13: FadeOut(Text('ventana corta: los dos picos se funden en uno')):  48%|####8     | 29/60 [00:05<00:05,  
5.32it/s]
Animation 13: FadeOut(Text('ventana corta: los dos picos se funden en uno')):  50%|#####     | 30/60 [00:05<00:05,  
5.32it/s]
Animation 13: FadeOut(Text('ventana corta: los dos picos se funden en uno')):  52%|#####1    | 31/60 [00:05<00:05,  
5.37it/s]
Animation 13: FadeOut(Text('ventana corta: los dos picos se funden en uno')):  53%|#####3    | 32/60 [00:06<00:05,  
5.41it/s]
Animation 13: FadeOut(Text('ventana corta: los dos picos se funden en uno')):  55%|#####5    | 33/60 [00:06<00:05,  
5.38it/s]
Animation 13: FadeOut(Text('ventana corta: los dos picos se funden en uno')):  57%|#####6    | 34/60 [00:06<00:04,  
5.25it/s]
Animation 13: FadeOut(Text('ventana corta: los dos picos se funden en uno')):  58%|#####8    | 35/60 [00:06<00:04,  
5.29it/s]
Animation 13: FadeOut(Text('ventana corta: los dos picos se funden en uno')):  60%|######    | 36/60 [00:06<00:04,  
5.31it/s]
Animation 13: FadeOut(Text('ventana corta: los dos picos se funden en uno')):  62%|######1   | 37/60 [00:06<00:04,  
5.33it/s]
Animation 13: FadeOut(Text('ventana corta: los dos picos se funden en uno')):  63%|######3   | 38/60 [00:07<00:04,  
5.33it/s]
Animation 13: FadeOut(Text('ventana corta: los dos picos se funden en uno')):  65%|######5   | 39/60 [00:07<00:04,  
4.99it/s]
Animation 13: FadeOut(Text('ventana corta: los dos picos se funden en uno')):  67%|######6   | 40/60 [00:07<00:03,  
5.11it/s]
Animation 13: FadeOut(Text('ventana corta: los dos picos se funden en uno')):  68%|######8   | 41/60 [00:07<00:03,  
5.14it/s]
Animation 13: FadeOut(Text('ventana corta: los dos picos se funden en uno')):  70%|#######   | 42/60 [00:07<00:03,  
5.18it/s]
Animation 13: FadeOut(Text('ventana corta: los dos picos se funden en uno')):  72%|#######1  | 43/60 [00:08<00:03,  
4.44it/s]
Animation 13: FadeOut(Text('ventana corta: los dos picos se funden en uno')):  73%|#######3  | 44/60 [00:08<00:03,  
4.63it/s]
Animation 13: FadeOut(Text('ventana corta: los dos picos se funden en uno')):  75%|#######5  | 45/60 [00:08<00:03,  
4.78it/s]
Animation 13: FadeOut(Text('ventana corta: los dos picos se funden en uno')):  77%|#######6  | 46/60 [00:08<00:02,  
4.88it/s]
Animation 13: FadeOut(Text('ventana corta: los dos picos se funden en uno')):  78%|#######8  | 47/60 [00:09<00:02,  
4.99it/s]
Animation 13: FadeOut(Text('ventana corta: los dos picos se funden en uno')):  80%|########  | 48/60 [00:09<00:02,  
5.06it/s]
Animation 13: FadeOut(Text('ventana corta: los dos picos se funden en uno')):  82%|########1 | 49/60 [00:09<00:02,  
5.07it/s]
Animation 13: FadeOut(Text('ventana corta: los dos picos se funden en uno')):  83%|########3 | 50/60 [00:09<00:01,  
5.15it/s]
Animation 13: FadeOut(Text('ventana corta: los dos picos se funden en uno')):  85%|########5 | 51/60 [00:09<00:01,  
5.21it/s]
Animation 13: FadeOut(Text('ventana corta: los dos picos se funden en uno')):  87%|########6 | 52/60 [00:09<00:01,  
5.15it/s]
Animation 13: FadeOut(Text('ventana corta: los dos picos se funden en uno')):  88%|########8 | 53/60 [00:10<00:01,  
5.15it/s]
Animation 13: FadeOut(Text('ventana corta: los dos picos se funden en uno')):  90%|######### | 54/60 [00:10<00:01,  
5.19it/s]
Animation 13: FadeOut(Text('ventana corta: los dos picos se funden en uno')):  92%|#########1| 55/60 [00:10<00:00,  
5.23it/s]
Animation 13: FadeOut(Text('ventana corta: los dos picos se funden en uno')):  93%|#########3| 56/60 [00:10<00:00,  
5.19it/s]
Animation 13: FadeOut(Text('ventana corta: los dos picos se funden en uno')):  95%|#########5| 57/60 [00:10<00:00,  
5.21it/s]
Animation 13: FadeOut(Text('ventana corta: los dos picos se funden en uno')):  97%|#########6| 58/60 [00:11<00:00,  
5.22it/s]
Animation 13: FadeOut(Text('ventana corta: los dos picos se funden en uno')):  98%|#########8| 59/60 [00:11<00:00,  
5.26it/s]
Animation 13: FadeOut(Text('ventana corta: los dos picos se funden en uno')): 100%|##########| 60/60 [00:11<00:00,  
5.22it/s]
[09/08/26 21:26:45] INFO     Animation 13 : Partial    scene_file_writer.py:192
                             movie file written in                             
                             'C:\Users\Nacho\Documents                         
                             \Animaciones\Capitulo                             
                             11\media\videos\s07_resol                         
                             ucion\1080p60\partial_mov                         
                             ie_files\Resolucion\29324                         
                             40949_1780469405_10513539                         
                             13.mp4'                                           
                                                                                                                       
      

Animation 14: _MethodAnimation(ValueTracker):   0%|          | 0/180 [00:00<?, ?it/s]
Animation 14: _MethodAnimation(ValueTracker):   1%|          | 1/180 [00:00<00:28,  6.31it/s]
Animation 14: _MethodAnimation(ValueTracker):   1%|1         | 2/180 [00:00<00:35,  5.06it/s]
Animation 14: _MethodAnimation(ValueTracker):   2%|1         | 3/180 [00:00<00:33,  5.31it/s]
Animation 14: _MethodAnimation(ValueTracker):   2%|2         | 4/180 [00:00<00:31,  5.56it/s]
Animation 14: _MethodAnimation(ValueTracker):   3%|2         | 5/180 [00:00<00:30,  5.67it/s]
Animation 14: _MethodAnimation(ValueTracker):   3%|3         | 6/180 [00:01<00:30,  5.73it/s]
Animation 14: _MethodAnimation(ValueTracker):   4%|3         | 7/180 [00:01<00:30,  5.69it/s]
Animation 14: _MethodAnimation(ValueTracker):   4%|4         | 8/180 [00:01<00:30,  5.71it/s]
Animation 14: _MethodAnimation(ValueTracker):   5%|5         | 9/180 [00:01<00:29,  5.70it/s]
Animation 14: _MethodAnimation(ValueTracker):   6%|5         | 10/180 [00:01<00:30,  5.49it/s]
Animation 14: _MethodAnimation(ValueTracker):   6%|6         | 11/180 [00:01<00:30,  5.55it/s]
Animation 14: _MethodAnimation(ValueTracker):   7%|6         | 12/180 [00:02<00:31,  5.38it/s]
Animation 14: _MethodAnimation(ValueTracker):   7%|7         | 13/180 [00:02<00:31,  5.28it/s]
Animation 14: _MethodAnimation(ValueTracker):   8%|7         | 14/180 [00:02<00:30,  5.42it/s]
Animation 14: _MethodAnimation(ValueTracker):   8%|8         | 15/180 [00:02<00:30,  5.48it/s]
Animation 14: _MethodAnimation(ValueTracker):   9%|8         | 16/180 [00:02<00:29,  5.50it/s]
Animation 14: _MethodAnimation(ValueTracker):   9%|9         | 17/180 [00:03<00:30,  5.37it/s]
Animation 14: _MethodAnimation(ValueTracker):  10%|#         | 18/180 [00:03<00:30,  5.39it/s]
Animation 14: _MethodAnimation(ValueTracker):  11%|#         | 19/180 [00:03<00:30,  5.23it/s]
Animation 14: _MethodAnimation(ValueTracker):  11%|#1        | 20/180 [00:03<00:30,  5.32it/s]
Animation 14: _MethodAnimation(ValueTracker):  12%|#1        | 21/180 [00:03<00:29,  5.32it/s]
Animation 14: _MethodAnimation(ValueTracker):  12%|#2        | 22/180 [00:04<00:29,  5.35it/s]
Animation 14: _MethodAnimation(ValueTracker):  13%|#2        | 23/180 [00:04<00:29,  5.41it/s]
Animation 14: _MethodAnimation(ValueTracker):  13%|#3        | 24/180 [00:04<00:28,  5.43it/s]
Animation 14: _MethodAnimation(ValueTracker):  14%|#3        | 25/180 [00:04<00:28,  5.47it/s]
Animation 14: _MethodAnimation(ValueTracker):  14%|#4        | 26/180 [00:04<00:28,  5.35it/s]
Animation 14: _MethodAnimation(ValueTracker):  15%|#5        | 27/180 [00:04<00:28,  5.38it/s]
Animation 14: _MethodAnimation(ValueTracker):  16%|#5        | 28/180 [00:05<00:28,  5.42it/s]
Animation 14: _MethodAnimation(ValueTracker):  16%|#6        | 29/180 [00:05<00:28,  5.32it/s]
Animation 14: _MethodAnimation(ValueTracker):  17%|#6        | 30/180 [00:05<00:28,  5.33it/s]
Animation 14: _MethodAnimation(ValueTracker):  17%|#7        | 31/180 [00:05<00:28,  5.29it/s]
Animation 14: _MethodAnimation(ValueTracker):  18%|#7        | 32/180 [00:05<00:28,  5.28it/s]
Animation 14: _MethodAnimation(ValueTracker):  18%|#8        | 33/180 [00:06<00:27,  5.29it/s]
Animation 14: _MethodAnimation(ValueTracker):  19%|#8        | 34/180 [00:06<00:27,  5.31it/s]
Animation 14: _MethodAnimation(ValueTracker):  19%|#9        | 35/180 [00:06<00:27,  5.28it/s]
Animation 14: _MethodAnimation(ValueTracker):  20%|##        | 36/180 [00:06<00:27,  5.31it/s]
Animation 14: _MethodAnimation(ValueTracker):  21%|##        | 37/180 [00:06<00:27,  5.29it/s]
Animation 14: _MethodAnimation(ValueTracker):  21%|##1       | 38/180 [00:07<00:27,  5.24it/s]
Animation 14: _MethodAnimation(ValueTracker):  22%|##1       | 39/180 [00:07<00:26,  5.25it/s]
Animation 14: _MethodAnimation(ValueTracker):  22%|##2       | 40/180 [00:07<00:26,  5.19it/s]
Animation 14: _MethodAnimation(ValueTracker):  23%|##2       | 41/180 [00:07<00:26,  5.19it/s]
Animation 14: _MethodAnimation(ValueTracker):  23%|##3       | 42/180 [00:07<00:30,  4.46it/s]
Animation 14: _MethodAnimation(ValueTracker):  24%|##3       | 43/180 [00:08<00:33,  4.04it/s]
Animation 14: _MethodAnimation(ValueTracker):  24%|##4       | 44/180 [00:08<00:31,  4.33it/s]
Animation 14: _MethodAnimation(ValueTracker):  25%|##5       | 45/180 [00:08<00:29,  4.55it/s]
Animation 14: _MethodAnimation(ValueTracker):  26%|##5       | 46/180 [00:08<00:28,  4.71it/s]
Animation 14: _MethodAnimation(ValueTracker):  26%|##6       | 47/180 [00:08<00:27,  4.85it/s]
Animation 14: _MethodAnimation(ValueTracker):  27%|##6       | 48/180 [00:09<00:27,  4.78it/s]
Animation 14: _MethodAnimation(ValueTracker):  27%|##7       | 49/180 [00:09<00:27,  4.84it/s]
Animation 14: _MethodAnimation(ValueTracker):  28%|##7       | 50/180 [00:09<00:26,  4.88it/s]
Animation 14: _MethodAnimation(ValueTracker):  28%|##8       | 51/180 [00:09<00:26,  4.91it/s]
Animation 14: _MethodAnimation(ValueTracker):  29%|##8       | 52/180 [00:10<00:26,  4.87it/s]
Animation 14: _MethodAnimation(ValueTracker):  29%|##9       | 53/180 [00:10<00:25,  4.95it/s]
Animation 14: _MethodAnimation(ValueTracker):  30%|###       | 54/180 [00:10<00:25,  5.01it/s]
Animation 14: _MethodAnimation(ValueTracker):  31%|###       | 55/180 [00:10<00:24,  5.07it/s]
Animation 14: _MethodAnimation(ValueTracker):  31%|###1      | 56/180 [00:10<00:24,  4.96it/s]
Animation 14: _MethodAnimation(ValueTracker):  32%|###1      | 57/180 [00:11<00:24,  5.01it/s]
Animation 14: _MethodAnimation(ValueTracker):  32%|###2      | 58/180 [00:11<00:24,  5.06it/s]
Animation 14: _MethodAnimation(ValueTracker):  33%|###2      | 59/180 [00:11<00:23,  5.11it/s]
Animation 14: _MethodAnimation(ValueTracker):  33%|###3      | 60/180 [00:11<00:23,  5.11it/s]
Animation 14: _MethodAnimation(ValueTracker):  34%|###3      | 61/180 [00:11<00:23,  5.13it/s]
Animation 14: _MethodAnimation(ValueTracker):  34%|###4      | 62/180 [00:12<00:24,  4.76it/s]
Animation 14: _MethodAnimation(ValueTracker):  35%|###5      | 63/180 [00:12<00:23,  4.88it/s]
Animation 14: _MethodAnimation(ValueTracker):  36%|###5      | 64/180 [00:12<00:23,  4.88it/s]
Animation 14: _MethodAnimation(ValueTracker):  36%|###6      | 65/180 [00:12<00:23,  4.99it/s]
Animation 14: _MethodAnimation(ValueTracker):  37%|###6      | 66/180 [00:12<00:22,  4.98it/s]
Animation 14: _MethodAnimation(ValueTracker):  37%|###7      | 67/180 [00:13<00:22,  5.01it/s]
Animation 14: _MethodAnimation(ValueTracker):  38%|###7      | 68/180 [00:13<00:22,  4.96it/s]
Animation 14: _MethodAnimation(ValueTracker):  38%|###8      | 69/180 [00:13<00:21,  5.05it/s]
Animation 14: _MethodAnimation(ValueTracker):  39%|###8      | 70/180 [00:13<00:21,  5.08it/s]
Animation 14: _MethodAnimation(ValueTracker):  39%|###9      | 71/180 [00:13<00:21,  5.11it/s]
Animation 14: _MethodAnimation(ValueTracker):  40%|####      | 72/180 [00:13<00:21,  5.09it/s]
Animation 14: _MethodAnimation(ValueTracker):  41%|####      | 73/180 [00:14<00:20,  5.14it/s]
Animation 14: _MethodAnimation(ValueTracker):  41%|####1     | 74/180 [00:14<00:20,  5.19it/s]
Animation 14: _MethodAnimation(ValueTracker):  42%|####1     | 75/180 [00:14<00:20,  5.18it/s]
Animation 14: _MethodAnimation(ValueTracker):  42%|####2     | 76/180 [00:14<00:20,  5.16it/s]
Animation 14: _MethodAnimation(ValueTracker):  43%|####2     | 77/180 [00:14<00:20,  5.13it/s]
Animation 14: _MethodAnimation(ValueTracker):  43%|####3     | 78/180 [00:15<00:20,  5.07it/s]
Animation 14: _MethodAnimation(ValueTracker):  44%|####3     | 79/180 [00:15<00:19,  5.12it/s]
Animation 14: _MethodAnimation(ValueTracker):  44%|####4     | 80/180 [00:15<00:19,  5.09it/s]
Animation 14: _MethodAnimation(ValueTracker):  45%|####5     | 81/180 [00:15<00:19,  5.18it/s]
Animation 14: _MethodAnimation(ValueTracker):  46%|####5     | 82/180 [00:15<00:18,  5.24it/s]
Animation 14: _MethodAnimation(ValueTracker):  46%|####6     | 83/180 [00:16<00:18,  5.22it/s]
Animation 14: _MethodAnimation(ValueTracker):  47%|####6     | 84/180 [00:16<00:18,  5.19it/s]
Animation 14: _MethodAnimation(ValueTracker):  47%|####7     | 85/180 [00:16<00:18,  5.23it/s]
Animation 14: _MethodAnimation(ValueTracker):  48%|####7     | 86/180 [00:16<00:17,  5.23it/s]
Animation 14: _MethodAnimation(ValueTracker):  48%|####8     | 87/180 [00:16<00:17,  5.25it/s]
Animation 14: _MethodAnimation(ValueTracker):  49%|####8     | 88/180 [00:17<00:17,  5.21it/s]
Animation 14: _MethodAnimation(ValueTracker):  49%|####9     | 89/180 [00:17<00:17,  5.27it/s]
Animation 14: _MethodAnimation(ValueTracker):  50%|#####     | 90/180 [00:17<00:17,  5.29it/s]
Animation 14: _MethodAnimation(ValueTracker):  51%|#####     | 91/180 [00:17<00:16,  5.29it/s]
Animation 14: _MethodAnimation(ValueTracker):  51%|#####1    | 92/180 [00:17<00:16,  5.20it/s]
Animation 14: _MethodAnimation(ValueTracker):  52%|#####1    | 93/180 [00:18<00:16,  5.21it/s]
Animation 14: _MethodAnimation(ValueTracker):  52%|#####2    | 94/180 [00:18<00:16,  5.15it/s]
Animation 14: _MethodAnimation(ValueTracker):  53%|#####2    | 95/180 [00:18<00:16,  5.10it/s]
Animation 14: _MethodAnimation(ValueTracker):  53%|#####3    | 96/180 [00:18<00:16,  4.98it/s]
Animation 14: _MethodAnimation(ValueTracker):  54%|#####3    | 97/180 [00:18<00:16,  4.94it/s]
Animation 14: _MethodAnimation(ValueTracker):  54%|#####4    | 98/180 [00:19<00:16,  4.95it/s]
Animation 14: _MethodAnimation(ValueTracker):  55%|#####5    | 99/180 [00:19<00:16,  4.95it/s]
Animation 14: _MethodAnimation(ValueTracker):  56%|#####5    | 100/180 [00:19<00:16,  4.90it/s]
Animation 14: _MethodAnimation(ValueTracker):  56%|#####6    | 101/180 [00:19<00:16,  4.93it/s]
Animation 14: _MethodAnimation(ValueTracker):  57%|#####6    | 102/180 [00:19<00:15,  4.94it/s]
Animation 14: _MethodAnimation(ValueTracker):  57%|#####7    | 103/180 [00:20<00:15,  4.90it/s]
Animation 14: _MethodAnimation(ValueTracker):  58%|#####7    | 104/180 [00:20<00:15,  4.89it/s]
Animation 14: _MethodAnimation(ValueTracker):  58%|#####8    | 105/180 [00:20<00:15,  4.92it/s]
Animation 14: _MethodAnimation(ValueTracker):  59%|#####8    | 106/180 [00:20<00:15,  4.90it/s]
Animation 14: _MethodAnimation(ValueTracker):  59%|#####9    | 107/180 [00:20<00:14,  4.89it/s]
Animation 14: _MethodAnimation(ValueTracker):  60%|######    | 108/180 [00:21<00:14,  4.81it/s]
Animation 14: _MethodAnimation(ValueTracker):  61%|######    | 109/180 [00:21<00:14,  4.86it/s]
Animation 14: _MethodAnimation(ValueTracker):  61%|######1   | 110/180 [00:21<00:14,  4.91it/s]
Animation 14: _MethodAnimation(ValueTracker):  62%|######1   | 111/180 [00:21<00:14,  4.93it/s]
Animation 14: _MethodAnimation(ValueTracker):  62%|######2   | 112/180 [00:21<00:14,  4.79it/s]
Animation 14: _MethodAnimation(ValueTracker):  63%|######2   | 113/180 [00:22<00:13,  4.81it/s]
Animation 14: _MethodAnimation(ValueTracker):  63%|######3   | 114/180 [00:22<00:13,  4.85it/s]
Animation 14: _MethodAnimation(ValueTracker):  64%|######3   | 115/180 [00:22<00:13,  4.92it/s]
Animation 14: _MethodAnimation(ValueTracker):  64%|######4   | 116/180 [00:22<00:13,  4.92it/s]
Animation 14: _MethodAnimation(ValueTracker):  65%|######5   | 117/180 [00:22<00:12,  4.90it/s]
Animation 14: _MethodAnimation(ValueTracker):  66%|######5   | 118/180 [00:23<00:12,  4.95it/s]
Animation 14: _MethodAnimation(ValueTracker):  66%|######6   | 119/180 [00:23<00:12,  4.96it/s]
Animation 14: _MethodAnimation(ValueTracker):  67%|######6   | 120/180 [00:23<00:12,  4.91it/s]
Animation 14: _MethodAnimation(ValueTracker):  67%|######7   | 121/180 [00:23<00:11,  5.00it/s]
Animation 14: _MethodAnimation(ValueTracker):  68%|######7   | 122/180 [00:23<00:11,  5.01it/s]
Animation 14: _MethodAnimation(ValueTracker):  68%|######8   | 123/180 [00:24<00:11,  5.01it/s]
Animation 14: _MethodAnimation(ValueTracker):  69%|######8   | 124/180 [00:24<00:11,  4.95it/s]
Animation 14: _MethodAnimation(ValueTracker):  69%|######9   | 125/180 [00:24<00:11,  4.99it/s]
Animation 14: _MethodAnimation(ValueTracker):  70%|#######   | 126/180 [00:24<00:10,  4.95it/s]
Animation 14: _MethodAnimation(ValueTracker):  71%|#######   | 127/180 [00:24<00:10,  5.00it/s]
Animation 14: _MethodAnimation(ValueTracker):  71%|#######1  | 128/180 [00:25<00:10,  4.94it/s]
Animation 14: _MethodAnimation(ValueTracker):  72%|#######1  | 129/180 [00:25<00:10,  4.96it/s]
Animation 14: _MethodAnimation(ValueTracker):  72%|#######2  | 130/180 [00:25<00:09,  5.03it/s]
Animation 14: _MethodAnimation(ValueTracker):  73%|#######2  | 131/180 [00:25<00:09,  5.03it/s]
Animation 14: _MethodAnimation(ValueTracker):  73%|#######3  | 132/180 [00:25<00:09,  5.01it/s]
Animation 14: _MethodAnimation(ValueTracker):  74%|#######3  | 133/180 [00:26<00:09,  5.01it/s]
Animation 14: _MethodAnimation(ValueTracker):  74%|#######4  | 134/180 [00:26<00:09,  5.04it/s]
Animation 14: _MethodAnimation(ValueTracker):  75%|#######5  | 135/180 [00:26<00:09,  4.93it/s]
Animation 14: _MethodAnimation(ValueTracker):  76%|#######5  | 136/180 [00:26<00:08,  4.89it/s]
Animation 14: _MethodAnimation(ValueTracker):  76%|#######6  | 137/180 [00:26<00:08,  4.92it/s]
Animation 14: _MethodAnimation(ValueTracker):  77%|#######6  | 138/180 [00:27<00:08,  4.98it/s]
Animation 14: _MethodAnimation(ValueTracker):  77%|#######7  | 139/180 [00:27<00:08,  5.09it/s]
Animation 14: _MethodAnimation(ValueTracker):  78%|#######7  | 140/180 [00:27<00:07,  5.02it/s]
Animation 14: _MethodAnimation(ValueTracker):  78%|#######8  | 141/180 [00:27<00:07,  5.04it/s]
Animation 14: _MethodAnimation(ValueTracker):  79%|#######8  | 142/180 [00:27<00:07,  5.04it/s]
Animation 14: _MethodAnimation(ValueTracker):  79%|#######9  | 143/180 [00:28<00:07,  5.03it/s]
Animation 14: _MethodAnimation(ValueTracker):  80%|########  | 144/180 [00:28<00:07,  4.96it/s]
Animation 14: _MethodAnimation(ValueTracker):  81%|########  | 145/180 [00:28<00:07,  4.98it/s]
Animation 14: _MethodAnimation(ValueTracker):  81%|########1 | 146/180 [00:28<00:06,  4.95it/s]
Animation 14: _MethodAnimation(ValueTracker):  82%|########1 | 147/180 [00:28<00:06,  5.00it/s]
Animation 14: _MethodAnimation(ValueTracker):  82%|########2 | 148/180 [00:29<00:06,  4.91it/s]
Animation 14: _MethodAnimation(ValueTracker):  83%|########2 | 149/180 [00:29<00:06,  4.89it/s]
Animation 14: _MethodAnimation(ValueTracker):  83%|########3 | 150/180 [00:29<00:06,  4.93it/s]
Animation 14: _MethodAnimation(ValueTracker):  84%|########3 | 151/180 [00:29<00:05,  4.97it/s]
Animation 14: _MethodAnimation(ValueTracker):  84%|########4 | 152/180 [00:29<00:05,  4.82it/s]
Animation 14: _MethodAnimation(ValueTracker):  85%|########5 | 153/180 [00:30<00:05,  4.82it/s]
Animation 14: _MethodAnimation(ValueTracker):  86%|########5 | 154/180 [00:30<00:05,  4.87it/s]
Animation 14: _MethodAnimation(ValueTracker):  86%|########6 | 155/180 [00:30<00:05,  4.90it/s]
Animation 14: _MethodAnimation(ValueTracker):  87%|########6 | 156/180 [00:30<00:04,  4.84it/s]
Animation 14: _MethodAnimation(ValueTracker):  87%|########7 | 157/180 [00:31<00:04,  4.87it/s]
Animation 14: _MethodAnimation(ValueTracker):  88%|########7 | 158/180 [00:31<00:04,  4.93it/s]
Animation 14: _MethodAnimation(ValueTracker):  88%|########8 | 159/180 [00:31<00:04,  4.96it/s]
Animation 14: _MethodAnimation(ValueTracker):  89%|########8 | 160/180 [00:31<00:04,  4.92it/s]
Animation 14: _MethodAnimation(ValueTracker):  89%|########9 | 161/180 [00:31<00:03,  4.97it/s]
Animation 14: _MethodAnimation(ValueTracker):  90%|######### | 162/180 [00:32<00:03,  4.99it/s]
Animation 14: _MethodAnimation(ValueTracker):  91%|######### | 163/180 [00:32<00:03,  4.99it/s]
Animation 14: _MethodAnimation(ValueTracker):  91%|#########1| 164/180 [00:32<00:03,  4.96it/s]
Animation 14: _MethodAnimation(ValueTracker):  92%|#########1| 165/180 [00:32<00:03,  4.97it/s]
Animation 14: _MethodAnimation(ValueTracker):  92%|#########2| 166/180 [00:32<00:02,  4.96it/s]
Animation 14: _MethodAnimation(ValueTracker):  93%|#########2| 167/180 [00:33<00:02,  4.90it/s]
Animation 14: _MethodAnimation(ValueTracker):  93%|#########3| 168/180 [00:33<00:02,  4.85it/s]
Animation 14: _MethodAnimation(ValueTracker):  94%|#########3| 169/180 [00:33<00:02,  4.89it/s]
Animation 14: _MethodAnimation(ValueTracker):  94%|#########4| 170/180 [00:33<00:02,  4.23it/s]
Animation 14: _MethodAnimation(ValueTracker):  95%|#########5| 171/180 [00:33<00:02,  4.38it/s]
Animation 14: _MethodAnimation(ValueTracker):  96%|#########5| 172/180 [00:34<00:01,  4.48it/s]
Animation 14: _MethodAnimation(ValueTracker):  96%|#########6| 173/180 [00:34<00:01,  4.58it/s]
Animation 14: _MethodAnimation(ValueTracker):  97%|#########6| 174/180 [00:34<00:01,  4.70it/s]
Animation 14: _MethodAnimation(ValueTracker):  97%|#########7| 175/180 [00:34<00:01,  4.77it/s]
Animation 14: _MethodAnimation(ValueTracker):  98%|#########7| 176/180 [00:34<00:00,  4.78it/s]
Animation 14: _MethodAnimation(ValueTracker):  98%|#########8| 177/180 [00:35<00:00,  4.81it/s]
Animation 14: _MethodAnimation(ValueTracker):  99%|#########8| 178/180 [00:35<00:00,  4.89it/s]
Animation 14: _MethodAnimation(ValueTracker):  99%|#########9| 179/180 [00:35<00:00,  4.93it/s]
Animation 14: _MethodAnimation(ValueTracker): 100%|##########| 180/180 [00:35<00:00,  4.89it/s]
[09/08/26 21:27:21] INFO     Animation 14 : Partial    scene_file_writer.py:192
                             movie file written in                             
                             'C:\Users\Nacho\Documents                         
                             \Animaciones\Capitulo                             
                             11\media\videos\s07_resol                         
                             ucion\1080p60\partial_mov                         
                             ie_files\Resolucion\29324                         
                             40949_3733310403_31066646                         
                             00.mp4'                                           
[09/08/26 21:27:22] INFO     Animation 15 : Partial    scene_file_writer.py:192
                             movie file written in                             
                             'C:\Users\Nacho\Documents                         
                             \Animaciones\Capitulo                             
                             11\media\videos\s07_resol                         
                             ucion\1080p60\partial_mov                         
                             ie_files\Resolucion\29324                         
                             40949_241228271_375921942                         
                             3.mp4'                                            
                                                                                               

Animation 16: FadeIn(Text('ventana larga: ahora sí se resuelven')):   0%|          | 0/60 [00:00<?, ?it/s]
Animation 16: FadeIn(Text('ventana larga: ahora sí se resuelven')):   2%|1         | 1/60 [00:00<00:11,  5.11it/s]
Animation 16: FadeIn(Text('ventana larga: ahora sí se resuelven')):   3%|3         | 2/60 [00:00<00:12,  4.82it/s]
Animation 16: FadeIn(Text('ventana larga: ahora sí se resuelven')):   5%|5         | 3/60 [00:00<00:11,  4.82it/s]
Animation 16: FadeIn(Text('ventana larga: ahora sí se resuelven')):   7%|6         | 4/60 [00:00<00:11,  4.77it/s]
Animation 16: FadeIn(Text('ventana larga: ahora sí se resuelven')):   8%|8         | 5/60 [00:01<00:11,  4.77it/s]
Animation 16: FadeIn(Text('ventana larga: ahora sí se resuelven')):  10%|#         | 6/60 [00:01<00:13,  3.87it/s]
Animation 16: FadeIn(Text('ventana larga: ahora sí se resuelven')):  12%|#1        | 7/60 [00:01<00:12,  4.11it/s]
Animation 16: FadeIn(Text('ventana larga: ahora sí se resuelven')):  13%|#3        | 8/60 [00:01<00:12,  4.27it/s]
Animation 16: FadeIn(Text('ventana larga: ahora sí se resuelven')):  15%|#5        | 9/60 [00:02<00:11,  4.38it/s]
Animation 16: FadeIn(Text('ventana larga: ahora sí se resuelven')):  17%|#6        | 10/60 [00:02<00:11,  4.51it/s]
Animation 16: FadeIn(Text('ventana larga: ahora sí se resuelven')):  18%|#8        | 11/60 [00:02<00:10,  4.56it/s]
Animation 16: FadeIn(Text('ventana larga: ahora sí se resuelven')):  20%|##        | 12/60 [00:02<00:10,  4.49it/s]
Animation 16: FadeIn(Text('ventana larga: ahora sí se resuelven')):  22%|##1       | 13/60 [00:02<00:10,  4.54it/s]
Animation 16: FadeIn(Text('ventana larga: ahora sí se resuelven')):  23%|##3       | 14/60 [00:03<00:10,  4.58it/s]
Animation 16: FadeIn(Text('ventana larga: ahora sí se resuelven')):  25%|##5       | 15/60 [00:03<00:09,  4.60it/s]
Animation 16: FadeIn(Text('ventana larga: ahora sí se resuelven')):  27%|##6       | 16/60 [00:03<00:09,  4.58it/s]
Animation 16: FadeIn(Text('ventana larga: ahora sí se resuelven')):  28%|##8       | 17/60 [00:03<00:09,  4.63it/s]
Animation 16: FadeIn(Text('ventana larga: ahora sí se resuelven')):  30%|###       | 18/60 [00:03<00:09,  4.66it/s]
Animation 16: FadeIn(Text('ventana larga: ahora sí se resuelven')):  32%|###1      | 19/60 [00:04<00:08,  4.68it/s]
Animation 16: FadeIn(Text('ventana larga: ahora sí se resuelven')):  33%|###3      | 20/60 [00:04<00:08,  4.58it/s]
Animation 16: FadeIn(Text('ventana larga: ahora sí se resuelven')):  35%|###5      | 21/60 [00:04<00:08,  4.61it/s]
Animation 16: FadeIn(Text('ventana larga: ahora sí se resuelven')):  37%|###6      | 22/60 [00:04<00:08,  4.65it/s]
Animation 16: FadeIn(Text('ventana larga: ahora sí se resuelven')):  38%|###8      | 23/60 [00:05<00:07,  4.66it/s]
Animation 16: FadeIn(Text('ventana larga: ahora sí se resuelven')):  40%|####      | 24/60 [00:05<00:07,  4.68it/s]
Animation 16: FadeIn(Text('ventana larga: ahora sí se resuelven')):  42%|####1     | 25/60 [00:05<00:07,  4.70it/s]
Animation 16: FadeIn(Text('ventana larga: ahora sí se resuelven')):  43%|####3     | 26/60 [00:05<00:07,  4.71it/s]
Animation 16: FadeIn(Text('ventana larga: ahora sí se resuelven')):  45%|####5     | 27/60 [00:05<00:06,  4.72it/s]
Animation 16: FadeIn(Text('ventana larga: ahora sí se resuelven')):  47%|####6     | 28/60 [00:06<00:06,  4.67it/s]
Animation 16: FadeIn(Text('ventana larga: ahora sí se resuelven')):  48%|####8     | 29/60 [00:06<00:06,  4.65it/s]
Animation 16: FadeIn(Text('ventana larga: ahora sí se resuelven')):  50%|#####     | 30/60 [00:06<00:06,  4.69it/s]
Animation 16: FadeIn(Text('ventana larga: ahora sí se resuelven')):  52%|#####1    | 31/60 [00:06<00:06,  4.71it/s]
Animation 16: FadeIn(Text('ventana larga: ahora sí se resuelven')):  53%|#####3    | 32/60 [00:06<00:05,  4.67it/s]
Animation 16: FadeIn(Text('ventana larga: ahora sí se resuelven')):  55%|#####5    | 33/60 [00:07<00:05,  4.72it/s]
Animation 16: FadeIn(Text('ventana larga: ahora sí se resuelven')):  57%|#####6    | 34/60 [00:07<00:05,  4.72it/s]
Animation 16: FadeIn(Text('ventana larga: ahora sí se resuelven')):  58%|#####8    | 35/60 [00:07<00:05,  4.75it/s]
Animation 16: FadeIn(Text('ventana larga: ahora sí se resuelven')):  60%|######    | 36/60 [00:07<00:05,  4.76it/s]
Animation 16: FadeIn(Text('ventana larga: ahora sí se resuelven')):  62%|######1   | 37/60 [00:08<00:04,  4.73it/s]
Animation 16: FadeIn(Text('ventana larga: ahora sí se resuelven')):  63%|######3   | 38/60 [00:08<00:04,  4.72it/s]
Animation 16: FadeIn(Text('ventana larga: ahora sí se resuelven')):  65%|######5   | 39/60 [00:08<00:04,  4.73it/s]
Animation 16: FadeIn(Text('ventana larga: ahora sí se resuelven')):  67%|######6   | 40/60 [00:08<00:04,  4.70it/s]
Animation 16: FadeIn(Text('ventana larga: ahora sí se resuelven')):  68%|######8   | 41/60 [00:08<00:04,  4.71it/s]
Animation 16: FadeIn(Text('ventana larga: ahora sí se resuelven')):  70%|#######   | 42/60 [00:09<00:03,  4.69it/s]
Animation 16: FadeIn(Text('ventana larga: ahora sí se resuelven')):  72%|#######1  | 43/60 [00:09<00:04,  4.14it/s]
Animation 16: FadeIn(Text('ventana larga: ahora sí se resuelven')):  73%|#######3  | 44/60 [00:09<00:03,  4.27it/s]
Animation 16: FadeIn(Text('ventana larga: ahora sí se resuelven')):  75%|#######5  | 45/60 [00:09<00:03,  4.35it/s]
Animation 16: FadeIn(Text('ventana larga: ahora sí se resuelven')):  77%|#######6  | 46/60 [00:10<00:03,  4.45it/s]
Animation 16: FadeIn(Text('ventana larga: ahora sí se resuelven')):  78%|#######8  | 47/60 [00:10<00:02,  4.50it/s]
Animation 16: FadeIn(Text('ventana larga: ahora sí se resuelven')):  80%|########  | 48/60 [00:10<00:02,  4.50it/s]
Animation 16: FadeIn(Text('ventana larga: ahora sí se resuelven')):  82%|########1 | 49/60 [00:10<00:02,  4.54it/s]
Animation 16: FadeIn(Text('ventana larga: ahora sí se resuelven')):  83%|########3 | 50/60 [00:10<00:02,  4.56it/s]
Animation 16: FadeIn(Text('ventana larga: ahora sí se resuelven')):  85%|########5 | 51/60 [00:11<00:01,  4.60it/s]
Animation 16: FadeIn(Text('ventana larga: ahora sí se resuelven')):  87%|########6 | 52/60 [00:11<00:01,  4.58it/s]
Animation 16: FadeIn(Text('ventana larga: ahora sí se resuelven')):  88%|########8 | 53/60 [00:11<00:01,  4.62it/s]
Animation 16: FadeIn(Text('ventana larga: ahora sí se resuelven')):  90%|######### | 54/60 [00:11<00:01,  4.64it/s]
Animation 16: FadeIn(Text('ventana larga: ahora sí se resuelven')):  92%|#########1| 55/60 [00:11<00:01,  4.64it/s]
Animation 16: FadeIn(Text('ventana larga: ahora sí se resuelven')):  93%|#########3| 56/60 [00:12<00:00,  4.46it/s]
Animation 16: FadeIn(Text('ventana larga: ahora sí se resuelven')):  95%|#########5| 57/60 [00:12<00:00,  4.49it/s]
Animation 16: FadeIn(Text('ventana larga: ahora sí se resuelven')):  97%|#########6| 58/60 [00:12<00:00,  4.54it/s]
Animation 16: FadeIn(Text('ventana larga: ahora sí se resuelven')):  98%|#########8| 59/60 [00:12<00:00,  4.62it/s]
Animation 16: FadeIn(Text('ventana larga: ahora sí se resuelven')): 100%|##########| 60/60 [00:13<00:00,  4.55it/s]
[09/08/26 21:27:37] INFO     Animation 16 : Partial    scene_file_writer.py:192
                             movie file written in                             
                             'C:\Users\Nacho\Documents                         
                             \Animaciones\Capitulo                             
                             11\media\videos\s07_resol                         
                             ucion\1080p60\partial_mov                         
                             ie_files\Resolucion\29324                         
                             40949_652840196_384270560                         
                             9.mp4'                                            
[09/08/26 21:27:40] INFO     Animation 17 : Partial    scene_file_writer.py:192
                             movie file written in                             
                             'C:\Users\Nacho\Documents                         
                             \Animaciones\Capitulo                             
                             11\media\videos\s07_resol                         
                             ucion\1080p60\partial_mov                         
                             ie_files\Resolucion\29324                         
                             40949_3810316983_32297135                         
                             72.mp4'                                           
                                                                                                                   

Animation 18: FadeOut(Text('ventana larga: ahora sí se resuelven')):   0%|          | 0/60 [00:00<?, ?it/s]
Animation 18: FadeOut(Text('ventana larga: ahora sí se resuelven')):   2%|1         | 1/60 [00:00<00:11,  4.99it/s]
Animation 18: FadeOut(Text('ventana larga: ahora sí se resuelven')):   3%|3         | 2/60 [00:00<00:12,  4.71it/s]
Animation 18: FadeOut(Text('ventana larga: ahora sí se resuelven')):   5%|5         | 3/60 [00:00<00:12,  4.69it/s]
Animation 18: FadeOut(Text('ventana larga: ahora sí se resuelven')):   7%|6         | 4/60 [00:00<00:11,  4.69it/s]
Animation 18: FadeOut(Text('ventana larga: ahora sí se resuelven')):   8%|8         | 5/60 [00:01<00:11,  4.72it/s]
Animation 18: FadeOut(Text('ventana larga: ahora sí se resuelven')):  10%|#         | 6/60 [00:01<00:11,  4.72it/s]
Animation 18: FadeOut(Text('ventana larga: ahora sí se resuelven')):  12%|#1        | 7/60 [00:01<00:11,  4.75it/s]
Animation 18: FadeOut(Text('ventana larga: ahora sí se resuelven')):  13%|#3        | 8/60 [00:01<00:10,  4.75it/s]
Animation 18: FadeOut(Text('ventana larga: ahora sí se resuelven')):  15%|#5        | 9/60 [00:01<00:10,  4.78it/s]
Animation 18: FadeOut(Text('ventana larga: ahora sí se resuelven')):  17%|#6        | 10/60 [00:02<00:10,  4.78it/s]
Animation 18: FadeOut(Text('ventana larga: ahora sí se resuelven')):  18%|#8        | 11/60 [00:02<00:10,  4.76it/s]
Animation 18: FadeOut(Text('ventana larga: ahora sí se resuelven')):  20%|##        | 12/60 [00:02<00:10,  4.77it/s]
Animation 18: FadeOut(Text('ventana larga: ahora sí se resuelven')):  22%|##1       | 13/60 [00:02<00:09,  4.74it/s]
Animation 18: FadeOut(Text('ventana larga: ahora sí se resuelven')):  23%|##3       | 14/60 [00:02<00:09,  4.73it/s]
Animation 18: FadeOut(Text('ventana larga: ahora sí se resuelven')):  25%|##5       | 15/60 [00:03<00:09,  4.69it/s]
Animation 18: FadeOut(Text('ventana larga: ahora sí se resuelven')):  27%|##6       | 16/60 [00:03<00:09,  4.69it/s]
Animation 18: FadeOut(Text('ventana larga: ahora sí se resuelven')):  28%|##8       | 17/60 [00:03<00:09,  4.70it/s]
Animation 18: FadeOut(Text('ventana larga: ahora sí se resuelven')):  30%|###       | 18/60 [00:03<00:08,  4.69it/s]
Animation 18: FadeOut(Text('ventana larga: ahora sí se resuelven')):  32%|###1      | 19/60 [00:04<00:08,  4.69it/s]
Animation 18: FadeOut(Text('ventana larga: ahora sí se resuelven')):  33%|###3      | 20/60 [00:04<00:08,  4.67it/s]
Animation 18: FadeOut(Text('ventana larga: ahora sí se resuelven')):  35%|###5      | 21/60 [00:04<00:08,  4.69it/s]
Animation 18: FadeOut(Text('ventana larga: ahora sí se resuelven')):  37%|###6      | 22/60 [00:04<00:08,  4.68it/s]
Animation 18: FadeOut(Text('ventana larga: ahora sí se resuelven')):  38%|###8      | 23/60 [00:04<00:07,  4.70it/s]
Animation 18: FadeOut(Text('ventana larga: ahora sí se resuelven')):  40%|####      | 24/60 [00:05<00:07,  4.70it/s]
Animation 18: FadeOut(Text('ventana larga: ahora sí se resuelven')):  42%|####1     | 25/60 [00:05<00:07,  4.69it/s]
Animation 18: FadeOut(Text('ventana larga: ahora sí se resuelven')):  43%|####3     | 26/60 [00:05<00:07,  4.71it/s]
Animation 18: FadeOut(Text('ventana larga: ahora sí se resuelven')):  45%|####5     | 27/60 [00:05<00:06,  4.72it/s]
Animation 18: FadeOut(Text('ventana larga: ahora sí se resuelven')):  47%|####6     | 28/60 [00:05<00:06,  4.71it/s]
Animation 18: FadeOut(Text('ventana larga: ahora sí se resuelven')):  48%|####8     | 29/60 [00:06<00:06,  4.71it/s]
Animation 18: FadeOut(Text('ventana larga: ahora sí se resuelven')):  50%|#####     | 30/60 [00:06<00:06,  4.73it/s]
Animation 18: FadeOut(Text('ventana larga: ahora sí se resuelven')):  52%|#####1    | 31/60 [00:06<00:06,  4.73it/s]
Animation 18: FadeOut(Text('ventana larga: ahora sí se resuelven')):  53%|#####3    | 32/60 [00:06<00:05,  4.69it/s]
Animation 18: FadeOut(Text('ventana larga: ahora sí se resuelven')):  55%|#####5    | 33/60 [00:07<00:05,  4.67it/s]
Animation 18: FadeOut(Text('ventana larga: ahora sí se resuelven')):  57%|#####6    | 34/60 [00:07<00:05,  4.66it/s]
Animation 18: FadeOut(Text('ventana larga: ahora sí se resuelven')):  58%|#####8    | 35/60 [00:07<00:05,  4.69it/s]
Animation 18: FadeOut(Text('ventana larga: ahora sí se resuelven')):  60%|######    | 36/60 [00:07<00:05,  4.72it/s]
Animation 18: FadeOut(Text('ventana larga: ahora sí se resuelven')):  62%|######1   | 37/60 [00:07<00:04,  4.69it/s]
Animation 18: FadeOut(Text('ventana larga: ahora sí se resuelven')):  63%|######3   | 38/60 [00:08<00:04,  4.68it/s]
Animation 18: FadeOut(Text('ventana larga: ahora sí se resuelven')):  65%|######5   | 39/60 [00:08<00:04,  4.59it/s]
Animation 18: FadeOut(Text('ventana larga: ahora sí se resuelven')):  67%|######6   | 40/60 [00:08<00:04,  4.65it/s]
Animation 18: FadeOut(Text('ventana larga: ahora sí se resuelven')):  68%|######8   | 41/60 [00:08<00:04,  4.64it/s]
Animation 18: FadeOut(Text('ventana larga: ahora sí se resuelven')):  70%|#######   | 42/60 [00:08<00:03,  4.67it/s]
Animation 18: FadeOut(Text('ventana larga: ahora sí se resuelven')):  72%|#######1  | 43/60 [00:09<00:04,  4.00it/s]
Animation 18: FadeOut(Text('ventana larga: ahora sí se resuelven')):  73%|#######3  | 44/60 [00:09<00:03,  4.18it/s]
Animation 18: FadeOut(Text('ventana larga: ahora sí se resuelven')):  75%|#######5  | 45/60 [00:09<00:03,  4.28it/s]
Animation 18: FadeOut(Text('ventana larga: ahora sí se resuelven')):  77%|#######6  | 46/60 [00:09<00:03,  4.40it/s]
Animation 18: FadeOut(Text('ventana larga: ahora sí se resuelven')):  78%|#######8  | 47/60 [00:10<00:02,  4.49it/s]
Animation 18: FadeOut(Text('ventana larga: ahora sí se resuelven')):  80%|########  | 48/60 [00:10<00:02,  4.48it/s]
Animation 18: FadeOut(Text('ventana larga: ahora sí se resuelven')):  82%|########1 | 49/60 [00:10<00:02,  4.56it/s]
Animation 18: FadeOut(Text('ventana larga: ahora sí se resuelven')):  83%|########3 | 50/60 [00:10<00:02,  4.60it/s]
Animation 18: FadeOut(Text('ventana larga: ahora sí se resuelven')):  85%|########5 | 51/60 [00:10<00:01,  4.62it/s]
Animation 18: FadeOut(Text('ventana larga: ahora sí se resuelven')):  87%|########6 | 52/60 [00:11<00:01,  4.57it/s]
Animation 18: FadeOut(Text('ventana larga: ahora sí se resuelven')):  88%|########8 | 53/60 [00:11<00:01,  4.63it/s]
Animation 18: FadeOut(Text('ventana larga: ahora sí se resuelven')):  90%|######### | 54/60 [00:11<00:01,  4.67it/s]
Animation 18: FadeOut(Text('ventana larga: ahora sí se resuelven')):  92%|#########1| 55/60 [00:11<00:01,  4.65it/s]
Animation 18: FadeOut(Text('ventana larga: ahora sí se resuelven')):  93%|#########3| 56/60 [00:12<00:00,  4.61it/s]
Animation 18: FadeOut(Text('ventana larga: ahora sí se resuelven')):  95%|#########5| 57/60 [00:12<00:00,  4.60it/s]
Animation 18: FadeOut(Text('ventana larga: ahora sí se resuelven')):  97%|#########6| 58/60 [00:12<00:00,  4.63it/s]
Animation 18: FadeOut(Text('ventana larga: ahora sí se resuelven')):  98%|#########8| 59/60 [00:12<00:00,  4.66it/s]
Animation 18: FadeOut(Text('ventana larga: ahora sí se resuelven')): 100%|##########| 60/60 [00:12<00:00,  4.65it/s]
[09/08/26 21:27:54] INFO     Animation 18 : Partial    scene_file_writer.py:192
                             movie file written in                             
                             'C:\Users\Nacho\Documents                         
                             \Animaciones\Capitulo                             
                             11\media\videos\s07_resol                         
                             ucion\1080p60\partial_mov                         
                             ie_files\Resolucion\29324                         
                             40949_4292468877_29414417                         
                             80.mp4'                                           
                                                                                                                    

Animation 19: FadeIn(Text('…pero fijate qué le pasó a M')), etc.:   0%|          | 0/60 [00:00<?, ?it/s]
Animation 19: FadeIn(Text('…pero fijate qué le pasó a M')), etc.:   2%|1         | 1/60 [00:00<00:21,  2.77it/s]
Animation 19: FadeIn(Text('…pero fijate qué le pasó a M')), etc.:   3%|3         | 2/60 [00:00<00:22,  2.58it/s]
Animation 19: FadeIn(Text('…pero fijate qué le pasó a M')), etc.:   5%|5         | 3/60 [00:01<00:21,  2.62it/s]
Animation 19: FadeIn(Text('…pero fijate qué le pasó a M')), etc.:   7%|6         | 4/60 [00:01<00:21,  2.64it/s]
Animation 19: FadeIn(Text('…pero fijate qué le pasó a M')), etc.:   8%|8         | 5/60 [00:01<00:20,  2.66it/s]
Animation 19: FadeIn(Text('…pero fijate qué le pasó a M')), etc.:  10%|#         | 6/60 [00:02<00:20,  2.65it/s]
Animation 19: FadeIn(Text('…pero fijate qué le pasó a M')), etc.:  12%|#1        | 7/60 [00:02<00:20,  2.61it/s]
Animation 19: FadeIn(Text('…pero fijate qué le pasó a M')), etc.:  13%|#3        | 8/60 [00:03<00:19,  2.64it/s]
Animation 19: FadeIn(Text('…pero fijate qué le pasó a M')), etc.:  15%|#5        | 9/60 [00:03<00:19,  2.66it/s]
Animation 19: FadeIn(Text('…pero fijate qué le pasó a M')), etc.:  17%|#6        | 10/60 [00:03<00:18,  2.68it/s]
Animation 19: FadeIn(Text('…pero fijate qué le pasó a M')), etc.:  18%|#8        | 11/60 [00:04<00:18,  2.67it/s]
Animation 19: FadeIn(Text('…pero fijate qué le pasó a M')), etc.:  20%|##        | 12/60 [00:04<00:17,  2.68it/s]
Animation 19: FadeIn(Text('…pero fijate qué le pasó a M')), etc.:  22%|##1       | 13/60 [00:04<00:17,  2.70it/s]
Animation 19: FadeIn(Text('…pero fijate qué le pasó a M')), etc.:  23%|##3       | 14/60 [00:05<00:17,  2.70it/s]
Animation 19: FadeIn(Text('…pero fijate qué le pasó a M')), etc.:  25%|##5       | 15/60 [00:05<00:16,  2.70it/s]
Animation 19: FadeIn(Text('…pero fijate qué le pasó a M')), etc.:  27%|##6       | 16/60 [00:05<00:16,  2.69it/s]
Animation 19: FadeIn(Text('…pero fijate qué le pasó a M')), etc.:  28%|##8       | 17/60 [00:06<00:15,  2.70it/s]
Animation 19: FadeIn(Text('…pero fijate qué le pasó a M')), etc.:  30%|###       | 18/60 [00:06<00:15,  2.70it/s]
Animation 19: FadeIn(Text('…pero fijate qué le pasó a M')), etc.:  32%|###1      | 19/60 [00:07<00:15,  2.69it/s]
Animation 19: FadeIn(Text('…pero fijate qué le pasó a M')), etc.:  33%|###3      | 20/60 [00:07<00:15,  2.66it/s]
Animation 19: FadeIn(Text('…pero fijate qué le pasó a M')), etc.:  35%|###5      | 21/60 [00:07<00:14,  2.68it/s]
Animation 19: FadeIn(Text('…pero fijate qué le pasó a M')), etc.:  37%|###6      | 22/60 [00:08<00:14,  2.68it/s]
Animation 19: FadeIn(Text('…pero fijate qué le pasó a M')), etc.:  38%|###8      | 23/60 [00:08<00:13,  2.70it/s]
Animation 19: FadeIn(Text('…pero fijate qué le pasó a M')), etc.:  40%|####      | 24/60 [00:09<00:14,  2.41it/s]
Animation 19: FadeIn(Text('…pero fijate qué le pasó a M')), etc.:  42%|####1     | 25/60 [00:09<00:14,  2.48it/s]
Animation 19: FadeIn(Text('…pero fijate qué le pasó a M')), etc.:  43%|####3     | 26/60 [00:09<00:13,  2.54it/s]
Animation 19: FadeIn(Text('…pero fijate qué le pasó a M')), etc.:  45%|####5     | 27/60 [00:10<00:12,  2.58it/s]
Animation 19: FadeIn(Text('…pero fijate qué le pasó a M')), etc.:  47%|####6     | 28/60 [00:10<00:12,  2.61it/s]
Animation 19: FadeIn(Text('…pero fijate qué le pasó a M')), etc.:  48%|####8     | 29/60 [00:10<00:11,  2.63it/s]
Animation 19: FadeIn(Text('…pero fijate qué le pasó a M')), etc.:  50%|#####     | 30/60 [00:11<00:11,  2.63it/s]
Animation 19: FadeIn(Text('…pero fijate qué le pasó a M')), etc.:  52%|#####1    | 31/60 [00:11<00:10,  2.66it/s]
Animation 19: FadeIn(Text('…pero fijate qué le pasó a M')), etc.:  53%|#####3    | 32/60 [00:12<00:10,  2.68it/s]
Animation 19: FadeIn(Text('…pero fijate qué le pasó a M')), etc.:  55%|#####5    | 33/60 [00:12<00:10,  2.63it/s]
Animation 19: FadeIn(Text('…pero fijate qué le pasó a M')), etc.:  57%|#####6    | 34/60 [00:12<00:09,  2.64it/s]
Animation 19: FadeIn(Text('…pero fijate qué le pasó a M')), etc.:  58%|#####8    | 35/60 [00:13<00:09,  2.64it/s]
Animation 19: FadeIn(Text('…pero fijate qué le pasó a M')), etc.:  60%|######    | 36/60 [00:13<00:09,  2.63it/s]
Animation 19: FadeIn(Text('…pero fijate qué le pasó a M')), etc.:  62%|######1   | 37/60 [00:14<00:08,  2.64it/s]
Animation 19: FadeIn(Text('…pero fijate qué le pasó a M')), etc.:  63%|######3   | 38/60 [00:14<00:08,  2.64it/s]
Animation 19: FadeIn(Text('…pero fijate qué le pasó a M')), etc.:  65%|######5   | 39/60 [00:14<00:07,  2.65it/s]
Animation 19: FadeIn(Text('…pero fijate qué le pasó a M')), etc.:  67%|######6   | 40/60 [00:15<00:07,  2.66it/s]
Animation 19: FadeIn(Text('…pero fijate qué le pasó a M')), etc.:  68%|######8   | 41/60 [00:15<00:07,  2.66it/s]
Animation 19: FadeIn(Text('…pero fijate qué le pasó a M')), etc.:  70%|#######   | 42/60 [00:15<00:06,  2.66it/s]
Animation 19: FadeIn(Text('…pero fijate qué le pasó a M')), etc.:  72%|#######1  | 43/60 [00:16<00:06,  2.46it/s]
Animation 19: FadeIn(Text('…pero fijate qué le pasó a M')), etc.:  73%|#######3  | 44/60 [00:16<00:06,  2.51it/s]
Animation 19: FadeIn(Text('…pero fijate qué le pasó a M')), etc.:  75%|#######5  | 45/60 [00:17<00:05,  2.55it/s]
Animation 19: FadeIn(Text('…pero fijate qué le pasó a M')), etc.:  77%|#######6  | 46/60 [00:17<00:05,  2.58it/s]
Animation 19: FadeIn(Text('…pero fijate qué le pasó a M')), etc.:  78%|#######8  | 47/60 [00:17<00:04,  2.60it/s]
Animation 19: FadeIn(Text('…pero fijate qué le pasó a M')), etc.:  80%|########  | 48/60 [00:18<00:04,  2.59it/s]
Animation 19: FadeIn(Text('…pero fijate qué le pasó a M')), etc.:  82%|########1 | 49/60 [00:18<00:04,  2.60it/s]
Animation 19: FadeIn(Text('…pero fijate qué le pasó a M')), etc.:  83%|########3 | 50/60 [00:19<00:04,  2.37it/s]
Animation 19: FadeIn(Text('…pero fijate qué le pasó a M')), etc.:  85%|########5 | 51/60 [00:19<00:03,  2.45it/s]
Animation 19: FadeIn(Text('…pero fijate qué le pasó a M')), etc.:  87%|########6 | 52/60 [00:19<00:03,  2.49it/s]
Animation 19: FadeIn(Text('…pero fijate qué le pasó a M')), etc.:  88%|########8 | 53/60 [00:20<00:02,  2.53it/s]
Animation 19: FadeIn(Text('…pero fijate qué le pasó a M')), etc.:  90%|######### | 54/60 [00:20<00:02,  2.57it/s]
Animation 19: FadeIn(Text('…pero fijate qué le pasó a M')), etc.:  92%|#########1| 55/60 [00:21<00:01,  2.60it/s]
Animation 19: FadeIn(Text('…pero fijate qué le pasó a M')), etc.:  93%|#########3| 56/60 [00:21<00:01,  2.53it/s]
Animation 19: FadeIn(Text('…pero fijate qué le pasó a M')), etc.:  95%|#########5| 57/60 [00:21<00:01,  2.57it/s]
Animation 19: FadeIn(Text('…pero fijate qué le pasó a M')), etc.:  97%|#########6| 58/60 [00:22<00:00,  2.59it/s]
Animation 19: FadeIn(Text('…pero fijate qué le pasó a M')), etc.:  98%|#########8| 59/60 [00:22<00:00,  2.57it/s]
Animation 19: FadeIn(Text('…pero fijate qué le pasó a M')), etc.: 100%|##########| 60/60 [00:23<00:00,  2.58it/s]
[09/08/26 21:28:19] INFO     Animation 19 : Partial    scene_file_writer.py:192
                             movie file written in                             
                             'C:\Users\Nacho\Documents                         
                             \Animaciones\Capitulo                             
                             11\media\videos\s07_resol                         
                             ucion\1080p60\partial_mov                         
                             ie_files\Resolucion\29324                         
                             40949_1670166997_30810087                         
                             72.mp4'                                           
[09/08/26 21:28:22] INFO     Animation 20 : Partial    scene_file_writer.py:192
                             movie file written in                             
                             'C:\Users\Nacho\Documents                         
                             \Animaciones\Capitulo                             
                             11\media\videos\s07_resol                         
                             ucion\1080p60\partial_mov                         
                             ie_files\Resolucion\29324                         
                             40949_3926500612_35553024                         
                             29.mp4'                                           
                                                                                                                 

Animation 21: FadeOut(Text('…pero fijate qué le pasó a M')):   0%|          | 0/60 [00:00<?, ?it/s]
Animation 21: FadeOut(Text('…pero fijate qué le pasó a M')):   2%|1         | 1/60 [00:00<00:11,  5.06it/s]
Animation 21: FadeOut(Text('…pero fijate qué le pasó a M')):   3%|3         | 2/60 [00:00<00:12,  4.79it/s]
Animation 21: FadeOut(Text('…pero fijate qué le pasó a M')):   5%|5         | 3/60 [00:00<00:11,  4.84it/s]
Animation 21: FadeOut(Text('…pero fijate qué le pasó a M')):   7%|6         | 4/60 [00:00<00:11,  4.85it/s]
Animation 21: FadeOut(Text('…pero fijate qué le pasó a M')):   8%|8         | 5/60 [00:01<00:11,  4.84it/s]
Animation 21: FadeOut(Text('…pero fijate qué le pasó a M')):  10%|#         | 6/60 [00:01<00:11,  4.80it/s]
Animation 21: FadeOut(Text('…pero fijate qué le pasó a M')):  12%|#1        | 7/60 [00:01<00:11,  4.79it/s]
Animation 21: FadeOut(Text('…pero fijate qué le pasó a M')):  13%|#3        | 8/60 [00:01<00:10,  4.77it/s]
Animation 21: FadeOut(Text('…pero fijate qué le pasó a M')):  15%|#5        | 9/60 [00:01<00:10,  4.78it/s]
Animation 21: FadeOut(Text('…pero fijate qué le pasó a M')):  17%|#6        | 10/60 [00:02<00:10,  4.77it/s]
Animation 21: FadeOut(Text('…pero fijate qué le pasó a M')):  18%|#8        | 11/60 [00:02<00:10,  4.76it/s]
Animation 21: FadeOut(Text('…pero fijate qué le pasó a M')):  20%|##        | 12/60 [00:02<00:10,  4.76it/s]
Animation 21: FadeOut(Text('…pero fijate qué le pasó a M')):  22%|##1       | 13/60 [00:02<00:09,  4.78it/s]
Animation 21: FadeOut(Text('…pero fijate qué le pasó a M')):  23%|##3       | 14/60 [00:02<00:09,  4.81it/s]
Animation 21: FadeOut(Text('…pero fijate qué le pasó a M')):  25%|##5       | 15/60 [00:03<00:09,  4.82it/s]
Animation 21: FadeOut(Text('…pero fijate qué le pasó a M')):  27%|##6       | 16/60 [00:03<00:09,  4.77it/s]
Animation 21: FadeOut(Text('…pero fijate qué le pasó a M')):  28%|##8       | 17/60 [00:03<00:08,  4.78it/s]
Animation 21: FadeOut(Text('…pero fijate qué le pasó a M')):  30%|###       | 18/60 [00:03<00:08,  4.78it/s]
Animation 21: FadeOut(Text('…pero fijate qué le pasó a M')):  32%|###1      | 19/60 [00:03<00:08,  4.80it/s]
Animation 21: FadeOut(Text('…pero fijate qué le pasó a M')):  33%|###3      | 20/60 [00:04<00:08,  4.83it/s]
Animation 21: FadeOut(Text('…pero fijate qué le pasó a M')):  35%|###5      | 21/60 [00:04<00:08,  4.84it/s]
Animation 21: FadeOut(Text('…pero fijate qué le pasó a M')):  37%|###6      | 22/60 [00:04<00:08,  4.69it/s]
Animation 21: FadeOut(Text('…pero fijate qué le pasó a M')):  38%|###8      | 23/60 [00:04<00:07,  4.71it/s]
Animation 21: FadeOut(Text('…pero fijate qué le pasó a M')):  40%|####      | 24/60 [00:05<00:07,  4.75it/s]
Animation 21: FadeOut(Text('…pero fijate qué le pasó a M')):  42%|####1     | 25/60 [00:05<00:07,  4.76it/s]
Animation 21: FadeOut(Text('…pero fijate qué le pasó a M')):  43%|####3     | 26/60 [00:05<00:07,  4.79it/s]
Animation 21: FadeOut(Text('…pero fijate qué le pasó a M')):  45%|####5     | 27/60 [00:05<00:06,  4.81it/s]
Animation 21: FadeOut(Text('…pero fijate qué le pasó a M')):  47%|####6     | 28/60 [00:05<00:06,  4.83it/s]
Animation 21: FadeOut(Text('…pero fijate qué le pasó a M')):  48%|####8     | 29/60 [00:06<00:06,  4.83it/s]
Animation 21: FadeOut(Text('…pero fijate qué le pasó a M')):  50%|#####     | 30/60 [00:06<00:06,  4.82it/s]
Animation 21: FadeOut(Text('…pero fijate qué le pasó a M')):  52%|#####1    | 31/60 [00:06<00:06,  4.82it/s]
Animation 21: FadeOut(Text('…pero fijate qué le pasó a M')):  53%|#####3    | 32/60 [00:06<00:05,  4.84it/s]
Animation 21: FadeOut(Text('…pero fijate qué le pasó a M')):  55%|#####5    | 33/60 [00:06<00:05,  4.85it/s]
Animation 21: FadeOut(Text('…pero fijate qué le pasó a M')):  57%|#####6    | 34/60 [00:07<00:05,  4.84it/s]
Animation 21: FadeOut(Text('…pero fijate qué le pasó a M')):  58%|#####8    | 35/60 [00:07<00:05,  4.84it/s]
Animation 21: FadeOut(Text('…pero fijate qué le pasó a M')):  60%|######    | 36/60 [00:07<00:04,  4.83it/s]
Animation 21: FadeOut(Text('…pero fijate qué le pasó a M')):  62%|######1   | 37/60 [00:07<00:04,  4.84it/s]
Animation 21: FadeOut(Text('…pero fijate qué le pasó a M')):  63%|######3   | 38/60 [00:07<00:04,  4.84it/s]
Animation 21: FadeOut(Text('…pero fijate qué le pasó a M')):  65%|######5   | 39/60 [00:08<00:04,  4.85it/s]
Animation 21: FadeOut(Text('…pero fijate qué le pasó a M')):  67%|######6   | 40/60 [00:08<00:04,  4.83it/s]
Animation 21: FadeOut(Text('…pero fijate qué le pasó a M')):  68%|######8   | 41/60 [00:08<00:03,  4.81it/s]
Animation 21: FadeOut(Text('…pero fijate qué le pasó a M')):  70%|#######   | 42/60 [00:08<00:03,  4.83it/s]
Animation 21: FadeOut(Text('…pero fijate qué le pasó a M')):  72%|#######1  | 43/60 [00:09<00:04,  4.13it/s]
Animation 21: FadeOut(Text('…pero fijate qué le pasó a M')):  73%|#######3  | 44/60 [00:09<00:03,  4.29it/s]
Animation 21: FadeOut(Text('…pero fijate qué le pasó a M')):  75%|#######5  | 45/60 [00:09<00:03,  4.42it/s]
Animation 21: FadeOut(Text('…pero fijate qué le pasó a M')):  77%|#######6  | 46/60 [00:09<00:03,  4.50it/s]
Animation 21: FadeOut(Text('…pero fijate qué le pasó a M')):  78%|#######8  | 47/60 [00:09<00:02,  4.55it/s]
Animation 21: FadeOut(Text('…pero fijate qué le pasó a M')):  80%|########  | 48/60 [00:10<00:02,  4.51it/s]
Animation 21: FadeOut(Text('…pero fijate qué le pasó a M')):  82%|########1 | 49/60 [00:10<00:02,  4.58it/s]
Animation 21: FadeOut(Text('…pero fijate qué le pasó a M')):  83%|########3 | 50/60 [00:10<00:02,  4.65it/s]
Animation 21: FadeOut(Text('…pero fijate qué le pasó a M')):  85%|########5 | 51/60 [00:10<00:01,  4.71it/s]
Animation 21: FadeOut(Text('…pero fijate qué le pasó a M')):  87%|########6 | 52/60 [00:10<00:01,  4.68it/s]
Animation 21: FadeOut(Text('…pero fijate qué le pasó a M')):  88%|########8 | 53/60 [00:11<00:01,  4.71it/s]
Animation 21: FadeOut(Text('…pero fijate qué le pasó a M')):  90%|######### | 54/60 [00:11<00:01,  4.71it/s]
Animation 21: FadeOut(Text('…pero fijate qué le pasó a M')):  92%|#########1| 55/60 [00:11<00:01,  4.69it/s]
Animation 21: FadeOut(Text('…pero fijate qué le pasó a M')):  93%|#########3| 56/60 [00:11<00:00,  4.67it/s]
Animation 21: FadeOut(Text('…pero fijate qué le pasó a M')):  95%|#########5| 57/60 [00:12<00:00,  4.71it/s]
Animation 21: FadeOut(Text('…pero fijate qué le pasó a M')):  97%|#########6| 58/60 [00:12<00:00,  4.73it/s]
Animation 21: FadeOut(Text('…pero fijate qué le pasó a M')):  98%|#########8| 59/60 [00:12<00:00,  4.75it/s]
Animation 21: FadeOut(Text('…pero fijate qué le pasó a M')): 100%|##########| 60/60 [00:12<00:00,  4.69it/s]
[09/08/26 21:28:36] INFO     Animation 21 : Partial    scene_file_writer.py:192
                             movie file written in                             
                             'C:\Users\Nacho\Documents                         
                             \Animaciones\Capitulo                             
                             11\media\videos\s07_resol                         
                             ucion\1080p60\partial_mov                         
                             ie_files\Resolucion\29324                         
                             40949_2507638329_55248662                         
                             .mp4'                                             
                                                                                                            

Animation 22: Write(MathTex('\\Delta\\Omega_{\\min}\\;\\approx\\;\\frac{\\pi}{T}')), etc.:   0%|          | 0/60 
[00:00<?, ?it/s]
Animation 22: Write(MathTex('\\Delta\\Omega_{\\min}\\;\\approx\\;\\frac{\\pi}{T}')), etc.:   2%|1         | 1/60 
[00:00<00:12,  4.85it/s]
Animation 22: Write(MathTex('\\Delta\\Omega_{\\min}\\;\\approx\\;\\frac{\\pi}{T}')), etc.:   3%|3         | 2/60 
[00:00<00:13,  4.37it/s]
Animation 22: Write(MathTex('\\Delta\\Omega_{\\min}\\;\\approx\\;\\frac{\\pi}{T}')), etc.:   5%|5         | 3/60 
[00:00<00:12,  4.48it/s]
Animation 22: Write(MathTex('\\Delta\\Omega_{\\min}\\;\\approx\\;\\frac{\\pi}{T}')), etc.:   7%|6         | 4/60 
[00:00<00:12,  4.53it/s]
Animation 22: Write(MathTex('\\Delta\\Omega_{\\min}\\;\\approx\\;\\frac{\\pi}{T}')), etc.:   8%|8         | 5/60 
[00:01<00:12,  4.54it/s]
Animation 22: Write(MathTex('\\Delta\\Omega_{\\min}\\;\\approx\\;\\frac{\\pi}{T}')), etc.:  10%|#         | 6/60 
[00:01<00:11,  4.55it/s]
Animation 22: Write(MathTex('\\Delta\\Omega_{\\min}\\;\\approx\\;\\frac{\\pi}{T}')), etc.:  12%|#1        | 7/60 
[00:01<00:11,  4.50it/s]
Animation 22: Write(MathTex('\\Delta\\Omega_{\\min}\\;\\approx\\;\\frac{\\pi}{T}')), etc.:  13%|#3        | 8/60 
[00:01<00:11,  4.53it/s]
Animation 22: Write(MathTex('\\Delta\\Omega_{\\min}\\;\\approx\\;\\frac{\\pi}{T}')), etc.:  15%|#5        | 9/60 
[00:01<00:11,  4.52it/s]
Animation 22: Write(MathTex('\\Delta\\Omega_{\\min}\\;\\approx\\;\\frac{\\pi}{T}')), etc.:  17%|#6        | 10/60 
[00:02<00:10,  4.55it/s]
Animation 22: Write(MathTex('\\Delta\\Omega_{\\min}\\;\\approx\\;\\frac{\\pi}{T}')), etc.:  18%|#8        | 11/60 
[00:02<00:10,  4.51it/s]
Animation 22: Write(MathTex('\\Delta\\Omega_{\\min}\\;\\approx\\;\\frac{\\pi}{T}')), etc.:  20%|##        | 12/60 
[00:02<00:10,  4.54it/s]
Animation 22: Write(MathTex('\\Delta\\Omega_{\\min}\\;\\approx\\;\\frac{\\pi}{T}')), etc.:  22%|##1       | 13/60 
[00:02<00:10,  4.52it/s]
Animation 22: Write(MathTex('\\Delta\\Omega_{\\min}\\;\\approx\\;\\frac{\\pi}{T}')), etc.:  23%|##3       | 14/60 
[00:03<00:10,  4.52it/s]
Animation 22: Write(MathTex('\\Delta\\Omega_{\\min}\\;\\approx\\;\\frac{\\pi}{T}')), etc.:  25%|##5       | 15/60 
[00:03<00:09,  4.53it/s]
Animation 22: Write(MathTex('\\Delta\\Omega_{\\min}\\;\\approx\\;\\frac{\\pi}{T}')), etc.:  27%|##6       | 16/60 
[00:03<00:11,  3.67it/s]
Animation 22: Write(MathTex('\\Delta\\Omega_{\\min}\\;\\approx\\;\\frac{\\pi}{T}')), etc.:  28%|##8       | 17/60 
[00:03<00:11,  3.88it/s]
Animation 22: Write(MathTex('\\Delta\\Omega_{\\min}\\;\\approx\\;\\frac{\\pi}{T}')), etc.:  30%|###       | 18/60 
[00:04<00:10,  4.02it/s]
Animation 22: Write(MathTex('\\Delta\\Omega_{\\min}\\;\\approx\\;\\frac{\\pi}{T}')), etc.:  32%|###1      | 19/60 
[00:04<00:09,  4.13it/s]
Animation 22: Write(MathTex('\\Delta\\Omega_{\\min}\\;\\approx\\;\\frac{\\pi}{T}')), etc.:  33%|###3      | 20/60 
[00:04<00:09,  4.22it/s]
Animation 22: Write(MathTex('\\Delta\\Omega_{\\min}\\;\\approx\\;\\frac{\\pi}{T}')), etc.:  35%|###5      | 21/60 
[00:04<00:09,  4.26it/s]
Animation 22: Write(MathTex('\\Delta\\Omega_{\\min}\\;\\approx\\;\\frac{\\pi}{T}')), etc.:  37%|###6      | 22/60 
[00:05<00:08,  4.28it/s]
Animation 22: Write(MathTex('\\Delta\\Omega_{\\min}\\;\\approx\\;\\frac{\\pi}{T}')), etc.:  38%|###8      | 23/60 
[00:05<00:08,  4.32it/s]
Animation 22: Write(MathTex('\\Delta\\Omega_{\\min}\\;\\approx\\;\\frac{\\pi}{T}')), etc.:  40%|####      | 24/60 
[00:05<00:08,  4.36it/s]
Animation 22: Write(MathTex('\\Delta\\Omega_{\\min}\\;\\approx\\;\\frac{\\pi}{T}')), etc.:  42%|####1     | 25/60 
[00:05<00:08,  4.37it/s]
Animation 22: Write(MathTex('\\Delta\\Omega_{\\min}\\;\\approx\\;\\frac{\\pi}{T}')), etc.:  43%|####3     | 26/60 
[00:05<00:07,  4.38it/s]
Animation 22: Write(MathTex('\\Delta\\Omega_{\\min}\\;\\approx\\;\\frac{\\pi}{T}')), etc.:  45%|####5     | 27/60 
[00:06<00:07,  4.41it/s]
Animation 22: Write(MathTex('\\Delta\\Omega_{\\min}\\;\\approx\\;\\frac{\\pi}{T}')), etc.:  47%|####6     | 28/60 
[00:06<00:07,  4.42it/s]
Animation 22: Write(MathTex('\\Delta\\Omega_{\\min}\\;\\approx\\;\\frac{\\pi}{T}')), etc.:  48%|####8     | 29/60 
[00:06<00:07,  4.41it/s]
Animation 22: Write(MathTex('\\Delta\\Omega_{\\min}\\;\\approx\\;\\frac{\\pi}{T}')), etc.:  50%|#####     | 30/60 
[00:06<00:06,  4.41it/s]
Animation 22: Write(MathTex('\\Delta\\Omega_{\\min}\\;\\approx\\;\\frac{\\pi}{T}')), etc.:  52%|#####1    | 31/60 
[00:07<00:06,  4.39it/s]
Animation 22: Write(MathTex('\\Delta\\Omega_{\\min}\\;\\approx\\;\\frac{\\pi}{T}')), etc.:  53%|#####3    | 32/60 
[00:07<00:06,  4.41it/s]
Animation 22: Write(MathTex('\\Delta\\Omega_{\\min}\\;\\approx\\;\\frac{\\pi}{T}')), etc.:  55%|#####5    | 33/60 
[00:07<00:06,  4.43it/s]
Animation 22: Write(MathTex('\\Delta\\Omega_{\\min}\\;\\approx\\;\\frac{\\pi}{T}')), etc.:  57%|#####6    | 34/60 
[00:07<00:05,  4.43it/s]
Animation 22: Write(MathTex('\\Delta\\Omega_{\\min}\\;\\approx\\;\\frac{\\pi}{T}')), etc.:  58%|#####8    | 35/60 
[00:08<00:05,  4.45it/s]
Animation 22: Write(MathTex('\\Delta\\Omega_{\\min}\\;\\approx\\;\\frac{\\pi}{T}')), etc.:  60%|######    | 36/60 
[00:08<00:05,  4.46it/s]
Animation 22: Write(MathTex('\\Delta\\Omega_{\\min}\\;\\approx\\;\\frac{\\pi}{T}')), etc.:  62%|######1   | 37/60 
[00:08<00:05,  4.44it/s]
Animation 22: Write(MathTex('\\Delta\\Omega_{\\min}\\;\\approx\\;\\frac{\\pi}{T}')), etc.:  63%|######3   | 38/60 
[00:08<00:04,  4.47it/s]
Animation 22: Write(MathTex('\\Delta\\Omega_{\\min}\\;\\approx\\;\\frac{\\pi}{T}')), etc.:  65%|######5   | 39/60 
[00:08<00:04,  4.34it/s]
Animation 22: Write(MathTex('\\Delta\\Omega_{\\min}\\;\\approx\\;\\frac{\\pi}{T}')), etc.:  67%|######6   | 40/60 
[00:09<00:04,  4.35it/s]
Animation 22: Write(MathTex('\\Delta\\Omega_{\\min}\\;\\approx\\;\\frac{\\pi}{T}')), etc.:  68%|######8   | 41/60 
[00:09<00:04,  4.36it/s]
Animation 22: Write(MathTex('\\Delta\\Omega_{\\min}\\;\\approx\\;\\frac{\\pi}{T}')), etc.:  70%|#######   | 42/60 
[00:09<00:04,  4.37it/s]
Animation 22: Write(MathTex('\\Delta\\Omega_{\\min}\\;\\approx\\;\\frac{\\pi}{T}')), etc.:  72%|#######1  | 43/60 
[00:09<00:04,  3.74it/s]
Animation 22: Write(MathTex('\\Delta\\Omega_{\\min}\\;\\approx\\;\\frac{\\pi}{T}')), etc.:  73%|#######3  | 44/60 
[00:10<00:04,  3.88it/s]
Animation 22: Write(MathTex('\\Delta\\Omega_{\\min}\\;\\approx\\;\\frac{\\pi}{T}')), etc.:  75%|#######5  | 45/60 
[00:10<00:03,  4.03it/s]
Animation 22: Write(MathTex('\\Delta\\Omega_{\\min}\\;\\approx\\;\\frac{\\pi}{T}')), etc.:  77%|#######6  | 46/60 
[00:10<00:03,  4.15it/s]
Animation 22: Write(MathTex('\\Delta\\Omega_{\\min}\\;\\approx\\;\\frac{\\pi}{T}')), etc.:  78%|#######8  | 47/60 
[00:10<00:03,  4.23it/s]
Animation 22: Write(MathTex('\\Delta\\Omega_{\\min}\\;\\approx\\;\\frac{\\pi}{T}')), etc.:  80%|########  | 48/60 
[00:11<00:02,  4.23it/s]
Animation 22: Write(MathTex('\\Delta\\Omega_{\\min}\\;\\approx\\;\\frac{\\pi}{T}')), etc.:  82%|########1 | 49/60 
[00:11<00:02,  4.26it/s]
Animation 22: Write(MathTex('\\Delta\\Omega_{\\min}\\;\\approx\\;\\frac{\\pi}{T}')), etc.:  83%|########3 | 50/60 
[00:11<00:02,  4.31it/s]
Animation 22: Write(MathTex('\\Delta\\Omega_{\\min}\\;\\approx\\;\\frac{\\pi}{T}')), etc.:  85%|########5 | 51/60 
[00:11<00:02,  4.30it/s]
Animation 22: Write(MathTex('\\Delta\\Omega_{\\min}\\;\\approx\\;\\frac{\\pi}{T}')), etc.:  87%|########6 | 52/60 
[00:12<00:01,  4.28it/s]
Animation 22: Write(MathTex('\\Delta\\Omega_{\\min}\\;\\approx\\;\\frac{\\pi}{T}')), etc.:  88%|########8 | 53/60 
[00:12<00:01,  4.28it/s]
Animation 22: Write(MathTex('\\Delta\\Omega_{\\min}\\;\\approx\\;\\frac{\\pi}{T}')), etc.:  90%|######### | 54/60 
[00:12<00:01,  4.32it/s]
Animation 22: Write(MathTex('\\Delta\\Omega_{\\min}\\;\\approx\\;\\frac{\\pi}{T}')), etc.:  92%|#########1| 55/60 
[00:12<00:01,  4.38it/s]
Animation 22: Write(MathTex('\\Delta\\Omega_{\\min}\\;\\approx\\;\\frac{\\pi}{T}')), etc.:  93%|#########3| 56/60 
[00:12<00:00,  4.33it/s]
Animation 22: Write(MathTex('\\Delta\\Omega_{\\min}\\;\\approx\\;\\frac{\\pi}{T}')), etc.:  95%|#########5| 57/60 
[00:13<00:00,  4.36it/s]
Animation 22: Write(MathTex('\\Delta\\Omega_{\\min}\\;\\approx\\;\\frac{\\pi}{T}')), etc.:  97%|#########6| 58/60 
[00:13<00:00,  4.37it/s]
Animation 22: Write(MathTex('\\Delta\\Omega_{\\min}\\;\\approx\\;\\frac{\\pi}{T}')), etc.:  98%|#########8| 59/60 
[00:13<00:00,  4.41it/s]
Animation 22: Write(MathTex('\\Delta\\Omega_{\\min}\\;\\approx\\;\\frac{\\pi}{T}')), etc.: 100%|##########| 60/60 
[00:13<00:00,  4.34it/s]
[09/08/26 21:28:52] INFO     Animation 22 : Partial    scene_file_writer.py:192
                             movie file written in                             
                             'C:\Users\Nacho\Documents                         
                             \Animaciones\Capitulo                             
                             11\media\videos\s07_resol                         
                             ucion\1080p60\partial_mov                         
                             ie_files\Resolucion\29324                         
                             40949_2794448394_30675491                         
                             9.mp4'                                            
[09/08/26 21:28:56] INFO     Animation 23 : Partial    scene_file_writer.py:192
                             movie file written in                             
                             'C:\Users\Nacho\Documents                         
                             \Animaciones\Capitulo                             
                             11\media\videos\s07_resol                         
                             ucion\1080p60\partial_mov                         
                             ie_files\Resolucion\29324                         
                             40949_499328632_309822475                         
                             8.mp4'                                            
                                                                                                                       
                   

Animation 24: FadeOut(VGroup of 8 submobjects):   0%|          | 0/60 [00:00<?, ?it/s]
Animation 24: FadeOut(VGroup of 8 submobjects):   2%|1         | 1/60 [00:00<00:32,  1.81it/s]
Animation 24: FadeOut(VGroup of 8 submobjects):   3%|3         | 2/60 [00:01<00:32,  1.76it/s]
Animation 24: FadeOut(VGroup of 8 submobjects):   5%|5         | 3/60 [00:01<00:32,  1.77it/s]
Animation 24: FadeOut(VGroup of 8 submobjects):   7%|6         | 4/60 [00:02<00:31,  1.78it/s]
Animation 24: FadeOut(VGroup of 8 submobjects):   8%|8         | 5/60 [00:02<00:30,  1.78it/s]
Animation 24: FadeOut(VGroup of 8 submobjects):  10%|#         | 6/60 [00:03<00:30,  1.79it/s]
Animation 24: FadeOut(VGroup of 8 submobjects):  12%|#1        | 7/60 [00:03<00:29,  1.80it/s]
Animation 24: FadeOut(VGroup of 8 submobjects):  13%|#3        | 8/60 [00:04<00:29,  1.78it/s]
Animation 24: FadeOut(VGroup of 8 submobjects):  15%|#5        | 9/60 [00:05<00:29,  1.73it/s]
Animation 24: FadeOut(VGroup of 8 submobjects):  17%|#6        | 10/60 [00:05<00:29,  1.68it/s]
Animation 24: FadeOut(VGroup of 8 submobjects):  18%|#8        | 11/60 [00:06<00:29,  1.66it/s]
Animation 24: FadeOut(VGroup of 8 submobjects):  20%|##        | 12/60 [00:06<00:29,  1.65it/s]
Animation 24: FadeOut(VGroup of 8 submobjects):  22%|##1       | 13/60 [00:07<00:28,  1.64it/s]
Animation 24: FadeOut(VGroup of 8 submobjects):  23%|##3       | 14/60 [00:08<00:28,  1.64it/s]
Animation 24: FadeOut(VGroup of 8 submobjects):  25%|##5       | 15/60 [00:08<00:27,  1.64it/s]
Animation 24: FadeOut(VGroup of 8 submobjects):  27%|##6       | 16/60 [00:09<00:26,  1.65it/s]
Animation 24: FadeOut(VGroup of 8 submobjects):  28%|##8       | 17/60 [00:10<00:26,  1.63it/s]
Animation 24: FadeOut(VGroup of 8 submobjects):  30%|###       | 18/60 [00:10<00:25,  1.64it/s]
Animation 24: FadeOut(VGroup of 8 submobjects):  32%|###1      | 19/60 [00:11<00:27,  1.50it/s]
Animation 24: FadeOut(VGroup of 8 submobjects):  33%|###3      | 20/60 [00:12<00:25,  1.56it/s]
Animation 24: FadeOut(VGroup of 8 submobjects):  35%|###5      | 21/60 [00:12<00:24,  1.61it/s]
Animation 24: FadeOut(VGroup of 8 submobjects):  37%|###6      | 22/60 [00:13<00:22,  1.65it/s]
Animation 24: FadeOut(VGroup of 8 submobjects):  38%|###8      | 23/60 [00:13<00:22,  1.68it/s]
Animation 24: FadeOut(VGroup of 8 submobjects):  40%|####      | 24/60 [00:14<00:21,  1.70it/s]
Animation 24: FadeOut(VGroup of 8 submobjects):  42%|####1     | 25/60 [00:14<00:20,  1.72it/s]
Animation 24: FadeOut(VGroup of 8 submobjects):  43%|####3     | 26/60 [00:15<00:19,  1.72it/s]
Animation 24: FadeOut(VGroup of 8 submobjects):  45%|####5     | 27/60 [00:16<00:19,  1.73it/s]
Animation 24: FadeOut(VGroup of 8 submobjects):  47%|####6     | 28/60 [00:16<00:18,  1.72it/s]
Animation 24: FadeOut(VGroup of 8 submobjects):  48%|####8     | 29/60 [00:17<00:17,  1.74it/s]
Animation 24: FadeOut(VGroup of 8 submobjects):  50%|#####     | 30/60 [00:17<00:17,  1.74it/s]
Animation 24: FadeOut(VGroup of 8 submobjects):  52%|#####1    | 31/60 [00:18<00:16,  1.74it/s]
Animation 24: FadeOut(VGroup of 8 submobjects):  53%|#####3    | 32/60 [00:18<00:16,  1.75it/s]
Animation 24: FadeOut(VGroup of 8 submobjects):  55%|#####5    | 33/60 [00:19<00:15,  1.75it/s]
Animation 24: FadeOut(VGroup of 8 submobjects):  57%|#####6    | 34/60 [00:20<00:14,  1.74it/s]
Animation 24: FadeOut(VGroup of 8 submobjects):  58%|#####8    | 35/60 [00:20<00:14,  1.74it/s]
Animation 24: FadeOut(VGroup of 8 submobjects):  60%|######    | 36/60 [00:21<00:13,  1.74it/s]
Animation 24: FadeOut(VGroup of 8 submobjects):  62%|######1   | 37/60 [00:21<00:13,  1.74it/s]
Animation 24: FadeOut(VGroup of 8 submobjects):  63%|######3   | 38/60 [00:22<00:12,  1.74it/s]
Animation 24: FadeOut(VGroup of 8 submobjects):  65%|######5   | 39/60 [00:22<00:12,  1.75it/s]
Animation 24: FadeOut(VGroup of 8 submobjects):  67%|######6   | 40/60 [00:23<00:11,  1.74it/s]
Animation 24: FadeOut(VGroup of 8 submobjects):  68%|######8   | 41/60 [00:24<00:10,  1.75it/s]
Animation 24: FadeOut(VGroup of 8 submobjects):  70%|#######   | 42/60 [00:24<00:10,  1.75it/s]
Animation 24: FadeOut(VGroup of 8 submobjects):  72%|#######1  | 43/60 [00:25<00:10,  1.65it/s]
Animation 24: FadeOut(VGroup of 8 submobjects):  73%|#######3  | 44/60 [00:25<00:09,  1.68it/s]
Animation 24: FadeOut(VGroup of 8 submobjects):  75%|#######5  | 45/60 [00:26<00:08,  1.69it/s]
Animation 24: FadeOut(VGroup of 8 submobjects):  77%|#######6  | 46/60 [00:27<00:08,  1.68it/s]
Animation 24: FadeOut(VGroup of 8 submobjects):  78%|#######8  | 47/60 [00:27<00:07,  1.69it/s]
Animation 24: FadeOut(VGroup of 8 submobjects):  80%|########  | 48/60 [00:28<00:07,  1.69it/s]
Animation 24: FadeOut(VGroup of 8 submobjects):  82%|########1 | 49/60 [00:28<00:06,  1.69it/s]
Animation 24: FadeOut(VGroup of 8 submobjects):  83%|########3 | 50/60 [00:29<00:05,  1.70it/s]
Animation 24: FadeOut(VGroup of 8 submobjects):  85%|########5 | 51/60 [00:30<00:05,  1.70it/s]
Animation 24: FadeOut(VGroup of 8 submobjects):  87%|########6 | 52/60 [00:30<00:04,  1.70it/s]
Animation 24: FadeOut(VGroup of 8 submobjects):  88%|########8 | 53/60 [00:31<00:04,  1.70it/s]
Animation 24: FadeOut(VGroup of 8 submobjects):  90%|######### | 54/60 [00:31<00:03,  1.57it/s]
Animation 24: FadeOut(VGroup of 8 submobjects):  92%|#########1| 55/60 [00:32<00:03,  1.61it/s]
Animation 24: FadeOut(VGroup of 8 submobjects):  93%|#########3| 56/60 [00:33<00:02,  1.66it/s]
Animation 24: FadeOut(VGroup of 8 submobjects):  95%|#########5| 57/60 [00:33<00:01,  1.68it/s]
Animation 24: FadeOut(VGroup of 8 submobjects):  97%|#########6| 58/60 [00:34<00:01,  1.71it/s]
Animation 24: FadeOut(VGroup of 8 submobjects):  98%|#########8| 59/60 [00:34<00:00,  1.73it/s]
Animation 24: FadeOut(VGroup of 8 submobjects): 100%|##########| 60/60 [00:35<00:00,  1.73it/s]
[09/08/26 21:29:34] INFO     Animation 24 : Partial    scene_file_writer.py:192
                             movie file written in                             
                             'C:\Users\Nacho\Documents                         
                             \Animaciones\Capitulo                             
                             11\media\videos\s07_resol                         
                             ucion\1080p60\partial_mov                         
                             ie_files\Resolucion\29324                         
                             40949_1801890749_59407668                         
                             .mp4'                                             
                                                                                               

Animation 25: FadeIn(VGroup of 3 submobjects):   0%|          | 0/60 [00:00<?, ?it/s]
Animation 25: FadeIn(VGroup of 3 submobjects):   7%|6         | 4/60 [00:00<00:02, 26.51it/s]
Animation 25: FadeIn(VGroup of 3 submobjects):  12%|#1        | 7/60 [00:00<00:02, 25.32it/s]
Animation 25: FadeIn(VGroup of 3 submobjects):  17%|#6        | 10/60 [00:00<00:02, 24.72it/s]
Animation 25: FadeIn(VGroup of 3 submobjects):  22%|##1       | 13/60 [00:00<00:01, 24.56it/s]
Animation 25: FadeIn(VGroup of 3 submobjects):  27%|##6       | 16/60 [00:00<00:01, 24.79it/s]
Animation 25: FadeIn(VGroup of 3 submobjects):  32%|###1      | 19/60 [00:00<00:01, 25.35it/s]
Animation 25: FadeIn(VGroup of 3 submobjects):  37%|###6      | 22/60 [00:00<00:01, 25.84it/s]
Animation 25: FadeIn(VGroup of 3 submobjects):  42%|####1     | 25/60 [00:00<00:01, 26.11it/s]
Animation 25: FadeIn(VGroup of 3 submobjects):  47%|####6     | 28/60 [00:01<00:01, 26.37it/s]
Animation 25: FadeIn(VGroup of 3 submobjects):  52%|#####1    | 31/60 [00:01<00:01, 25.05it/s]
Animation 25: FadeIn(VGroup of 3 submobjects):  57%|#####6    | 34/60 [00:01<00:01, 24.44it/s]
Animation 25: FadeIn(VGroup of 3 submobjects):  62%|######1   | 37/60 [00:01<00:00, 24.80it/s]
Animation 25: FadeIn(VGroup of 3 submobjects):  67%|######6   | 40/60 [00:01<00:00, 25.21it/s]
Animation 25: FadeIn(VGroup of 3 submobjects):  72%|#######1  | 43/60 [00:01<00:00, 23.99it/s]
Animation 25: FadeIn(VGroup of 3 submobjects):  77%|#######6  | 46/60 [00:01<00:00, 20.74it/s]
Animation 25: FadeIn(VGroup of 3 submobjects):  82%|########1 | 49/60 [00:02<00:00, 20.42it/s]
Animation 25: FadeIn(VGroup of 3 submobjects):  87%|########6 | 52/60 [00:02<00:00, 20.86it/s]
Animation 25: FadeIn(VGroup of 3 submobjects):  92%|#########1| 55/60 [00:02<00:00, 21.45it/s]
Animation 25: FadeIn(VGroup of 3 submobjects):  97%|#########6| 58/60 [00:02<00:00, 21.19it/s]
[09/08/26 21:29:39] INFO     Animation 25 : Partial    scene_file_writer.py:192
                             movie file written in                             
                             'C:\Users\Nacho\Documents                         
                             \Animaciones\Capitulo                             
                             11\media\videos\s07_resol                         
                             ucion\1080p60\partial_mov                         
                             ie_files\Resolucion\29324                         
                             40949_3753916988_37788091                         
                             29.mp4'                                           
                                                                                              

Animation 26: FadeIn(Text('vs')):   0%|          | 0/60 [00:00<?, ?it/s]
Animation 26: FadeIn(Text('vs')):  13%|#3        | 8/60 [00:00<00:00, 74.06it/s]
Animation 26: FadeIn(Text('vs')):  27%|##6       | 16/60 [00:00<00:00, 57.07it/s]
Animation 26: FadeIn(Text('vs')):  37%|###6      | 22/60 [00:00<00:00, 54.13it/s]
Animation 26: FadeIn(Text('vs')):  47%|####6     | 28/60 [00:00<00:00, 52.84it/s]
Animation 26: FadeIn(Text('vs')):  57%|#####6    | 34/60 [00:00<00:00, 51.79it/s]
Animation 26: FadeIn(Text('vs')):  67%|######6   | 40/60 [00:00<00:00, 51.90it/s]
Animation 26: FadeIn(Text('vs')):  77%|#######6  | 46/60 [00:00<00:00, 48.01it/s]
Animation 26: FadeIn(Text('vs')):  87%|########6 | 52/60 [00:01<00:00, 49.81it/s]
Animation 26: FadeIn(Text('vs')):  97%|#########6| 58/60 [00:01<00:00, 48.98it/s]
[09/08/26 21:29:42] INFO     Animation 26 : Partial    scene_file_writer.py:192
                             movie file written in                             
                             'C:\Users\Nacho\Documents                         
                             \Animaciones\Capitulo                             
                             11\media\videos\s07_resol                         
                             ucion\1080p60\partial_mov                         
                             ie_files\Resolucion\29324                         
                             40949_3086368327_11147819                         
                             96.mp4'                                           
                                                                                 

Animation 27: FadeIn(VGroup of 3 submobjects):   0%|          | 0/60 [00:00<?, ?it/s]
Animation 27: FadeIn(VGroup of 3 submobjects):   7%|6         | 4/60 [00:00<00:01, 29.80it/s]
Animation 27: FadeIn(VGroup of 3 submobjects):  12%|#1        | 7/60 [00:00<00:01, 27.30it/s]
Animation 27: FadeIn(VGroup of 3 submobjects):  17%|#6        | 10/60 [00:00<00:01, 27.25it/s]
Animation 27: FadeIn(VGroup of 3 submobjects):  22%|##1       | 13/60 [00:00<00:01, 26.79it/s]
Animation 27: FadeIn(VGroup of 3 submobjects):  27%|##6       | 16/60 [00:00<00:01, 26.44it/s]
Animation 27: FadeIn(VGroup of 3 submobjects):  32%|###1      | 19/60 [00:00<00:01, 25.82it/s]
Animation 27: FadeIn(VGroup of 3 submobjects):  37%|###6      | 22/60 [00:00<00:01, 26.23it/s]
Animation 27: FadeIn(VGroup of 3 submobjects):  42%|####1     | 25/60 [00:00<00:01, 25.70it/s]
Animation 27: FadeIn(VGroup of 3 submobjects):  47%|####6     | 28/60 [00:01<00:01, 26.22it/s]
Animation 27: FadeIn(VGroup of 3 submobjects):  52%|#####1    | 31/60 [00:01<00:01, 26.52it/s]
Animation 27: FadeIn(VGroup of 3 submobjects):  57%|#####6    | 34/60 [00:01<00:00, 26.17it/s]
Animation 27: FadeIn(VGroup of 3 submobjects):  62%|######1   | 37/60 [00:01<00:00, 26.34it/s]
Animation 27: FadeIn(VGroup of 3 submobjects):  67%|######6   | 40/60 [00:01<00:00, 26.33it/s]
Animation 27: FadeIn(VGroup of 3 submobjects):  72%|#######1  | 43/60 [00:01<00:00, 25.40it/s]
Animation 27: FadeIn(VGroup of 3 submobjects):  77%|#######6  | 46/60 [00:01<00:00, 21.60it/s]
Animation 27: FadeIn(VGroup of 3 submobjects):  82%|########1 | 49/60 [00:02<00:00, 20.09it/s]
Animation 27: FadeIn(VGroup of 3 submobjects):  87%|########6 | 52/60 [00:02<00:00, 20.07it/s]
Animation 27: FadeIn(VGroup of 3 submobjects):  92%|#########1| 55/60 [00:02<00:00, 20.52it/s]
Animation 27: FadeIn(VGroup of 3 submobjects):  97%|#########6| 58/60 [00:02<00:00, 21.00it/s]
[09/08/26 21:29:46] INFO     Animation 27 : Partial    scene_file_writer.py:192
                             movie file written in                             
                             'C:\Users\Nacho\Documents                         
                             \Animaciones\Capitulo                             
                             11\media\videos\s07_resol                         
                             ucion\1080p60\partial_mov                         
                             ie_files\Resolucion\29324                         
                             40949_2686336411_34043100                         
                             07.mp4'                                           
[09/08/26 21:29:48] INFO     Animation 28 : Partial    scene_file_writer.py:192
                             movie file written in                             
                             'C:\Users\Nacho\Documents                         
                             \Animaciones\Capitulo                             
                             11\media\videos\s07_resol                         
                             ucion\1080p60\partial_mov                         
                             ie_files\Resolucion\29324                         
                             40949_125152860_149211993                         
                             6.mp4'                                            
                                                                                              

Animation 29: FadeIn(Text('con un registro fijo, mejorar uno empeora el otro. Para mejorar los dos hace falta más 
datos.')):   0%|          | 0/60 [00:00<?, ?it/s]
Animation 29: FadeIn(Text('con un registro fijo, mejorar uno empeora el otro. Para mejorar los dos hace falta más 
datos.')):   5%|5         | 3/60 [00:00<00:02, 20.22it/s]
Animation 29: FadeIn(Text('con un registro fijo, mejorar uno empeora el otro. Para mejorar los dos hace falta más 
datos.')):  10%|#         | 6/60 [00:00<00:02, 18.26it/s]
Animation 29: FadeIn(Text('con un registro fijo, mejorar uno empeora el otro. Para mejorar los dos hace falta más 
datos.')):  13%|#3        | 8/60 [00:00<00:02, 18.15it/s]
Animation 29: FadeIn(Text('con un registro fijo, mejorar uno empeora el otro. Para mejorar los dos hace falta más 
datos.')):  17%|#6        | 10/60 [00:00<00:02, 17.53it/s]
Animation 29: FadeIn(Text('con un registro fijo, mejorar uno empeora el otro. Para mejorar los dos hace falta más 
datos.')):  20%|##        | 12/60 [00:00<00:02, 17.58it/s]
Animation 29: FadeIn(Text('con un registro fijo, mejorar uno empeora el otro. Para mejorar los dos hace falta más 
datos.')):  23%|##3       | 14/60 [00:00<00:02, 17.48it/s]
Animation 29: FadeIn(Text('con un registro fijo, mejorar uno empeora el otro. Para mejorar los dos hace falta más 
datos.')):  27%|##6       | 16/60 [00:00<00:02, 17.60it/s]
Animation 29: FadeIn(Text('con un registro fijo, mejorar uno empeora el otro. Para mejorar los dos hace falta más 
datos.')):  30%|###       | 18/60 [00:01<00:02, 17.52it/s]
Animation 29: FadeIn(Text('con un registro fijo, mejorar uno empeora el otro. Para mejorar los dos hace falta más 
datos.')):  33%|###3      | 20/60 [00:01<00:02, 17.44it/s]
Animation 29: FadeIn(Text('con un registro fijo, mejorar uno empeora el otro. Para mejorar los dos hace falta más 
datos.')):  37%|###6      | 22/60 [00:01<00:02, 17.30it/s]
Animation 29: FadeIn(Text('con un registro fijo, mejorar uno empeora el otro. Para mejorar los dos hace falta más 
datos.')):  40%|####      | 24/60 [00:01<00:02, 17.27it/s]
Animation 29: FadeIn(Text('con un registro fijo, mejorar uno empeora el otro. Para mejorar los dos hace falta más 
datos.')):  43%|####3     | 26/60 [00:01<00:01, 17.53it/s]
Animation 29: FadeIn(Text('con un registro fijo, mejorar uno empeora el otro. Para mejorar los dos hace falta más 
datos.')):  47%|####6     | 28/60 [00:01<00:01, 17.75it/s]
Animation 29: FadeIn(Text('con un registro fijo, mejorar uno empeora el otro. Para mejorar los dos hace falta más 
datos.')):  50%|#####     | 30/60 [00:01<00:01, 17.92it/s]
Animation 29: FadeIn(Text('con un registro fijo, mejorar uno empeora el otro. Para mejorar los dos hace falta más 
datos.')):  53%|#####3    | 32/60 [00:01<00:01, 17.91it/s]
Animation 29: FadeIn(Text('con un registro fijo, mejorar uno empeora el otro. Para mejorar los dos hace falta más 
datos.')):  57%|#####6    | 34/60 [00:01<00:01, 17.88it/s]
Animation 29: FadeIn(Text('con un registro fijo, mejorar uno empeora el otro. Para mejorar los dos hace falta más 
datos.')):  60%|######    | 36/60 [00:02<00:01, 17.90it/s]
Animation 29: FadeIn(Text('con un registro fijo, mejorar uno empeora el otro. Para mejorar los dos hace falta más 
datos.')):  63%|######3   | 38/60 [00:02<00:01, 18.16it/s]
Animation 29: FadeIn(Text('con un registro fijo, mejorar uno empeora el otro. Para mejorar los dos hace falta más 
datos.')):  67%|######6   | 40/60 [00:02<00:01, 18.19it/s]
Animation 29: FadeIn(Text('con un registro fijo, mejorar uno empeora el otro. Para mejorar los dos hace falta más 
datos.')):  70%|#######   | 42/60 [00:02<00:00, 18.23it/s]
Animation 29: FadeIn(Text('con un registro fijo, mejorar uno empeora el otro. Para mejorar los dos hace falta más 
datos.')):  73%|#######3  | 44/60 [00:02<00:01, 13.58it/s]
Animation 29: FadeIn(Text('con un registro fijo, mejorar uno empeora el otro. Para mejorar los dos hace falta más 
datos.')):  77%|#######6  | 46/60 [00:02<00:01, 13.84it/s]
Animation 29: FadeIn(Text('con un registro fijo, mejorar uno empeora el otro. Para mejorar los dos hace falta más 
datos.')):  80%|########  | 48/60 [00:02<00:00, 14.16it/s]
Animation 29: FadeIn(Text('con un registro fijo, mejorar uno empeora el otro. Para mejorar los dos hace falta más 
datos.')):  83%|########3 | 50/60 [00:02<00:00, 14.89it/s]
Animation 29: FadeIn(Text('con un registro fijo, mejorar uno empeora el otro. Para mejorar los dos hace falta más 
datos.')):  87%|########6 | 52/60 [00:03<00:00, 15.19it/s]
Animation 29: FadeIn(Text('con un registro fijo, mejorar uno empeora el otro. Para mejorar los dos hace falta más 
datos.')):  90%|######### | 54/60 [00:03<00:00, 15.49it/s]
Animation 29: FadeIn(Text('con un registro fijo, mejorar uno empeora el otro. Para mejorar los dos hace falta más 
datos.')):  93%|#########3| 56/60 [00:03<00:00, 15.42it/s]
Animation 29: FadeIn(Text('con un registro fijo, mejorar uno empeora el otro. Para mejorar los dos hace falta más 
datos.')):  97%|#########6| 58/60 [00:03<00:00, 15.51it/s]
Animation 29: FadeIn(Text('con un registro fijo, mejorar uno empeora el otro. Para mejorar los dos hace falta más 
datos.')): 100%|##########| 60/60 [00:03<00:00, 15.60it/s]
[09/08/26 21:29:53] INFO     Animation 29 : Partial    scene_file_writer.py:192
                             movie file written in                             
                             'C:\Users\Nacho\Documents                         
                             \Animaciones\Capitulo                             
                             11\media\videos\s07_resol                         
                             ucion\1080p60\partial_mov                         
                             ie_files\Resolucion\29324                         
                             40949_397985498_268897490                         
                             3.mp4'                                            
[09/08/26 21:29:58] INFO     Animation 30 : Partial    scene_file_writer.py:192
                             movie file written in                             
                             'C:\Users\Nacho\Documents                         
                             \Animaciones\Capitulo                             
                             11\media\videos\s07_resol                         
                             ucion\1080p60\partial_mov                         
                             ie_files\Resolucion\29324                         
                             40949_349589963_158057889                         
                             3.mp4'                                            
                                                                                                                       
                                                     

Animation 31: FadeOut(VGroup of 3 submobjects):   0%|          | 0/60 [00:00<?, ?it/s]
Animation 31: FadeOut(VGroup of 3 submobjects):   2%|1         | 1/60 [00:00<00:06,  9.78it/s]
Animation 31: FadeOut(VGroup of 3 submobjects):   3%|3         | 2/60 [00:00<00:07,  7.80it/s]
Animation 31: FadeOut(VGroup of 3 submobjects):   5%|5         | 3/60 [00:00<00:06,  8.35it/s]
Animation 31: FadeOut(VGroup of 3 submobjects):   7%|6         | 4/60 [00:00<00:06,  8.68it/s]
Animation 31: FadeOut(VGroup of 3 submobjects):   8%|8         | 5/60 [00:00<00:06,  8.82it/s]
Animation 31: FadeOut(VGroup of 3 submobjects):  10%|#         | 6/60 [00:00<00:06,  8.79it/s]
Animation 31: FadeOut(VGroup of 3 submobjects):  12%|#1        | 7/60 [00:00<00:05,  8.94it/s]
Animation 31: FadeOut(VGroup of 3 submobjects):  13%|#3        | 8/60 [00:00<00:05,  8.96it/s]
Animation 31: FadeOut(VGroup of 3 submobjects):  15%|#5        | 9/60 [00:01<00:05,  8.99it/s]
Animation 31: FadeOut(VGroup of 3 submobjects):  17%|#6        | 10/60 [00:01<00:05,  9.12it/s]
Animation 31: FadeOut(VGroup of 3 submobjects):  18%|#8        | 11/60 [00:01<00:05,  8.99it/s]
Animation 31: FadeOut(VGroup of 3 submobjects):  20%|##        | 12/60 [00:01<00:05,  9.04it/s]
Animation 31: FadeOut(VGroup of 3 submobjects):  22%|##1       | 13/60 [00:01<00:05,  9.12it/s]
Animation 31: FadeOut(VGroup of 3 submobjects):  23%|##3       | 14/60 [00:01<00:05,  9.14it/s]
Animation 31: FadeOut(VGroup of 3 submobjects):  25%|##5       | 15/60 [00:01<00:04,  9.22it/s]
Animation 31: FadeOut(VGroup of 3 submobjects):  27%|##6       | 16/60 [00:01<00:04,  9.15it/s]
Animation 31: FadeOut(VGroup of 3 submobjects):  28%|##8       | 17/60 [00:01<00:04,  9.19it/s]
Animation 31: FadeOut(VGroup of 3 submobjects):  30%|###       | 18/60 [00:02<00:04,  9.17it/s]
Animation 31: FadeOut(VGroup of 3 submobjects):  32%|###1      | 19/60 [00:02<00:04,  9.19it/s]
Animation 31: FadeOut(VGroup of 3 submobjects):  33%|###3      | 20/60 [00:02<00:04,  9.13it/s]
Animation 31: FadeOut(VGroup of 3 submobjects):  35%|###5      | 21/60 [00:02<00:04,  9.17it/s]
Animation 31: FadeOut(VGroup of 3 submobjects):  37%|###6      | 22/60 [00:02<00:04,  9.04it/s]
Animation 31: FadeOut(VGroup of 3 submobjects):  38%|###8      | 23/60 [00:02<00:04,  8.94it/s]
Animation 31: FadeOut(VGroup of 3 submobjects):  40%|####      | 24/60 [00:02<00:04,  8.98it/s]
Animation 31: FadeOut(VGroup of 3 submobjects):  42%|####1     | 25/60 [00:02<00:03,  9.09it/s]
Animation 31: FadeOut(VGroup of 3 submobjects):  43%|####3     | 26/60 [00:02<00:03,  9.20it/s]
Animation 31: FadeOut(VGroup of 3 submobjects):  45%|####5     | 27/60 [00:02<00:03,  9.19it/s]
Animation 31: FadeOut(VGroup of 3 submobjects):  47%|####6     | 28/60 [00:03<00:03,  9.28it/s]
Animation 31: FadeOut(VGroup of 3 submobjects):  48%|####8     | 29/60 [00:03<00:03,  9.29it/s]
Animation 31: FadeOut(VGroup of 3 submobjects):  50%|#####     | 30/60 [00:03<00:03,  9.21it/s]
Animation 31: FadeOut(VGroup of 3 submobjects):  52%|#####1    | 31/60 [00:03<00:03,  9.09it/s]
Animation 31: FadeOut(VGroup of 3 submobjects):  53%|#####3    | 32/60 [00:03<00:03,  9.02it/s]
Animation 31: FadeOut(VGroup of 3 submobjects):  55%|#####5    | 33/60 [00:03<00:02,  9.11it/s]
Animation 31: FadeOut(VGroup of 3 submobjects):  57%|#####6    | 34/60 [00:03<00:02,  9.13it/s]
Animation 31: FadeOut(VGroup of 3 submobjects):  58%|#####8    | 35/60 [00:03<00:02,  9.18it/s]
Animation 31: FadeOut(VGroup of 3 submobjects):  60%|######    | 36/60 [00:03<00:02,  9.17it/s]
Animation 31: FadeOut(VGroup of 3 submobjects):  62%|######1   | 37/60 [00:04<00:02,  9.22it/s]
Animation 31: FadeOut(VGroup of 3 submobjects):  63%|######3   | 38/60 [00:04<00:02,  9.24it/s]
Animation 31: FadeOut(VGroup of 3 submobjects):  65%|######5   | 39/60 [00:04<00:02,  9.14it/s]
Animation 31: FadeOut(VGroup of 3 submobjects):  67%|######6   | 40/60 [00:04<00:02,  9.10it/s]
Animation 31: FadeOut(VGroup of 3 submobjects):  68%|######8   | 41/60 [00:04<00:02,  9.10it/s]
Animation 31: FadeOut(VGroup of 3 submobjects):  70%|#######   | 42/60 [00:04<00:01,  9.22it/s]
Animation 31: FadeOut(VGroup of 3 submobjects):  72%|#######1  | 43/60 [00:04<00:02,  7.89it/s]
Animation 31: FadeOut(VGroup of 3 submobjects):  73%|#######3  | 44/60 [00:04<00:02,  6.89it/s]
Animation 31: FadeOut(VGroup of 3 submobjects):  75%|#######5  | 45/60 [00:05<00:02,  7.31it/s]
Animation 31: FadeOut(VGroup of 3 submobjects):  77%|#######6  | 46/60 [00:05<00:01,  7.73it/s]
Animation 31: FadeOut(VGroup of 3 submobjects):  78%|#######8  | 47/60 [00:05<00:01,  8.08it/s]
Animation 31: FadeOut(VGroup of 3 submobjects):  80%|########  | 48/60 [00:05<00:01,  8.11it/s]
Animation 31: FadeOut(VGroup of 3 submobjects):  82%|########1 | 49/60 [00:05<00:01,  8.21it/s]
Animation 31: FadeOut(VGroup of 3 submobjects):  83%|########3 | 50/60 [00:05<00:01,  8.39it/s]
Animation 31: FadeOut(VGroup of 3 submobjects):  85%|########5 | 51/60 [00:05<00:01,  8.45it/s]
Animation 31: FadeOut(VGroup of 3 submobjects):  87%|########6 | 52/60 [00:05<00:00,  8.31it/s]
Animation 31: FadeOut(VGroup of 3 submobjects):  88%|########8 | 53/60 [00:06<00:00,  8.41it/s]
Animation 31: FadeOut(VGroup of 3 submobjects):  90%|######### | 54/60 [00:06<00:00,  8.62it/s]
Animation 31: FadeOut(VGroup of 3 submobjects):  92%|#########1| 55/60 [00:06<00:00,  8.65it/s]
Animation 31: FadeOut(VGroup of 3 submobjects):  93%|#########3| 56/60 [00:06<00:00,  8.16it/s]
Animation 31: FadeOut(VGroup of 3 submobjects):  95%|#########5| 57/60 [00:06<00:00,  8.05it/s]
Animation 31: FadeOut(VGroup of 3 submobjects):  97%|#########6| 58/60 [00:06<00:00,  8.25it/s]
Animation 31: FadeOut(VGroup of 3 submobjects): 100%|##########| 60/60 [00:06<00:00,  8.91it/s]
[09/08/26 21:30:09] INFO     Animation 31 : Partial    scene_file_writer.py:192
                             movie file written in                             
                             'C:\Users\Nacho\Documents                         
                             \Animaciones\Capitulo                             
                             11\media\videos\s07_resol                         
                             ucion\1080p60\partial_mov                         
                             ie_files\Resolucion\29324                         
                             40949_951778641_186994058                         
                             9.mp4'                                            
[09/08/26 21:30:10] INFO     Animation 32 : Partial    scene_file_writer.py:192
                             movie file written in                             
                             'C:\Users\Nacho\Documents                         
                             \Animaciones\Capitulo                             
                             11\media\videos\s07_resol                         
                             ucion\1080p60\partial_mov                         
                             ie_files\Resolucion\29324                         
                             40949_4235033027_22693269                         
                             0.mp4'                                            
                    INFO     Combining to Movie file.  scene_file_writer.py:952
                    INFO                              scene_file_writer.py:1103
                             File ready at                                     
                             'C:\Users\Nacho\Document                          
                             s\Animaciones\Capitulo                            
                             11\media\videos\s07_reso                          
                             lucion\1080p60\Resolucio                          
                             n.mp4'                                            
                                                                               
                    INFO     Rendered Resolucion                   scene.py:290
                             Played 33 animations                              
                                                                                               
Manim Community v0.21.0

manim.exe : 
En C:\Users\Nacho\Documents\Animaciones\Capitulo 11\render.ps1: 49 Carácter: 9
+         & manim "-$Calidad" $e.archivo $e.escena *>> $log
+         ~~~~~~~~~~~~~~~~~~~~~~~~~~~~~~~~~~~~~~~~~~~~~~~~~
    + CategoryInfo          : NotSpecified: (:String) [], RemoteException
    + FullyQualifiedErrorId : NativeCommandError
 
Animation 0: FadeIn(Text('Modelar y blanquear: dos caras de la misma moneda')):   0%|          | 0/60 [00:00<?, ?it/s]
Animation 0: FadeIn(Text('Modelar y blanquear: dos caras de la misma moneda')):   5%|5         | 3/60 [00:00<00:02, 
22.55it/s]
Animation 0: FadeIn(Text('Modelar y blanquear: dos caras de la misma moneda')):  10%|#         | 6/60 [00:00<00:02, 
20.39it/s]
Animation 0: FadeIn(Text('Modelar y blanquear: dos caras de la misma moneda')):  15%|#5        | 9/60 [00:00<00:02, 
19.83it/s]
Animation 0: FadeIn(Text('Modelar y blanquear: dos caras de la misma moneda')):  20%|##        | 12/60 [00:00<00:02, 
20.05it/s]
Animation 0: FadeIn(Text('Modelar y blanquear: dos caras de la misma moneda')):  25%|##5       | 15/60 [00:00<00:02, 
20.11it/s]
Animation 0: FadeIn(Text('Modelar y blanquear: dos caras de la misma moneda')):  30%|###       | 18/60 [00:00<00:02, 
19.62it/s]
Animation 0: FadeIn(Text('Modelar y blanquear: dos caras de la misma moneda')):  35%|###5      | 21/60 [00:01<00:01, 
19.98it/s]
Animation 0: FadeIn(Text('Modelar y blanquear: dos caras de la misma moneda')):  40%|####      | 24/60 [00:01<00:01, 
20.29it/s]
Animation 0: FadeIn(Text('Modelar y blanquear: dos caras de la misma moneda')):  45%|####5     | 27/60 [00:01<00:01, 
20.17it/s]
Animation 0: FadeIn(Text('Modelar y blanquear: dos caras de la misma moneda')):  50%|#####     | 30/60 [00:01<00:01, 
20.04it/s]
Animation 0: FadeIn(Text('Modelar y blanquear: dos caras de la misma moneda')):  55%|#####5    | 33/60 [00:01<00:01, 
20.49it/s]
Animation 0: FadeIn(Text('Modelar y blanquear: dos caras de la misma moneda')):  60%|######    | 36/60 [00:01<00:01, 
20.84it/s]
Animation 0: FadeIn(Text('Modelar y blanquear: dos caras de la misma moneda')):  65%|######5   | 39/60 [00:01<00:01, 
20.87it/s]
Animation 0: FadeIn(Text('Modelar y blanquear: dos caras de la misma moneda')):  70%|#######   | 42/60 [00:02<00:00, 
21.26it/s]
Animation 0: FadeIn(Text('Modelar y blanquear: dos caras de la misma moneda')):  75%|#######5  | 45/60 [00:02<00:00, 
19.88it/s]
Animation 0: FadeIn(Text('Modelar y blanquear: dos caras de la misma moneda')):  80%|########  | 48/60 [00:02<00:00, 
19.94it/s]
Animation 0: FadeIn(Text('Modelar y blanquear: dos caras de la misma moneda')):  85%|########5 | 51/60 [00:02<00:00, 
17.30it/s]
Animation 0: FadeIn(Text('Modelar y blanquear: dos caras de la misma moneda')):  88%|########8 | 53/60 [00:02<00:00, 
15.69it/s]
Animation 0: FadeIn(Text('Modelar y blanquear: dos caras de la misma moneda')):  92%|#########1| 55/60 [00:02<00:00, 
15.16it/s]
Animation 0: FadeIn(Text('Modelar y blanquear: dos caras de la misma moneda')):  97%|#########6| 58/60 [00:03<00:00, 
15.81it/s]
Animation 0: FadeIn(Text('Modelar y blanquear: dos caras de la misma moneda')): 100%|##########| 60/60 [00:03<00:00, 
16.11it/s]
[09/08/26 21:30:22] INFO     Animation 0 : Partial     scene_file_writer.py:192
                             movie file written in                             
                             'C:\Users\Nacho\Documents                         
                             \Animaciones\Capitulo                             
                             11\media\videos\s08_model                         
                             ador\1080p60\partial_movi                         
                             e_files\ModeladorBlanquea                         
                             dor\3010004561_3000658676                         
                             _223132457.mp4'                                   
[09/08/26 21:30:23] INFO     Animation 1 : Partial     scene_file_writer.py:192
                             movie file written in                             
                             'C:\Users\Nacho\Documents                         
                             \Animaciones\Capitulo                             
                             11\media\videos\s08_model                         
                             ador\1080p60\partial_movi                         
                             e_files\ModeladorBlanquea                         
                             dor\2932440949_4235033027                         
                             _3714161240.mp4'                                  
                                                                                                                       
        

Animation 2: FadeIn(MathTex('w[n]')):   0%|          | 0/60 [00:00<?, ?it/s]
Animation 2: FadeIn(MathTex('w[n]')):  12%|#1        | 7/60 [00:00<00:00, 61.46it/s]
Animation 2: FadeIn(MathTex('w[n]')):  23%|##3       | 14/60 [00:00<00:00, 46.05it/s]
Animation 2: FadeIn(MathTex('w[n]')):  32%|###1      | 19/60 [00:00<00:00, 42.18it/s]
Animation 2: FadeIn(MathTex('w[n]')):  40%|####      | 24/60 [00:00<00:00, 39.86it/s]
Animation 2: FadeIn(MathTex('w[n]')):  48%|####8     | 29/60 [00:00<00:00, 39.64it/s]
Animation 2: FadeIn(MathTex('w[n]')):  55%|#####5    | 33/60 [00:00<00:00, 39.35it/s]
Animation 2: FadeIn(MathTex('w[n]')):  62%|######1   | 37/60 [00:00<00:00, 39.21it/s]
Animation 2: FadeIn(MathTex('w[n]')):  68%|######8   | 41/60 [00:01<00:00, 38.66it/s]
Animation 2: FadeIn(MathTex('w[n]')):  75%|#######5  | 45/60 [00:01<00:00, 38.10it/s]
Animation 2: FadeIn(MathTex('w[n]')):  82%|########1 | 49/60 [00:01<00:00, 38.48it/s]
Animation 2: FadeIn(MathTex('w[n]')):  90%|######### | 54/60 [00:01<00:00, 39.73it/s]
Animation 2: FadeIn(MathTex('w[n]')):  97%|#########6| 58/60 [00:01<00:00, 39.22it/s]
[09/08/26 21:30:26] INFO     Animation 2 : Partial     scene_file_writer.py:192
                             movie file written in                             
                             'C:\Users\Nacho\Documents                         
                             \Animaciones\Capitulo                             
                             11\media\videos\s08_model                         
                             ador\1080p60\partial_movi                         
                             e_files\ModeladorBlanquea                         
                             dor\2932440949_3413659163                         
                             _2685252762.mp4'                                  
                                                                                     

Animation 3: GrowArrow(Arrow), etc.:   0%|          | 0/60 [00:00<?, ?it/s]
Animation 3: GrowArrow(Arrow), etc.:   8%|8         | 5/60 [00:00<00:01, 38.80it/s]
Animation 3: GrowArrow(Arrow), etc.:  15%|#5        | 9/60 [00:00<00:01, 32.70it/s]
Animation 3: GrowArrow(Arrow), etc.:  22%|##1       | 13/60 [00:00<00:01, 32.90it/s]
Animation 3: GrowArrow(Arrow), etc.:  28%|##8       | 17/60 [00:00<00:01, 32.83it/s]
Animation 3: GrowArrow(Arrow), etc.:  35%|###5      | 21/60 [00:00<00:01, 32.71it/s]
Animation 3: GrowArrow(Arrow), etc.:  42%|####1     | 25/60 [00:00<00:01, 32.20it/s]
Animation 3: GrowArrow(Arrow), etc.:  48%|####8     | 29/60 [00:00<00:00, 31.95it/s]
Animation 3: GrowArrow(Arrow), etc.:  55%|#####5    | 33/60 [00:01<00:00, 30.90it/s]
Animation 3: GrowArrow(Arrow), etc.:  62%|######1   | 37/60 [00:01<00:00, 30.91it/s]
Animation 3: GrowArrow(Arrow), etc.:  68%|######8   | 41/60 [00:01<00:00, 32.36it/s]
Animation 3: GrowArrow(Arrow), etc.:  75%|#######5  | 45/60 [00:01<00:00, 30.74it/s]
Animation 3: GrowArrow(Arrow), etc.:  82%|########1 | 49/60 [00:01<00:00, 28.80it/s]
Animation 3: GrowArrow(Arrow), etc.:  87%|########6 | 52/60 [00:01<00:00, 27.78it/s]
Animation 3: GrowArrow(Arrow), etc.:  92%|#########1| 55/60 [00:01<00:00, 26.21it/s]
Animation 3: GrowArrow(Arrow), etc.:  97%|#########6| 58/60 [00:01<00:00, 24.78it/s]
[09/08/26 21:30:29] INFO     Animation 3 : Partial     scene_file_writer.py:192
                             movie file written in                             
                             'C:\Users\Nacho\Documents                         
                             \Animaciones\Capitulo                             
                             11\media\videos\s08_model                         
                             ador\1080p60\partial_movi                         
                             e_files\ModeladorBlanquea                         
                             dor\2932440949_4184024890                         
                             _1238215447.mp4'                                  
                                                                                    

Animation 4: GrowArrow(Arrow), etc.:   0%|          | 0/60 [00:00<?, ?it/s]
Animation 4: GrowArrow(Arrow), etc.:  10%|#         | 6/60 [00:00<00:00, 56.83it/s]
Animation 4: GrowArrow(Arrow), etc.:  20%|##        | 12/60 [00:00<00:01, 42.97it/s]
Animation 4: GrowArrow(Arrow), etc.:  28%|##8       | 17/60 [00:00<00:01, 39.55it/s]
Animation 4: GrowArrow(Arrow), etc.:  37%|###6      | 22/60 [00:00<00:01, 36.01it/s]
Animation 4: GrowArrow(Arrow), etc.:  43%|####3     | 26/60 [00:00<00:00, 36.82it/s]
Animation 4: GrowArrow(Arrow), etc.:  52%|#####1    | 31/60 [00:00<00:00, 37.96it/s]
Animation 4: GrowArrow(Arrow), etc.:  58%|#####8    | 35/60 [00:00<00:00, 35.27it/s]
Animation 4: GrowArrow(Arrow), etc.:  65%|######5   | 39/60 [00:01<00:00, 35.23it/s]
Animation 4: GrowArrow(Arrow), etc.:  72%|#######1  | 43/60 [00:01<00:00, 35.60it/s]
Animation 4: GrowArrow(Arrow), etc.:  78%|#######8  | 47/60 [00:01<00:00, 35.67it/s]
Animation 4: GrowArrow(Arrow), etc.:  87%|########6 | 52/60 [00:01<00:00, 37.30it/s]
Animation 4: GrowArrow(Arrow), etc.:  95%|#########5| 57/60 [00:01<00:00, 37.91it/s]
[09/08/26 21:30:32] INFO     Animation 4 : Partial     scene_file_writer.py:192
                             movie file written in                             
                             'C:\Users\Nacho\Documents                         
                             \Animaciones\Capitulo                             
                             11\media\videos\s08_model                         
                             ador\1080p60\partial_movi                         
                             e_files\ModeladorBlanquea                         
                             dor\2932440949_779939358_                         
                             279595920.mp4'                                    
[09/08/26 21:30:34] INFO     Animation 5 : Partial     scene_file_writer.py:192
                             movie file written in                             
                             'C:\Users\Nacho\Documents                         
                             \Animaciones\Capitulo                             
                             11\media\videos\s08_model                         
                             ador\1080p60\partial_movi                         
                             e_files\ModeladorBlanquea                         
                             dor\2932440949_3880968470                         
                             _3720650332.mp4'                                  
                                                                                    

Animation 6: GrowArrow(Arrow), etc.:   0%|          | 0/60 [00:00<?, ?it/s]
Animation 6: GrowArrow(Arrow), etc.:   7%|6         | 4/60 [00:00<00:01, 39.50it/s]
Animation 6: GrowArrow(Arrow), etc.:  13%|#3        | 8/60 [00:00<00:01, 33.09it/s]
Animation 6: GrowArrow(Arrow), etc.:  20%|##        | 12/60 [00:00<00:01, 33.45it/s]
Animation 6: GrowArrow(Arrow), etc.:  27%|##6       | 16/60 [00:00<00:01, 33.29it/s]
Animation 6: GrowArrow(Arrow), etc.:  33%|###3      | 20/60 [00:00<00:01, 32.76it/s]
Animation 6: GrowArrow(Arrow), etc.:  40%|####      | 24/60 [00:00<00:01, 32.48it/s]
Animation 6: GrowArrow(Arrow), etc.:  47%|####6     | 28/60 [00:00<00:00, 32.72it/s]
Animation 6: GrowArrow(Arrow), etc.:  53%|#####3    | 32/60 [00:00<00:00, 33.15it/s]
Animation 6: GrowArrow(Arrow), etc.:  60%|######    | 36/60 [00:01<00:00, 32.90it/s]
Animation 6: GrowArrow(Arrow), etc.:  67%|######6   | 40/60 [00:01<00:00, 33.27it/s]
Animation 6: GrowArrow(Arrow), etc.:  73%|#######3  | 44/60 [00:01<00:00, 30.45it/s]
Animation 6: GrowArrow(Arrow), etc.:  80%|########  | 48/60 [00:01<00:00, 27.77it/s]
Animation 6: GrowArrow(Arrow), etc.:  85%|########5 | 51/60 [00:01<00:00, 25.48it/s]
Animation 6: GrowArrow(Arrow), etc.:  90%|######### | 54/60 [00:01<00:00, 24.31it/s]
Animation 6: GrowArrow(Arrow), etc.:  95%|#########5| 57/60 [00:01<00:00, 23.10it/s]
Animation 6: GrowArrow(Arrow), etc.: 100%|##########| 60/60 [00:02<00:00, 23.54it/s]
[09/08/26 21:30:37] INFO     Animation 6 : Partial     scene_file_writer.py:192
                             movie file written in                             
                             'C:\Users\Nacho\Documents                         
                             \Animaciones\Capitulo                             
                             11\media\videos\s08_model                         
                             ador\1080p60\partial_movi                         
                             e_files\ModeladorBlanquea                         
                             dor\2932440949_1844253426                         
                             _4030157327.mp4'                                  
                                                                                    

Animation 7: GrowArrow(Arrow), etc.:   0%|          | 0/60 [00:00<?, ?it/s]
Animation 7: GrowArrow(Arrow), etc.:  12%|#1        | 7/60 [00:00<00:00, 62.88it/s]
Animation 7: GrowArrow(Arrow), etc.:  23%|##3       | 14/60 [00:00<00:00, 46.96it/s]
Animation 7: GrowArrow(Arrow), etc.:  32%|###1      | 19/60 [00:00<00:00, 43.52it/s]
Animation 7: GrowArrow(Arrow), etc.:  40%|####      | 24/60 [00:00<00:00, 42.87it/s]
Animation 7: GrowArrow(Arrow), etc.:  48%|####8     | 29/60 [00:00<00:00, 42.35it/s]
Animation 7: GrowArrow(Arrow), etc.:  57%|#####6    | 34/60 [00:00<00:00, 42.46it/s]
Animation 7: GrowArrow(Arrow), etc.:  65%|######5   | 39/60 [00:00<00:00, 41.99it/s]
Animation 7: GrowArrow(Arrow), etc.:  73%|#######3  | 44/60 [00:01<00:00, 40.98it/s]
Animation 7: GrowArrow(Arrow), etc.:  82%|########1 | 49/60 [00:01<00:00, 40.71it/s]
Animation 7: GrowArrow(Arrow), etc.:  90%|######### | 54/60 [00:01<00:00, 41.70it/s]
Animation 7: GrowArrow(Arrow), etc.:  98%|#########8| 59/60 [00:01<00:00, 40.26it/s]
[09/08/26 21:30:39] INFO     Animation 7 : Partial     scene_file_writer.py:192
                             movie file written in                             
                             'C:\Users\Nacho\Documents                         
                             \Animaciones\Capitulo                             
                             11\media\videos\s08_model                         
                             ador\1080p60\partial_movi                         
                             e_files\ModeladorBlanquea                         
                             dor\2932440949_4060388844                         
                             _2531099733.mp4'                                  
[09/08/26 21:30:42] INFO     Animation 8 : Partial     scene_file_writer.py:192
                             movie file written in                             
                             'C:\Users\Nacho\Documents                         
                             \Animaciones\Capitulo                             
                             11\media\videos\s08_model                         
                             ador\1080p60\partial_movi                         
                             e_files\ModeladorBlanquea                         
                             dor\2932440949_4046863825                         
                             _454288466.mp4'                                   
                                                                                    

Animation 9: FadeIn(Text('uno le da forma al espectro plano; el otro se la saca')):   0%|          | 0/60 [00:00<?, 
?it/s]
Animation 9: FadeIn(Text('uno le da forma al espectro plano; el otro se la saca')):   5%|5         | 3/60 
[00:00<00:01, 29.49it/s]
Animation 9: FadeIn(Text('uno le da forma al espectro plano; el otro se la saca')):  10%|#         | 6/60 
[00:00<00:02, 24.94it/s]
Animation 9: FadeIn(Text('uno le da forma al espectro plano; el otro se la saca')):  15%|#5        | 9/60 
[00:00<00:02, 25.08it/s]
Animation 9: FadeIn(Text('uno le da forma al espectro plano; el otro se la saca')):  20%|##        | 12/60 
[00:00<00:01, 24.20it/s]
Animation 9: FadeIn(Text('uno le da forma al espectro plano; el otro se la saca')):  25%|##5       | 15/60 
[00:00<00:01, 24.35it/s]
Animation 9: FadeIn(Text('uno le da forma al espectro plano; el otro se la saca')):  30%|###       | 18/60 
[00:00<00:01, 24.25it/s]
Animation 9: FadeIn(Text('uno le da forma al espectro plano; el otro se la saca')):  35%|###5      | 21/60 
[00:00<00:01, 24.73it/s]
Animation 9: FadeIn(Text('uno le da forma al espectro plano; el otro se la saca')):  40%|####      | 24/60 
[00:01<00:01, 18.38it/s]
Animation 9: FadeIn(Text('uno le da forma al espectro plano; el otro se la saca')):  45%|####5     | 27/60 
[00:01<00:01, 19.27it/s]
Animation 9: FadeIn(Text('uno le da forma al espectro plano; el otro se la saca')):  50%|#####     | 30/60 
[00:01<00:01, 19.77it/s]
Animation 9: FadeIn(Text('uno le da forma al espectro plano; el otro se la saca')):  55%|#####5    | 33/60 
[00:01<00:01, 20.56it/s]
Animation 9: FadeIn(Text('uno le da forma al espectro plano; el otro se la saca')):  60%|######    | 36/60 
[00:01<00:01, 21.82it/s]
Animation 9: FadeIn(Text('uno le da forma al espectro plano; el otro se la saca')):  65%|######5   | 39/60 
[00:01<00:00, 22.53it/s]
Animation 9: FadeIn(Text('uno le da forma al espectro plano; el otro se la saca')):  70%|#######   | 42/60 
[00:01<00:00, 22.96it/s]
Animation 9: FadeIn(Text('uno le da forma al espectro plano; el otro se la saca')):  75%|#######5  | 45/60 
[00:02<00:00, 19.22it/s]
Animation 9: FadeIn(Text('uno le da forma al espectro plano; el otro se la saca')):  80%|########  | 48/60 
[00:02<00:00, 17.01it/s]
Animation 9: FadeIn(Text('uno le da forma al espectro plano; el otro se la saca')):  85%|########5 | 51/60 
[00:02<00:00, 17.89it/s]
Animation 9: FadeIn(Text('uno le da forma al espectro plano; el otro se la saca')):  88%|########8 | 53/60 
[00:02<00:00, 17.30it/s]
Animation 9: FadeIn(Text('uno le da forma al espectro plano; el otro se la saca')):  93%|#########3| 56/60 
[00:02<00:00, 17.68it/s]
Animation 9: FadeIn(Text('uno le da forma al espectro plano; el otro se la saca')):  97%|#########6| 58/60 
[00:02<00:00, 17.98it/s]
Animation 9: FadeIn(Text('uno le da forma al espectro plano; el otro se la saca')): 100%|##########| 60/60 
[00:02<00:00, 17.95it/s]
[09/08/26 21:30:47] INFO     Animation 9 : Partial     scene_file_writer.py:192
                             movie file written in                             
                             'C:\Users\Nacho\Documents                         
                             \Animaciones\Capitulo                             
                             11\media\videos\s08_model                         
                             ador\1080p60\partial_movi                         
                             e_files\ModeladorBlanquea                         
                             dor\2932440949_289555201_                         
                             1075984055.mp4'                                   
[09/08/26 21:30:50] INFO     Animation 10 : Partial    scene_file_writer.py:192
                             movie file written in                             
                             'C:\Users\Nacho\Documents                         
                             \Animaciones\Capitulo                             
                             11\media\videos\s08_model                         
                             ador\1080p60\partial_movi                         
                             e_files\ModeladorBlanquea                         
                             dor\2932440949_3926500612                         
                             _2942245475.mp4'                                  
                                                                                                                       
            

Animation 11: FadeOut(Text('uno le da forma al espectro plano; el otro se la saca')):   0%|          | 0/60 [00:00<?, 
?it/s]
Animation 11: FadeOut(Text('uno le da forma al espectro plano; el otro se la saca')):   5%|5         | 3/60 
[00:00<00:02, 24.91it/s]
Animation 11: FadeOut(Text('uno le da forma al espectro plano; el otro se la saca')):  10%|#         | 6/60 
[00:00<00:02, 23.70it/s]
Animation 11: FadeOut(Text('uno le da forma al espectro plano; el otro se la saca')):  15%|#5        | 9/60 
[00:00<00:02, 24.28it/s]
Animation 11: FadeOut(Text('uno le da forma al espectro plano; el otro se la saca')):  20%|##        | 12/60 
[00:00<00:01, 24.63it/s]
Animation 11: FadeOut(Text('uno le da forma al espectro plano; el otro se la saca')):  25%|##5       | 15/60 
[00:00<00:01, 24.86it/s]
Animation 11: FadeOut(Text('uno le da forma al espectro plano; el otro se la saca')):  30%|###       | 18/60 
[00:00<00:01, 25.19it/s]
Animation 11: FadeOut(Text('uno le da forma al espectro plano; el otro se la saca')):  35%|###5      | 21/60 
[00:00<00:01, 24.89it/s]
Animation 11: FadeOut(Text('uno le da forma al espectro plano; el otro se la saca')):  40%|####      | 24/60 
[00:00<00:01, 25.08it/s]
Animation 11: FadeOut(Text('uno le da forma al espectro plano; el otro se la saca')):  45%|####5     | 27/60 
[00:01<00:01, 24.30it/s]
Animation 11: FadeOut(Text('uno le da forma al espectro plano; el otro se la saca')):  50%|#####     | 30/60 
[00:01<00:01, 23.99it/s]
Animation 11: FadeOut(Text('uno le da forma al espectro plano; el otro se la saca')):  55%|#####5    | 33/60 
[00:01<00:01, 23.68it/s]
Animation 11: FadeOut(Text('uno le da forma al espectro plano; el otro se la saca')):  60%|######    | 36/60 
[00:01<00:01, 23.93it/s]
Animation 11: FadeOut(Text('uno le da forma al espectro plano; el otro se la saca')):  65%|######5   | 39/60 
[00:01<00:00, 24.44it/s]
Animation 11: FadeOut(Text('uno le da forma al espectro plano; el otro se la saca')):  70%|#######   | 42/60 
[00:01<00:00, 24.45it/s]
Animation 11: FadeOut(Text('uno le da forma al espectro plano; el otro se la saca')):  75%|#######5  | 45/60 
[00:01<00:00, 20.17it/s]
Animation 11: FadeOut(Text('uno le da forma al espectro plano; el otro se la saca')):  80%|########  | 48/60 
[00:02<00:00, 18.43it/s]
Animation 11: FadeOut(Text('uno le da forma al espectro plano; el otro se la saca')):  83%|########3 | 50/60 
[00:02<00:00, 18.37it/s]
Animation 11: FadeOut(Text('uno le da forma al espectro plano; el otro se la saca')):  87%|########6 | 52/60 
[00:02<00:00, 18.04it/s]
Animation 11: FadeOut(Text('uno le da forma al espectro plano; el otro se la saca')):  90%|######### | 54/60 
[00:02<00:00, 18.33it/s]
Animation 11: FadeOut(Text('uno le da forma al espectro plano; el otro se la saca')):  93%|#########3| 56/60 
[00:02<00:00, 18.65it/s]
Animation 11: FadeOut(Text('uno le da forma al espectro plano; el otro se la saca')):  98%|#########8| 59/60 
[00:02<00:00, 19.39it/s]
[09/08/26 21:30:55] INFO     Animation 11 : Partial    scene_file_writer.py:192
                             movie file written in                             
                             'C:\Users\Nacho\Documents                         
                             \Animaciones\Capitulo                             
                             11\media\videos\s08_model                         
                             ador\1080p60\partial_movi                         
                             e_files\ModeladorBlanquea                         
                             dor\2932440949_4160781116                         
                             _606162029.mp4'                                   
                                                                                                                       
              

Animation 12: Create(Axes of 2 submobjects), etc.:   0%|          | 0/60 [00:00<?, ?it/s]
Animation 12: Create(Axes of 2 submobjects), etc.:   5%|5         | 3/60 [00:00<00:02, 23.06it/s]
Animation 12: Create(Axes of 2 submobjects), etc.:  10%|#         | 6/60 [00:00<00:02, 22.74it/s]
Animation 12: Create(Axes of 2 submobjects), etc.:  15%|#5        | 9/60 [00:00<00:02, 22.26it/s]
Animation 12: Create(Axes of 2 submobjects), etc.:  20%|##        | 12/60 [00:00<00:02, 21.20it/s]
Animation 12: Create(Axes of 2 submobjects), etc.:  25%|##5       | 15/60 [00:00<00:02, 19.45it/s]
Animation 12: Create(Axes of 2 submobjects), etc.:  30%|###       | 18/60 [00:00<00:02, 20.30it/s]
Animation 12: Create(Axes of 2 submobjects), etc.:  35%|###5      | 21/60 [00:01<00:01, 20.80it/s]
Animation 12: Create(Axes of 2 submobjects), etc.:  40%|####      | 24/60 [00:01<00:01, 21.47it/s]
Animation 12: Create(Axes of 2 submobjects), etc.:  45%|####5     | 27/60 [00:01<00:01, 21.81it/s]
Animation 12: Create(Axes of 2 submobjects), etc.:  50%|#####     | 30/60 [00:01<00:01, 21.66it/s]
Animation 12: Create(Axes of 2 submobjects), etc.:  55%|#####5    | 33/60 [00:01<00:01, 21.00it/s]
Animation 12: Create(Axes of 2 submobjects), etc.:  60%|######    | 36/60 [00:01<00:01, 21.26it/s]
Animation 12: Create(Axes of 2 submobjects), etc.:  65%|######5   | 39/60 [00:01<00:00, 21.26it/s]
Animation 12: Create(Axes of 2 submobjects), etc.:  70%|#######   | 42/60 [00:01<00:00, 21.48it/s]
Animation 12: Create(Axes of 2 submobjects), etc.:  75%|#######5  | 45/60 [00:02<00:00, 17.60it/s]
Animation 12: Create(Axes of 2 submobjects), etc.:  78%|#######8  | 47/60 [00:02<00:00, 17.70it/s]
Animation 12: Create(Axes of 2 submobjects), etc.:  82%|########1 | 49/60 [00:02<00:00, 17.66it/s]
Animation 12: Create(Axes of 2 submobjects), etc.:  85%|########5 | 51/60 [00:02<00:00, 18.03it/s]
Animation 12: Create(Axes of 2 submobjects), etc.:  88%|########8 | 53/60 [00:02<00:00, 17.85it/s]
Animation 12: Create(Axes of 2 submobjects), etc.:  92%|#########1| 55/60 [00:02<00:00, 18.28it/s]
Animation 12: Create(Axes of 2 submobjects), etc.:  95%|#########5| 57/60 [00:02<00:00, 17.49it/s]
Animation 12: Create(Axes of 2 submobjects), etc.:  98%|#########8| 59/60 [00:02<00:00, 18.10it/s]
[09/08/26 21:31:00] INFO     Animation 12 : Partial    scene_file_writer.py:192
                             movie file written in                             
                             'C:\Users\Nacho\Documents                         
                             \Animaciones\Capitulo                             
                             11\media\videos\s08_model                         
                             ador\1080p60\partial_movi                         
                             e_files\ModeladorBlanquea                         
                             dor\2932440949_4018866395                         
                             _235197423.mp4'                                   
                                                                                                  

Animation 13: Create(ParametricFunction), etc.:   0%|          | 0/60 [00:00<?, ?it/s]
Animation 13: Create(ParametricFunction), etc.:  12%|#1        | 7/60 [00:00<00:00, 69.90it/s]
Animation 13: Create(ParametricFunction), etc.:  23%|##3       | 14/60 [00:00<00:00, 55.34it/s]
Animation 13: Create(ParametricFunction), etc.:  33%|###3      | 20/60 [00:00<00:00, 50.38it/s]
Animation 13: Create(ParametricFunction), etc.:  43%|####3     | 26/60 [00:00<00:00, 48.05it/s]
Animation 13: Create(ParametricFunction), etc.:  52%|#####1    | 31/60 [00:00<00:00, 45.30it/s]
Animation 13: Create(ParametricFunction), etc.:  60%|######    | 36/60 [00:00<00:00, 43.67it/s]
Animation 13: Create(ParametricFunction), etc.:  68%|######8   | 41/60 [00:00<00:00, 44.99it/s]
Animation 13: Create(ParametricFunction), etc.:  77%|#######6  | 46/60 [00:00<00:00, 46.19it/s]
Animation 13: Create(ParametricFunction), etc.:  85%|########5 | 51/60 [00:01<00:00, 44.96it/s]
Animation 13: Create(ParametricFunction), etc.:  93%|#########3| 56/60 [00:01<00:00, 45.30it/s]
[09/08/26 21:31:03] INFO     Animation 13 : Partial    scene_file_writer.py:192
                             movie file written in                             
                             'C:\Users\Nacho\Documents                         
                             \Animaciones\Capitulo                             
                             11\media\videos\s08_model                         
                             ador\1080p60\partial_movi                         
                             e_files\ModeladorBlanquea                         
                             dor\2932440949_3174077780                         
                             _2568019817.mp4'                                  
[09/08/26 21:31:04] INFO     Animation 14 : Partial    scene_file_writer.py:192
                             movie file written in                             
                             'C:\Users\Nacho\Documents                         
                             \Animaciones\Capitulo                             
                             11\media\videos\s08_model                         
                             ador\1080p60\partial_movi                         
                             e_files\ModeladorBlanquea                         
                             dor\2932440949_4235033027                         
                             _3093696679.mp4'                                  
                                                                                               

Animation 15: Create(ParametricFunction), etc.:   0%|          | 0/60 [00:00<?, ?it/s]
Animation 15: Create(ParametricFunction), etc.:   3%|3         | 2/60 [00:00<00:03, 16.83it/s]
Animation 15: Create(ParametricFunction), etc.:   7%|6         | 4/60 [00:00<00:03, 16.32it/s]
Animation 15: Create(ParametricFunction), etc.:  10%|#         | 6/60 [00:00<00:03, 16.08it/s]
Animation 15: Create(ParametricFunction), etc.:  13%|#3        | 8/60 [00:00<00:03, 16.05it/s]
Animation 15: Create(ParametricFunction), etc.:  17%|#6        | 10/60 [00:00<00:03, 16.01it/s]
Animation 15: Create(ParametricFunction), etc.:  20%|##        | 12/60 [00:00<00:03, 15.85it/s]
Animation 15: Create(ParametricFunction), etc.:  23%|##3       | 14/60 [00:00<00:02, 15.84it/s]
Animation 15: Create(ParametricFunction), etc.:  27%|##6       | 16/60 [00:01<00:02, 15.68it/s]
Animation 15: Create(ParametricFunction), etc.:  30%|###       | 18/60 [00:01<00:02, 15.58it/s]
Animation 15: Create(ParametricFunction), etc.:  33%|###3      | 20/60 [00:01<00:02, 15.77it/s]
Animation 15: Create(ParametricFunction), etc.:  37%|###6      | 22/60 [00:01<00:02, 15.71it/s]
Animation 15: Create(ParametricFunction), etc.:  40%|####      | 24/60 [00:01<00:02, 15.80it/s]
Animation 15: Create(ParametricFunction), etc.:  43%|####3     | 26/60 [00:01<00:02, 15.79it/s]
Animation 15: Create(ParametricFunction), etc.:  47%|####6     | 28/60 [00:01<00:02, 15.06it/s]
Animation 15: Create(ParametricFunction), etc.:  50%|#####     | 30/60 [00:01<00:01, 15.21it/s]
Animation 15: Create(ParametricFunction), etc.:  53%|#####3    | 32/60 [00:02<00:01, 14.96it/s]
Animation 15: Create(ParametricFunction), etc.:  57%|#####6    | 34/60 [00:02<00:01, 15.23it/s]
Animation 15: Create(ParametricFunction), etc.:  60%|######    | 36/60 [00:02<00:01, 15.35it/s]
Animation 15: Create(ParametricFunction), etc.:  63%|######3   | 38/60 [00:02<00:01, 15.37it/s]
Animation 15: Create(ParametricFunction), etc.:  67%|######6   | 40/60 [00:02<00:01, 15.29it/s]
Animation 15: Create(ParametricFunction), etc.:  70%|#######   | 42/60 [00:02<00:01, 15.24it/s]
Animation 15: Create(ParametricFunction), etc.:  73%|#######3  | 44/60 [00:02<00:01, 11.94it/s]
Animation 15: Create(ParametricFunction), etc.:  77%|#######6  | 46/60 [00:03<00:01, 12.32it/s]
Animation 15: Create(ParametricFunction), etc.:  80%|########  | 48/60 [00:03<00:00, 12.79it/s]
Animation 15: Create(ParametricFunction), etc.:  83%|########3 | 50/60 [00:03<00:00, 13.02it/s]
Animation 15: Create(ParametricFunction), etc.:  87%|########6 | 52/60 [00:03<00:00, 13.30it/s]
Animation 15: Create(ParametricFunction), etc.:  90%|######### | 54/60 [00:03<00:00, 13.58it/s]
Animation 15: Create(ParametricFunction), etc.:  93%|#########3| 56/60 [00:03<00:00, 13.55it/s]
Animation 15: Create(ParametricFunction), etc.:  97%|#########6| 58/60 [00:03<00:00, 13.84it/s]
Animation 15: Create(ParametricFunction), etc.: 100%|##########| 60/60 [00:04<00:00, 13.72it/s]
[09/08/26 21:31:10] INFO     Animation 15 : Partial    scene_file_writer.py:192
                             movie file written in                             
                             'C:\Users\Nacho\Documents                         
                             \Animaciones\Capitulo                             
                             11\media\videos\s08_model                         
                             ador\1080p60\partial_movi                         
                             e_files\ModeladorBlanquea                         
                             dor\2932440949_837118259_                         
                             2502963396.mp4'                                   
[09/08/26 21:31:12] INFO     Animation 16 : Partial    scene_file_writer.py:192
                             movie file written in                             
                             'C:\Users\Nacho\Documents                         
                             \Animaciones\Capitulo                             
                             11\media\videos\s08_model                         
                             ador\1080p60\partial_movi                         
                             e_files\ModeladorBlanquea                         
                             dor\2932440949_941615173_                         
                             4271788170.mp4'                                   
                                                                                               

Animation 17: Create(ParametricFunction), etc.:   0%|          | 0/60 [00:00<?, ?it/s]
Animation 17: Create(ParametricFunction), etc.:   3%|3         | 2/60 [00:00<00:03, 17.19it/s]
Animation 17: Create(ParametricFunction), etc.:   7%|6         | 4/60 [00:00<00:03, 17.19it/s]
Animation 17: Create(ParametricFunction), etc.:  10%|#         | 6/60 [00:00<00:03, 17.19it/s]
Animation 17: Create(ParametricFunction), etc.:  13%|#3        | 8/60 [00:00<00:03, 17.29it/s]
Animation 17: Create(ParametricFunction), etc.:  17%|#6        | 10/60 [00:00<00:02, 17.31it/s]
Animation 17: Create(ParametricFunction), etc.:  20%|##        | 12/60 [00:00<00:02, 17.17it/s]
Animation 17: Create(ParametricFunction), etc.:  23%|##3       | 14/60 [00:00<00:02, 16.93it/s]
Animation 17: Create(ParametricFunction), etc.:  27%|##6       | 16/60 [00:00<00:02, 16.94it/s]
Animation 17: Create(ParametricFunction), etc.:  30%|###       | 18/60 [00:01<00:02, 16.92it/s]
Animation 17: Create(ParametricFunction), etc.:  33%|###3      | 20/60 [00:01<00:02, 16.82it/s]
Animation 17: Create(ParametricFunction), etc.:  37%|###6      | 22/60 [00:01<00:02, 16.88it/s]
Animation 17: Create(ParametricFunction), etc.:  40%|####      | 24/60 [00:01<00:02, 16.85it/s]
Animation 17: Create(ParametricFunction), etc.:  43%|####3     | 26/60 [00:01<00:02, 16.91it/s]
Animation 17: Create(ParametricFunction), etc.:  47%|####6     | 28/60 [00:01<00:01, 17.02it/s]
Animation 17: Create(ParametricFunction), etc.:  50%|#####     | 30/60 [00:01<00:01, 17.08it/s]
Animation 17: Create(ParametricFunction), etc.:  53%|#####3    | 32/60 [00:01<00:01, 17.18it/s]
Animation 17: Create(ParametricFunction), etc.:  57%|#####6    | 34/60 [00:01<00:01, 17.14it/s]
Animation 17: Create(ParametricFunction), etc.:  60%|######    | 36/60 [00:02<00:01, 17.03it/s]
Animation 17: Create(ParametricFunction), etc.:  63%|######3   | 38/60 [00:02<00:01, 17.01it/s]
Animation 17: Create(ParametricFunction), etc.:  67%|######6   | 40/60 [00:02<00:01, 16.98it/s]
Animation 17: Create(ParametricFunction), etc.:  70%|#######   | 42/60 [00:02<00:01, 16.79it/s]
Animation 17: Create(ParametricFunction), etc.:  73%|#######3  | 44/60 [00:02<00:01, 13.34it/s]
Animation 17: Create(ParametricFunction), etc.:  77%|#######6  | 46/60 [00:02<00:01, 13.77it/s]
Animation 17: Create(ParametricFunction), etc.:  80%|########  | 48/60 [00:02<00:00, 14.05it/s]
Animation 17: Create(ParametricFunction), etc.:  83%|########3 | 50/60 [00:03<00:00, 14.63it/s]
Animation 17: Create(ParametricFunction), etc.:  87%|########6 | 52/60 [00:03<00:00, 14.43it/s]
Animation 17: Create(ParametricFunction), etc.:  90%|######### | 54/60 [00:03<00:00, 14.81it/s]
Animation 17: Create(ParametricFunction), etc.:  93%|#########3| 56/60 [00:03<00:00, 14.92it/s]
Animation 17: Create(ParametricFunction), etc.:  97%|#########6| 58/60 [00:03<00:00, 15.33it/s]
Animation 17: Create(ParametricFunction), etc.: 100%|##########| 60/60 [00:03<00:00, 15.38it/s]
[09/08/26 21:31:17] INFO     Animation 17 : Partial    scene_file_writer.py:192
                             movie file written in                             
                             'C:\Users\Nacho\Documents                         
                             \Animaciones\Capitulo                             
                             11\media\videos\s08_model                         
                             ador\1080p60\partial_movi                         
                             e_files\ModeladorBlanquea                         
                             dor\2932440949_1132481621                         
                             _453014807.mp4'                                   
[09/08/26 21:31:20] INFO     Animation 18 : Partial    scene_file_writer.py:192
                             movie file written in                             
                             'C:\Users\Nacho\Documents                         
                             \Animaciones\Capitulo                             
                             11\media\videos\s08_model                         
                             ador\1080p60\partial_movi                         
                             e_files\ModeladorBlanquea                         
                             dor\2932440949_4163062370                         
                             _2217476458.mp4'                                  
                                                                                               

Animation 19: Write(MathTex('D_{xx}(e^{j\\Omega}) \\;=\\; \\big|H(e^{j\\Omega})\\big|^2')):   0%|          | 0/120 
[00:00<?, ?it/s]
Animation 19: Write(MathTex('D_{xx}(e^{j\\Omega}) \\;=\\; \\big|H(e^{j\\Omega})\\big|^2')):   4%|4         | 5/120 
[00:00<00:02, 41.62it/s]
Animation 19: Write(MathTex('D_{xx}(e^{j\\Omega}) \\;=\\; \\big|H(e^{j\\Omega})\\big|^2')):   8%|8         | 10/120 
[00:00<00:03, 36.53it/s]
Animation 19: Write(MathTex('D_{xx}(e^{j\\Omega}) \\;=\\; \\big|H(e^{j\\Omega})\\big|^2')):  12%|#1        | 14/120 
[00:00<00:02, 35.35it/s]
Animation 19: Write(MathTex('D_{xx}(e^{j\\Omega}) \\;=\\; \\big|H(e^{j\\Omega})\\big|^2')):  15%|#5        | 18/120 
[00:00<00:03, 32.94it/s]
Animation 19: Write(MathTex('D_{xx}(e^{j\\Omega}) \\;=\\; \\big|H(e^{j\\Omega})\\big|^2')):  18%|#8        | 22/120 
[00:00<00:03, 32.33it/s]
Animation 19: Write(MathTex('D_{xx}(e^{j\\Omega}) \\;=\\; \\big|H(e^{j\\Omega})\\big|^2')):  22%|##1       | 26/120 
[00:00<00:02, 32.60it/s]
Animation 19: Write(MathTex('D_{xx}(e^{j\\Omega}) \\;=\\; \\big|H(e^{j\\Omega})\\big|^2')):  25%|##5       | 30/120 
[00:00<00:02, 32.90it/s]
Animation 19: Write(MathTex('D_{xx}(e^{j\\Omega}) \\;=\\; \\big|H(e^{j\\Omega})\\big|^2')):  28%|##8       | 34/120 
[00:01<00:02, 32.63it/s]
Animation 19: Write(MathTex('D_{xx}(e^{j\\Omega}) \\;=\\; \\big|H(e^{j\\Omega})\\big|^2')):  32%|###1      | 38/120 
[00:01<00:02, 33.03it/s]
Animation 19: Write(MathTex('D_{xx}(e^{j\\Omega}) \\;=\\; \\big|H(e^{j\\Omega})\\big|^2')):  35%|###5      | 42/120 
[00:01<00:02, 33.32it/s]
Animation 19: Write(MathTex('D_{xx}(e^{j\\Omega}) \\;=\\; \\big|H(e^{j\\Omega})\\big|^2')):  38%|###8      | 46/120 
[00:01<00:02, 30.52it/s]
Animation 19: Write(MathTex('D_{xx}(e^{j\\Omega}) \\;=\\; \\big|H(e^{j\\Omega})\\big|^2')):  42%|####1     | 50/120 
[00:01<00:02, 28.96it/s]
Animation 19: Write(MathTex('D_{xx}(e^{j\\Omega}) \\;=\\; \\big|H(e^{j\\Omega})\\big|^2')):  44%|####4     | 53/120 
[00:01<00:02, 27.46it/s]
Animation 19: Write(MathTex('D_{xx}(e^{j\\Omega}) \\;=\\; \\big|H(e^{j\\Omega})\\big|^2')):  47%|####6     | 56/120 
[00:01<00:02, 26.23it/s]
Animation 19: Write(MathTex('D_{xx}(e^{j\\Omega}) \\;=\\; \\big|H(e^{j\\Omega})\\big|^2')):  49%|####9     | 59/120 
[00:01<00:02, 26.25it/s]
Animation 19: Write(MathTex('D_{xx}(e^{j\\Omega}) \\;=\\; \\big|H(e^{j\\Omega})\\big|^2')):  52%|#####1    | 62/120 
[00:02<00:02, 25.92it/s]
Animation 19: Write(MathTex('D_{xx}(e^{j\\Omega}) \\;=\\; \\big|H(e^{j\\Omega})\\big|^2')):  54%|#####4    | 65/120 
[00:02<00:02, 25.96it/s]
Animation 19: Write(MathTex('D_{xx}(e^{j\\Omega}) \\;=\\; \\big|H(e^{j\\Omega})\\big|^2')):  57%|#####6    | 68/120 
[00:02<00:01, 26.30it/s]
Animation 19: Write(MathTex('D_{xx}(e^{j\\Omega}) \\;=\\; \\big|H(e^{j\\Omega})\\big|^2')):  59%|#####9    | 71/120 
[00:02<00:01, 25.14it/s]
Animation 19: Write(MathTex('D_{xx}(e^{j\\Omega}) \\;=\\; \\big|H(e^{j\\Omega})\\big|^2')):  62%|######2   | 75/120 
[00:02<00:01, 26.96it/s]
Animation 19: Write(MathTex('D_{xx}(e^{j\\Omega}) \\;=\\; \\big|H(e^{j\\Omega})\\big|^2')):  65%|######5   | 78/120 
[00:02<00:01, 25.26it/s]
Animation 19: Write(MathTex('D_{xx}(e^{j\\Omega}) \\;=\\; \\big|H(e^{j\\Omega})\\big|^2')):  68%|######7   | 81/120 
[00:02<00:01, 24.16it/s]
Animation 19: Write(MathTex('D_{xx}(e^{j\\Omega}) \\;=\\; \\big|H(e^{j\\Omega})\\big|^2')):  70%|#######   | 84/120 
[00:02<00:01, 24.55it/s]
Animation 19: Write(MathTex('D_{xx}(e^{j\\Omega}) \\;=\\; \\big|H(e^{j\\Omega})\\big|^2')):  72%|#######2  | 87/120 
[00:03<00:01, 24.72it/s]
Animation 19: Write(MathTex('D_{xx}(e^{j\\Omega}) \\;=\\; \\big|H(e^{j\\Omega})\\big|^2')):  75%|#######5  | 90/120 
[00:03<00:01, 24.22it/s]
Animation 19: Write(MathTex('D_{xx}(e^{j\\Omega}) \\;=\\; \\big|H(e^{j\\Omega})\\big|^2')):  78%|#######7  | 93/120 
[00:03<00:01, 23.93it/s]
Animation 19: Write(MathTex('D_{xx}(e^{j\\Omega}) \\;=\\; \\big|H(e^{j\\Omega})\\big|^2')):  80%|########  | 96/120 
[00:03<00:00, 24.54it/s]
Animation 19: Write(MathTex('D_{xx}(e^{j\\Omega}) \\;=\\; \\big|H(e^{j\\Omega})\\big|^2')):  82%|########2 | 99/120 
[00:03<00:00, 25.54it/s]
Animation 19: Write(MathTex('D_{xx}(e^{j\\Omega}) \\;=\\; \\big|H(e^{j\\Omega})\\big|^2')):  85%|########5 | 102/120 
[00:03<00:00, 25.55it/s]
Animation 19: Write(MathTex('D_{xx}(e^{j\\Omega}) \\;=\\; \\big|H(e^{j\\Omega})\\big|^2')):  88%|########7 | 105/120 
[00:03<00:00, 25.64it/s]
Animation 19: Write(MathTex('D_{xx}(e^{j\\Omega}) \\;=\\; \\big|H(e^{j\\Omega})\\big|^2')):  90%|######### | 108/120 
[00:03<00:00, 25.75it/s]
Animation 19: Write(MathTex('D_{xx}(e^{j\\Omega}) \\;=\\; \\big|H(e^{j\\Omega})\\big|^2')):  92%|#########2| 111/120 
[00:03<00:00, 25.66it/s]
Animation 19: Write(MathTex('D_{xx}(e^{j\\Omega}) \\;=\\; \\big|H(e^{j\\Omega})\\big|^2')):  95%|#########5| 114/120 
[00:04<00:00, 25.38it/s]
Animation 19: Write(MathTex('D_{xx}(e^{j\\Omega}) \\;=\\; \\big|H(e^{j\\Omega})\\big|^2')):  98%|#########7| 117/120 
[00:04<00:00, 25.90it/s]
Animation 19: Write(MathTex('D_{xx}(e^{j\\Omega}) \\;=\\; \\big|H(e^{j\\Omega})\\big|^2')): 100%|##########| 120/120 
[00:04<00:00, 26.31it/s]
[09/08/26 21:31:26] INFO     Animation 19 : Partial    scene_file_writer.py:192
                             movie file written in                             
                             'C:\Users\Nacho\Documents                         
                             \Animaciones\Capitulo                             
                             11\media\videos\s08_model                         
                             ador\1080p60\partial_movi                         
                             e_files\ModeladorBlanquea                         
                             dor\2932440949_3405927867                         
                             _3254673471.mp4'                                  
[09/08/26 21:31:28] INFO     Animation 20 : Partial    scene_file_writer.py:192
                             movie file written in                             
                             'C:\Users\Nacho\Documents                         
                             \Animaciones\Capitulo                             
                             11\media\videos\s08_model                         
                             ador\1080p60\partial_movi                         
                             e_files\ModeladorBlanquea                         
                             dor\2932440949_125152860_                         
                             3010145333.mp4'                                   
                                                                                                                       
                      

Animation 21: FadeIn(Text('por eso a H se lo llama un factor espectral de la PSD: es su “raíz cuadrada”')):   0%|      
    | 0/60 [00:00<?, ?it/s]
Animation 21: FadeIn(Text('por eso a H se lo llama un factor espectral de la PSD: es su “raíz cuadrada”')):   5%|5     
    | 3/60 [00:00<00:02, 24.31it/s]
Animation 21: FadeIn(Text('por eso a H se lo llama un factor espectral de la PSD: es su “raíz cuadrada”')):  10%|#     
    | 6/60 [00:00<00:02, 21.98it/s]
Animation 21: FadeIn(Text('por eso a H se lo llama un factor espectral de la PSD: es su “raíz cuadrada”')):  15%|#5    
    | 9/60 [00:00<00:02, 21.48it/s]
Animation 21: FadeIn(Text('por eso a H se lo llama un factor espectral de la PSD: es su “raíz cuadrada”')):  20%|##    
    | 12/60 [00:00<00:02, 20.01it/s]
Animation 21: FadeIn(Text('por eso a H se lo llama un factor espectral de la PSD: es su “raíz cuadrada”')):  25%|##5   
    | 15/60 [00:00<00:02, 20.24it/s]
Animation 21: FadeIn(Text('por eso a H se lo llama un factor espectral de la PSD: es su “raíz cuadrada”')):  30%|###   
    | 18/60 [00:00<00:02, 20.51it/s]
Animation 21: FadeIn(Text('por eso a H se lo llama un factor espectral de la PSD: es su “raíz cuadrada”')):  35%|###5  
    | 21/60 [00:01<00:01, 20.51it/s]
Animation 21: FadeIn(Text('por eso a H se lo llama un factor espectral de la PSD: es su “raíz cuadrada”')):  40%|####  
    | 24/60 [00:01<00:01, 20.49it/s]
Animation 21: FadeIn(Text('por eso a H se lo llama un factor espectral de la PSD: es su “raíz cuadrada”')):  45%|####5 
    | 27/60 [00:01<00:01, 20.60it/s]
Animation 21: FadeIn(Text('por eso a H se lo llama un factor espectral de la PSD: es su “raíz cuadrada”')):  50%|##### 
    | 30/60 [00:01<00:01, 20.65it/s]
Animation 21: FadeIn(Text('por eso a H se lo llama un factor espectral de la PSD: es su “raíz cuadrada”')):  
55%|#####5    | 33/60 [00:01<00:01, 20.68it/s]
Animation 21: FadeIn(Text('por eso a H se lo llama un factor espectral de la PSD: es su “raíz cuadrada”')):  
60%|######    | 36/60 [00:01<00:01, 20.60it/s]
Animation 21: FadeIn(Text('por eso a H se lo llama un factor espectral de la PSD: es su “raíz cuadrada”')):  
65%|######5   | 39/60 [00:01<00:01, 20.55it/s]
Animation 21: FadeIn(Text('por eso a H se lo llama un factor espectral de la PSD: es su “raíz cuadrada”')):  
70%|#######   | 42/60 [00:02<00:00, 20.43it/s]
Animation 21: FadeIn(Text('por eso a H se lo llama un factor espectral de la PSD: es su “raíz cuadrada”')):  
75%|#######5  | 45/60 [00:02<00:00, 16.33it/s]
Animation 21: FadeIn(Text('por eso a H se lo llama un factor espectral de la PSD: es su “raíz cuadrada”')):  
78%|#######8  | 47/60 [00:02<00:00, 16.47it/s]
Animation 21: FadeIn(Text('por eso a H se lo llama un factor espectral de la PSD: es su “raíz cuadrada”')):  
82%|########1 | 49/60 [00:02<00:00, 16.63it/s]
Animation 21: FadeIn(Text('por eso a H se lo llama un factor espectral de la PSD: es su “raíz cuadrada”')):  
85%|########5 | 51/60 [00:02<00:00, 17.06it/s]
Animation 21: FadeIn(Text('por eso a H se lo llama un factor espectral de la PSD: es su “raíz cuadrada”')):  
88%|########8 | 53/60 [00:02<00:00, 17.01it/s]
Animation 21: FadeIn(Text('por eso a H se lo llama un factor espectral de la PSD: es su “raíz cuadrada”')):  
92%|#########1| 55/60 [00:02<00:00, 17.08it/s]
Animation 21: FadeIn(Text('por eso a H se lo llama un factor espectral de la PSD: es su “raíz cuadrada”')):  
95%|#########5| 57/60 [00:03<00:00, 16.52it/s]
Animation 21: FadeIn(Text('por eso a H se lo llama un factor espectral de la PSD: es su “raíz cuadrada”')):  
98%|#########8| 59/60 [00:03<00:00, 16.76it/s]
[09/08/26 21:31:33] INFO     Animation 21 : Partial    scene_file_writer.py:192
                             movie file written in                             
                             'C:\Users\Nacho\Documents                         
                             \Animaciones\Capitulo                             
                             11\media\videos\s08_model                         
                             ador\1080p60\partial_movi                         
                             e_files\ModeladorBlanquea                         
                             dor\2932440949_1324401646                         
                             _3414160159.mp4'                                  
[09/08/26 21:31:38] INFO     Animation 22 : Partial    scene_file_writer.py:192
                             movie file written in                             
                             'C:\Users\Nacho\Documents                         
                             \Animaciones\Capitulo                             
                             11\media\videos\s08_model                         
                             ador\1080p60\partial_movi                         
                             e_files\ModeladorBlanquea                         
                             dor\2932440949_499328632_                         
                             1051800338.mp4'                                   
                                                                                                                       
                                    

Animation 23: FadeOut(VGroup of 12 submobjects):   0%|          | 0/60 [00:00<?, ?it/s]
Animation 23: FadeOut(VGroup of 12 submobjects):   3%|3         | 2/60 [00:00<00:04, 13.02it/s]
Animation 23: FadeOut(VGroup of 12 submobjects):   7%|6         | 4/60 [00:00<00:04, 13.09it/s]
Animation 23: FadeOut(VGroup of 12 submobjects):  10%|#         | 6/60 [00:00<00:04, 13.27it/s]
Animation 23: FadeOut(VGroup of 12 submobjects):  13%|#3        | 8/60 [00:00<00:03, 13.46it/s]
Animation 23: FadeOut(VGroup of 12 submobjects):  17%|#6        | 10/60 [00:00<00:03, 13.52it/s]
Animation 23: FadeOut(VGroup of 12 submobjects):  20%|##        | 12/60 [00:00<00:03, 13.76it/s]
Animation 23: FadeOut(VGroup of 12 submobjects):  23%|##3       | 14/60 [00:01<00:03, 13.52it/s]
Animation 23: FadeOut(VGroup of 12 submobjects):  27%|##6       | 16/60 [00:01<00:03, 13.50it/s]
Animation 23: FadeOut(VGroup of 12 submobjects):  30%|###       | 18/60 [00:01<00:03, 13.58it/s]
Animation 23: FadeOut(VGroup of 12 submobjects):  33%|###3      | 20/60 [00:01<00:02, 13.68it/s]
Animation 23: FadeOut(VGroup of 12 submobjects):  37%|###6      | 22/60 [00:01<00:02, 13.59it/s]
Animation 23: FadeOut(VGroup of 12 submobjects):  40%|####      | 24/60 [00:01<00:02, 13.55it/s]
Animation 23: FadeOut(VGroup of 12 submobjects):  43%|####3     | 26/60 [00:01<00:02, 13.58it/s]
Animation 23: FadeOut(VGroup of 12 submobjects):  47%|####6     | 28/60 [00:02<00:02, 13.66it/s]
Animation 23: FadeOut(VGroup of 12 submobjects):  50%|#####     | 30/60 [00:02<00:02, 13.69it/s]
Animation 23: FadeOut(VGroup of 12 submobjects):  53%|#####3    | 32/60 [00:02<00:02, 13.65it/s]
Animation 23: FadeOut(VGroup of 12 submobjects):  57%|#####6    | 34/60 [00:02<00:01, 13.62it/s]
Animation 23: FadeOut(VGroup of 12 submobjects):  60%|######    | 36/60 [00:02<00:01, 13.68it/s]
Animation 23: FadeOut(VGroup of 12 submobjects):  63%|######3   | 38/60 [00:02<00:01, 13.64it/s]
Animation 23: FadeOut(VGroup of 12 submobjects):  67%|######6   | 40/60 [00:02<00:01, 13.76it/s]
Animation 23: FadeOut(VGroup of 12 submobjects):  70%|#######   | 42/60 [00:03<00:01, 13.56it/s]
Animation 23: FadeOut(VGroup of 12 submobjects):  73%|#######3  | 44/60 [00:03<00:01, 10.72it/s]
Animation 23: FadeOut(VGroup of 12 submobjects):  77%|#######6  | 46/60 [00:03<00:01, 11.02it/s]
Animation 23: FadeOut(VGroup of 12 submobjects):  80%|########  | 48/60 [00:03<00:01, 11.31it/s]
Animation 23: FadeOut(VGroup of 12 submobjects):  83%|########3 | 50/60 [00:03<00:00, 11.87it/s]
Animation 23: FadeOut(VGroup of 12 submobjects):  87%|########6 | 52/60 [00:04<00:00, 12.06it/s]
Animation 23: FadeOut(VGroup of 12 submobjects):  90%|######### | 54/60 [00:04<00:00, 12.38it/s]
Animation 23: FadeOut(VGroup of 12 submobjects):  93%|#########3| 56/60 [00:04<00:00, 12.17it/s]
Animation 23: FadeOut(VGroup of 12 submobjects):  97%|#########6| 58/60 [00:04<00:00, 12.38it/s]
Animation 23: FadeOut(VGroup of 12 submobjects): 100%|##########| 60/60 [00:04<00:00, 12.83it/s]
[09/08/26 21:31:46] INFO     Animation 23 : Partial    scene_file_writer.py:192
                             movie file written in                             
                             'C:\Users\Nacho\Documents                         
                             \Animaciones\Capitulo                             
                             11\media\videos\s08_model                         
                             ador\1080p60\partial_movi                         
                             e_files\ModeladorBlanquea                         
                             dor\2932440949_151740002_                         
                             342981749.mp4'                                    
                                                                                                

Animation 24: _MethodAnimation(VGroup of 5 submobjects):   0%|          | 0/60 [00:00<?, ?it/s]
Animation 24: _MethodAnimation(VGroup of 5 submobjects):   5%|5         | 3/60 [00:00<00:02, 22.40it/s]
Animation 24: _MethodAnimation(VGroup of 5 submobjects):  10%|#         | 6/60 [00:00<00:02, 22.86it/s]
Animation 24: _MethodAnimation(VGroup of 5 submobjects):  15%|#5        | 9/60 [00:00<00:02, 23.17it/s]
Animation 24: _MethodAnimation(VGroup of 5 submobjects):  20%|##        | 12/60 [00:00<00:02, 23.38it/s]
Animation 24: _MethodAnimation(VGroup of 5 submobjects):  25%|##5       | 15/60 [00:00<00:01, 23.91it/s]
Animation 24: _MethodAnimation(VGroup of 5 submobjects):  30%|###       | 18/60 [00:00<00:01, 23.98it/s]
Animation 24: _MethodAnimation(VGroup of 5 submobjects):  35%|###5      | 21/60 [00:00<00:01, 24.09it/s]
Animation 24: _MethodAnimation(VGroup of 5 submobjects):  40%|####      | 24/60 [00:01<00:01, 23.99it/s]
Animation 24: _MethodAnimation(VGroup of 5 submobjects):  45%|####5     | 27/60 [00:01<00:01, 24.11it/s]
Animation 24: _MethodAnimation(VGroup of 5 submobjects):  50%|#####     | 30/60 [00:01<00:01, 24.04it/s]
Animation 24: _MethodAnimation(VGroup of 5 submobjects):  55%|#####5    | 33/60 [00:01<00:01, 23.95it/s]
Animation 24: _MethodAnimation(VGroup of 5 submobjects):  60%|######    | 36/60 [00:01<00:00, 24.14it/s]
Animation 24: _MethodAnimation(VGroup of 5 submobjects):  65%|######5   | 39/60 [00:01<00:00, 24.20it/s]
Animation 24: _MethodAnimation(VGroup of 5 submobjects):  70%|#######   | 42/60 [00:01<00:00, 24.14it/s]
Animation 24: _MethodAnimation(VGroup of 5 submobjects):  75%|#######5  | 45/60 [00:01<00:00, 19.31it/s]
Animation 24: _MethodAnimation(VGroup of 5 submobjects):  80%|########  | 48/60 [00:02<00:00, 17.89it/s]
Animation 24: _MethodAnimation(VGroup of 5 submobjects):  83%|########3 | 50/60 [00:02<00:00, 18.27it/s]
Animation 24: _MethodAnimation(VGroup of 5 submobjects):  87%|########6 | 52/60 [00:02<00:00, 18.36it/s]
Animation 24: _MethodAnimation(VGroup of 5 submobjects):  90%|######### | 54/60 [00:02<00:00, 18.74it/s]
Animation 24: _MethodAnimation(VGroup of 5 submobjects):  95%|#########5| 57/60 [00:02<00:00, 19.18it/s]
Animation 24: _MethodAnimation(VGroup of 5 submobjects): 100%|##########| 60/60 [00:02<00:00, 19.72it/s]
[09/08/26 21:31:50] INFO     Animation 24 : Partial    scene_file_writer.py:192
                             movie file written in                             
                             'C:\Users\Nacho\Documents                         
                             \Animaciones\Capitulo                             
                             11\media\videos\s08_model                         
                             ador\1080p60\partial_movi                         
                             e_files\ModeladorBlanquea                         
                             dor\2932440949_2181901226                         
                             _606658785.mp4'                                   
                                                                                                        

Animation 25: FadeIn(Text('¿Es único ese H?')):   0%|          | 0/60 [00:00<?, ?it/s]
Animation 25: FadeIn(Text('¿Es único ese H?')):   8%|8         | 5/60 [00:00<00:01, 42.13it/s]
Animation 25: FadeIn(Text('¿Es único ese H?')):  17%|#6        | 10/60 [00:00<00:01, 36.16it/s]
Animation 25: FadeIn(Text('¿Es único ese H?')):  23%|##3       | 14/60 [00:00<00:01, 37.14it/s]
Animation 25: FadeIn(Text('¿Es único ese H?')):  30%|###       | 18/60 [00:00<00:01, 36.78it/s]
Animation 25: FadeIn(Text('¿Es único ese H?')):  37%|###6      | 22/60 [00:00<00:01, 35.65it/s]
Animation 25: FadeIn(Text('¿Es único ese H?')):  43%|####3     | 26/60 [00:00<00:00, 35.77it/s]
Animation 25: FadeIn(Text('¿Es único ese H?')):  50%|#####     | 30/60 [00:00<00:00, 35.20it/s]
Animation 25: FadeIn(Text('¿Es único ese H?')):  57%|#####6    | 34/60 [00:00<00:00, 35.02it/s]
Animation 25: FadeIn(Text('¿Es único ese H?')):  63%|######3   | 38/60 [00:01<00:00, 34.86it/s]
Animation 25: FadeIn(Text('¿Es único ese H?')):  70%|#######   | 42/60 [00:01<00:00, 35.12it/s]
Animation 25: FadeIn(Text('¿Es único ese H?')):  77%|#######6  | 46/60 [00:01<00:00, 33.31it/s]
Animation 25: FadeIn(Text('¿Es único ese H?')):  83%|########3 | 50/60 [00:01<00:00, 31.61it/s]
Animation 25: FadeIn(Text('¿Es único ese H?')):  90%|######### | 54/60 [00:01<00:00, 30.13it/s]
Animation 25: FadeIn(Text('¿Es único ese H?')):  97%|#########6| 58/60 [00:01<00:00, 28.45it/s]
[09/08/26 21:31:54] INFO     Animation 25 : Partial    scene_file_writer.py:192
                             movie file written in                             
                             'C:\Users\Nacho\Documents                         
                             \Animaciones\Capitulo                             
                             11\media\videos\s08_model                         
                             ador\1080p60\partial_movi                         
                             e_files\ModeladorBlanquea                         
                             dor\2932440949_1719043683                         
                             _2996866050.mp4'                                  
                                                                                               

Animation 26: FadeIn(MathTex('H_1(z)')):   0%|          | 0/60 [00:00<?, ?it/s]
Animation 26: FadeIn(MathTex('H_1(z)')):  12%|#1        | 7/60 [00:00<00:00, 62.94it/s]
Animation 26: FadeIn(MathTex('H_1(z)')):  23%|##3       | 14/60 [00:00<00:00, 47.49it/s]
Animation 26: FadeIn(MathTex('H_1(z)')):  32%|###1      | 19/60 [00:00<00:00, 44.28it/s]
Animation 26: FadeIn(MathTex('H_1(z)')):  40%|####      | 24/60 [00:00<00:00, 42.94it/s]
Animation 26: FadeIn(MathTex('H_1(z)')):  48%|####8     | 29/60 [00:00<00:00, 40.65it/s]
Animation 26: FadeIn(MathTex('H_1(z)')):  57%|#####6    | 34/60 [00:00<00:00, 38.92it/s]
Animation 26: FadeIn(MathTex('H_1(z)')):  63%|######3   | 38/60 [00:00<00:00, 38.79it/s]
Animation 26: FadeIn(MathTex('H_1(z)')):  72%|#######1  | 43/60 [00:01<00:00, 39.35it/s]
Animation 26: FadeIn(MathTex('H_1(z)')):  78%|#######8  | 47/60 [00:01<00:00, 38.54it/s]
Animation 26: FadeIn(MathTex('H_1(z)')):  87%|########6 | 52/60 [00:01<00:00, 40.54it/s]
Animation 26: FadeIn(MathTex('H_1(z)')):  95%|#########5| 57/60 [00:01<00:00, 41.93it/s]
[09/08/26 21:31:56] INFO     Animation 26 : Partial    scene_file_writer.py:192
                             movie file written in                             
                             'C:\Users\Nacho\Documents                         
                             \Animaciones\Capitulo                             
                             11\media\videos\s08_model                         
                             ador\1080p60\partial_movi                         
                             e_files\ModeladorBlanquea                         
                             dor\2932440949_3727009487                         
                             _2977320405.mp4'                                  
                                                                                        

Animation 27: FadeIn(MathTex('H_2(z) = H_1(z)\\,A(z)')), etc.:   0%|          | 0/60 [00:00<?, ?it/s]
Animation 27: FadeIn(MathTex('H_2(z) = H_1(z)\\,A(z)')), etc.:   8%|8         | 5/60 [00:00<00:01, 34.08it/s]
Animation 27: FadeIn(MathTex('H_2(z) = H_1(z)\\,A(z)')), etc.:  15%|#5        | 9/60 [00:00<00:01, 33.82it/s]
Animation 27: FadeIn(MathTex('H_2(z) = H_1(z)\\,A(z)')), etc.:  22%|##1       | 13/60 [00:00<00:01, 32.65it/s]
Animation 27: FadeIn(MathTex('H_2(z) = H_1(z)\\,A(z)')), etc.:  28%|##8       | 17/60 [00:00<00:01, 32.66it/s]
Animation 27: FadeIn(MathTex('H_2(z) = H_1(z)\\,A(z)')), etc.:  35%|###5      | 21/60 [00:00<00:01, 31.75it/s]
Animation 27: FadeIn(MathTex('H_2(z) = H_1(z)\\,A(z)')), etc.:  42%|####1     | 25/60 [00:00<00:01, 30.92it/s]
Animation 27: FadeIn(MathTex('H_2(z) = H_1(z)\\,A(z)')), etc.:  48%|####8     | 29/60 [00:00<00:01, 30.42it/s]
Animation 27: FadeIn(MathTex('H_2(z) = H_1(z)\\,A(z)')), etc.:  55%|#####5    | 33/60 [00:01<00:00, 30.49it/s]
Animation 27: FadeIn(MathTex('H_2(z) = H_1(z)\\,A(z)')), etc.:  62%|######1   | 37/60 [00:01<00:00, 30.58it/s]
Animation 27: FadeIn(MathTex('H_2(z) = H_1(z)\\,A(z)')), etc.:  68%|######8   | 41/60 [00:01<00:00, 31.76it/s]
Animation 27: FadeIn(MathTex('H_2(z) = H_1(z)\\,A(z)')), etc.:  75%|#######5  | 45/60 [00:01<00:00, 27.59it/s]
Animation 27: FadeIn(MathTex('H_2(z) = H_1(z)\\,A(z)')), etc.:  80%|########  | 48/60 [00:01<00:00, 25.97it/s]
Animation 27: FadeIn(MathTex('H_2(z) = H_1(z)\\,A(z)')), etc.:  85%|########5 | 51/60 [00:01<00:00, 24.10it/s]
Animation 27: FadeIn(MathTex('H_2(z) = H_1(z)\\,A(z)')), etc.:  90%|######### | 54/60 [00:01<00:00, 24.09it/s]
Animation 27: FadeIn(MathTex('H_2(z) = H_1(z)\\,A(z)')), etc.:  95%|#########5| 57/60 [00:02<00:00, 23.67it/s]
Animation 27: FadeIn(MathTex('H_2(z) = H_1(z)\\,A(z)')), etc.: 100%|##########| 60/60 [00:02<00:00, 24.11it/s]
[09/08/26 21:32:00] INFO     Animation 27 : Partial    scene_file_writer.py:192
                             movie file written in                             
                             'C:\Users\Nacho\Documents                         
                             \Animaciones\Capitulo                             
                             11\media\videos\s08_model                         
                             ador\1080p60\partial_movi                         
                             e_files\ModeladorBlanquea                         
                             dor\2932440949_794256054_                         
                             2797200741.mp4'                                   
[09/08/26 21:32:03] INFO     Animation 28 : Partial    scene_file_writer.py:192
                             movie file written in                             
                             'C:\Users\Nacho\Documents                         
                             \Animaciones\Capitulo                             
                             11\media\videos\s08_model                         
                             ador\1080p60\partial_movi                         
                             e_files\ModeladorBlanquea                         
                             dor\2932440949_4046863825                         
                             _3487431467.mp4'                                  
                                                                                                              

Animation 29: FadeIn(Text('mismo |H|²  →  mismo espectro')), etc.:   0%|          | 0/60 [00:00<?, ?it/s]
Animation 29: FadeIn(Text('mismo |H|²  →  mismo espectro')), etc.:   7%|6         | 4/60 [00:00<00:01, 30.72it/s]
Animation 29: FadeIn(Text('mismo |H|²  →  mismo espectro')), etc.:  13%|#3        | 8/60 [00:00<00:01, 30.17it/s]
Animation 29: FadeIn(Text('mismo |H|²  →  mismo espectro')), etc.:  20%|##        | 12/60 [00:00<00:01, 30.41it/s]
Animation 29: FadeIn(Text('mismo |H|²  →  mismo espectro')), etc.:  27%|##6       | 16/60 [00:00<00:01, 30.41it/s]
Animation 29: FadeIn(Text('mismo |H|²  →  mismo espectro')), etc.:  33%|###3      | 20/60 [00:00<00:01, 29.99it/s]
Animation 29: FadeIn(Text('mismo |H|²  →  mismo espectro')), etc.:  38%|###8      | 23/60 [00:00<00:01, 28.50it/s]
Animation 29: FadeIn(Text('mismo |H|²  →  mismo espectro')), etc.:  43%|####3     | 26/60 [00:00<00:01, 27.82it/s]
Animation 29: FadeIn(Text('mismo |H|²  →  mismo espectro')), etc.:  48%|####8     | 29/60 [00:01<00:01, 27.89it/s]
Animation 29: FadeIn(Text('mismo |H|²  →  mismo espectro')), etc.:  53%|#####3    | 32/60 [00:01<00:01, 27.60it/s]
Animation 29: FadeIn(Text('mismo |H|²  →  mismo espectro')), etc.:  58%|#####8    | 35/60 [00:01<00:00, 27.83it/s]
Animation 29: FadeIn(Text('mismo |H|²  →  mismo espectro')), etc.:  63%|######3   | 38/60 [00:01<00:00, 28.12it/s]
Animation 29: FadeIn(Text('mismo |H|²  →  mismo espectro')), etc.:  68%|######8   | 41/60 [00:01<00:00, 27.62it/s]
Animation 29: FadeIn(Text('mismo |H|²  →  mismo espectro')), etc.:  73%|#######3  | 44/60 [00:01<00:00, 25.24it/s]
Animation 29: FadeIn(Text('mismo |H|²  →  mismo espectro')), etc.:  78%|#######8  | 47/60 [00:01<00:00, 25.08it/s]
Animation 29: FadeIn(Text('mismo |H|²  →  mismo espectro')), etc.:  83%|########3 | 50/60 [00:01<00:00, 21.53it/s]
Animation 29: FadeIn(Text('mismo |H|²  →  mismo espectro')), etc.:  88%|########8 | 53/60 [00:02<00:00, 20.26it/s]
Animation 29: FadeIn(Text('mismo |H|²  →  mismo espectro')), etc.:  93%|#########3| 56/60 [00:02<00:00, 20.78it/s]
Animation 29: FadeIn(Text('mismo |H|²  →  mismo espectro')), etc.:  98%|#########8| 59/60 [00:02<00:00, 21.60it/s]
[09/08/26 21:32:07] INFO     Animation 29 : Partial    scene_file_writer.py:192
                             movie file written in                             
                             'C:\Users\Nacho\Documents                         
                             \Animaciones\Capitulo                             
                             11\media\videos\s08_model                         
                             ador\1080p60\partial_movi                         
                             e_files\ModeladorBlanquea                         
                             dor\2932440949_4285110798                         
                             _1992637475.mp4'                                  
[09/08/26 21:32:11] INFO     Animation 30 : Partial    scene_file_writer.py:192
                             movie file written in                             
                             'C:\Users\Nacho\Documents                         
                             \Animaciones\Capitulo                             
                             11\media\videos\s08_model                         
                             ador\1080p60\partial_movi                         
                             e_files\ModeladorBlanquea                         
                             dor\2932440949_3580093213                         
                             _1154425904.mp4'                                  
                                                                                                                  

Animation 31: FadeIn(Text('la libertad del pasa-todo es lo que en el capítulo 12 se usa\npara elegir el factor de FASE 
MÍNIMA')):   0%|          | 0/60 [00:00<?, ?it/s]
Animation 31: FadeIn(Text('la libertad del pasa-todo es lo que en el capítulo 12 se usa\npara elegir el factor de FASE 
MÍNIMA')):   3%|3         | 2/60 [00:00<00:03, 19.25it/s]
Animation 31: FadeIn(Text('la libertad del pasa-todo es lo que en el capítulo 12 se usa\npara elegir el factor de FASE 
MÍNIMA')):   7%|6         | 4/60 [00:00<00:03, 18.62it/s]
Animation 31: FadeIn(Text('la libertad del pasa-todo es lo que en el capítulo 12 se usa\npara elegir el factor de FASE 
MÍNIMA')):  10%|#         | 6/60 [00:00<00:02, 18.41it/s]
Animation 31: FadeIn(Text('la libertad del pasa-todo es lo que en el capítulo 12 se usa\npara elegir el factor de FASE 
MÍNIMA')):  13%|#3        | 8/60 [00:00<00:02, 18.52it/s]
Animation 31: FadeIn(Text('la libertad del pasa-todo es lo que en el capítulo 12 se usa\npara elegir el factor de FASE 
MÍNIMA')):  17%|#6        | 10/60 [00:00<00:02, 18.27it/s]
Animation 31: FadeIn(Text('la libertad del pasa-todo es lo que en el capítulo 12 se usa\npara elegir el factor de FASE 
MÍNIMA')):  20%|##        | 12/60 [00:00<00:02, 18.08it/s]
Animation 31: FadeIn(Text('la libertad del pasa-todo es lo que en el capítulo 12 se usa\npara elegir el factor de FASE 
MÍNIMA')):  23%|##3       | 14/60 [00:00<00:02, 17.86it/s]
Animation 31: FadeIn(Text('la libertad del pasa-todo es lo que en el capítulo 12 se usa\npara elegir el factor de FASE 
MÍNIMA')):  27%|##6       | 16/60 [00:00<00:02, 18.07it/s]
Animation 31: FadeIn(Text('la libertad del pasa-todo es lo que en el capítulo 12 se usa\npara elegir el factor de FASE 
MÍNIMA')):  30%|###       | 18/60 [00:00<00:02, 18.20it/s]
Animation 31: FadeIn(Text('la libertad del pasa-todo es lo que en el capítulo 12 se usa\npara elegir el factor de FASE 
MÍNIMA')):  33%|###3      | 20/60 [00:01<00:02, 18.14it/s]
Animation 31: FadeIn(Text('la libertad del pasa-todo es lo que en el capítulo 12 se usa\npara elegir el factor de FASE 
MÍNIMA')):  37%|###6      | 22/60 [00:01<00:02, 18.11it/s]
Animation 31: FadeIn(Text('la libertad del pasa-todo es lo que en el capítulo 12 se usa\npara elegir el factor de FASE 
MÍNIMA')):  40%|####      | 24/60 [00:01<00:02, 16.97it/s]
Animation 31: FadeIn(Text('la libertad del pasa-todo es lo que en el capítulo 12 se usa\npara elegir el factor de FASE 
MÍNIMA')):  43%|####3     | 26/60 [00:01<00:02, 16.24it/s]
Animation 31: FadeIn(Text('la libertad del pasa-todo es lo que en el capítulo 12 se usa\npara elegir el factor de FASE 
MÍNIMA')):  47%|####6     | 28/60 [00:01<00:01, 16.34it/s]
Animation 31: FadeIn(Text('la libertad del pasa-todo es lo que en el capítulo 12 se usa\npara elegir el factor de FASE 
MÍNIMA')):  50%|#####     | 30/60 [00:01<00:01, 16.75it/s]
Animation 31: FadeIn(Text('la libertad del pasa-todo es lo que en el capítulo 12 se usa\npara elegir el factor de FASE 
MÍNIMA')):  53%|#####3    | 32/60 [00:01<00:01, 17.15it/s]
Animation 31: FadeIn(Text('la libertad del pasa-todo es lo que en el capítulo 12 se usa\npara elegir el factor de FASE 
MÍNIMA')):  57%|#####6    | 34/60 [00:01<00:01, 17.42it/s]
Animation 31: FadeIn(Text('la libertad del pasa-todo es lo que en el capítulo 12 se usa\npara elegir el factor de FASE 
MÍNIMA')):  60%|######    | 36/60 [00:02<00:01, 17.46it/s]
Animation 31: FadeIn(Text('la libertad del pasa-todo es lo que en el capítulo 12 se usa\npara elegir el factor de FASE 
MÍNIMA')):  63%|######3   | 38/60 [00:02<00:01, 17.65it/s]
Animation 31: FadeIn(Text('la libertad del pasa-todo es lo que en el capítulo 12 se usa\npara elegir el factor de FASE 
MÍNIMA')):  67%|######6   | 40/60 [00:02<00:01, 17.44it/s]
Animation 31: FadeIn(Text('la libertad del pasa-todo es lo que en el capítulo 12 se usa\npara elegir el factor de FASE 
MÍNIMA')):  70%|#######   | 42/60 [00:02<00:01, 17.56it/s]
Animation 31: FadeIn(Text('la libertad del pasa-todo es lo que en el capítulo 12 se usa\npara elegir el factor de FASE 
MÍNIMA')):  73%|#######3  | 44/60 [00:02<00:01, 12.84it/s]
Animation 31: FadeIn(Text('la libertad del pasa-todo es lo que en el capítulo 12 se usa\npara elegir el factor de FASE 
MÍNIMA')):  77%|#######6  | 46/60 [00:02<00:01, 13.13it/s]
Animation 31: FadeIn(Text('la libertad del pasa-todo es lo que en el capítulo 12 se usa\npara elegir el factor de FASE 
MÍNIMA')):  80%|########  | 48/60 [00:02<00:00, 13.79it/s]
Animation 31: FadeIn(Text('la libertad del pasa-todo es lo que en el capítulo 12 se usa\npara elegir el factor de FASE 
MÍNIMA')):  83%|########3 | 50/60 [00:03<00:00, 14.41it/s]
Animation 31: FadeIn(Text('la libertad del pasa-todo es lo que en el capítulo 12 se usa\npara elegir el factor de FASE 
MÍNIMA')):  87%|########6 | 52/60 [00:03<00:00, 14.71it/s]
Animation 31: FadeIn(Text('la libertad del pasa-todo es lo que en el capítulo 12 se usa\npara elegir el factor de FASE 
MÍNIMA')):  90%|######### | 54/60 [00:03<00:00, 15.17it/s]
Animation 31: FadeIn(Text('la libertad del pasa-todo es lo que en el capítulo 12 se usa\npara elegir el factor de FASE 
MÍNIMA')):  93%|#########3| 56/60 [00:03<00:00, 15.17it/s]
Animation 31: FadeIn(Text('la libertad del pasa-todo es lo que en el capítulo 12 se usa\npara elegir el factor de FASE 
MÍNIMA')):  97%|#########6| 58/60 [00:03<00:00, 15.64it/s]
Animation 31: FadeIn(Text('la libertad del pasa-todo es lo que en el capítulo 12 se usa\npara elegir el factor de FASE 
MÍNIMA')): 100%|##########| 60/60 [00:03<00:00, 15.58it/s]
[09/08/26 21:32:18] INFO     Animation 31 : Partial    scene_file_writer.py:192
                             movie file written in                             
                             'C:\Users\Nacho\Documents                         
                             \Animaciones\Capitulo                             
                             11\media\videos\s08_model                         
                             ador\1080p60\partial_movi                         
                             e_files\ModeladorBlanquea                         
                             dor\2932440949_3806590679                         
                             _602375009.mp4'                                   
[09/08/26 21:32:23] INFO     Animation 32 : Partial    scene_file_writer.py:192
                             movie file written in                             
                             'C:\Users\Nacho\Documents                         
                             \Animaciones\Capitulo                             
                             11\media\videos\s08_model                         
                             ador\1080p60\partial_movi                         
                             e_files\ModeladorBlanquea                         
                             dor\2932440949_349589963_                         
                             3944538106.mp4'                                   
                                                                                                                       
                                                          

Animation 33: FadeOut(VGroup of 13 submobjects):   0%|          | 0/60 [00:00<?, ?it/s]
Animation 33: FadeOut(VGroup of 13 submobjects):   2%|1         | 1/60 [00:00<00:06,  8.82it/s]
Animation 33: FadeOut(VGroup of 13 submobjects):   3%|3         | 2/60 [00:00<00:07,  7.69it/s]
Animation 33: FadeOut(VGroup of 13 submobjects):   5%|5         | 3/60 [00:00<00:07,  7.79it/s]
Animation 33: FadeOut(VGroup of 13 submobjects):   7%|6         | 4/60 [00:00<00:07,  7.90it/s]
Animation 33: FadeOut(VGroup of 13 submobjects):   8%|8         | 5/60 [00:00<00:06,  7.89it/s]
Animation 33: FadeOut(VGroup of 13 submobjects):  10%|#         | 6/60 [00:00<00:06,  7.85it/s]
Animation 33: FadeOut(VGroup of 13 submobjects):  12%|#1        | 7/60 [00:00<00:06,  7.87it/s]
Animation 33: FadeOut(VGroup of 13 submobjects):  13%|#3        | 8/60 [00:01<00:06,  7.77it/s]
Animation 33: FadeOut(VGroup of 13 submobjects):  15%|#5        | 9/60 [00:01<00:06,  7.82it/s]
Animation 33: FadeOut(VGroup of 13 submobjects):  17%|#6        | 10/60 [00:01<00:06,  7.82it/s]
Animation 33: FadeOut(VGroup of 13 submobjects):  18%|#8        | 11/60 [00:01<00:06,  7.84it/s]
Animation 33: FadeOut(VGroup of 13 submobjects):  20%|##        | 12/60 [00:01<00:06,  7.83it/s]
Animation 33: FadeOut(VGroup of 13 submobjects):  22%|##1       | 13/60 [00:01<00:05,  7.90it/s]
Animation 33: FadeOut(VGroup of 13 submobjects):  23%|##3       | 14/60 [00:01<00:05,  7.94it/s]
Animation 33: FadeOut(VGroup of 13 submobjects):  25%|##5       | 15/60 [00:01<00:05,  7.96it/s]
Animation 33: FadeOut(VGroup of 13 submobjects):  27%|##6       | 16/60 [00:02<00:05,  7.91it/s]
Animation 33: FadeOut(VGroup of 13 submobjects):  28%|##8       | 17/60 [00:02<00:05,  7.45it/s]
Animation 33: FadeOut(VGroup of 13 submobjects):  30%|###       | 18/60 [00:02<00:05,  7.62it/s]
Animation 33: FadeOut(VGroup of 13 submobjects):  32%|###1      | 19/60 [00:02<00:05,  7.63it/s]
Animation 33: FadeOut(VGroup of 13 submobjects):  33%|###3      | 20/60 [00:02<00:05,  7.67it/s]
Animation 33: FadeOut(VGroup of 13 submobjects):  35%|###5      | 21/60 [00:02<00:05,  7.76it/s]
Animation 33: FadeOut(VGroup of 13 submobjects):  37%|###6      | 22/60 [00:02<00:04,  7.82it/s]
Animation 33: FadeOut(VGroup of 13 submobjects):  38%|###8      | 23/60 [00:02<00:04,  7.85it/s]
Animation 33: FadeOut(VGroup of 13 submobjects):  40%|####      | 24/60 [00:03<00:04,  7.75it/s]
Animation 33: FadeOut(VGroup of 13 submobjects):  42%|####1     | 25/60 [00:03<00:04,  7.64it/s]
Animation 33: FadeOut(VGroup of 13 submobjects):  43%|####3     | 26/60 [00:03<00:04,  7.74it/s]
Animation 33: FadeOut(VGroup of 13 submobjects):  45%|####5     | 27/60 [00:03<00:04,  7.82it/s]
Animation 33: FadeOut(VGroup of 13 submobjects):  47%|####6     | 28/60 [00:03<00:04,  7.83it/s]
Animation 33: FadeOut(VGroup of 13 submobjects):  48%|####8     | 29/60 [00:03<00:03,  7.81it/s]
Animation 33: FadeOut(VGroup of 13 submobjects):  50%|#####     | 30/60 [00:03<00:03,  7.90it/s]
Animation 33: FadeOut(VGroup of 13 submobjects):  52%|#####1    | 31/60 [00:03<00:03,  7.90it/s]
Animation 33: FadeOut(VGroup of 13 submobjects):  53%|#####3    | 32/60 [00:04<00:03,  7.83it/s]
Animation 33: FadeOut(VGroup of 13 submobjects):  55%|#####5    | 33/60 [00:04<00:03,  7.82it/s]
Animation 33: FadeOut(VGroup of 13 submobjects):  57%|#####6    | 34/60 [00:04<00:03,  7.80it/s]
Animation 33: FadeOut(VGroup of 13 submobjects):  58%|#####8    | 35/60 [00:04<00:03,  7.77it/s]
Animation 33: FadeOut(VGroup of 13 submobjects):  60%|######    | 36/60 [00:04<00:03,  7.75it/s]
Animation 33: FadeOut(VGroup of 13 submobjects):  62%|######1   | 37/60 [00:04<00:02,  7.77it/s]
Animation 33: FadeOut(VGroup of 13 submobjects):  63%|######3   | 38/60 [00:04<00:02,  7.80it/s]
Animation 33: FadeOut(VGroup of 13 submobjects):  65%|######5   | 39/60 [00:04<00:02,  7.81it/s]
Animation 33: FadeOut(VGroup of 13 submobjects):  67%|######6   | 40/60 [00:05<00:02,  7.79it/s]
Animation 33: FadeOut(VGroup of 13 submobjects):  68%|######8   | 41/60 [00:05<00:02,  7.79it/s]
Animation 33: FadeOut(VGroup of 13 submobjects):  70%|#######   | 42/60 [00:05<00:02,  7.77it/s]
Animation 33: FadeOut(VGroup of 13 submobjects):  72%|#######1  | 43/60 [00:05<00:02,  6.22it/s]
Animation 33: FadeOut(VGroup of 13 submobjects):  73%|#######3  | 44/60 [00:05<00:02,  6.17it/s]
Animation 33: FadeOut(VGroup of 13 submobjects):  75%|#######5  | 45/60 [00:05<00:02,  6.49it/s]
Animation 33: FadeOut(VGroup of 13 submobjects):  77%|#######6  | 46/60 [00:06<00:02,  6.79it/s]
Animation 33: FadeOut(VGroup of 13 submobjects):  78%|#######8  | 47/60 [00:06<00:01,  7.00it/s]
Animation 33: FadeOut(VGroup of 13 submobjects):  80%|########  | 48/60 [00:06<00:01,  7.08it/s]
Animation 33: FadeOut(VGroup of 13 submobjects):  82%|########1 | 49/60 [00:06<00:01,  7.22it/s]
Animation 33: FadeOut(VGroup of 13 submobjects):  83%|########3 | 50/60 [00:06<00:01,  7.38it/s]
Animation 33: FadeOut(VGroup of 13 submobjects):  85%|########5 | 51/60 [00:06<00:01,  7.54it/s]
Animation 33: FadeOut(VGroup of 13 submobjects):  87%|########6 | 52/60 [00:06<00:01,  7.35it/s]
Animation 33: FadeOut(VGroup of 13 submobjects):  88%|########8 | 53/60 [00:06<00:00,  7.45it/s]
Animation 33: FadeOut(VGroup of 13 submobjects):  90%|######### | 54/60 [00:07<00:00,  7.43it/s]
Animation 33: FadeOut(VGroup of 13 submobjects):  92%|#########1| 55/60 [00:07<00:00,  7.55it/s]
Animation 33: FadeOut(VGroup of 13 submobjects):  93%|#########3| 56/60 [00:07<00:00,  7.41it/s]
Animation 33: FadeOut(VGroup of 13 submobjects):  95%|#########5| 57/60 [00:07<00:00,  7.51it/s]
Animation 33: FadeOut(VGroup of 13 submobjects):  97%|#########6| 58/60 [00:07<00:00,  7.47it/s]
Animation 33: FadeOut(VGroup of 13 submobjects):  98%|#########8| 59/60 [00:07<00:00,  8.01it/s]
Animation 33: FadeOut(VGroup of 13 submobjects): 100%|##########| 60/60 [00:07<00:00,  8.24it/s]
[09/08/26 21:32:35] INFO     Animation 33 : Partial    scene_file_writer.py:192
                             movie file written in                             
                             'C:\Users\Nacho\Documents                         
                             \Animaciones\Capitulo                             
                             11\media\videos\s08_model                         
                             ador\1080p60\partial_movi                         
                             e_files\ModeladorBlanquea                         
                             dor\2932440949_3234762397                         
                             _1962093649.mp4'                                  
                                                                                                

Animation 34: FadeIn(Text('Generar un proceso con un espectro dado:')), etc.:   0%|          | 0/60 [00:00<?, ?it/s]
Animation 34: FadeIn(Text('Generar un proceso con un espectro dado:')), etc.:   5%|5         | 3/60 [00:00<00:02, 
22.65it/s]
Animation 34: FadeIn(Text('Generar un proceso con un espectro dado:')), etc.:  10%|#         | 6/60 [00:00<00:02, 
22.27it/s]
Animation 34: FadeIn(Text('Generar un proceso con un espectro dado:')), etc.:  15%|#5        | 9/60 [00:00<00:02, 
21.83it/s]
Animation 34: FadeIn(Text('Generar un proceso con un espectro dado:')), etc.:  20%|##        | 12/60 [00:00<00:02, 
21.44it/s]
Animation 34: FadeIn(Text('Generar un proceso con un espectro dado:')), etc.:  25%|##5       | 15/60 [00:00<00:02, 
21.33it/s]
Animation 34: FadeIn(Text('Generar un proceso con un espectro dado:')), etc.:  30%|###       | 18/60 [00:00<00:01, 
21.41it/s]
Animation 34: FadeIn(Text('Generar un proceso con un espectro dado:')), etc.:  35%|###5      | 21/60 [00:00<00:01, 
21.38it/s]
Animation 34: FadeIn(Text('Generar un proceso con un espectro dado:')), etc.:  40%|####      | 24/60 [00:01<00:01, 
21.43it/s]
Animation 34: FadeIn(Text('Generar un proceso con un espectro dado:')), etc.:  45%|####5     | 27/60 [00:01<00:01, 
21.60it/s]
Animation 34: FadeIn(Text('Generar un proceso con un espectro dado:')), etc.:  50%|#####     | 30/60 [00:01<00:01, 
21.40it/s]
Animation 34: FadeIn(Text('Generar un proceso con un espectro dado:')), etc.:  55%|#####5    | 33/60 [00:01<00:01, 
21.45it/s]
Animation 34: FadeIn(Text('Generar un proceso con un espectro dado:')), etc.:  60%|######    | 36/60 [00:01<00:01, 
21.38it/s]
Animation 34: FadeIn(Text('Generar un proceso con un espectro dado:')), etc.:  65%|######5   | 39/60 [00:01<00:00, 
21.68it/s]
Animation 34: FadeIn(Text('Generar un proceso con un espectro dado:')), etc.:  70%|#######   | 42/60 [00:01<00:00, 
21.60it/s]
Animation 34: FadeIn(Text('Generar un proceso con un espectro dado:')), etc.:  75%|#######5  | 45/60 [00:02<00:00, 
17.13it/s]
Animation 34: FadeIn(Text('Generar un proceso con un espectro dado:')), etc.:  78%|#######8  | 47/60 [00:02<00:00, 
17.10it/s]
Animation 34: FadeIn(Text('Generar un proceso con un espectro dado:')), etc.:  82%|########1 | 49/60 [00:02<00:00, 
17.26it/s]
Animation 34: FadeIn(Text('Generar un proceso con un espectro dado:')), etc.:  87%|########6 | 52/60 [00:02<00:00, 
17.65it/s]
Animation 34: FadeIn(Text('Generar un proceso con un espectro dado:')), etc.:  90%|######### | 54/60 [00:02<00:00, 
17.81it/s]
Animation 34: FadeIn(Text('Generar un proceso con un espectro dado:')), etc.:  93%|#########3| 56/60 [00:02<00:00, 
17.85it/s]
Animation 34: FadeIn(Text('Generar un proceso con un espectro dado:')), etc.:  98%|#########8| 59/60 [00:02<00:00, 
18.73it/s]
[09/08/26 21:32:41] INFO     Animation 34 : Partial    scene_file_writer.py:192
                             movie file written in                             
                             'C:\Users\Nacho\Documents                         
                             \Animaciones\Capitulo                             
                             11\media\videos\s08_model                         
                             ador\1080p60\partial_movi                         
                             e_files\ModeladorBlanquea                         
                             dor\2932440949_944050791_                         
                             61311300.mp4'                                     
[09/08/26 21:32:42] INFO     Animation 35 : Partial    scene_file_writer.py:192
                             movie file written in                             
                             'C:\Users\Nacho\Documents                         
                             \Animaciones\Capitulo                             
                             11\media\videos\s08_model                         
                             ador\1080p60\partial_movi                         
                             e_files\ModeladorBlanquea                         
                             dor\2932440949_3880968470                         
                             _1577002325.mp4'                                  
                                                                                                                       
      

Animation 36: FadeIn(Text('Simplificar un problema con ruido coloreado:')), etc.:   0%|          | 0/60 [00:00<?, 
?it/s]
Animation 36: FadeIn(Text('Simplificar un problema con ruido coloreado:')), etc.:   5%|5         | 3/60 [00:00<00:02, 
23.38it/s]
Animation 36: FadeIn(Text('Simplificar un problema con ruido coloreado:')), etc.:  10%|#         | 6/60 [00:00<00:02, 
20.64it/s]
Animation 36: FadeIn(Text('Simplificar un problema con ruido coloreado:')), etc.:  15%|#5        | 9/60 [00:00<00:02, 
20.08it/s]
Animation 36: FadeIn(Text('Simplificar un problema con ruido coloreado:')), etc.:  20%|##        | 12/60 [00:00<00:02, 
20.01it/s]
Animation 36: FadeIn(Text('Simplificar un problema con ruido coloreado:')), etc.:  25%|##5       | 15/60 [00:00<00:02, 
19.82it/s]
Animation 36: FadeIn(Text('Simplificar un problema con ruido coloreado:')), etc.:  28%|##8       | 17/60 [00:00<00:02, 
19.74it/s]
Animation 36: FadeIn(Text('Simplificar un problema con ruido coloreado:')), etc.:  32%|###1      | 19/60 [00:00<00:02, 
19.62it/s]
Animation 36: FadeIn(Text('Simplificar un problema con ruido coloreado:')), etc.:  37%|###6      | 22/60 [00:01<00:01, 
19.73it/s]
Animation 36: FadeIn(Text('Simplificar un problema con ruido coloreado:')), etc.:  42%|####1     | 25/60 [00:01<00:01, 
19.74it/s]
Animation 36: FadeIn(Text('Simplificar un problema con ruido coloreado:')), etc.:  45%|####5     | 27/60 [00:01<00:01, 
19.76it/s]
Animation 36: FadeIn(Text('Simplificar un problema con ruido coloreado:')), etc.:  48%|####8     | 29/60 [00:01<00:01, 
18.28it/s]
Animation 36: FadeIn(Text('Simplificar un problema con ruido coloreado:')), etc.:  52%|#####1    | 31/60 [00:01<00:01, 
18.46it/s]
Animation 36: FadeIn(Text('Simplificar un problema con ruido coloreado:')), etc.:  55%|#####5    | 33/60 [00:01<00:01, 
18.83it/s]
Animation 36: FadeIn(Text('Simplificar un problema con ruido coloreado:')), etc.:  60%|######    | 36/60 [00:01<00:01, 
19.32it/s]
Animation 36: FadeIn(Text('Simplificar un problema con ruido coloreado:')), etc.:  65%|######5   | 39/60 [00:01<00:01, 
19.56it/s]
Animation 36: FadeIn(Text('Simplificar un problema con ruido coloreado:')), etc.:  70%|#######   | 42/60 [00:02<00:00, 
19.87it/s]
Animation 36: FadeIn(Text('Simplificar un problema con ruido coloreado:')), etc.:  73%|#######3  | 44/60 [00:02<00:01, 
15.99it/s]
Animation 36: FadeIn(Text('Simplificar un problema con ruido coloreado:')), etc.:  77%|#######6  | 46/60 [00:02<00:00, 
14.96it/s]
Animation 36: FadeIn(Text('Simplificar un problema con ruido coloreado:')), etc.:  80%|########  | 48/60 [00:02<00:00, 
15.12it/s]
Animation 36: FadeIn(Text('Simplificar un problema con ruido coloreado:')), etc.:  83%|########3 | 50/60 [00:02<00:00, 
15.47it/s]
Animation 36: FadeIn(Text('Simplificar un problema con ruido coloreado:')), etc.:  87%|########6 | 52/60 [00:02<00:00, 
15.50it/s]
Animation 36: FadeIn(Text('Simplificar un problema con ruido coloreado:')), etc.:  90%|######### | 54/60 [00:02<00:00, 
16.37it/s]
Animation 36: FadeIn(Text('Simplificar un problema con ruido coloreado:')), etc.:  93%|#########3| 56/60 [00:03<00:00, 
16.77it/s]
Animation 36: FadeIn(Text('Simplificar un problema con ruido coloreado:')), etc.:  97%|#########6| 58/60 [00:03<00:00, 
17.28it/s]
Animation 36: FadeIn(Text('Simplificar un problema con ruido coloreado:')), etc.: 100%|##########| 60/60 [00:03<00:00, 
17.23it/s]
[09/08/26 21:32:47] INFO     Animation 36 : Partial    scene_file_writer.py:192
                             movie file written in                             
                             'C:\Users\Nacho\Documents                         
                             \Animaciones\Capitulo                             
                             11\media\videos\s08_model                         
                             ador\1080p60\partial_movi                         
                             e_files\ModeladorBlanquea                         
                             dor\2932440949_2216211795                         
                             _3287845222.mp4'                                  
[09/08/26 21:32:52] INFO     Animation 37 : Partial    scene_file_writer.py:192
                             movie file written in                             
                             'C:\Users\Nacho\Documents                         
                             \Animaciones\Capitulo                             
                             11\media\videos\s08_model                         
                             ador\1080p60\partial_movi                         
                             e_files\ModeladorBlanquea                         
                             dor\2932440949_349589963_                         
                             3881549899.mp4'                                   
                                                                                                                       
          

Animation 38: FadeOut(VGroup of 2 submobjects):   0%|          | 0/60 [00:00<?, ?it/s]
Animation 38: FadeOut(VGroup of 2 submobjects):   3%|3         | 2/60 [00:00<00:05, 10.12it/s]
Animation 38: FadeOut(VGroup of 2 submobjects):   7%|6         | 4/60 [00:00<00:05, 10.34it/s]
Animation 38: FadeOut(VGroup of 2 submobjects):  10%|#         | 6/60 [00:00<00:05, 10.29it/s]
Animation 38: FadeOut(VGroup of 2 submobjects):  13%|#3        | 8/60 [00:00<00:05, 10.33it/s]
Animation 38: FadeOut(VGroup of 2 submobjects):  17%|#6        | 10/60 [00:00<00:04, 10.25it/s]
Animation 38: FadeOut(VGroup of 2 submobjects):  20%|##        | 12/60 [00:01<00:04, 10.25it/s]
Animation 38: FadeOut(VGroup of 2 submobjects):  23%|##3       | 14/60 [00:01<00:04, 10.26it/s]
Animation 38: FadeOut(VGroup of 2 submobjects):  27%|##6       | 16/60 [00:01<00:04, 10.31it/s]
Animation 38: FadeOut(VGroup of 2 submobjects):  30%|###       | 18/60 [00:01<00:04, 10.32it/s]
Animation 38: FadeOut(VGroup of 2 submobjects):  33%|###3      | 20/60 [00:01<00:04,  9.77it/s]
Animation 38: FadeOut(VGroup of 2 submobjects):  37%|###6      | 22/60 [00:02<00:03,  9.99it/s]
Animation 38: FadeOut(VGroup of 2 submobjects):  40%|####      | 24/60 [00:02<00:03, 10.04it/s]
Animation 38: FadeOut(VGroup of 2 submobjects):  43%|####3     | 26/60 [00:02<00:03, 10.10it/s]
Animation 38: FadeOut(VGroup of 2 submobjects):  47%|####6     | 28/60 [00:02<00:03, 10.19it/s]
Animation 38: FadeOut(VGroup of 2 submobjects):  50%|#####     | 30/60 [00:02<00:02, 10.14it/s]
Animation 38: FadeOut(VGroup of 2 submobjects):  53%|#####3    | 32/60 [00:03<00:02, 10.13it/s]
Animation 38: FadeOut(VGroup of 2 submobjects):  57%|#####6    | 34/60 [00:03<00:02, 10.12it/s]
Animation 38: FadeOut(VGroup of 2 submobjects):  60%|######    | 36/60 [00:03<00:02, 10.10it/s]
Animation 38: FadeOut(VGroup of 2 submobjects):  63%|######3   | 38/60 [00:03<00:02, 10.08it/s]
Animation 38: FadeOut(VGroup of 2 submobjects):  67%|######6   | 40/60 [00:03<00:02,  9.97it/s]
Animation 38: FadeOut(VGroup of 2 submobjects):  68%|######8   | 41/60 [00:04<00:01,  9.96it/s]
Animation 38: FadeOut(VGroup of 2 submobjects):  72%|#######1  | 43/60 [00:04<00:01,  9.19it/s]
Animation 38: FadeOut(VGroup of 2 submobjects):  73%|#######3  | 44/60 [00:04<00:01,  8.56it/s]
Animation 38: FadeOut(VGroup of 2 submobjects):  75%|#######5  | 45/60 [00:04<00:01,  8.77it/s]
Animation 38: FadeOut(VGroup of 2 submobjects):  77%|#######6  | 46/60 [00:04<00:01,  8.99it/s]
Animation 38: FadeOut(VGroup of 2 submobjects):  78%|#######8  | 47/60 [00:04<00:01,  9.16it/s]
Animation 38: FadeOut(VGroup of 2 submobjects):  80%|########  | 48/60 [00:04<00:01,  8.89it/s]
Animation 38: FadeOut(VGroup of 2 submobjects):  82%|########1 | 49/60 [00:04<00:01,  9.05it/s]
Animation 38: FadeOut(VGroup of 2 submobjects):  85%|########5 | 51/60 [00:05<00:00,  9.51it/s]
Animation 38: FadeOut(VGroup of 2 submobjects):  87%|########6 | 52/60 [00:05<00:00,  9.33it/s]
Animation 38: FadeOut(VGroup of 2 submobjects):  90%|######### | 54/60 [00:05<00:00,  9.60it/s]
Animation 38: FadeOut(VGroup of 2 submobjects):  93%|#########3| 56/60 [00:05<00:00,  9.55it/s]
Animation 38: FadeOut(VGroup of 2 submobjects):  97%|#########6| 58/60 [00:05<00:00,  9.70it/s]
Animation 38: FadeOut(VGroup of 2 submobjects): 100%|##########| 60/60 [00:06<00:00, 10.16it/s]
[09/08/26 21:33:01] INFO     Animation 38 : Partial    scene_file_writer.py:192
                             movie file written in                             
                             'C:\Users\Nacho\Documents                         
                             \Animaciones\Capitulo                             
                             11\media\videos\s08_model                         
                             ador\1080p60\partial_movi                         
                             e_files\ModeladorBlanquea                         
                             dor\2932440949_3694283209                         
                             _1753445549.mp4'                                  
[09/08/26 21:33:02] INFO     Animation 39 : Partial    scene_file_writer.py:192
                             movie file written in                             
                             'C:\Users\Nacho\Documents                         
                             \Animaciones\Capitulo                             
                             11\media\videos\s08_model                         
                             ador\1080p60\partial_movi                         
                             e_files\ModeladorBlanquea                         
                             dor\2932440949_4235033027                         
                             _3519492647.mp4'                                  
                    INFO     Combining to Movie file.  scene_file_writer.py:952
[09/08/26 21:33:03] INFO                              scene_file_writer.py:1103
                             File ready at                                     
                             'C:\Users\Nacho\Document                          
                             s\Animaciones\Capitulo                            
                             11\media\videos\s08_mode                          
                             lador\1080p60\ModeladorB                          
                             lanqueador.mp4'                                   
                                                                               
                    INFO     Rendered ModeladorBlanqueador         scene.py:290
                             Played 40 animations                              
                                                                                               
