Manim Community v0.21.0

manim.exe : 
En C:\Users\Nacho\Documents\Animaciones\Capitulo 13\render.ps1: 49 Carácter: 9
+         & manim "-$Calidad" $e.archivo $e.escena *>> $log
+         ~~~~~~~~~~~~~~~~~~~~~~~~~~~~~~~~~~~~~~~~~~~~~~~~~
    + CategoryInfo          : NotSpecified: (:String) [], RemoteException
    + FullyQualifiedErrorId : NativeCommandError
 
Animation 0: FadeIn(Text('¿Solo ruido, o hay señal escondida adentro?')):   0%|          | 0/60 [00:00<?, ?it/s]
Animation 0: FadeIn(Text('¿Solo ruido, o hay señal escondida adentro?')):  15%|#5        | 9/60 [00:00<00:00, 
87.29it/s]
Animation 0: FadeIn(Text('¿Solo ruido, o hay señal escondida adentro?')):  30%|###       | 18/60 [00:00<00:00, 
86.75it/s]
Animation 0: FadeIn(Text('¿Solo ruido, o hay señal escondida adentro?')):  47%|####6     | 28/60 [00:00<00:00, 
89.99it/s]
Animation 0: FadeIn(Text('¿Solo ruido, o hay señal escondida adentro?')):  63%|######3   | 38/60 [00:00<00:00, 
91.21it/s]
Animation 0: FadeIn(Text('¿Solo ruido, o hay señal escondida adentro?')):  83%|########3 | 50/60 [00:00<00:00, 
98.99it/s]
Animation 0: FadeIn(Text('¿Solo ruido, o hay señal escondida adentro?')): 100%|##########| 60/60 [00:00<00:00, 
90.10it/s]
[09/11/26 00:40:03] INFO     Animation 0 : Partial     scene_file_writer.py:192
                             movie file written in                             
                             'C:\Users\Nacho\Documents                         
                             \Animaciones\Capitulo                             
                             13\media\videos\s01_probl                         
                             ema\1080p60\partial_movie                         
                             _files\Problema\301000456                         
                             1_3253867039_223132457.mp                         
                             4'                                                
[09/11/26 00:40:04] INFO     Animation 1 : Partial     scene_file_writer.py:192
                             movie file written in                             
                             'C:\Users\Nacho\Documents                         
                             \Animaciones\Capitulo                             
                             13\media\videos\s01_probl                         
                             ema\1080p60\partial_movie                         
                             _files\Problema\293244094                         
                             9_4235033027_2621937664.m                         
                             p4'                                               
                                                                                                                       
  

Animation 2: FadeIn(Text('radar (¿hay un avión?)   ·   sonar   ·   receptor digital (¿mandaron un 1 o un 0?)')):   0%| 
         | 0/60 [00:00<?, ?it/s]
Animation 2: FadeIn(Text('radar (¿hay un avión?)   ·   sonar   ·   receptor digital (¿mandaron un 1 o un 0?)')):   
8%|8         | 5/60 [00:00<00:01, 49.39it/s]
Animation 2: FadeIn(Text('radar (¿hay un avión?)   ·   sonar   ·   receptor digital (¿mandaron un 1 o un 0?)')):  
17%|#6        | 10/60 [00:00<00:01, 31.95it/s]
Animation 2: FadeIn(Text('radar (¿hay un avión?)   ·   sonar   ·   receptor digital (¿mandaron un 1 o un 0?)')):  
23%|##3       | 14/60 [00:00<00:01, 27.49it/s]
Animation 2: FadeIn(Text('radar (¿hay un avión?)   ·   sonar   ·   receptor digital (¿mandaron un 1 o un 0?)')):  
28%|##8       | 17/60 [00:00<00:01, 25.14it/s]
Animation 2: FadeIn(Text('radar (¿hay un avión?)   ·   sonar   ·   receptor digital (¿mandaron un 1 o un 0?)')):  
33%|###3      | 20/60 [00:00<00:01, 24.10it/s]
Animation 2: FadeIn(Text('radar (¿hay un avión?)   ·   sonar   ·   receptor digital (¿mandaron un 1 o un 0?)')):  
38%|###8      | 23/60 [00:00<00:01, 23.28it/s]
Animation 2: FadeIn(Text('radar (¿hay un avión?)   ·   sonar   ·   receptor digital (¿mandaron un 1 o un 0?)')):  
43%|####3     | 26/60 [00:01<00:01, 22.97it/s]
Animation 2: FadeIn(Text('radar (¿hay un avión?)   ·   sonar   ·   receptor digital (¿mandaron un 1 o un 0?)')):  
48%|####8     | 29/60 [00:01<00:01, 22.51it/s]
Animation 2: FadeIn(Text('radar (¿hay un avión?)   ·   sonar   ·   receptor digital (¿mandaron un 1 o un 0?)')):  
53%|#####3    | 32/60 [00:01<00:01, 22.56it/s]
Animation 2: FadeIn(Text('radar (¿hay un avión?)   ·   sonar   ·   receptor digital (¿mandaron un 1 o un 0?)')):  
58%|#####8    | 35/60 [00:01<00:01, 23.26it/s]
Animation 2: FadeIn(Text('radar (¿hay un avión?)   ·   sonar   ·   receptor digital (¿mandaron un 1 o un 0?)')):  
63%|######3   | 38/60 [00:01<00:00, 23.68it/s]
Animation 2: FadeIn(Text('radar (¿hay un avión?)   ·   sonar   ·   receptor digital (¿mandaron un 1 o un 0?)')):  
68%|######8   | 41/60 [00:01<00:00, 24.14it/s]
Animation 2: FadeIn(Text('radar (¿hay un avión?)   ·   sonar   ·   receptor digital (¿mandaron un 1 o un 0?)')):  
73%|#######3  | 44/60 [00:01<00:00, 22.08it/s]
Animation 2: FadeIn(Text('radar (¿hay un avión?)   ·   sonar   ·   receptor digital (¿mandaron un 1 o un 0?)')):  
78%|#######8  | 47/60 [00:01<00:00, 21.74it/s]
Animation 2: FadeIn(Text('radar (¿hay un avión?)   ·   sonar   ·   receptor digital (¿mandaron un 1 o un 0?)')):  
83%|########3 | 50/60 [00:02<00:00, 22.11it/s]
Animation 2: FadeIn(Text('radar (¿hay un avión?)   ·   sonar   ·   receptor digital (¿mandaron un 1 o un 0?)')):  
88%|########8 | 53/60 [00:02<00:00, 22.43it/s]
Animation 2: FadeIn(Text('radar (¿hay un avión?)   ·   sonar   ·   receptor digital (¿mandaron un 1 o un 0?)')):  
93%|#########3| 56/60 [00:02<00:00, 22.07it/s]
Animation 2: FadeIn(Text('radar (¿hay un avión?)   ·   sonar   ·   receptor digital (¿mandaron un 1 o un 0?)')):  
98%|#########8| 59/60 [00:02<00:00, 22.94it/s]
[09/11/26 00:40:07] INFO     Animation 2 : Partial     scene_file_writer.py:192
                             movie file written in                             
                             'C:\Users\Nacho\Documents                         
                             \Animaciones\Capitulo                             
                             13\media\videos\s01_probl                         
                             ema\1080p60\partial_movie                         
                             _files\Problema\293244094                         
                             9_2878527174_926222580.mp                         
                             4'                                                
[09/11/26 00:40:09] INFO     Animation 3 : Partial     scene_file_writer.py:192
                             movie file written in                             
                             'C:\Users\Nacho\Documents                         
                             \Animaciones\Capitulo                             
                             13\media\videos\s01_probl                         
                             ema\1080p60\partial_movie                         
                             _files\Problema\293244094                         
                             9_3810316983_513947837.mp                         
                             4'                                                
                                                                                                                       
                                         

Animation 4: FadeOut(Text('radar (¿hay un avión?)   ·   sonar   ·   receptor digital (¿mandaron un 1 o un 0?)')):   
0%|          | 0/60 [00:00<?, ?it/s]
Animation 4: FadeOut(Text('radar (¿hay un avión?)   ·   sonar   ·   receptor digital (¿mandaron un 1 o un 0?)')):   
5%|5         | 3/60 [00:00<00:02, 24.20it/s]
Animation 4: FadeOut(Text('radar (¿hay un avión?)   ·   sonar   ·   receptor digital (¿mandaron un 1 o un 0?)')):  
10%|#         | 6/60 [00:00<00:02, 22.79it/s]
Animation 4: FadeOut(Text('radar (¿hay un avión?)   ·   sonar   ·   receptor digital (¿mandaron un 1 o un 0?)')):  
15%|#5        | 9/60 [00:00<00:02, 22.63it/s]
Animation 4: FadeOut(Text('radar (¿hay un avión?)   ·   sonar   ·   receptor digital (¿mandaron un 1 o un 0?)')):  
20%|##        | 12/60 [00:00<00:02, 23.22it/s]
Animation 4: FadeOut(Text('radar (¿hay un avión?)   ·   sonar   ·   receptor digital (¿mandaron un 1 o un 0?)')):  
25%|##5       | 15/60 [00:00<00:01, 23.17it/s]
Animation 4: FadeOut(Text('radar (¿hay un avión?)   ·   sonar   ·   receptor digital (¿mandaron un 1 o un 0?)')):  
30%|###       | 18/60 [00:00<00:01, 22.98it/s]
Animation 4: FadeOut(Text('radar (¿hay un avión?)   ·   sonar   ·   receptor digital (¿mandaron un 1 o un 0?)')):  
35%|###5      | 21/60 [00:00<00:01, 22.29it/s]
Animation 4: FadeOut(Text('radar (¿hay un avión?)   ·   sonar   ·   receptor digital (¿mandaron un 1 o un 0?)')):  
40%|####      | 24/60 [00:01<00:01, 22.51it/s]
Animation 4: FadeOut(Text('radar (¿hay un avión?)   ·   sonar   ·   receptor digital (¿mandaron un 1 o un 0?)')):  
45%|####5     | 27/60 [00:01<00:01, 22.67it/s]
Animation 4: FadeOut(Text('radar (¿hay un avión?)   ·   sonar   ·   receptor digital (¿mandaron un 1 o un 0?)')):  
50%|#####     | 30/60 [00:01<00:01, 22.30it/s]
Animation 4: FadeOut(Text('radar (¿hay un avión?)   ·   sonar   ·   receptor digital (¿mandaron un 1 o un 0?)')):  
55%|#####5    | 33/60 [00:01<00:01, 21.89it/s]
Animation 4: FadeOut(Text('radar (¿hay un avión?)   ·   sonar   ·   receptor digital (¿mandaron un 1 o un 0?)')):  
60%|######    | 36/60 [00:01<00:01, 21.87it/s]
Animation 4: FadeOut(Text('radar (¿hay un avión?)   ·   sonar   ·   receptor digital (¿mandaron un 1 o un 0?)')):  
65%|######5   | 39/60 [00:01<00:00, 21.87it/s]
Animation 4: FadeOut(Text('radar (¿hay un avión?)   ·   sonar   ·   receptor digital (¿mandaron un 1 o un 0?)')):  
70%|#######   | 42/60 [00:01<00:00, 21.61it/s]
Animation 4: FadeOut(Text('radar (¿hay un avión?)   ·   sonar   ·   receptor digital (¿mandaron un 1 o un 0?)')):  
75%|#######5  | 45/60 [00:02<00:00, 17.82it/s]
Animation 4: FadeOut(Text('radar (¿hay un avión?)   ·   sonar   ·   receptor digital (¿mandaron un 1 o un 0?)')):  
80%|########  | 48/60 [00:02<00:00, 18.59it/s]
Animation 4: FadeOut(Text('radar (¿hay un avión?)   ·   sonar   ·   receptor digital (¿mandaron un 1 o un 0?)')):  
85%|########5 | 51/60 [00:02<00:00, 19.82it/s]
Animation 4: FadeOut(Text('radar (¿hay un avión?)   ·   sonar   ·   receptor digital (¿mandaron un 1 o un 0?)')):  
90%|######### | 54/60 [00:02<00:00, 19.98it/s]
Animation 4: FadeOut(Text('radar (¿hay un avión?)   ·   sonar   ·   receptor digital (¿mandaron un 1 o un 0?)')):  
95%|#########5| 57/60 [00:02<00:00, 20.41it/s]
Animation 4: FadeOut(Text('radar (¿hay un avión?)   ·   sonar   ·   receptor digital (¿mandaron un 1 o un 0?)')): 
100%|##########| 60/60 [00:02<00:00, 21.01it/s]
[09/11/26 00:40:13] INFO     Animation 4 : Partial     scene_file_writer.py:192
                             movie file written in                             
                             'C:\Users\Nacho\Documents                         
                             \Animaciones\Capitulo                             
                             13\media\videos\s01_probl                         
                             ema\1080p60\partial_movie                         
                             _files\Problema\293244094                         
                             9_346702407_2907258303.mp                         
                             4'                                                
                                                                                                                       
                                          

Animation 5: FadeIn(VGroup of 2 submobjects):   0%|          | 0/60 [00:00<?, ?it/s]
Animation 5: FadeIn(VGroup of 2 submobjects):   8%|8         | 5/60 [00:00<00:01, 42.02it/s]
Animation 5: FadeIn(VGroup of 2 submobjects):  17%|#6        | 10/60 [00:00<00:01, 37.68it/s]
Animation 5: FadeIn(VGroup of 2 submobjects):  23%|##3       | 14/60 [00:00<00:01, 35.63it/s]
Animation 5: FadeIn(VGroup of 2 submobjects):  30%|###       | 18/60 [00:00<00:01, 36.88it/s]
Animation 5: FadeIn(VGroup of 2 submobjects):  38%|###8      | 23/60 [00:00<00:00, 38.79it/s]
Animation 5: FadeIn(VGroup of 2 submobjects):  45%|####5     | 27/60 [00:00<00:00, 37.43it/s]
Animation 5: FadeIn(VGroup of 2 submobjects):  52%|#####1    | 31/60 [00:00<00:00, 37.09it/s]
Animation 5: FadeIn(VGroup of 2 submobjects):  58%|#####8    | 35/60 [00:00<00:00, 36.45it/s]
Animation 5: FadeIn(VGroup of 2 submobjects):  65%|######5   | 39/60 [00:01<00:00, 37.17it/s]
Animation 5: FadeIn(VGroup of 2 submobjects):  72%|#######1  | 43/60 [00:01<00:00, 35.17it/s]
Animation 5: FadeIn(VGroup of 2 submobjects):  78%|#######8  | 47/60 [00:01<00:00, 31.68it/s]
Animation 5: FadeIn(VGroup of 2 submobjects):  85%|########5 | 51/60 [00:01<00:00, 29.79it/s]
Animation 5: FadeIn(VGroup of 2 submobjects):  92%|#########1| 55/60 [00:01<00:00, 30.05it/s]
Animation 5: FadeIn(VGroup of 2 submobjects):  98%|#########8| 59/60 [00:01<00:00, 31.48it/s]
[09/11/26 00:40:16] INFO     Animation 5 : Partial     scene_file_writer.py:192
                             movie file written in                             
                             'C:\Users\Nacho\Documents                         
                             \Animaciones\Capitulo                             
                             13\media\videos\s01_probl                         
                             ema\1080p60\partial_movie                         
                             _files\Problema\293244094                         
                             9_658509733_1605794849.mp                         
                             4'                                                
                                                                                             

Animation 6: FadeIn(VGroup of 4 submobjects):   0%|          | 0/60 [00:00<?, ?it/s]
Animation 6: FadeIn(VGroup of 4 submobjects):   7%|6         | 4/60 [00:00<00:01, 31.63it/s]
Animation 6: FadeIn(VGroup of 4 submobjects):  13%|#3        | 8/60 [00:00<00:01, 28.57it/s]
Animation 6: FadeIn(VGroup of 4 submobjects):  20%|##        | 12/60 [00:00<00:01, 30.44it/s]
Animation 6: FadeIn(VGroup of 4 submobjects):  27%|##6       | 16/60 [00:00<00:01, 31.02it/s]
Animation 6: FadeIn(VGroup of 4 submobjects):  33%|###3      | 20/60 [00:00<00:01, 31.22it/s]
Animation 6: FadeIn(VGroup of 4 submobjects):  40%|####      | 24/60 [00:00<00:01, 31.72it/s]
Animation 6: FadeIn(VGroup of 4 submobjects):  47%|####6     | 28/60 [00:00<00:01, 31.80it/s]
Animation 6: FadeIn(VGroup of 4 submobjects):  53%|#####3    | 32/60 [00:01<00:00, 32.13it/s]
Animation 6: FadeIn(VGroup of 4 submobjects):  60%|######    | 36/60 [00:01<00:00, 31.03it/s]
Animation 6: FadeIn(VGroup of 4 submobjects):  67%|######6   | 40/60 [00:01<00:00, 29.97it/s]
Animation 6: FadeIn(VGroup of 4 submobjects):  73%|#######3  | 44/60 [00:01<00:00, 27.66it/s]
Animation 6: FadeIn(VGroup of 4 submobjects):  78%|#######8  | 47/60 [00:01<00:00, 26.06it/s]
Animation 6: FadeIn(VGroup of 4 submobjects):  83%|########3 | 50/60 [00:01<00:00, 26.78it/s]
Animation 6: FadeIn(VGroup of 4 submobjects):  90%|######### | 54/60 [00:01<00:00, 28.31it/s]
Animation 6: FadeIn(VGroup of 4 submobjects):  95%|#########5| 57/60 [00:01<00:00, 28.01it/s]
Animation 6: FadeIn(VGroup of 4 submobjects): 100%|##########| 60/60 [00:02<00:00, 28.24it/s]
[09/11/26 00:40:19] INFO     Animation 6 : Partial     scene_file_writer.py:192
                             movie file written in                             
                             'C:\Users\Nacho\Documents                         
                             \Animaciones\Capitulo                             
                             13\media\videos\s01_probl                         
                             ema\1080p60\partial_movie                         
                             _files\Problema\293244094                         
                             9_4211977974_2531302312.m                         
                             p4'                                               
[09/11/26 00:40:22] INFO     Animation 7 : Partial     scene_file_writer.py:192
                             movie file written in                             
                             'C:\Users\Nacho\Documents                         
                             \Animaciones\Capitulo                             
                             13\media\videos\s01_probl                         
                             ema\1080p60\partial_movie                         
                             _files\Problema\293244094                         
                             9_4163062370_1788994688.m                         
                             p4'                                               
                                                                                             

Animation 8: FadeOut(VGroup of 2 submobjects):   0%|          | 0/60 [00:00<?, ?it/s]
Animation 8: FadeOut(VGroup of 2 submobjects):   5%|5         | 3/60 [00:00<00:01, 28.56it/s]
Animation 8: FadeOut(VGroup of 2 submobjects):  10%|#         | 6/60 [00:00<00:02, 26.82it/s]
Animation 8: FadeOut(VGroup of 2 submobjects):  15%|#5        | 9/60 [00:00<00:01, 26.01it/s]
Animation 8: FadeOut(VGroup of 2 submobjects):  20%|##        | 12/60 [00:00<00:01, 25.88it/s]
Animation 8: FadeOut(VGroup of 2 submobjects):  25%|##5       | 15/60 [00:00<00:01, 25.68it/s]
Animation 8: FadeOut(VGroup of 2 submobjects):  30%|###       | 18/60 [00:00<00:01, 25.28it/s]
Animation 8: FadeOut(VGroup of 2 submobjects):  35%|###5      | 21/60 [00:00<00:01, 24.88it/s]
Animation 8: FadeOut(VGroup of 2 submobjects):  40%|####      | 24/60 [00:00<00:01, 24.34it/s]
Animation 8: FadeOut(VGroup of 2 submobjects):  45%|####5     | 27/60 [00:01<00:01, 22.94it/s]
Animation 8: FadeOut(VGroup of 2 submobjects):  50%|#####     | 30/60 [00:01<00:01, 24.14it/s]
Animation 8: FadeOut(VGroup of 2 submobjects):  55%|#####5    | 33/60 [00:01<00:01, 25.04it/s]
Animation 8: FadeOut(VGroup of 2 submobjects):  60%|######    | 36/60 [00:01<00:00, 25.89it/s]
Animation 8: FadeOut(VGroup of 2 submobjects):  65%|######5   | 39/60 [00:01<00:00, 26.29it/s]
Animation 8: FadeOut(VGroup of 2 submobjects):  70%|#######   | 42/60 [00:01<00:00, 26.84it/s]
Animation 8: FadeOut(VGroup of 2 submobjects):  75%|#######5  | 45/60 [00:01<00:00, 20.20it/s]
Animation 8: FadeOut(VGroup of 2 submobjects):  80%|########  | 48/60 [00:01<00:00, 21.37it/s]
Animation 8: FadeOut(VGroup of 2 submobjects):  87%|########6 | 52/60 [00:02<00:00, 23.65it/s]
Animation 8: FadeOut(VGroup of 2 submobjects):  92%|#########1| 55/60 [00:02<00:00, 23.27it/s]
Animation 8: FadeOut(VGroup of 2 submobjects):  97%|#########6| 58/60 [00:02<00:00, 22.38it/s]
[09/11/26 00:40:25] INFO     Animation 8 : Partial     scene_file_writer.py:192
                             movie file written in                             
                             'C:\Users\Nacho\Documents                         
                             \Animaciones\Capitulo                             
                             13\media\videos\s01_probl                         
                             ema\1080p60\partial_movie                         
                             _files\Problema\293244094                         
                             9_2428782817_1131806514.m                         
                             p4'                                               
                                                                                              

Animation 9: FadeIn(MathTex('H_0:\\ R[n]=W[n]')), etc.:   0%|          | 0/60 [00:00<?, ?it/s]
Animation 9: FadeIn(MathTex('H_0:\\ R[n]=W[n]')), etc.:  10%|#         | 6/60 [00:00<00:01, 45.36it/s]
Animation 9: FadeIn(MathTex('H_0:\\ R[n]=W[n]')), etc.:  18%|#8        | 11/60 [00:00<00:01, 38.91it/s]
Animation 9: FadeIn(MathTex('H_0:\\ R[n]=W[n]')), etc.:  27%|##6       | 16/60 [00:00<00:01, 39.41it/s]
Animation 9: FadeIn(MathTex('H_0:\\ R[n]=W[n]')), etc.:  35%|###5      | 21/60 [00:00<00:00, 40.08it/s]
Animation 9: FadeIn(MathTex('H_0:\\ R[n]=W[n]')), etc.:  43%|####3     | 26/60 [00:00<00:00, 39.89it/s]
Animation 9: FadeIn(MathTex('H_0:\\ R[n]=W[n]')), etc.:  52%|#####1    | 31/60 [00:00<00:00, 41.94it/s]
Animation 9: FadeIn(MathTex('H_0:\\ R[n]=W[n]')), etc.:  60%|######    | 36/60 [00:00<00:00, 41.16it/s]
Animation 9: FadeIn(MathTex('H_0:\\ R[n]=W[n]')), etc.:  68%|######8   | 41/60 [00:01<00:00, 40.50it/s]
Animation 9: FadeIn(MathTex('H_0:\\ R[n]=W[n]')), etc.:  77%|#######6  | 46/60 [00:01<00:00, 37.24it/s]
Animation 9: FadeIn(MathTex('H_0:\\ R[n]=W[n]')), etc.:  83%|########3 | 50/60 [00:01<00:00, 36.92it/s]
Animation 9: FadeIn(MathTex('H_0:\\ R[n]=W[n]')), etc.:  92%|#########1| 55/60 [00:01<00:00, 38.76it/s]
Animation 9: FadeIn(MathTex('H_0:\\ R[n]=W[n]')), etc.:  98%|#########8| 59/60 [00:01<00:00, 38.15it/s]
[09/11/26 00:40:28] INFO     Animation 9 : Partial     scene_file_writer.py:192
                             movie file written in                             
                             'C:\Users\Nacho\Documents                         
                             \Animaciones\Capitulo                             
                             13\media\videos\s01_probl                         
                             ema\1080p60\partial_movie                         
                             _files\Problema\293244094                         
                             9_1655430471_4234159887.m                         
                             p4'                                               
                                                                                                       

Animation 10: Create(VGroup of 28 submobjects):   0%|          | 0/60 [00:00<?, ?it/s]
Animation 10: Create(VGroup of 28 submobjects):  12%|#1        | 7/60 [00:00<00:00, 62.12it/s]
Animation 10: Create(VGroup of 28 submobjects):  23%|##3       | 14/60 [00:00<00:00, 51.39it/s]
Animation 10: Create(VGroup of 28 submobjects):  33%|###3      | 20/60 [00:00<00:00, 42.51it/s]
Animation 10: Create(VGroup of 28 submobjects):  42%|####1     | 25/60 [00:00<00:00, 38.87it/s]
Animation 10: Create(VGroup of 28 submobjects):  50%|#####     | 30/60 [00:00<00:00, 38.61it/s]
Animation 10: Create(VGroup of 28 submobjects):  58%|#####8    | 35/60 [00:00<00:00, 39.41it/s]
Animation 10: Create(VGroup of 28 submobjects):  67%|######6   | 40/60 [00:00<00:00, 41.97it/s]
Animation 10: Create(VGroup of 28 submobjects):  75%|#######5  | 45/60 [00:01<00:00, 43.27it/s]
Animation 10: Create(VGroup of 28 submobjects):  85%|########5 | 51/60 [00:01<00:00, 45.96it/s]
Animation 10: Create(VGroup of 28 submobjects):  93%|#########3| 56/60 [00:01<00:00, 44.32it/s]
[09/11/26 00:40:30] INFO     Animation 10 : Partial    scene_file_writer.py:192
                             movie file written in                             
                             'C:\Users\Nacho\Documents                         
                             \Animaciones\Capitulo                             
                             13\media\videos\s01_probl                         
                             ema\1080p60\partial_movie                         
                             _files\Problema\293244094                         
                             9_1366572548_3545342233.m                         
                             p4'                                               
                                                                                               

Animation 11: FadeIn(MathTex('H_1:\\ R[n]=s[n]+W[n]')), etc.:   0%|          | 0/60 [00:00<?, ?it/s]
Animation 11: FadeIn(MathTex('H_1:\\ R[n]=s[n]+W[n]')), etc.:   8%|8         | 5/60 [00:00<00:01, 46.81it/s]
Animation 11: FadeIn(MathTex('H_1:\\ R[n]=s[n]+W[n]')), etc.:  17%|#6        | 10/60 [00:00<00:01, 38.54it/s]
Animation 11: FadeIn(MathTex('H_1:\\ R[n]=s[n]+W[n]')), etc.:  23%|##3       | 14/60 [00:00<00:01, 37.24it/s]
Animation 11: FadeIn(MathTex('H_1:\\ R[n]=s[n]+W[n]')), etc.:  30%|###       | 18/60 [00:00<00:01, 37.28it/s]
Animation 11: FadeIn(MathTex('H_1:\\ R[n]=s[n]+W[n]')), etc.:  37%|###6      | 22/60 [00:00<00:01, 37.94it/s]
Animation 11: FadeIn(MathTex('H_1:\\ R[n]=s[n]+W[n]')), etc.:  45%|####5     | 27/60 [00:00<00:00, 39.12it/s]
Animation 11: FadeIn(MathTex('H_1:\\ R[n]=s[n]+W[n]')), etc.:  53%|#####3    | 32/60 [00:00<00:00, 40.37it/s]
Animation 11: FadeIn(MathTex('H_1:\\ R[n]=s[n]+W[n]')), etc.:  62%|######1   | 37/60 [00:00<00:00, 40.56it/s]
Animation 11: FadeIn(MathTex('H_1:\\ R[n]=s[n]+W[n]')), etc.:  70%|#######   | 42/60 [00:01<00:00, 41.19it/s]
Animation 11: FadeIn(MathTex('H_1:\\ R[n]=s[n]+W[n]')), etc.:  78%|#######8  | 47/60 [00:01<00:00, 38.31it/s]
Animation 11: FadeIn(MathTex('H_1:\\ R[n]=s[n]+W[n]')), etc.:  85%|########5 | 51/60 [00:01<00:00, 35.99it/s]
Animation 11: FadeIn(MathTex('H_1:\\ R[n]=s[n]+W[n]')), etc.:  92%|#########1| 55/60 [00:01<00:00, 36.28it/s]
Animation 11: FadeIn(MathTex('H_1:\\ R[n]=s[n]+W[n]')), etc.:  98%|#########8| 59/60 [00:01<00:00, 35.80it/s]
[09/11/26 00:40:32] INFO     Animation 11 : Partial    scene_file_writer.py:192
                             movie file written in                             
                             'C:\Users\Nacho\Documents                         
                             \Animaciones\Capitulo                             
                             13\media\videos\s01_probl                         
                             ema\1080p60\partial_movie                         
                             _files\Problema\293244094                         
                             9_798073196_583864171.mp4                         
                             '                                                 
                                                                                                             

Animation 12: Create(VGroup of 28 submobjects):   0%|          | 0/60 [00:00<?, ?it/s]
Animation 12: Create(VGroup of 28 submobjects):  12%|#1        | 7/60 [00:00<00:00, 63.63it/s]
Animation 12: Create(VGroup of 28 submobjects):  23%|##3       | 14/60 [00:00<00:00, 57.37it/s]
Animation 12: Create(VGroup of 28 submobjects):  33%|###3      | 20/60 [00:00<00:00, 50.79it/s]
Animation 12: Create(VGroup of 28 submobjects):  43%|####3     | 26/60 [00:00<00:00, 45.77it/s]
Animation 12: Create(VGroup of 28 submobjects):  52%|#####1    | 31/60 [00:00<00:00, 43.06it/s]
Animation 12: Create(VGroup of 28 submobjects):  60%|######    | 36/60 [00:00<00:00, 43.55it/s]
Animation 12: Create(VGroup of 28 submobjects):  68%|######8   | 41/60 [00:00<00:00, 42.12it/s]
Animation 12: Create(VGroup of 28 submobjects):  77%|#######6  | 46/60 [00:01<00:00, 39.06it/s]
Animation 12: Create(VGroup of 28 submobjects):  85%|########5 | 51/60 [00:01<00:00, 40.58it/s]
Animation 12: Create(VGroup of 28 submobjects):  93%|#########3| 56/60 [00:01<00:00, 41.79it/s]
[09/11/26 00:40:34] INFO     Animation 12 : Partial    scene_file_writer.py:192
                             movie file written in                             
                             'C:\Users\Nacho\Documents                         
                             \Animaciones\Capitulo                             
                             13\media\videos\s01_probl                         
                             ema\1080p60\partial_movie                         
                             _files\Problema\293244094                         
                             9_3008848447_4017668449.m                         
                             p4'                                               
[09/11/26 00:40:35] INFO     Animation 13 : Partial    scene_file_writer.py:192
                             movie file written in                             
                             'C:\Users\Nacho\Documents                         
                             \Animaciones\Capitulo                             
                             13\media\videos\s01_probl                         
                             ema\1080p60\partial_movie                         
                             _files\Problema\293244094                         
                             9_125152860_2522005478.mp                         
                             4'                                                
                                                                                               

Animation 14: FadeIn(Text('mirando solo la señal recibida, ¿podés distinguirlas?')):   0%|          | 0/60 [00:00<?, 
?it/s]
Animation 14: FadeIn(Text('mirando solo la señal recibida, ¿podés distinguirlas?')):   7%|6         | 4/60 
[00:00<00:02, 27.92it/s]
Animation 14: FadeIn(Text('mirando solo la señal recibida, ¿podés distinguirlas?')):  12%|#1        | 7/60 
[00:00<00:02, 25.27it/s]
Animation 14: FadeIn(Text('mirando solo la señal recibida, ¿podés distinguirlas?')):  17%|#6        | 10/60 
[00:00<00:01, 25.16it/s]
Animation 14: FadeIn(Text('mirando solo la señal recibida, ¿podés distinguirlas?')):  22%|##1       | 13/60 
[00:00<00:01, 23.98it/s]
Animation 14: FadeIn(Text('mirando solo la señal recibida, ¿podés distinguirlas?')):  27%|##6       | 16/60 
[00:00<00:01, 23.89it/s]
Animation 14: FadeIn(Text('mirando solo la señal recibida, ¿podés distinguirlas?')):  32%|###1      | 19/60 
[00:00<00:01, 24.68it/s]
Animation 14: FadeIn(Text('mirando solo la señal recibida, ¿podés distinguirlas?')):  37%|###6      | 22/60 
[00:00<00:01, 24.60it/s]
Animation 14: FadeIn(Text('mirando solo la señal recibida, ¿podés distinguirlas?')):  42%|####1     | 25/60 
[00:01<00:01, 24.74it/s]
Animation 14: FadeIn(Text('mirando solo la señal recibida, ¿podés distinguirlas?')):  47%|####6     | 28/60 
[00:01<00:01, 25.02it/s]
Animation 14: FadeIn(Text('mirando solo la señal recibida, ¿podés distinguirlas?')):  52%|#####1    | 31/60 
[00:01<00:01, 24.82it/s]
Animation 14: FadeIn(Text('mirando solo la señal recibida, ¿podés distinguirlas?')):  57%|#####6    | 34/60 
[00:01<00:01, 24.64it/s]
Animation 14: FadeIn(Text('mirando solo la señal recibida, ¿podés distinguirlas?')):  62%|######1   | 37/60 
[00:01<00:00, 24.24it/s]
Animation 14: FadeIn(Text('mirando solo la señal recibida, ¿podés distinguirlas?')):  67%|######6   | 40/60 
[00:01<00:00, 24.06it/s]
Animation 14: FadeIn(Text('mirando solo la señal recibida, ¿podés distinguirlas?')):  72%|#######1  | 43/60 
[00:01<00:00, 21.67it/s]
Animation 14: FadeIn(Text('mirando solo la señal recibida, ¿podés distinguirlas?')):  77%|#######6  | 46/60 
[00:01<00:00, 20.08it/s]
Animation 14: FadeIn(Text('mirando solo la señal recibida, ¿podés distinguirlas?')):  82%|########1 | 49/60 
[00:02<00:00, 21.30it/s]
Animation 14: FadeIn(Text('mirando solo la señal recibida, ¿podés distinguirlas?')):  87%|########6 | 52/60 
[00:02<00:00, 22.10it/s]
Animation 14: FadeIn(Text('mirando solo la señal recibida, ¿podés distinguirlas?')):  92%|#########1| 55/60 
[00:02<00:00, 21.34it/s]
Animation 14: FadeIn(Text('mirando solo la señal recibida, ¿podés distinguirlas?')):  97%|#########6| 58/60 
[00:02<00:00, 21.29it/s]
[09/11/26 00:40:39] INFO     Animation 14 : Partial    scene_file_writer.py:192
                             movie file written in                             
                             'C:\Users\Nacho\Documents                         
                             \Animaciones\Capitulo                             
                             13\media\videos\s01_probl                         
                             ema\1080p60\partial_movie                         
                             _files\Problema\293244094                         
                             9_596003306_407718772.mp4                         
                             '                                                 
[09/11/26 00:40:43] INFO     Animation 15 : Partial    scene_file_writer.py:192
                             movie file written in                             
                             'C:\Users\Nacho\Documents                         
                             \Animaciones\Capitulo                             
                             13\media\videos\s01_probl                         
                             ema\1080p60\partial_movie                         
                             _files\Problema\293244094                         
                             9_3580093213_1452892216.m                         
                             p4'                                               
                                                                                                                       
             

Animation 16: FadeOut(VGroup of 4 submobjects):   0%|          | 0/60 [00:00<?, ?it/s]
Animation 16: FadeOut(VGroup of 4 submobjects):   3%|3         | 2/60 [00:00<00:03, 16.19it/s]
Animation 16: FadeOut(VGroup of 4 submobjects):   7%|6         | 4/60 [00:00<00:03, 16.40it/s]
Animation 16: FadeOut(VGroup of 4 submobjects):  10%|#         | 6/60 [00:00<00:03, 16.87it/s]
Animation 16: FadeOut(VGroup of 4 submobjects):  13%|#3        | 8/60 [00:00<00:03, 16.15it/s]
Animation 16: FadeOut(VGroup of 4 submobjects):  17%|#6        | 10/60 [00:00<00:03, 15.57it/s]
Animation 16: FadeOut(VGroup of 4 submobjects):  20%|##        | 12/60 [00:00<00:03, 15.37it/s]
Animation 16: FadeOut(VGroup of 4 submobjects):  23%|##3       | 14/60 [00:00<00:02, 15.46it/s]
Animation 16: FadeOut(VGroup of 4 submobjects):  27%|##6       | 16/60 [00:01<00:02, 15.67it/s]
Animation 16: FadeOut(VGroup of 4 submobjects):  30%|###       | 18/60 [00:01<00:02, 15.78it/s]
Animation 16: FadeOut(VGroup of 4 submobjects):  33%|###3      | 20/60 [00:01<00:02, 15.59it/s]
Animation 16: FadeOut(VGroup of 4 submobjects):  37%|###6      | 22/60 [00:01<00:02, 15.54it/s]
Animation 16: FadeOut(VGroup of 4 submobjects):  40%|####      | 24/60 [00:01<00:02, 15.29it/s]
Animation 16: FadeOut(VGroup of 4 submobjects):  43%|####3     | 26/60 [00:01<00:02, 15.68it/s]
Animation 16: FadeOut(VGroup of 4 submobjects):  47%|####6     | 28/60 [00:01<00:02, 15.52it/s]
Animation 16: FadeOut(VGroup of 4 submobjects):  50%|#####     | 30/60 [00:01<00:01, 15.62it/s]
Animation 16: FadeOut(VGroup of 4 submobjects):  53%|#####3    | 32/60 [00:02<00:01, 15.67it/s]
Animation 16: FadeOut(VGroup of 4 submobjects):  57%|#####6    | 34/60 [00:02<00:01, 15.64it/s]
Animation 16: FadeOut(VGroup of 4 submobjects):  60%|######    | 36/60 [00:02<00:01, 15.82it/s]
Animation 16: FadeOut(VGroup of 4 submobjects):  63%|######3   | 38/60 [00:02<00:01, 16.01it/s]
Animation 16: FadeOut(VGroup of 4 submobjects):  67%|######6   | 40/60 [00:02<00:01, 15.87it/s]
Animation 16: FadeOut(VGroup of 4 submobjects):  70%|#######   | 42/60 [00:02<00:01, 16.04it/s]
Animation 16: FadeOut(VGroup of 4 submobjects):  73%|#######3  | 44/60 [00:02<00:01, 13.09it/s]
Animation 16: FadeOut(VGroup of 4 submobjects):  77%|#######6  | 46/60 [00:03<00:01, 13.70it/s]
Animation 16: FadeOut(VGroup of 4 submobjects):  80%|########  | 48/60 [00:03<00:00, 13.68it/s]
Animation 16: FadeOut(VGroup of 4 submobjects):  83%|########3 | 50/60 [00:03<00:00, 13.81it/s]
Animation 16: FadeOut(VGroup of 4 submobjects):  87%|########6 | 52/60 [00:03<00:00, 13.83it/s]
Animation 16: FadeOut(VGroup of 4 submobjects):  90%|######### | 54/60 [00:03<00:00, 14.15it/s]
Animation 16: FadeOut(VGroup of 4 submobjects):  93%|#########3| 56/60 [00:03<00:00, 14.06it/s]
Animation 16: FadeOut(VGroup of 4 submobjects):  97%|#########6| 58/60 [00:03<00:00, 13.93it/s]
Animation 16: FadeOut(VGroup of 4 submobjects): 100%|##########| 60/60 [00:04<00:00, 14.22it/s]
[09/11/26 00:40:48] INFO     Animation 16 : Partial    scene_file_writer.py:192
                             movie file written in                             
                             'C:\Users\Nacho\Documents                         
                             \Animaciones\Capitulo                             
                             13\media\videos\s01_probl                         
                             ema\1080p60\partial_movie                         
                             _files\Problema\293244094                         
                             9_104727322_3859582187.mp                         
                             4'                                                
                                                                                               

Animation 17: FadeIn(Text('La regla MAP, ahora con un vector')):   0%|          | 0/60 [00:00<?, ?it/s]
Animation 17: FadeIn(Text('La regla MAP, ahora con un vector')):   7%|6         | 4/60 [00:00<00:01, 31.88it/s]
Animation 17: FadeIn(Text('La regla MAP, ahora con un vector')):  13%|#3        | 8/60 [00:00<00:01, 30.70it/s]
Animation 17: FadeIn(Text('La regla MAP, ahora con un vector')):  20%|##        | 12/60 [00:00<00:01, 30.80it/s]
Animation 17: FadeIn(Text('La regla MAP, ahora con un vector')):  27%|##6       | 16/60 [00:00<00:01, 30.20it/s]
Animation 17: FadeIn(Text('La regla MAP, ahora con un vector')):  33%|###3      | 20/60 [00:00<00:01, 30.40it/s]
Animation 17: FadeIn(Text('La regla MAP, ahora con un vector')):  40%|####      | 24/60 [00:00<00:01, 30.42it/s]
Animation 17: FadeIn(Text('La regla MAP, ahora con un vector')):  47%|####6     | 28/60 [00:00<00:01, 30.59it/s]
Animation 17: FadeIn(Text('La regla MAP, ahora con un vector')):  53%|#####3    | 32/60 [00:01<00:00, 30.74it/s]
Animation 17: FadeIn(Text('La regla MAP, ahora con un vector')):  60%|######    | 36/60 [00:01<00:00, 30.75it/s]
Animation 17: FadeIn(Text('La regla MAP, ahora con un vector')):  67%|######6   | 40/60 [00:01<00:00, 31.34it/s]
Animation 17: FadeIn(Text('La regla MAP, ahora con un vector')):  73%|#######3  | 44/60 [00:01<00:00, 28.76it/s]
Animation 17: FadeIn(Text('La regla MAP, ahora con un vector')):  80%|########  | 48/60 [00:01<00:00, 29.97it/s]
Animation 17: FadeIn(Text('La regla MAP, ahora con un vector')):  87%|########6 | 52/60 [00:01<00:00, 29.29it/s]
Animation 17: FadeIn(Text('La regla MAP, ahora con un vector')):  92%|#########1| 55/60 [00:01<00:00, 29.07it/s]
Animation 17: FadeIn(Text('La regla MAP, ahora con un vector')):  98%|#########8| 59/60 [00:01<00:00, 30.03it/s]
[09/11/26 00:40:51] INFO     Animation 17 : Partial    scene_file_writer.py:192
                             movie file written in                             
                             'C:\Users\Nacho\Documents                         
                             \Animaciones\Capitulo                             
                             13\media\videos\s01_probl                         
                             ema\1080p60\partial_movie                         
                             _files\Problema\293244094                         
                             9_2175408409_3967917221.m                         
                             p4'                                               
                                                                                                                

Animation 18: Write(MathTex('P(H_1|\\mathbf R=\\mathbf r)\\underset{H_0}{\\overset{H_1}{\\gtrless}}P(H_0|\\mathbf 
R=\\mathbf r)')):   0%|          | 0/120 [00:00<?, ?it/s]
Animation 18: Write(MathTex('P(H_1|\\mathbf R=\\mathbf r)\\underset{H_0}{\\overset{H_1}{\\gtrless}}P(H_0|\\mathbf 
R=\\mathbf r)')):   4%|4         | 5/120 [00:00<00:02, 45.43it/s]
Animation 18: Write(MathTex('P(H_1|\\mathbf R=\\mathbf r)\\underset{H_0}{\\overset{H_1}{\\gtrless}}P(H_0|\\mathbf 
R=\\mathbf r)')):   8%|8         | 10/120 [00:00<00:02, 42.48it/s]
Animation 18: Write(MathTex('P(H_1|\\mathbf R=\\mathbf r)\\underset{H_0}{\\overset{H_1}{\\gtrless}}P(H_0|\\mathbf 
R=\\mathbf r)')):  12%|#2        | 15/120 [00:00<00:02, 39.45it/s]
Animation 18: Write(MathTex('P(H_1|\\mathbf R=\\mathbf r)\\underset{H_0}{\\overset{H_1}{\\gtrless}}P(H_0|\\mathbf 
R=\\mathbf r)')):  16%|#5        | 19/120 [00:00<00:02, 39.37it/s]
Animation 18: Write(MathTex('P(H_1|\\mathbf R=\\mathbf r)\\underset{H_0}{\\overset{H_1}{\\gtrless}}P(H_0|\\mathbf 
R=\\mathbf r)')):  19%|#9        | 23/120 [00:00<00:02, 36.57it/s]
Animation 18: Write(MathTex('P(H_1|\\mathbf R=\\mathbf r)\\underset{H_0}{\\overset{H_1}{\\gtrless}}P(H_0|\\mathbf 
R=\\mathbf r)')):  22%|##2       | 27/120 [00:00<00:02, 34.68it/s]
Animation 18: Write(MathTex('P(H_1|\\mathbf R=\\mathbf r)\\underset{H_0}{\\overset{H_1}{\\gtrless}}P(H_0|\\mathbf 
R=\\mathbf r)')):  26%|##5       | 31/120 [00:00<00:02, 34.07it/s]
Animation 18: Write(MathTex('P(H_1|\\mathbf R=\\mathbf r)\\underset{H_0}{\\overset{H_1}{\\gtrless}}P(H_0|\\mathbf 
R=\\mathbf r)')):  30%|###       | 36/120 [00:00<00:02, 36.37it/s]
Animation 18: Write(MathTex('P(H_1|\\mathbf R=\\mathbf r)\\underset{H_0}{\\overset{H_1}{\\gtrless}}P(H_0|\\mathbf 
R=\\mathbf r)')):  33%|###3      | 40/120 [00:01<00:02, 36.44it/s]
Animation 18: Write(MathTex('P(H_1|\\mathbf R=\\mathbf r)\\underset{H_0}{\\overset{H_1}{\\gtrless}}P(H_0|\\mathbf 
R=\\mathbf r)')):  37%|###6      | 44/120 [00:01<00:02, 32.86it/s]
Animation 18: Write(MathTex('P(H_1|\\mathbf R=\\mathbf r)\\underset{H_0}{\\overset{H_1}{\\gtrless}}P(H_0|\\mathbf 
R=\\mathbf r)')):  40%|####      | 48/120 [00:01<00:02, 31.74it/s]
Animation 18: Write(MathTex('P(H_1|\\mathbf R=\\mathbf r)\\underset{H_0}{\\overset{H_1}{\\gtrless}}P(H_0|\\mathbf 
R=\\mathbf r)')):  43%|####3     | 52/120 [00:01<00:02, 31.75it/s]
Animation 18: Write(MathTex('P(H_1|\\mathbf R=\\mathbf r)\\underset{H_0}{\\overset{H_1}{\\gtrless}}P(H_0|\\mathbf 
R=\\mathbf r)')):  47%|####6     | 56/120 [00:01<00:02, 31.85it/s]
Animation 18: Write(MathTex('P(H_1|\\mathbf R=\\mathbf r)\\underset{H_0}{\\overset{H_1}{\\gtrless}}P(H_0|\\mathbf 
R=\\mathbf r)')):  50%|#####     | 60/120 [00:01<00:01, 32.28it/s]
Animation 18: Write(MathTex('P(H_1|\\mathbf R=\\mathbf r)\\underset{H_0}{\\overset{H_1}{\\gtrless}}P(H_0|\\mathbf 
R=\\mathbf r)')):  53%|#####3    | 64/120 [00:01<00:01, 33.78it/s]
Animation 18: Write(MathTex('P(H_1|\\mathbf R=\\mathbf r)\\underset{H_0}{\\overset{H_1}{\\gtrless}}P(H_0|\\mathbf 
R=\\mathbf r)')):  57%|#####6    | 68/120 [00:01<00:01, 33.89it/s]
Animation 18: Write(MathTex('P(H_1|\\mathbf R=\\mathbf r)\\underset{H_0}{\\overset{H_1}{\\gtrless}}P(H_0|\\mathbf 
R=\\mathbf r)')):  60%|######    | 72/120 [00:02<00:01, 33.71it/s]
Animation 18: Write(MathTex('P(H_1|\\mathbf R=\\mathbf r)\\underset{H_0}{\\overset{H_1}{\\gtrless}}P(H_0|\\mathbf 
R=\\mathbf r)')):  63%|######3   | 76/120 [00:02<00:01, 33.70it/s]
Animation 18: Write(MathTex('P(H_1|\\mathbf R=\\mathbf r)\\underset{H_0}{\\overset{H_1}{\\gtrless}}P(H_0|\\mathbf 
R=\\mathbf r)')):  67%|######6   | 80/120 [00:02<00:01, 30.62it/s]
Animation 18: Write(MathTex('P(H_1|\\mathbf R=\\mathbf r)\\underset{H_0}{\\overset{H_1}{\\gtrless}}P(H_0|\\mathbf 
R=\\mathbf r)')):  70%|#######   | 84/120 [00:02<00:01, 30.38it/s]
Animation 18: Write(MathTex('P(H_1|\\mathbf R=\\mathbf r)\\underset{H_0}{\\overset{H_1}{\\gtrless}}P(H_0|\\mathbf 
R=\\mathbf r)')):  73%|#######3  | 88/120 [00:02<00:01, 28.99it/s]
Animation 18: Write(MathTex('P(H_1|\\mathbf R=\\mathbf r)\\underset{H_0}{\\overset{H_1}{\\gtrless}}P(H_0|\\mathbf 
R=\\mathbf r)')):  76%|#######5  | 91/120 [00:02<00:01, 28.00it/s]
Animation 18: Write(MathTex('P(H_1|\\mathbf R=\\mathbf r)\\underset{H_0}{\\overset{H_1}{\\gtrless}}P(H_0|\\mathbf 
R=\\mathbf r)')):  78%|#######8  | 94/120 [00:02<00:00, 27.99it/s]
Animation 18: Write(MathTex('P(H_1|\\mathbf R=\\mathbf r)\\underset{H_0}{\\overset{H_1}{\\gtrless}}P(H_0|\\mathbf 
R=\\mathbf r)')):  82%|########1 | 98/120 [00:02<00:00, 29.33it/s]
Animation 18: Write(MathTex('P(H_1|\\mathbf R=\\mathbf r)\\underset{H_0}{\\overset{H_1}{\\gtrless}}P(H_0|\\mathbf 
R=\\mathbf r)')):  85%|########5 | 102/120 [00:03<00:00, 29.86it/s]
Animation 18: Write(MathTex('P(H_1|\\mathbf R=\\mathbf r)\\underset{H_0}{\\overset{H_1}{\\gtrless}}P(H_0|\\mathbf 
R=\\mathbf r)')):  88%|########7 | 105/120 [00:03<00:00, 28.64it/s]
Animation 18: Write(MathTex('P(H_1|\\mathbf R=\\mathbf r)\\underset{H_0}{\\overset{H_1}{\\gtrless}}P(H_0|\\mathbf 
R=\\mathbf r)')):  90%|######### | 108/120 [00:03<00:00, 28.69it/s]
Animation 18: Write(MathTex('P(H_1|\\mathbf R=\\mathbf r)\\underset{H_0}{\\overset{H_1}{\\gtrless}}P(H_0|\\mathbf 
R=\\mathbf r)')):  93%|#########3| 112/120 [00:03<00:00, 29.72it/s]
Animation 18: Write(MathTex('P(H_1|\\mathbf R=\\mathbf r)\\underset{H_0}{\\overset{H_1}{\\gtrless}}P(H_0|\\mathbf 
R=\\mathbf r)')):  96%|#########5| 115/120 [00:03<00:00, 29.34it/s]
Animation 18: Write(MathTex('P(H_1|\\mathbf R=\\mathbf r)\\underset{H_0}{\\overset{H_1}{\\gtrless}}P(H_0|\\mathbf 
R=\\mathbf r)')):  98%|#########8| 118/120 [00:03<00:00, 28.28it/s]
[09/11/26 00:40:56] INFO     Animation 18 : Partial    scene_file_writer.py:192
                             movie file written in                             
                             'C:\Users\Nacho\Documents                         
                             \Animaciones\Capitulo                             
                             13\media\videos\s01_probl                         
                             ema\1080p60\partial_movie                         
                             _files\Problema\293244094                         
                             9_2379819449_2524714965.m                         
                             p4'                                               
[09/11/26 00:40:58] INFO     Animation 19 : Partial    scene_file_writer.py:192
                             movie file written in                             
                             'C:\Users\Nacho\Documents                         
                             \Animaciones\Capitulo                             
                             13\media\videos\s01_probl                         
                             ema\1080p60\partial_movie                         
                             _files\Problema\293244094                         
                             9_4046863825_2832324315.m                         
                             p4'                                               
                                                                                                                       
                                                              

Animation 20: Write(MathTex('p_1\\ f_{\\mathbf R|H}(\\mathbf r|H_1)\\underset{H_0}{\\overset{H_1}{\\gtrless}}p_0\\ 
f_{\\mathbf R|H}(\\mathbf r|H_0)')):   0%|          | 0/120 [00:00<?, ?it/s]
Animation 20: Write(MathTex('p_1\\ f_{\\mathbf R|H}(\\mathbf r|H_1)\\underset{H_0}{\\overset{H_1}{\\gtrless}}p_0\\ 
f_{\\mathbf R|H}(\\mathbf r|H_0)')):   3%|3         | 4/120 [00:00<00:03, 31.82it/s]
Animation 20: Write(MathTex('p_1\\ f_{\\mathbf R|H}(\\mathbf r|H_1)\\underset{H_0}{\\overset{H_1}{\\gtrless}}p_0\\ 
f_{\\mathbf R|H}(\\mathbf r|H_0)')):   7%|6         | 8/120 [00:00<00:03, 30.50it/s]
Animation 20: Write(MathTex('p_1\\ f_{\\mathbf R|H}(\\mathbf r|H_1)\\underset{H_0}{\\overset{H_1}{\\gtrless}}p_0\\ 
f_{\\mathbf R|H}(\\mathbf r|H_0)')):  10%|#         | 12/120 [00:00<00:03, 28.95it/s]
Animation 20: Write(MathTex('p_1\\ f_{\\mathbf R|H}(\\mathbf r|H_1)\\underset{H_0}{\\overset{H_1}{\\gtrless}}p_0\\ 
f_{\\mathbf R|H}(\\mathbf r|H_0)')):  13%|#3        | 16/120 [00:00<00:03, 29.83it/s]
Animation 20: Write(MathTex('p_1\\ f_{\\mathbf R|H}(\\mathbf r|H_1)\\underset{H_0}{\\overset{H_1}{\\gtrless}}p_0\\ 
f_{\\mathbf R|H}(\\mathbf r|H_0)')):  16%|#5        | 19/120 [00:00<00:03, 27.51it/s]
Animation 20: Write(MathTex('p_1\\ f_{\\mathbf R|H}(\\mathbf r|H_1)\\underset{H_0}{\\overset{H_1}{\\gtrless}}p_0\\ 
f_{\\mathbf R|H}(\\mathbf r|H_0)')):  18%|#8        | 22/120 [00:00<00:03, 28.04it/s]
Animation 20: Write(MathTex('p_1\\ f_{\\mathbf R|H}(\\mathbf r|H_1)\\underset{H_0}{\\overset{H_1}{\\gtrless}}p_0\\ 
f_{\\mathbf R|H}(\\mathbf r|H_0)')):  22%|##1       | 26/120 [00:00<00:03, 28.71it/s]
Animation 20: Write(MathTex('p_1\\ f_{\\mathbf R|H}(\\mathbf r|H_1)\\underset{H_0}{\\overset{H_1}{\\gtrless}}p_0\\ 
f_{\\mathbf R|H}(\\mathbf r|H_0)')):  24%|##4       | 29/120 [00:01<00:03, 28.13it/s]
Animation 20: Write(MathTex('p_1\\ f_{\\mathbf R|H}(\\mathbf r|H_1)\\underset{H_0}{\\overset{H_1}{\\gtrless}}p_0\\ 
f_{\\mathbf R|H}(\\mathbf r|H_0)')):  28%|##7       | 33/120 [00:01<00:03, 28.82it/s]
Animation 20: Write(MathTex('p_1\\ f_{\\mathbf R|H}(\\mathbf r|H_1)\\underset{H_0}{\\overset{H_1}{\\gtrless}}p_0\\ 
f_{\\mathbf R|H}(\\mathbf r|H_0)')):  30%|###       | 36/120 [00:01<00:02, 28.87it/s]
Animation 20: Write(MathTex('p_1\\ f_{\\mathbf R|H}(\\mathbf r|H_1)\\underset{H_0}{\\overset{H_1}{\\gtrless}}p_0\\ 
f_{\\mathbf R|H}(\\mathbf r|H_0)')):  33%|###3      | 40/120 [00:01<00:02, 29.83it/s]
Animation 20: Write(MathTex('p_1\\ f_{\\mathbf R|H}(\\mathbf r|H_1)\\underset{H_0}{\\overset{H_1}{\\gtrless}}p_0\\ 
f_{\\mathbf R|H}(\\mathbf r|H_0)')):  36%|###5      | 43/120 [00:01<00:02, 28.69it/s]
Animation 20: Write(MathTex('p_1\\ f_{\\mathbf R|H}(\\mathbf r|H_1)\\underset{H_0}{\\overset{H_1}{\\gtrless}}p_0\\ 
f_{\\mathbf R|H}(\\mathbf r|H_0)')):  38%|###8      | 46/120 [00:01<00:02, 25.94it/s]
Animation 20: Write(MathTex('p_1\\ f_{\\mathbf R|H}(\\mathbf r|H_1)\\underset{H_0}{\\overset{H_1}{\\gtrless}}p_0\\ 
f_{\\mathbf R|H}(\\mathbf r|H_0)')):  41%|####      | 49/120 [00:01<00:02, 26.48it/s]
Animation 20: Write(MathTex('p_1\\ f_{\\mathbf R|H}(\\mathbf r|H_1)\\underset{H_0}{\\overset{H_1}{\\gtrless}}p_0\\ 
f_{\\mathbf R|H}(\\mathbf r|H_0)')):  43%|####3     | 52/120 [00:01<00:02, 27.13it/s]
Animation 20: Write(MathTex('p_1\\ f_{\\mathbf R|H}(\\mathbf r|H_1)\\underset{H_0}{\\overset{H_1}{\\gtrless}}p_0\\ 
f_{\\mathbf R|H}(\\mathbf r|H_0)')):  47%|####6     | 56/120 [00:01<00:02, 28.79it/s]
Animation 20: Write(MathTex('p_1\\ f_{\\mathbf R|H}(\\mathbf r|H_1)\\underset{H_0}{\\overset{H_1}{\\gtrless}}p_0\\ 
f_{\\mathbf R|H}(\\mathbf r|H_0)')):  50%|#####     | 60/120 [00:02<00:01, 30.46it/s]
Animation 20: Write(MathTex('p_1\\ f_{\\mathbf R|H}(\\mathbf r|H_1)\\underset{H_0}{\\overset{H_1}{\\gtrless}}p_0\\ 
f_{\\mathbf R|H}(\\mathbf r|H_0)')):  53%|#####3    | 64/120 [00:02<00:01, 30.74it/s]
Animation 20: Write(MathTex('p_1\\ f_{\\mathbf R|H}(\\mathbf r|H_1)\\underset{H_0}{\\overset{H_1}{\\gtrless}}p_0\\ 
f_{\\mathbf R|H}(\\mathbf r|H_0)')):  57%|#####6    | 68/120 [00:02<00:01, 30.30it/s]
Animation 20: Write(MathTex('p_1\\ f_{\\mathbf R|H}(\\mathbf r|H_1)\\underset{H_0}{\\overset{H_1}{\\gtrless}}p_0\\ 
f_{\\mathbf R|H}(\\mathbf r|H_0)')):  60%|######    | 72/120 [00:02<00:01, 29.79it/s]
Animation 20: Write(MathTex('p_1\\ f_{\\mathbf R|H}(\\mathbf r|H_1)\\underset{H_0}{\\overset{H_1}{\\gtrless}}p_0\\ 
f_{\\mathbf R|H}(\\mathbf r|H_0)')):  62%|######2   | 75/120 [00:02<00:01, 28.94it/s]
Animation 20: Write(MathTex('p_1\\ f_{\\mathbf R|H}(\\mathbf r|H_1)\\underset{H_0}{\\overset{H_1}{\\gtrless}}p_0\\ 
f_{\\mathbf R|H}(\\mathbf r|H_0)')):  65%|######5   | 78/120 [00:02<00:01, 27.74it/s]
Animation 20: Write(MathTex('p_1\\ f_{\\mathbf R|H}(\\mathbf r|H_1)\\underset{H_0}{\\overset{H_1}{\\gtrless}}p_0\\ 
f_{\\mathbf R|H}(\\mathbf r|H_0)')):  68%|######8   | 82/120 [00:02<00:01, 28.38it/s]
Animation 20: Write(MathTex('p_1\\ f_{\\mathbf R|H}(\\mathbf r|H_1)\\underset{H_0}{\\overset{H_1}{\\gtrless}}p_0\\ 
f_{\\mathbf R|H}(\\mathbf r|H_0)')):  71%|#######   | 85/120 [00:02<00:01, 27.97it/s]
Animation 20: Write(MathTex('p_1\\ f_{\\mathbf R|H}(\\mathbf r|H_1)\\underset{H_0}{\\overset{H_1}{\\gtrless}}p_0\\ 
f_{\\mathbf R|H}(\\mathbf r|H_0)')):  73%|#######3  | 88/120 [00:03<00:01, 27.27it/s]
Animation 20: Write(MathTex('p_1\\ f_{\\mathbf R|H}(\\mathbf r|H_1)\\underset{H_0}{\\overset{H_1}{\\gtrless}}p_0\\ 
f_{\\mathbf R|H}(\\mathbf r|H_0)')):  76%|#######5  | 91/120 [00:03<00:01, 27.90it/s]
Animation 20: Write(MathTex('p_1\\ f_{\\mathbf R|H}(\\mathbf r|H_1)\\underset{H_0}{\\overset{H_1}{\\gtrless}}p_0\\ 
f_{\\mathbf R|H}(\\mathbf r|H_0)')):  78%|#######8  | 94/120 [00:03<00:00, 27.67it/s]
Animation 20: Write(MathTex('p_1\\ f_{\\mathbf R|H}(\\mathbf r|H_1)\\underset{H_0}{\\overset{H_1}{\\gtrless}}p_0\\ 
f_{\\mathbf R|H}(\\mathbf r|H_0)')):  81%|########  | 97/120 [00:03<00:00, 28.19it/s]
Animation 20: Write(MathTex('p_1\\ f_{\\mathbf R|H}(\\mathbf r|H_1)\\underset{H_0}{\\overset{H_1}{\\gtrless}}p_0\\ 
f_{\\mathbf R|H}(\\mathbf r|H_0)')):  84%|########4 | 101/120 [00:03<00:00, 28.99it/s]
Animation 20: Write(MathTex('p_1\\ f_{\\mathbf R|H}(\\mathbf r|H_1)\\underset{H_0}{\\overset{H_1}{\\gtrless}}p_0\\ 
f_{\\mathbf R|H}(\\mathbf r|H_0)')):  87%|########6 | 104/120 [00:03<00:00, 28.65it/s]
Animation 20: Write(MathTex('p_1\\ f_{\\mathbf R|H}(\\mathbf r|H_1)\\underset{H_0}{\\overset{H_1}{\\gtrless}}p_0\\ 
f_{\\mathbf R|H}(\\mathbf r|H_0)')):  89%|########9 | 107/120 [00:03<00:00, 28.47it/s]
Animation 20: Write(MathTex('p_1\\ f_{\\mathbf R|H}(\\mathbf r|H_1)\\underset{H_0}{\\overset{H_1}{\\gtrless}}p_0\\ 
f_{\\mathbf R|H}(\\mathbf r|H_0)')):  92%|#########1| 110/120 [00:03<00:00, 28.03it/s]
Animation 20: Write(MathTex('p_1\\ f_{\\mathbf R|H}(\\mathbf r|H_1)\\underset{H_0}{\\overset{H_1}{\\gtrless}}p_0\\ 
f_{\\mathbf R|H}(\\mathbf r|H_0)')):  94%|#########4| 113/120 [00:03<00:00, 28.44it/s]
Animation 20: Write(MathTex('p_1\\ f_{\\mathbf R|H}(\\mathbf r|H_1)\\underset{H_0}{\\overset{H_1}{\\gtrless}}p_0\\ 
f_{\\mathbf R|H}(\\mathbf r|H_0)')):  98%|#########7| 117/120 [00:04<00:00, 28.56it/s]
Animation 20: Write(MathTex('p_1\\ f_{\\mathbf R|H}(\\mathbf r|H_1)\\underset{H_0}{\\overset{H_1}{\\gtrless}}p_0\\ 
f_{\\mathbf R|H}(\\mathbf r|H_0)')): 100%|##########| 120/120 [00:04<00:00, 28.47it/s]
[09/11/26 00:41:03] INFO     Animation 20 : Partial    scene_file_writer.py:192
                             movie file written in                             
                             'C:\Users\Nacho\Documents                         
                             \Animaciones\Capitulo                             
                             13\media\videos\s01_probl                         
                             ema\1080p60\partial_movie                         
                             _files\Problema\293244094                         
                             9_2692655240_1601799222.m                         
                             p4'                                               
                                                                                                                       
                                                                                  

Animation 21: FadeIn(VGroup of 2 submobjects):   0%|          | 0/60 [00:00<?, ?it/s]
Animation 21: FadeIn(VGroup of 2 submobjects):   5%|5         | 3/60 [00:00<00:02, 24.48it/s]
Animation 21: FadeIn(VGroup of 2 submobjects):  10%|#         | 6/60 [00:00<00:02, 22.36it/s]
Animation 21: FadeIn(VGroup of 2 submobjects):  15%|#5        | 9/60 [00:00<00:02, 21.78it/s]
Animation 21: FadeIn(VGroup of 2 submobjects):  20%|##        | 12/60 [00:00<00:02, 21.78it/s]
Animation 21: FadeIn(VGroup of 2 submobjects):  25%|##5       | 15/60 [00:00<00:02, 21.64it/s]
Animation 21: FadeIn(VGroup of 2 submobjects):  30%|###       | 18/60 [00:00<00:01, 21.52it/s]
Animation 21: FadeIn(VGroup of 2 submobjects):  35%|###5      | 21/60 [00:00<00:01, 21.12it/s]
Animation 21: FadeIn(VGroup of 2 submobjects):  40%|####      | 24/60 [00:01<00:01, 21.07it/s]
Animation 21: FadeIn(VGroup of 2 submobjects):  45%|####5     | 27/60 [00:01<00:01, 21.16it/s]
Animation 21: FadeIn(VGroup of 2 submobjects):  50%|#####     | 30/60 [00:01<00:01, 20.88it/s]
Animation 21: FadeIn(VGroup of 2 submobjects):  55%|#####5    | 33/60 [00:01<00:01, 20.53it/s]
Animation 21: FadeIn(VGroup of 2 submobjects):  60%|######    | 36/60 [00:01<00:01, 20.27it/s]
Animation 21: FadeIn(VGroup of 2 submobjects):  65%|######5   | 39/60 [00:01<00:01, 20.65it/s]
Animation 21: FadeIn(VGroup of 2 submobjects):  70%|#######   | 42/60 [00:01<00:00, 20.99it/s]
Animation 21: FadeIn(VGroup of 2 submobjects):  75%|#######5  | 45/60 [00:02<00:00, 17.82it/s]
Animation 21: FadeIn(VGroup of 2 submobjects):  80%|########  | 48/60 [00:02<00:00, 18.77it/s]
Animation 21: FadeIn(VGroup of 2 submobjects):  85%|########5 | 51/60 [00:02<00:00, 19.80it/s]
Animation 21: FadeIn(VGroup of 2 submobjects):  90%|######### | 54/60 [00:02<00:00, 19.96it/s]
Animation 21: FadeIn(VGroup of 2 submobjects):  95%|#########5| 57/60 [00:02<00:00, 20.02it/s]
Animation 21: FadeIn(VGroup of 2 submobjects): 100%|##########| 60/60 [00:02<00:00, 20.42it/s]
[09/11/26 00:41:08] INFO     Animation 21 : Partial    scene_file_writer.py:192
                             movie file written in                             
                             'C:\Users\Nacho\Documents                         
                             \Animaciones\Capitulo                             
                             13\media\videos\s01_probl                         
                             ema\1080p60\partial_movie                         
                             _files\Problema\293244094                         
                             9_697228763_1184544390.mp                         
                             4'                                                
[09/11/26 00:41:12] INFO     Animation 22 : Partial    scene_file_writer.py:192
                             movie file written in                             
                             'C:\Users\Nacho\Documents                         
                             \Animaciones\Capitulo                             
                             13\media\videos\s01_probl                         
                             ema\1080p60\partial_movie                         
                             _files\Problema\293244094                         
                             9_3580093213_3851914879.m                         
                             p4'                                               
                                                                                              

Animation 23: FadeOut(VGroup of 4 submobjects):   0%|          | 0/60 [00:00<?, ?it/s]
Animation 23: FadeOut(VGroup of 4 submobjects):   3%|3         | 2/60 [00:00<00:04, 13.04it/s]
Animation 23: FadeOut(VGroup of 4 submobjects):   7%|6         | 4/60 [00:00<00:04, 13.50it/s]
Animation 23: FadeOut(VGroup of 4 submobjects):  10%|#         | 6/60 [00:00<00:03, 13.60it/s]
Animation 23: FadeOut(VGroup of 4 submobjects):  13%|#3        | 8/60 [00:00<00:03, 13.52it/s]
Animation 23: FadeOut(VGroup of 4 submobjects):  17%|#6        | 10/60 [00:00<00:03, 13.72it/s]
Animation 23: FadeOut(VGroup of 4 submobjects):  20%|##        | 12/60 [00:00<00:03, 13.66it/s]
Animation 23: FadeOut(VGroup of 4 submobjects):  23%|##3       | 14/60 [00:01<00:03, 13.41it/s]
Animation 23: FadeOut(VGroup of 4 submobjects):  27%|##6       | 16/60 [00:01<00:03, 13.44it/s]
Animation 23: FadeOut(VGroup of 4 submobjects):  30%|###       | 18/60 [00:01<00:03, 13.42it/s]
Animation 23: FadeOut(VGroup of 4 submobjects):  33%|###3      | 20/60 [00:01<00:02, 13.34it/s]
Animation 23: FadeOut(VGroup of 4 submobjects):  37%|###6      | 22/60 [00:01<00:02, 13.30it/s]
Animation 23: FadeOut(VGroup of 4 submobjects):  40%|####      | 24/60 [00:01<00:02, 13.37it/s]
Animation 23: FadeOut(VGroup of 4 submobjects):  43%|####3     | 26/60 [00:01<00:02, 13.55it/s]
Animation 23: FadeOut(VGroup of 4 submobjects):  47%|####6     | 28/60 [00:02<00:02, 13.51it/s]
Animation 23: FadeOut(VGroup of 4 submobjects):  50%|#####     | 30/60 [00:02<00:02, 13.54it/s]
Animation 23: FadeOut(VGroup of 4 submobjects):  53%|#####3    | 32/60 [00:02<00:02, 13.48it/s]
Animation 23: FadeOut(VGroup of 4 submobjects):  57%|#####6    | 34/60 [00:02<00:01, 13.52it/s]
Animation 23: FadeOut(VGroup of 4 submobjects):  60%|######    | 36/60 [00:02<00:01, 13.26it/s]
Animation 23: FadeOut(VGroup of 4 submobjects):  63%|######3   | 38/60 [00:02<00:01, 13.16it/s]
Animation 23: FadeOut(VGroup of 4 submobjects):  67%|######6   | 40/60 [00:02<00:01, 13.14it/s]
Animation 23: FadeOut(VGroup of 4 submobjects):  70%|#######   | 42/60 [00:03<00:01, 13.11it/s]
Animation 23: FadeOut(VGroup of 4 submobjects):  73%|#######3  | 44/60 [00:03<00:01, 11.97it/s]
Animation 23: FadeOut(VGroup of 4 submobjects):  77%|#######6  | 46/60 [00:03<00:01, 12.29it/s]
Animation 23: FadeOut(VGroup of 4 submobjects):  80%|########  | 48/60 [00:03<00:00, 12.33it/s]
Animation 23: FadeOut(VGroup of 4 submobjects):  83%|########3 | 50/60 [00:03<00:00, 12.58it/s]
Animation 23: FadeOut(VGroup of 4 submobjects):  87%|########6 | 52/60 [00:03<00:00, 12.87it/s]
Animation 23: FadeOut(VGroup of 4 submobjects):  90%|######### | 54/60 [00:04<00:00, 13.81it/s]
Animation 23: FadeOut(VGroup of 4 submobjects):  93%|#########3| 56/60 [00:04<00:00, 13.53it/s]
Animation 23: FadeOut(VGroup of 4 submobjects):  97%|#########6| 58/60 [00:04<00:00, 13.11it/s]
Animation 23: FadeOut(VGroup of 4 submobjects): 100%|##########| 60/60 [00:04<00:00, 13.36it/s]
[09/11/26 00:41:19] INFO     Animation 23 : Partial    scene_file_writer.py:192
                             movie file written in                             
                             'C:\Users\Nacho\Documents                         
                             \Animaciones\Capitulo                             
                             13\media\videos\s01_probl                         
                             ema\1080p60\partial_movie                         
                             _files\Problema\293244094                         
                             9_2441684566_2457473881.m                         
                             p4'                                               
                                                                                               

Animation 24: FadeIn(Text('Lo único que cambia: las regiones de decisión')):   0%|          | 0/60 [00:00<?, ?it/s]
Animation 24: FadeIn(Text('Lo único que cambia: las regiones de decisión')):   7%|6         | 4/60 [00:00<00:01, 
33.96it/s]
Animation 24: FadeIn(Text('Lo único que cambia: las regiones de decisión')):  13%|#3        | 8/60 [00:00<00:01, 
30.81it/s]
Animation 24: FadeIn(Text('Lo único que cambia: las regiones de decisión')):  20%|##        | 12/60 [00:00<00:01, 
29.59it/s]
Animation 24: FadeIn(Text('Lo único que cambia: las regiones de decisión')):  25%|##5       | 15/60 [00:00<00:01, 
28.02it/s]
Animation 24: FadeIn(Text('Lo único que cambia: las regiones de decisión')):  30%|###       | 18/60 [00:00<00:01, 
28.32it/s]
Animation 24: FadeIn(Text('Lo único que cambia: las regiones de decisión')):  35%|###5      | 21/60 [00:00<00:01, 
28.60it/s]
Animation 24: FadeIn(Text('Lo único que cambia: las regiones de decisión')):  40%|####      | 24/60 [00:00<00:01, 
28.25it/s]
Animation 24: FadeIn(Text('Lo único que cambia: las regiones de decisión')):  45%|####5     | 27/60 [00:00<00:01, 
26.78it/s]
Animation 24: FadeIn(Text('Lo único que cambia: las regiones de decisión')):  50%|#####     | 30/60 [00:01<00:01, 
25.33it/s]
Animation 24: FadeIn(Text('Lo único que cambia: las regiones de decisión')):  55%|#####5    | 33/60 [00:01<00:01, 
24.22it/s]
Animation 24: FadeIn(Text('Lo único que cambia: las regiones de decisión')):  62%|######1   | 37/60 [00:01<00:00, 
26.73it/s]
Animation 24: FadeIn(Text('Lo único que cambia: las regiones de decisión')):  67%|######6   | 40/60 [00:01<00:00, 
27.51it/s]
Animation 24: FadeIn(Text('Lo único que cambia: las regiones de decisión')):  72%|#######1  | 43/60 [00:01<00:00, 
25.46it/s]
Animation 24: FadeIn(Text('Lo único que cambia: las regiones de decisión')):  77%|#######6  | 46/60 [00:01<00:00, 
25.54it/s]
Animation 24: FadeIn(Text('Lo único que cambia: las regiones de decisión')):  82%|########1 | 49/60 [00:01<00:00, 
24.58it/s]
Animation 24: FadeIn(Text('Lo único que cambia: las regiones de decisión')):  87%|########6 | 52/60 [00:01<00:00, 
25.66it/s]
Animation 24: FadeIn(Text('Lo único que cambia: las regiones de decisión')):  92%|#########1| 55/60 [00:02<00:00, 
26.81it/s]
Animation 24: FadeIn(Text('Lo único que cambia: las regiones de decisión')):  97%|#########6| 58/60 [00:02<00:00, 
26.53it/s]
[09/11/26 00:41:23] INFO     Animation 24 : Partial    scene_file_writer.py:192
                             movie file written in                             
                             'C:\Users\Nacho\Documents                         
                             \Animaciones\Capitulo                             
                             13\media\videos\s01_probl                         
                             ema\1080p60\partial_movie                         
                             _files\Problema\293244094                         
                             9_1609338574_3445899973.m                         
                             p4'                                               
                                                                                                                       
     

Animation 25: Create(Axes of 2 submobjects):   0%|          | 0/60 [00:00<?, ?it/s]
Animation 25: Create(Axes of 2 submobjects):  15%|#5        | 9/60 [00:00<00:00, 85.53it/s]
Animation 25: Create(Axes of 2 submobjects):  30%|###       | 18/60 [00:00<00:00, 78.10it/s]
Animation 25: Create(Axes of 2 submobjects):  43%|####3     | 26/60 [00:00<00:00, 72.75it/s]
Animation 25: Create(Axes of 2 submobjects):  57%|#####6    | 34/60 [00:00<00:00, 65.09it/s]
Animation 25: Create(Axes of 2 submobjects):  68%|######8   | 41/60 [00:00<00:00, 60.00it/s]
Animation 25: Create(Axes of 2 submobjects):  80%|########  | 48/60 [00:00<00:00, 57.50it/s]
Animation 25: Create(Axes of 2 submobjects):  90%|######### | 54/60 [00:00<00:00, 48.84it/s]
Animation 25: Create(Axes of 2 submobjects): 100%|##########| 60/60 [00:01<00:00, 46.88it/s]
[09/11/26 00:41:25] INFO     Animation 25 : Partial    scene_file_writer.py:192
                             movie file written in                             
                             'C:\Users\Nacho\Documents                         
                             \Animaciones\Capitulo                             
                             13\media\videos\s01_probl                         
                             ema\1080p60\partial_movie                         
                             _files\Problema\293244094                         
                             9_2105657550_2873330636.m                         
                             p4'                                               
                                                                                            

Animation 26: FadeIn(VGroup of 26 submobjects), etc.:   0%|          | 0/60 [00:00<?, ?it/s]
Animation 26: FadeIn(VGroup of 26 submobjects), etc.:   8%|8         | 5/60 [00:00<00:01, 44.33it/s]
Animation 26: FadeIn(VGroup of 26 submobjects), etc.:  17%|#6        | 10/60 [00:00<00:01, 43.08it/s]
Animation 26: FadeIn(VGroup of 26 submobjects), etc.:  25%|##5       | 15/60 [00:00<00:01, 41.93it/s]
Animation 26: FadeIn(VGroup of 26 submobjects), etc.:  33%|###3      | 20/60 [00:00<00:00, 42.41it/s]
Animation 26: FadeIn(VGroup of 26 submobjects), etc.:  42%|####1     | 25/60 [00:00<00:00, 41.82it/s]
Animation 26: FadeIn(VGroup of 26 submobjects), etc.:  50%|#####     | 30/60 [00:00<00:00, 42.87it/s]
Animation 26: FadeIn(VGroup of 26 submobjects), etc.:  58%|#####8    | 35/60 [00:00<00:00, 42.75it/s]
Animation 26: FadeIn(VGroup of 26 submobjects), etc.:  67%|######6   | 40/60 [00:00<00:00, 42.83it/s]
Animation 26: FadeIn(VGroup of 26 submobjects), etc.:  75%|#######5  | 45/60 [00:01<00:00, 41.69it/s]
Animation 26: FadeIn(VGroup of 26 submobjects), etc.:  83%|########3 | 50/60 [00:01<00:00, 40.21it/s]
Animation 26: FadeIn(VGroup of 26 submobjects), etc.:  92%|#########1| 55/60 [00:01<00:00, 38.23it/s]
Animation 26: FadeIn(VGroup of 26 submobjects), etc.:  98%|#########8| 59/60 [00:01<00:00, 37.41it/s]
[09/11/26 00:41:27] INFO     Animation 26 : Partial    scene_file_writer.py:192
                             movie file written in                             
                             'C:\Users\Nacho\Documents                         
                             \Animaciones\Capitulo                             
                             13\media\videos\s01_probl                         
                             ema\1080p60\partial_movie                         
                             _files\Problema\293244094                         
                             9_213585769_476502690.mp4                         
                             '                                                 
                                                                                                     

Animation 27: FadeIn(VGroup of 26 submobjects), etc.:   0%|          | 0/60 [00:00<?, ?it/s]
Animation 27: FadeIn(VGroup of 26 submobjects), etc.:   8%|8         | 5/60 [00:00<00:01, 43.88it/s]
Animation 27: FadeIn(VGroup of 26 submobjects), etc.:  17%|#6        | 10/60 [00:00<00:01, 42.62it/s]
Animation 27: FadeIn(VGroup of 26 submobjects), etc.:  25%|##5       | 15/60 [00:00<00:00, 45.09it/s]
Animation 27: FadeIn(VGroup of 26 submobjects), etc.:  33%|###3      | 20/60 [00:00<00:00, 44.59it/s]
Animation 27: FadeIn(VGroup of 26 submobjects), etc.:  42%|####1     | 25/60 [00:00<00:00, 43.88it/s]
Animation 27: FadeIn(VGroup of 26 submobjects), etc.:  50%|#####     | 30/60 [00:00<00:00, 41.53it/s]
Animation 27: FadeIn(VGroup of 26 submobjects), etc.:  58%|#####8    | 35/60 [00:00<00:00, 40.76it/s]
Animation 27: FadeIn(VGroup of 26 submobjects), etc.:  67%|######6   | 40/60 [00:00<00:00, 37.62it/s]
Animation 27: FadeIn(VGroup of 26 submobjects), etc.:  73%|#######3  | 44/60 [00:01<00:00, 32.80it/s]
Animation 27: FadeIn(VGroup of 26 submobjects), etc.:  80%|########  | 48/60 [00:01<00:00, 30.89it/s]
Animation 27: FadeIn(VGroup of 26 submobjects), etc.:  87%|########6 | 52/60 [00:01<00:00, 30.51it/s]
Animation 27: FadeIn(VGroup of 26 submobjects), etc.:  93%|#########3| 56/60 [00:01<00:00, 30.91it/s]
Animation 27: FadeIn(VGroup of 26 submobjects), etc.: 100%|##########| 60/60 [00:01<00:00, 32.12it/s]
[09/11/26 00:41:29] INFO     Animation 27 : Partial    scene_file_writer.py:192
                             movie file written in                             
                             'C:\Users\Nacho\Documents                         
                             \Animaciones\Capitulo                             
                             13\media\videos\s01_probl                         
                             ema\1080p60\partial_movie                         
                             _files\Problema\293244094                         
                             9_3857808347_281102462.mp                         
                             4'                                                
                                                                                                     

Animation 28: Create(DashedLine):   0%|          | 0/60 [00:00<?, ?it/s]
Animation 28: Create(DashedLine):  10%|#         | 6/60 [00:00<00:01, 53.97it/s]
Animation 28: Create(DashedLine):  20%|##        | 12/60 [00:00<00:01, 40.38it/s]
Animation 28: Create(DashedLine):  28%|##8       | 17/60 [00:00<00:01, 38.39it/s]
Animation 28: Create(DashedLine):  37%|###6      | 22/60 [00:00<00:00, 39.71it/s]
Animation 28: Create(DashedLine):  45%|####5     | 27/60 [00:00<00:00, 39.49it/s]
Animation 28: Create(DashedLine):  52%|#####1    | 31/60 [00:00<00:00, 39.46it/s]
Animation 28: Create(DashedLine):  58%|#####8    | 35/60 [00:00<00:00, 39.43it/s]
Animation 28: Create(DashedLine):  65%|######5   | 39/60 [00:00<00:00, 39.54it/s]
Animation 28: Create(DashedLine):  73%|#######3  | 44/60 [00:01<00:00, 38.26it/s]
Animation 28: Create(DashedLine):  80%|########  | 48/60 [00:01<00:00, 37.46it/s]
Animation 28: Create(DashedLine):  90%|######### | 54/60 [00:01<00:00, 43.01it/s]
Animation 28: Create(DashedLine):  98%|#########8| 59/60 [00:01<00:00, 42.99it/s]
[09/11/26 00:41:31] INFO     Animation 28 : Partial    scene_file_writer.py:192
                             movie file written in                             
                             'C:\Users\Nacho\Documents                         
                             \Animaciones\Capitulo                             
                             13\media\videos\s01_probl                         
                             ema\1080p60\partial_movie                         
                             _files\Problema\293244094                         
                             9_975959518_202058587.mp4                         
                             '                                                 
                                                                                 

Animation 29: FadeIn(VGroup of 6 submobjects):   0%|          | 0/60 [00:00<?, ?it/s]
Animation 29: FadeIn(VGroup of 6 submobjects):   5%|5         | 3/60 [00:00<00:02, 26.45it/s]
Animation 29: FadeIn(VGroup of 6 submobjects):  10%|#         | 6/60 [00:00<00:02, 24.00it/s]
Animation 29: FadeIn(VGroup of 6 submobjects):  15%|#5        | 9/60 [00:00<00:02, 23.65it/s]
Animation 29: FadeIn(VGroup of 6 submobjects):  20%|##        | 12/60 [00:00<00:02, 23.42it/s]
Animation 29: FadeIn(VGroup of 6 submobjects):  25%|##5       | 15/60 [00:00<00:01, 22.85it/s]
Animation 29: FadeIn(VGroup of 6 submobjects):  30%|###       | 18/60 [00:00<00:01, 21.97it/s]
Animation 29: FadeIn(VGroup of 6 submobjects):  35%|###5      | 21/60 [00:00<00:01, 22.15it/s]
Animation 29: FadeIn(VGroup of 6 submobjects):  40%|####      | 24/60 [00:01<00:01, 22.41it/s]
Animation 29: FadeIn(VGroup of 6 submobjects):  45%|####5     | 27/60 [00:01<00:01, 22.59it/s]
Animation 29: FadeIn(VGroup of 6 submobjects):  50%|#####     | 30/60 [00:01<00:01, 22.38it/s]
Animation 29: FadeIn(VGroup of 6 submobjects):  55%|#####5    | 33/60 [00:01<00:01, 22.49it/s]
Animation 29: FadeIn(VGroup of 6 submobjects):  60%|######    | 36/60 [00:01<00:01, 21.88it/s]
Animation 29: FadeIn(VGroup of 6 submobjects):  65%|######5   | 39/60 [00:01<00:00, 22.50it/s]
Animation 29: FadeIn(VGroup of 6 submobjects):  70%|#######   | 42/60 [00:01<00:00, 23.16it/s]
Animation 29: FadeIn(VGroup of 6 submobjects):  75%|#######5  | 45/60 [00:02<00:00, 19.86it/s]
Animation 29: FadeIn(VGroup of 6 submobjects):  80%|########  | 48/60 [00:02<00:00, 20.62it/s]
Animation 29: FadeIn(VGroup of 6 submobjects):  85%|########5 | 51/60 [00:02<00:00, 21.01it/s]
Animation 29: FadeIn(VGroup of 6 submobjects):  90%|######### | 54/60 [00:02<00:00, 20.85it/s]
Animation 29: FadeIn(VGroup of 6 submobjects):  95%|#########5| 57/60 [00:02<00:00, 20.63it/s]
Animation 29: FadeIn(VGroup of 6 submobjects): 100%|##########| 60/60 [00:02<00:00, 20.72it/s]
[09/11/26 00:41:36] INFO     Animation 29 : Partial    scene_file_writer.py:192
                             movie file written in                             
                             'C:\Users\Nacho\Documents                         
                             \Animaciones\Capitulo                             
                             13\media\videos\s01_probl                         
                             ema\1080p60\partial_movie                         
                             _files\Problema\293244094                         
                             9_1059466237_3478821101.m                         
                             p4'                                               
[09/11/26 00:41:40] INFO     Animation 30 : Partial    scene_file_writer.py:192
                             movie file written in                             
                             'C:\Users\Nacho\Documents                         
                             \Animaciones\Capitulo                             
                             13\media\videos\s01_probl                         
                             ema\1080p60\partial_movie                         
                             _files\Problema\293244094                         
                             9_499328632_696716038.mp4                         
                             '                                                 
                                                                                              

Animation 31: FadeOut(VGroup of 8 submobjects):   0%|          | 0/60 [00:00<?, ?it/s]
Animation 31: FadeOut(VGroup of 8 submobjects):   3%|3         | 2/60 [00:00<00:05, 11.46it/s]
Animation 31: FadeOut(VGroup of 8 submobjects):   7%|6         | 4/60 [00:00<00:04, 11.56it/s]
Animation 31: FadeOut(VGroup of 8 submobjects):  10%|#         | 6/60 [00:00<00:04, 11.72it/s]
Animation 31: FadeOut(VGroup of 8 submobjects):  13%|#3        | 8/60 [00:00<00:04, 11.85it/s]
Animation 31: FadeOut(VGroup of 8 submobjects):  17%|#6        | 10/60 [00:00<00:04, 12.05it/s]
Animation 31: FadeOut(VGroup of 8 submobjects):  20%|##        | 12/60 [00:01<00:03, 12.11it/s]
Animation 31: FadeOut(VGroup of 8 submobjects):  23%|##3       | 14/60 [00:01<00:03, 12.23it/s]
Animation 31: FadeOut(VGroup of 8 submobjects):  27%|##6       | 16/60 [00:01<00:03, 12.16it/s]
Animation 31: FadeOut(VGroup of 8 submobjects):  30%|###       | 18/60 [00:01<00:03, 12.23it/s]
Animation 31: FadeOut(VGroup of 8 submobjects):  33%|###3      | 20/60 [00:01<00:03, 12.22it/s]
Animation 31: FadeOut(VGroup of 8 submobjects):  37%|###6      | 22/60 [00:01<00:03, 12.13it/s]
Animation 31: FadeOut(VGroup of 8 submobjects):  40%|####      | 24/60 [00:01<00:02, 12.14it/s]
Animation 31: FadeOut(VGroup of 8 submobjects):  43%|####3     | 26/60 [00:02<00:02, 11.91it/s]
Animation 31: FadeOut(VGroup of 8 submobjects):  47%|####6     | 28/60 [00:02<00:02, 11.97it/s]
Animation 31: FadeOut(VGroup of 8 submobjects):  50%|#####     | 30/60 [00:02<00:02, 12.02it/s]
Animation 31: FadeOut(VGroup of 8 submobjects):  53%|#####3    | 32/60 [00:02<00:02, 12.18it/s]
Animation 31: FadeOut(VGroup of 8 submobjects):  57%|#####6    | 34/60 [00:02<00:02, 12.11it/s]
Animation 31: FadeOut(VGroup of 8 submobjects):  60%|######    | 36/60 [00:02<00:01, 12.05it/s]
Animation 31: FadeOut(VGroup of 8 submobjects):  63%|######3   | 38/60 [00:03<00:01, 11.82it/s]
Animation 31: FadeOut(VGroup of 8 submobjects):  67%|######6   | 40/60 [00:03<00:01, 11.80it/s]
Animation 31: FadeOut(VGroup of 8 submobjects):  70%|#######   | 42/60 [00:03<00:01, 11.97it/s]
Animation 31: FadeOut(VGroup of 8 submobjects):  73%|#######3  | 44/60 [00:03<00:01, 10.35it/s]
Animation 31: FadeOut(VGroup of 8 submobjects):  77%|#######6  | 46/60 [00:03<00:01, 10.87it/s]
Animation 31: FadeOut(VGroup of 8 submobjects):  80%|########  | 48/60 [00:04<00:01, 10.86it/s]
Animation 31: FadeOut(VGroup of 8 submobjects):  83%|########3 | 50/60 [00:04<00:00, 10.95it/s]
Animation 31: FadeOut(VGroup of 8 submobjects):  87%|########6 | 52/60 [00:04<00:00, 11.09it/s]
Animation 31: FadeOut(VGroup of 8 submobjects):  90%|######### | 54/60 [00:04<00:00, 11.11it/s]
Animation 31: FadeOut(VGroup of 8 submobjects):  93%|#########3| 56/60 [00:04<00:00, 11.06it/s]
Animation 31: FadeOut(VGroup of 8 submobjects):  97%|#########6| 58/60 [00:04<00:00, 11.08it/s]
Animation 31: FadeOut(VGroup of 8 submobjects): 100%|##########| 60/60 [00:05<00:00, 11.19it/s]
[09/11/26 00:41:47] INFO     Animation 31 : Partial    scene_file_writer.py:192
                             movie file written in                             
                             'C:\Users\Nacho\Documents                         
                             \Animaciones\Capitulo                             
                             13\media\videos\s01_probl                         
                             ema\1080p60\partial_movie                         
                             _files\Problema\293244094                         
                             9_2576526429_1469981385.m                         
                             p4'                                               
                                                                                               

Animation 32: FadeIn(Text('Dos mediciones son mejores que una...')):   0%|          | 0/60 [00:00<?, ?it/s]
Animation 32: FadeIn(Text('Dos mediciones son mejores que una...')):   7%|6         | 4/60 [00:00<00:01, 37.98it/s]
Animation 32: FadeIn(Text('Dos mediciones son mejores que una...')):  13%|#3        | 8/60 [00:00<00:01, 32.96it/s]
Animation 32: FadeIn(Text('Dos mediciones son mejores que una...')):  20%|##        | 12/60 [00:00<00:01, 31.03it/s]
Animation 32: FadeIn(Text('Dos mediciones son mejores que una...')):  27%|##6       | 16/60 [00:00<00:01, 32.59it/s]
Animation 32: FadeIn(Text('Dos mediciones son mejores que una...')):  33%|###3      | 20/60 [00:00<00:01, 32.67it/s]
Animation 32: FadeIn(Text('Dos mediciones son mejores que una...')):  40%|####      | 24/60 [00:00<00:01, 31.43it/s]
Animation 32: FadeIn(Text('Dos mediciones son mejores que una...')):  47%|####6     | 28/60 [00:00<00:01, 28.99it/s]
Animation 32: FadeIn(Text('Dos mediciones son mejores que una...')):  52%|#####1    | 31/60 [00:01<00:01, 28.49it/s]
Animation 32: FadeIn(Text('Dos mediciones son mejores que una...')):  57%|#####6    | 34/60 [00:01<00:00, 28.80it/s]
Animation 32: FadeIn(Text('Dos mediciones son mejores que una...')):  62%|######1   | 37/60 [00:01<00:00, 27.44it/s]
Animation 32: FadeIn(Text('Dos mediciones son mejores que una...')):  67%|######6   | 40/60 [00:01<00:00, 26.78it/s]
Animation 32: FadeIn(Text('Dos mediciones son mejores que una...')):  72%|#######1  | 43/60 [00:01<00:00, 24.40it/s]
Animation 32: FadeIn(Text('Dos mediciones son mejores que una...')):  77%|#######6  | 46/60 [00:01<00:00, 24.70it/s]
Animation 32: FadeIn(Text('Dos mediciones son mejores que una...')):  82%|########1 | 49/60 [00:01<00:00, 24.46it/s]
Animation 32: FadeIn(Text('Dos mediciones son mejores que una...')):  87%|########6 | 52/60 [00:01<00:00, 25.32it/s]
Animation 32: FadeIn(Text('Dos mediciones son mejores que una...')):  92%|#########1| 55/60 [00:01<00:00, 26.05it/s]
Animation 32: FadeIn(Text('Dos mediciones son mejores que una...')):  97%|#########6| 58/60 [00:02<00:00, 25.21it/s]
[09/11/26 00:41:51] INFO     Animation 32 : Partial    scene_file_writer.py:192
                             movie file written in                             
                             'C:\Users\Nacho\Documents                         
                             \Animaciones\Capitulo                             
                             13\media\videos\s01_probl                         
                             ema\1080p60\partial_movie                         
                             _files\Problema\293244094                         
                             9_3045328579_2710311956.m                         
                             p4'                                               
                                                                                                                    

Animation 33: FadeIn(VGroup of 2 submobjects):   0%|          | 0/30 [00:00<?, ?it/s]
Animation 33: FadeIn(VGroup of 2 submobjects):  17%|#6        | 5/30 [00:00<00:00, 40.99it/s]
Animation 33: FadeIn(VGroup of 2 submobjects):  33%|###3      | 10/30 [00:00<00:00, 35.78it/s]
Animation 33: FadeIn(VGroup of 2 submobjects):  47%|####6     | 14/30 [00:00<00:00, 36.18it/s]
Animation 33: FadeIn(VGroup of 2 submobjects):  60%|######    | 18/30 [00:00<00:00, 36.01it/s]
Animation 33: FadeIn(VGroup of 2 submobjects):  73%|#######3  | 22/30 [00:00<00:00, 35.78it/s]
Animation 33: FadeIn(VGroup of 2 submobjects):  87%|########6 | 26/30 [00:00<00:00, 35.80it/s]
Animation 33: FadeIn(VGroup of 2 submobjects): 100%|##########| 30/30 [00:00<00:00, 35.80it/s]
[09/11/26 00:41:53] INFO     Animation 33 : Partial    scene_file_writer.py:192
                             movie file written in                             
                             'C:\Users\Nacho\Documents                         
                             \Animaciones\Capitulo                             
                             13\media\videos\s01_probl                         
                             ema\1080p60\partial_movie                         
                             _files\Problema\293244094                         
                             9_370342548_2443510061.mp                         
                             4'                                                
                                                                                              

Animation 34: FadeIn(VGroup of 2 submobjects):   0%|          | 0/30 [00:00<?, ?it/s]
Animation 34: FadeIn(VGroup of 2 submobjects):  13%|#3        | 4/30 [00:00<00:00, 38.83it/s]
Animation 34: FadeIn(VGroup of 2 submobjects):  27%|##6       | 8/30 [00:00<00:00, 36.92it/s]
Animation 34: FadeIn(VGroup of 2 submobjects):  40%|####      | 12/30 [00:00<00:00, 35.22it/s]
Animation 34: FadeIn(VGroup of 2 submobjects):  53%|#####3    | 16/30 [00:00<00:00, 34.44it/s]
Animation 34: FadeIn(VGroup of 2 submobjects):  67%|######6   | 20/30 [00:00<00:00, 33.23it/s]
Animation 34: FadeIn(VGroup of 2 submobjects):  80%|########  | 24/30 [00:00<00:00, 33.01it/s]
Animation 34: FadeIn(VGroup of 2 submobjects):  93%|#########3| 28/30 [00:00<00:00, 33.85it/s]
[09/11/26 00:41:55] INFO     Animation 34 : Partial    scene_file_writer.py:192
                             movie file written in                             
                             'C:\Users\Nacho\Documents                         
                             \Animaciones\Capitulo                             
                             13\media\videos\s01_probl                         
                             ema\1080p60\partial_movie                         
                             _files\Problema\293244094                         
                             9_2213474288_2010213002.m                         
                             p4'                                               
                                                                                              

Animation 35: FadeIn(VGroup of 2 submobjects):   0%|          | 0/30 [00:00<?, ?it/s]
Animation 35: FadeIn(VGroup of 2 submobjects):  13%|#3        | 4/30 [00:00<00:00, 35.81it/s]
Animation 35: FadeIn(VGroup of 2 submobjects):  27%|##6       | 8/30 [00:00<00:00, 30.66it/s]
Animation 35: FadeIn(VGroup of 2 submobjects):  40%|####      | 12/30 [00:00<00:00, 30.64it/s]
Animation 35: FadeIn(VGroup of 2 submobjects):  53%|#####3    | 16/30 [00:00<00:00, 29.90it/s]
Animation 35: FadeIn(VGroup of 2 submobjects):  67%|######6   | 20/30 [00:00<00:00, 29.74it/s]
Animation 35: FadeIn(VGroup of 2 submobjects):  77%|#######6  | 23/30 [00:00<00:00, 29.42it/s]
Animation 35: FadeIn(VGroup of 2 submobjects):  87%|########6 | 26/30 [00:00<00:00, 28.98it/s]
Animation 35: FadeIn(VGroup of 2 submobjects): 100%|##########| 30/30 [00:01<00:00, 29.47it/s]
[09/11/26 00:41:57] INFO     Animation 35 : Partial    scene_file_writer.py:192
                             movie file written in                             
                             'C:\Users\Nacho\Documents                         
                             \Animaciones\Capitulo                             
                             13\media\videos\s01_probl                         
                             ema\1080p60\partial_movie                         
                             _files\Problema\293244094                         
                             9_3734775751_811012745.mp                         
                             4'                                                
[09/11/26 00:41:59] INFO     Animation 36 : Partial    scene_file_writer.py:192
                             movie file written in                             
                             'C:\Users\Nacho\Documents                         
                             \Animaciones\Capitulo                             
                             13\media\videos\s01_probl                         
                             ema\1080p60\partial_movie                         
                             _files\Problema\293244094                         
                             9_4046863825_4063194943.m                         
                             p4'                                               
                                                                                              

Animation 37: FadeIn(VGroup of 2 submobjects):   0%|          | 0/60 [00:00<?, ?it/s]
Animation 37: FadeIn(VGroup of 2 submobjects):   7%|6         | 4/60 [00:00<00:02, 26.64it/s]
Animation 37: FadeIn(VGroup of 2 submobjects):  12%|#1        | 7/60 [00:00<00:02, 22.23it/s]
Animation 37: FadeIn(VGroup of 2 submobjects):  17%|#6        | 10/60 [00:00<00:02, 23.58it/s]
Animation 37: FadeIn(VGroup of 2 submobjects):  22%|##1       | 13/60 [00:00<00:01, 23.88it/s]
Animation 37: FadeIn(VGroup of 2 submobjects):  27%|##6       | 16/60 [00:00<00:01, 23.91it/s]
Animation 37: FadeIn(VGroup of 2 submobjects):  32%|###1      | 19/60 [00:00<00:01, 23.92it/s]
Animation 37: FadeIn(VGroup of 2 submobjects):  37%|###6      | 22/60 [00:00<00:01, 23.98it/s]
Animation 37: FadeIn(VGroup of 2 submobjects):  42%|####1     | 25/60 [00:01<00:01, 24.05it/s]
Animation 37: FadeIn(VGroup of 2 submobjects):  47%|####6     | 28/60 [00:01<00:01, 24.03it/s]
Animation 37: FadeIn(VGroup of 2 submobjects):  52%|#####1    | 31/60 [00:01<00:01, 24.56it/s]
Animation 37: FadeIn(VGroup of 2 submobjects):  57%|#####6    | 34/60 [00:01<00:01, 24.75it/s]
Animation 37: FadeIn(VGroup of 2 submobjects):  62%|######1   | 37/60 [00:01<00:00, 25.63it/s]
Animation 37: FadeIn(VGroup of 2 submobjects):  67%|######6   | 40/60 [00:01<00:00, 26.27it/s]
Animation 37: FadeIn(VGroup of 2 submobjects):  72%|#######1  | 43/60 [00:01<00:00, 24.00it/s]
Animation 37: FadeIn(VGroup of 2 submobjects):  77%|#######6  | 46/60 [00:01<00:00, 22.90it/s]
Animation 37: FadeIn(VGroup of 2 submobjects):  82%|########1 | 49/60 [00:02<00:00, 20.62it/s]
Animation 37: FadeIn(VGroup of 2 submobjects):  87%|########6 | 52/60 [00:02<00:00, 19.57it/s]
Animation 37: FadeIn(VGroup of 2 submobjects):  92%|#########1| 55/60 [00:02<00:00, 18.98it/s]
Animation 37: FadeIn(VGroup of 2 submobjects):  97%|#########6| 58/60 [00:02<00:00, 19.84it/s]
[09/11/26 00:42:04] INFO     Animation 37 : Partial    scene_file_writer.py:192
                             movie file written in                             
                             'C:\Users\Nacho\Documents                         
                             \Animaciones\Capitulo                             
                             13\media\videos\s01_probl                         
                             ema\1080p60\partial_movie                         
                             _files\Problema\293244094                         
                             9_3372432667_3124278609.m                         
                             p4'                                               
[09/11/26 00:42:08] INFO     Animation 38 : Partial    scene_file_writer.py:192
                             movie file written in                             
                             'C:\Users\Nacho\Documents                         
                             \Animaciones\Capitulo                             
                             13\media\videos\s01_probl                         
                             ema\1080p60\partial_movie                         
                             _files\Problema\293244094                         
                             9_266979614_2129513824.mp                         
                             4'                                                
                                                                                              

Animation 39: FadeOut(VGroup of 3 submobjects):   0%|          | 0/60 [00:00<?, ?it/s]
Animation 39: FadeOut(VGroup of 3 submobjects):   5%|5         | 3/60 [00:00<00:01, 29.96it/s]
Animation 39: FadeOut(VGroup of 3 submobjects):  12%|#1        | 7/60 [00:00<00:01, 33.08it/s]
Animation 39: FadeOut(VGroup of 3 submobjects):  18%|#8        | 11/60 [00:00<00:01, 35.96it/s]
Animation 39: FadeOut(VGroup of 3 submobjects):  25%|##5       | 15/60 [00:00<00:01, 37.09it/s]
Animation 39: FadeOut(VGroup of 3 submobjects):  33%|###3      | 20/60 [00:00<00:00, 40.68it/s]
Animation 39: FadeOut(VGroup of 3 submobjects):  42%|####1     | 25/60 [00:00<00:00, 39.51it/s]
Animation 39: FadeOut(VGroup of 3 submobjects):  50%|#####     | 30/60 [00:00<00:00, 39.45it/s]
Animation 39: FadeOut(VGroup of 3 submobjects):  58%|#####8    | 35/60 [00:00<00:00, 41.40it/s]
Animation 39: FadeOut(VGroup of 3 submobjects):  67%|######6   | 40/60 [00:00<00:00, 43.17it/s]
Animation 39: FadeOut(VGroup of 3 submobjects):  75%|#######5  | 45/60 [00:01<00:00, 39.93it/s]
Animation 39: FadeOut(VGroup of 3 submobjects):  83%|########3 | 50/60 [00:01<00:00, 40.00it/s]
Animation 39: FadeOut(VGroup of 3 submobjects):  92%|#########1| 55/60 [00:01<00:00, 40.04it/s]
Animation 39: FadeOut(VGroup of 3 submobjects): 100%|##########| 60/60 [00:01<00:00, 40.54it/s]
[09/11/26 00:42:12] INFO     Animation 39 : Partial    scene_file_writer.py:192
                             movie file written in                             
                             'C:\Users\Nacho\Documents                         
                             \Animaciones\Capitulo                             
                             13\media\videos\s01_probl                         
                             ema\1080p60\partial_movie                         
                             _files\Problema\293244094                         
                             9_2285665499_3665697168.m                         
                             p4'                                               
                                                                                               

Animation 40: FadeIn(Text('Misma pregunta que en el capítulo 9,')):   0%|          | 0/60 [00:00<?, ?it/s]
Animation 40: FadeIn(Text('Misma pregunta que en el capítulo 9,')):  15%|#5        | 9/60 [00:00<00:00, 88.70it/s]
Animation 40: FadeIn(Text('Misma pregunta que en el capítulo 9,')):  33%|###3      | 20/60 [00:00<00:00, 96.97it/s]
Animation 40: FadeIn(Text('Misma pregunta que en el capítulo 9,')):  53%|#####3    | 32/60 [00:00<00:00, 102.21it/s]
Animation 40: FadeIn(Text('Misma pregunta que en el capítulo 9,')):  72%|#######1  | 43/60 [00:00<00:00, 104.23it/s]
Animation 40: FadeIn(Text('Misma pregunta que en el capítulo 9,')):  90%|######### | 54/60 [00:00<00:00, 104.05it/s]
[09/11/26 00:42:13] INFO     Animation 40 : Partial    scene_file_writer.py:192
                             movie file written in                             
                             'C:\Users\Nacho\Documents                         
                             \Animaciones\Capitulo                             
                             13\media\videos\s01_probl                         
                             ema\1080p60\partial_movie                         
                             _files\Problema\293244094                         
                             9_3758839041_3328020895.m                         
                             p4'                                               
                                                                                                                    

Animation 41: FadeIn(Text('pero ahora se decide con una señal entera.')):   0%|          | 0/60 [00:00<?, ?it/s]
Animation 41: FadeIn(Text('pero ahora se decide con una señal entera.')):  20%|##        | 12/60 [00:00<00:00, 
115.77it/s]
Animation 41: FadeIn(Text('pero ahora se decide con una señal entera.')):  40%|####      | 24/60 [00:00<00:00, 
105.51it/s]
Animation 41: FadeIn(Text('pero ahora se decide con una señal entera.')):  58%|#####8    | 35/60 [00:00<00:00, 
48.66it/s] 
Animation 41: FadeIn(Text('pero ahora se decide con una señal entera.')):  72%|#######1  | 43/60 [00:00<00:00, 
35.65it/s]
Animation 41: FadeIn(Text('pero ahora se decide con una señal entera.')):  82%|########1 | 49/60 [00:01<00:00, 
31.27it/s]
Animation 41: FadeIn(Text('pero ahora se decide con una señal entera.')):  90%|######### | 54/60 [00:01<00:00, 
31.28it/s]
Animation 41: FadeIn(Text('pero ahora se decide con una señal entera.')):  97%|#########6| 58/60 [00:01<00:00, 
31.29it/s]
[09/11/26 00:42:15] INFO     Animation 41 : Partial    scene_file_writer.py:192
                             movie file written in                             
                             'C:\Users\Nacho\Documents                         
                             \Animaciones\Capitulo                             
                             13\media\videos\s01_probl                         
                             ema\1080p60\partial_movie                         
                             _files\Problema\293244094                         
                             9_925284087_3606578537.mp                         
                             4'                                                
[09/11/26 00:42:16] INFO     Animation 42 : Partial    scene_file_writer.py:192
                             movie file written in                             
                             'C:\Users\Nacho\Documents                         
                             \Animaciones\Capitulo                             
                             13\media\videos\s01_probl                         
                             ema\1080p60\partial_movie                         
                             _files\Problema\293244094                         
                             9_241228271_4236638714.mp                         
                             4'                                                
                                                                                                                       
  

Animation 43: FadeIn(Text('¿cómo se arma esa regla en la práctica? sigue.')):   0%|          | 0/60 [00:00<?, ?it/s]
Animation 43: FadeIn(Text('¿cómo se arma esa regla en la práctica? sigue.')):   8%|8         | 5/60 [00:00<00:01, 
40.21it/s]
Animation 43: FadeIn(Text('¿cómo se arma esa regla en la práctica? sigue.')):  17%|#6        | 10/60 [00:00<00:01, 
38.41it/s]
Animation 43: FadeIn(Text('¿cómo se arma esa regla en la práctica? sigue.')):  23%|##3       | 14/60 [00:00<00:02, 
20.04it/s]
Animation 43: FadeIn(Text('¿cómo se arma esa regla en la práctica? sigue.')):  28%|##8       | 17/60 [00:00<00:02, 
19.99it/s]
Animation 43: FadeIn(Text('¿cómo se arma esa regla en la práctica? sigue.')):  33%|###3      | 20/60 [00:00<00:02, 
19.34it/s]
Animation 43: FadeIn(Text('¿cómo se arma esa regla en la práctica? sigue.')):  38%|###8      | 23/60 [00:01<00:01, 
19.69it/s]
Animation 43: FadeIn(Text('¿cómo se arma esa regla en la práctica? sigue.')):  43%|####3     | 26/60 [00:01<00:01, 
20.14it/s]
Animation 43: FadeIn(Text('¿cómo se arma esa regla en la práctica? sigue.')):  48%|####8     | 29/60 [00:01<00:01, 
19.97it/s]
Animation 43: FadeIn(Text('¿cómo se arma esa regla en la práctica? sigue.')):  53%|#####3    | 32/60 [00:01<00:01, 
20.58it/s]
Animation 43: FadeIn(Text('¿cómo se arma esa regla en la práctica? sigue.')):  58%|#####8    | 35/60 [00:01<00:01, 
20.01it/s]
Animation 43: FadeIn(Text('¿cómo se arma esa regla en la práctica? sigue.')):  63%|######3   | 38/60 [00:01<00:01, 
20.22it/s]
Animation 43: FadeIn(Text('¿cómo se arma esa regla en la práctica? sigue.')):  68%|######8   | 41/60 [00:01<00:00, 
20.85it/s]
Animation 43: FadeIn(Text('¿cómo se arma esa regla en la práctica? sigue.')):  73%|#######3  | 44/60 [01:06<01:44,  
6.53s/it]
Animation 43: FadeIn(Text('¿cómo se arma esa regla en la práctica? sigue.')):  75%|#######5  | 45/60 [01:07<01:26,  
5.73s/it]
Animation 43: FadeIn(Text('¿cómo se arma esa regla en la práctica? sigue.')):  78%|#######8  | 47/60 [01:07<00:55,  
4.25s/it]
Animation 43: FadeIn(Text('¿cómo se arma esa regla en la práctica? sigue.')):  82%|########1 | 49/60 [01:07<00:34,  
3.12s/it]
Animation 43: FadeIn(Text('¿cómo se arma esa regla en la práctica? sigue.')):  85%|########5 | 51/60 [01:07<00:20,  
2.26s/it]
Animation 43: FadeIn(Text('¿cómo se arma esa regla en la práctica? sigue.')):  88%|########8 | 53/60 [01:07<00:11,  
1.64s/it]
Animation 43: FadeIn(Text('¿cómo se arma esa regla en la práctica? sigue.')):  92%|#########1| 55/60 [01:07<00:05,  
1.18s/it]
Animation 43: FadeIn(Text('¿cómo se arma esa regla en la práctica? sigue.')):  95%|#########5| 57/60 [01:08<00:02,  
1.16it/s]
Animation 43: FadeIn(Text('¿cómo se arma esa regla en la práctica? sigue.')):  98%|#########8| 59/60 [01:08<00:00,  
1.60it/s]
[09/11/26 00:43:25] INFO     Animation 43 : Partial    scene_file_writer.py:192
                             movie file written in                             
                             'C:\Users\Nacho\Documents                         
                             \Animaciones\Capitulo                             
                             13\media\videos\s01_probl                         
                             ema\1080p60\partial_movie                         
                             _files\Problema\293244094                         
                             9_241873036_3639365503.mp                         
                             4'                                                
[09/11/26 00:43:31] INFO     Animation 44 : Partial    scene_file_writer.py:192
                             movie file written in                             
                             'C:\Users\Nacho\Documents                         
                             \Animaciones\Capitulo                             
                             13\media\videos\s01_probl                         
                             ema\1080p60\partial_movie                         
                             _files\Problema\293244094                         
                             9_499328632_2316267179.mp                         
                             4'                                                
                                                                                                                       
      

Animation 45: FadeOut(VGroup of 2 submobjects):   0%|          | 0/60 [00:00<?, ?it/s]
Animation 45: FadeOut(VGroup of 2 submobjects):   2%|1         | 1/60 [00:00<00:16,  3.66it/s]
Animation 45: FadeOut(VGroup of 2 submobjects):   3%|3         | 2/60 [00:00<00:10,  5.65it/s]
Animation 45: FadeOut(VGroup of 2 submobjects):   7%|6         | 4/60 [00:00<00:06,  9.14it/s]
Animation 45: FadeOut(VGroup of 2 submobjects):  10%|#         | 6/60 [00:01<00:12,  4.43it/s]
Animation 45: FadeOut(VGroup of 2 submobjects):  12%|#1        | 7/60 [00:01<00:14,  3.61it/s]
Animation 45: FadeOut(VGroup of 2 submobjects):  13%|#3        | 8/60 [00:02<00:17,  2.90it/s]
Animation 45: FadeOut(VGroup of 2 submobjects):  15%|#5        | 9/60 [00:02<00:20,  2.46it/s]
Animation 45: FadeOut(VGroup of 2 submobjects):  17%|#6        | 10/60 [00:03<00:19,  2.50it/s]
Animation 45: FadeOut(VGroup of 2 submobjects):  18%|#8        | 11/60 [00:03<00:16,  3.04it/s]
Animation 45: FadeOut(VGroup of 2 submobjects):  20%|##        | 12/60 [00:03<00:13,  3.47it/s]
Animation 45: FadeOut(VGroup of 2 submobjects):  22%|##1       | 13/60 [00:03<00:11,  4.13it/s]
Animation 45: FadeOut(VGroup of 2 submobjects):  25%|##5       | 15/60 [00:03<00:07,  5.75it/s]
Animation 45: FadeOut(VGroup of 2 submobjects):  27%|##6       | 16/60 [00:03<00:07,  6.21it/s]
Animation 45: FadeOut(VGroup of 2 submobjects):  28%|##8       | 17/60 [00:04<00:06,  6.49it/s]
Animation 45: FadeOut(VGroup of 2 submobjects):  30%|###       | 18/60 [00:04<00:06,  6.08it/s]
Animation 45: FadeOut(VGroup of 2 submobjects):  32%|###1      | 19/60 [00:04<00:06,  6.00it/s]
Animation 45: FadeOut(VGroup of 2 submobjects):  33%|###3      | 20/60 [00:04<00:06,  6.52it/s]
Animation 45: FadeOut(VGroup of 2 submobjects):  35%|###5      | 21/60 [00:04<00:05,  7.05it/s]
Animation 45: FadeOut(VGroup of 2 submobjects):  37%|###6      | 22/60 [00:04<00:05,  7.55it/s]
Animation 45: FadeOut(VGroup of 2 submobjects):  40%|####      | 24/60 [00:04<00:04,  8.49it/s]
Animation 45: FadeOut(VGroup of 2 submobjects):  43%|####3     | 26/60 [00:05<00:03,  9.74it/s]
Animation 45: FadeOut(VGroup of 2 submobjects):  47%|####6     | 28/60 [00:05<00:03, 10.23it/s]
Animation 45: FadeOut(VGroup of 2 submobjects):  50%|#####     | 30/60 [00:05<00:03,  9.52it/s]
Animation 45: FadeOut(VGroup of 2 submobjects):  52%|#####1    | 31/60 [00:05<00:03,  9.12it/s]
Animation 45: FadeOut(VGroup of 2 submobjects):  53%|#####3    | 32/60 [00:05<00:03,  8.30it/s]
Animation 45: FadeOut(VGroup of 2 submobjects):  55%|#####5    | 33/60 [00:06<00:03,  7.25it/s]
Animation 45: FadeOut(VGroup of 2 submobjects):  57%|#####6    | 34/60 [00:06<00:03,  6.77it/s]
Animation 45: FadeOut(VGroup of 2 submobjects):  58%|#####8    | 35/60 [00:06<00:03,  7.39it/s]
Animation 45: FadeOut(VGroup of 2 submobjects):  60%|######    | 36/60 [00:06<00:03,  7.47it/s]
Animation 45: FadeOut(VGroup of 2 submobjects):  62%|######1   | 37/60 [00:06<00:02,  7.68it/s]
Animation 45: FadeOut(VGroup of 2 submobjects):  63%|######3   | 38/60 [00:06<00:02,  8.04it/s]
Animation 45: FadeOut(VGroup of 2 submobjects):  65%|######5   | 39/60 [00:06<00:02,  8.26it/s]
Animation 45: FadeOut(VGroup of 2 submobjects):  68%|######8   | 41/60 [00:06<00:01, 10.18it/s]
Animation 45: FadeOut(VGroup of 2 submobjects):  72%|#######1  | 43/60 [00:07<00:01, 10.88it/s]
Animation 45: FadeOut(VGroup of 2 submobjects):  75%|#######5  | 45/60 [00:07<00:01, 11.31it/s]
Animation 45: FadeOut(VGroup of 2 submobjects):  78%|#######8  | 47/60 [00:07<00:01, 10.28it/s]
Animation 45: FadeOut(VGroup of 2 submobjects):  82%|########1 | 49/60 [00:07<00:01, 10.05it/s]
Animation 45: FadeOut(VGroup of 2 submobjects):  85%|########5 | 51/60 [00:07<00:00, 10.55it/s]
Animation 45: FadeOut(VGroup of 2 submobjects):  88%|########8 | 53/60 [00:08<00:00, 10.37it/s]
Animation 45: FadeOut(VGroup of 2 submobjects):  92%|#########1| 55/60 [00:08<00:00, 10.71it/s]
Animation 45: FadeOut(VGroup of 2 submobjects):  95%|#########5| 57/60 [00:08<00:00, 10.49it/s]
Animation 45: FadeOut(VGroup of 2 submobjects):  98%|#########8| 59/60 [00:08<00:00, 11.03it/s]
[09/11/26 10:43:20] INFO     Animation 45 : Partial    scene_file_writer.py:192
                             movie file written in                             
                             'C:\Users\Nacho\Documents                         
                             \Animaciones\Capitulo                             
                             13\media\videos\s01_probl                         
                             ema\1080p60\partial_movie                         
                             _files\Problema\293244094                         
                             9_3794680529_2233937835.m                         
                             p4'                                               
[09/11/26 10:43:21] INFO     Animation 46 : Partial    scene_file_writer.py:192
                             movie file written in                             
                             'C:\Users\Nacho\Documents                         
                             \Animaciones\Capitulo                             
                             13\media\videos\s01_probl                         
                             ema\1080p60\partial_movie                         
                             _files\Problema\293244094                         
                             9_4235033027_756253295.mp                         
                             4'                                                
                    INFO     Combining to Movie file.  scene_file_writer.py:952
[09/11/26 10:43:22] INFO                              scene_file_writer.py:1103
                             File ready at                                     
                             'C:\Users\Nacho\Document                          
                             s\Animaciones\Capitulo                            
                             13\media\videos\s01_prob                          
                             lema\1080p60\Problema.mp                          
                             4'                                                
                                                                               
                    INFO     Rendered Problema                     scene.py:290
                             Played 47 animations                              
                                                                                               
Manim Community v0.21.0

manim.exe : 
En C:\Users\Nacho\Documents\Animaciones\Capitulo 13\render.ps1: 49 Carácter: 9
+         & manim "-$Calidad" $e.archivo $e.escena *>> $log
+         ~~~~~~~~~~~~~~~~~~~~~~~~~~~~~~~~~~~~~~~~~~~~~~~~~
    + CategoryInfo          : NotSpecified: (:String) [], RemoteException
    + FullyQualifiedErrorId : NativeCommandError
 
Animation 0: FadeIn(Text('De la regla MAP a un solo número')):   0%|          | 0/60 [00:00<?, ?it/s]
Animation 0: FadeIn(Text('De la regla MAP a un solo número')):  40%|####      | 24/60 [00:00<00:00, 239.01it/s]
Animation 0: FadeIn(Text('De la regla MAP a un solo número')):  80%|########  | 48/60 [00:00<00:00, 234.68it/s]
[09/11/26 10:43:27] INFO     Animation 0 : Partial     scene_file_writer.py:192
                             movie file written in                             
                             'C:\Users\Nacho\Documents                         
                             \Animaciones\Capitulo                             
                             13\media\videos\s02_deriv                         
                             acion\1080p60\partial_mov                         
                             ie_files\Derivacion\30100                         
                             04561_2664376513_22313245                         
                             7.mp4'                                            
                    INFO     Animation 1 : Partial     scene_file_writer.py:192
                             movie file written in                             
                             'C:\Users\Nacho\Documents                         
                             \Animaciones\Capitulo                             
                             13\media\videos\s02_deriv                         
                             acion\1080p60\partial_mov                         
                             ie_files\Derivacion\29324                         
                             40949_4235033027_33100672                         
                             35.mp4'                                           
                                                                                                               

Animation 2: FadeIn(VGroup of 2 submobjects), etc.:   0%|          | 0/60 [00:00<?, ?it/s]
Animation 2: FadeIn(VGroup of 2 submobjects), etc.:   5%|5         | 3/60 [00:00<00:02, 20.19it/s]
Animation 2: FadeIn(VGroup of 2 submobjects), etc.:  10%|#         | 6/60 [00:00<00:02, 18.23it/s]
Animation 2: FadeIn(VGroup of 2 submobjects), etc.:  13%|#3        | 8/60 [00:00<00:02, 17.78it/s]
Animation 2: FadeIn(VGroup of 2 submobjects), etc.:  17%|#6        | 10/60 [00:00<00:02, 17.52it/s]
Animation 2: FadeIn(VGroup of 2 submobjects), etc.:  20%|##        | 12/60 [00:00<00:02, 17.25it/s]
Animation 2: FadeIn(VGroup of 2 submobjects), etc.:  23%|##3       | 14/60 [00:00<00:02, 17.41it/s]
Animation 2: FadeIn(VGroup of 2 submobjects), etc.:  27%|##6       | 16/60 [00:00<00:02, 17.45it/s]
Animation 2: FadeIn(VGroup of 2 submobjects), etc.:  30%|###       | 18/60 [00:01<00:02, 17.40it/s]
Animation 2: FadeIn(VGroup of 2 submobjects), etc.:  33%|###3      | 20/60 [00:01<00:02, 17.22it/s]
Animation 2: FadeIn(VGroup of 2 submobjects), etc.:  37%|###6      | 22/60 [00:01<00:02, 17.35it/s]
Animation 2: FadeIn(VGroup of 2 submobjects), etc.:  40%|####      | 24/60 [00:01<00:02, 17.06it/s]
Animation 2: FadeIn(VGroup of 2 submobjects), etc.:  43%|####3     | 26/60 [00:01<00:02, 16.92it/s]
Animation 2: FadeIn(VGroup of 2 submobjects), etc.:  47%|####6     | 28/60 [00:01<00:01, 16.96it/s]
Animation 2: FadeIn(VGroup of 2 submobjects), etc.:  50%|#####     | 30/60 [00:01<00:01, 16.81it/s]
Animation 2: FadeIn(VGroup of 2 submobjects), etc.:  53%|#####3    | 32/60 [00:01<00:01, 17.06it/s]
Animation 2: FadeIn(VGroup of 2 submobjects), etc.:  57%|#####6    | 34/60 [00:01<00:01, 17.12it/s]
Animation 2: FadeIn(VGroup of 2 submobjects), etc.:  60%|######    | 36/60 [00:02<00:01, 16.97it/s]
Animation 2: FadeIn(VGroup of 2 submobjects), etc.:  63%|######3   | 38/60 [00:02<00:01, 16.95it/s]
Animation 2: FadeIn(VGroup of 2 submobjects), etc.:  67%|######6   | 40/60 [00:02<00:01, 16.83it/s]
Animation 2: FadeIn(VGroup of 2 submobjects), etc.:  70%|#######   | 42/60 [00:02<00:01, 16.88it/s]
Animation 2: FadeIn(VGroup of 2 submobjects), etc.:  73%|#######3  | 44/60 [00:02<00:01, 14.35it/s]
Animation 2: FadeIn(VGroup of 2 submobjects), etc.:  77%|#######6  | 46/60 [00:02<00:00, 14.74it/s]
Animation 2: FadeIn(VGroup of 2 submobjects), etc.:  80%|########  | 48/60 [00:02<00:00, 14.96it/s]
Animation 2: FadeIn(VGroup of 2 submobjects), etc.:  83%|########3 | 50/60 [00:03<00:00, 15.59it/s]
Animation 2: FadeIn(VGroup of 2 submobjects), etc.:  87%|########6 | 52/60 [00:03<00:00, 15.89it/s]
Animation 2: FadeIn(VGroup of 2 submobjects), etc.:  90%|######### | 54/60 [00:03<00:00, 16.13it/s]
Animation 2: FadeIn(VGroup of 2 submobjects), etc.:  93%|#########3| 56/60 [00:03<00:00, 15.45it/s]
Animation 2: FadeIn(VGroup of 2 submobjects), etc.:  97%|#########6| 58/60 [00:03<00:00, 15.56it/s]
Animation 2: FadeIn(VGroup of 2 submobjects), etc.: 100%|##########| 60/60 [00:03<00:00, 15.42it/s]
[09/11/26 10:43:33] INFO     Animation 2 : Partial     scene_file_writer.py:192
                             movie file written in                             
                             'C:\Users\Nacho\Documents                         
                             \Animaciones\Capitulo                             
                             13\media\videos\s02_deriv                         
                             acion\1080p60\partial_mov                         
                             ie_files\Derivacion\29324                         
                             40949_1082458784_17528011                         
                             3.mp4'                                            
[09/11/26 10:43:36] INFO     Animation 3 : Partial     scene_file_writer.py:192
                             movie file written in                             
                             'C:\Users\Nacho\Documents                         
                             \Animaciones\Capitulo                             
                             13\media\videos\s02_deriv                         
                             acion\1080p60\partial_mov                         
                             ie_files\Derivacion\29324                         
                             40949_3810316983_71088694                         
                             7.mp4'                                            
                                                                                                   

Animation 4: _MethodAnimation(VGroup of 2 submobjects):   0%|          | 0/60 [00:00<?, ?it/s]
Animation 4: _MethodAnimation(VGroup of 2 submobjects):   5%|5         | 3/60 [00:00<00:02, 19.56it/s]
Animation 4: _MethodAnimation(VGroup of 2 submobjects):   8%|8         | 5/60 [00:00<00:02, 18.90it/s]
Animation 4: _MethodAnimation(VGroup of 2 submobjects):  12%|#1        | 7/60 [00:00<00:02, 18.69it/s]
Animation 4: _MethodAnimation(VGroup of 2 submobjects):  17%|#6        | 10/60 [00:00<00:02, 19.81it/s]
Animation 4: _MethodAnimation(VGroup of 2 submobjects):  22%|##1       | 13/60 [00:00<00:02, 20.48it/s]
Animation 4: _MethodAnimation(VGroup of 2 submobjects):  27%|##6       | 16/60 [00:00<00:02, 20.37it/s]
Animation 4: _MethodAnimation(VGroup of 2 submobjects):  32%|###1      | 19/60 [00:00<00:01, 20.69it/s]
Animation 4: _MethodAnimation(VGroup of 2 submobjects):  37%|###6      | 22/60 [00:01<00:01, 20.83it/s]
Animation 4: _MethodAnimation(VGroup of 2 submobjects):  42%|####1     | 25/60 [00:01<00:01, 20.69it/s]
Animation 4: _MethodAnimation(VGroup of 2 submobjects):  47%|####6     | 28/60 [00:01<00:01, 21.67it/s]
Animation 4: _MethodAnimation(VGroup of 2 submobjects):  52%|#####1    | 31/60 [00:01<00:01, 21.30it/s]
Animation 4: _MethodAnimation(VGroup of 2 submobjects):  57%|#####6    | 34/60 [00:01<00:01, 21.39it/s]
Animation 4: _MethodAnimation(VGroup of 2 submobjects):  62%|######1   | 37/60 [00:01<00:01, 21.34it/s]
Animation 4: _MethodAnimation(VGroup of 2 submobjects):  67%|######6   | 40/60 [00:01<00:00, 21.38it/s]
Animation 4: _MethodAnimation(VGroup of 2 submobjects):  72%|#######1  | 43/60 [00:02<00:00, 18.03it/s]
Animation 4: _MethodAnimation(VGroup of 2 submobjects):  77%|#######6  | 46/60 [00:02<00:00, 19.20it/s]
Animation 4: _MethodAnimation(VGroup of 2 submobjects):  82%|########1 | 49/60 [00:02<00:00, 19.87it/s]
Animation 4: _MethodAnimation(VGroup of 2 submobjects):  87%|########6 | 52/60 [00:02<00:00, 20.24it/s]
Animation 4: _MethodAnimation(VGroup of 2 submobjects):  92%|#########1| 55/60 [00:02<00:00, 20.40it/s]
Animation 4: _MethodAnimation(VGroup of 2 submobjects):  97%|#########6| 58/60 [00:02<00:00, 20.56it/s]
[09/11/26 10:43:41] INFO     Animation 4 : Partial     scene_file_writer.py:192
                             movie file written in                             
                             'C:\Users\Nacho\Documents                         
                             \Animaciones\Capitulo                             
                             13\media\videos\s02_deriv                         
                             acion\1080p60\partial_mov                         
                             ie_files\Derivacion\29324                         
                             40949_403378934_378612327                         
                             1.mp4'                                            
                                                                                                       

Animation 5: Write(MathTex('f(\\mathbf r|H_0)=\\frac{1}{(2\\pi\\sigma^2)^{L/2}}\\exp\\!\\Big(-\\sum_n 
\\frac{r^2[n]}{2\\sigma^2}\\Big)\\qquad{}f(\\mathbf r|H_1)=\\frac{1}{(2\\pi\\sigma^2)^{L/2}}\\exp\\!\\Big(-\\sum_n 
\\frac{(r[n]-s[n])^2}{2\\sigma^2}\\Big)')):   0%|          | 0/120 [00:00<?, ?it/s]
Animation 5: Write(MathTex('f(\\mathbf r|H_0)=\\frac{1}{(2\\pi\\sigma^2)^{L/2}}\\exp\\!\\Big(-\\sum_n 
\\frac{r^2[n]}{2\\sigma^2}\\Big)\\qquad{}f(\\mathbf r|H_1)=\\frac{1}{(2\\pi\\sigma^2)^{L/2}}\\exp\\!\\Big(-\\sum_n 
\\frac{(r[n]-s[n])^2}{2\\sigma^2}\\Big)')):   1%|          | 1/120 [00:00<00:12,  9.44it/s]
Animation 5: Write(MathTex('f(\\mathbf r|H_0)=\\frac{1}{(2\\pi\\sigma^2)^{L/2}}\\exp\\!\\Big(-\\sum_n 
\\frac{r^2[n]}{2\\sigma^2}\\Big)\\qquad{}f(\\mathbf r|H_1)=\\frac{1}{(2\\pi\\sigma^2)^{L/2}}\\exp\\!\\Big(-\\sum_n 
\\frac{(r[n]-s[n])^2}{2\\sigma^2}\\Big)')):   2%|2         | 3/120 [00:00<00:09, 12.31it/s]
Animation 5: Write(MathTex('f(\\mathbf r|H_0)=\\frac{1}{(2\\pi\\sigma^2)^{L/2}}\\exp\\!\\Big(-\\sum_n 
\\frac{r^2[n]}{2\\sigma^2}\\Big)\\qquad{}f(\\mathbf r|H_1)=\\frac{1}{(2\\pi\\sigma^2)^{L/2}}\\exp\\!\\Big(-\\sum_n 
\\frac{(r[n]-s[n])^2}{2\\sigma^2}\\Big)')):   4%|4         | 5/120 [00:00<00:08, 13.89it/s]
Animation 5: Write(MathTex('f(\\mathbf r|H_0)=\\frac{1}{(2\\pi\\sigma^2)^{L/2}}\\exp\\!\\Big(-\\sum_n 
\\frac{r^2[n]}{2\\sigma^2}\\Big)\\qquad{}f(\\mathbf r|H_1)=\\frac{1}{(2\\pi\\sigma^2)^{L/2}}\\exp\\!\\Big(-\\sum_n 
\\frac{(r[n]-s[n])^2}{2\\sigma^2}\\Big)')):   6%|5         | 7/120 [00:00<00:09, 11.82it/s]
Animation 5: Write(MathTex('f(\\mathbf r|H_0)=\\frac{1}{(2\\pi\\sigma^2)^{L/2}}\\exp\\!\\Big(-\\sum_n 
\\frac{r^2[n]}{2\\sigma^2}\\Big)\\qquad{}f(\\mathbf r|H_1)=\\frac{1}{(2\\pi\\sigma^2)^{L/2}}\\exp\\!\\Big(-\\sum_n 
\\frac{(r[n]-s[n])^2}{2\\sigma^2}\\Big)')):   8%|7         | 9/120 [00:00<00:08, 13.51it/s]
Animation 5: Write(MathTex('f(\\mathbf r|H_0)=\\frac{1}{(2\\pi\\sigma^2)^{L/2}}\\exp\\!\\Big(-\\sum_n 
\\frac{r^2[n]}{2\\sigma^2}\\Big)\\qquad{}f(\\mathbf r|H_1)=\\frac{1}{(2\\pi\\sigma^2)^{L/2}}\\exp\\!\\Big(-\\sum_n 
\\frac{(r[n]-s[n])^2}{2\\sigma^2}\\Big)')):   9%|9         | 11/120 [00:00<00:09, 11.55it/s]
Animation 5: Write(MathTex('f(\\mathbf r|H_0)=\\frac{1}{(2\\pi\\sigma^2)^{L/2}}\\exp\\!\\Big(-\\sum_n 
\\frac{r^2[n]}{2\\sigma^2}\\Big)\\qquad{}f(\\mathbf r|H_1)=\\frac{1}{(2\\pi\\sigma^2)^{L/2}}\\exp\\!\\Big(-\\sum_n 
\\frac{(r[n]-s[n])^2}{2\\sigma^2}\\Big)')):  11%|#         | 13/120 [00:01<00:08, 12.67it/s]
Animation 5: Write(MathTex('f(\\mathbf r|H_0)=\\frac{1}{(2\\pi\\sigma^2)^{L/2}}\\exp\\!\\Big(-\\sum_n 
\\frac{r^2[n]}{2\\sigma^2}\\Big)\\qquad{}f(\\mathbf r|H_1)=\\frac{1}{(2\\pi\\sigma^2)^{L/2}}\\exp\\!\\Big(-\\sum_n 
\\frac{(r[n]-s[n])^2}{2\\sigma^2}\\Big)')):  12%|#2        | 15/120 [00:01<00:08, 13.00it/s]
Animation 5: Write(MathTex('f(\\mathbf r|H_0)=\\frac{1}{(2\\pi\\sigma^2)^{L/2}}\\exp\\!\\Big(-\\sum_n 
\\frac{r^2[n]}{2\\sigma^2}\\Big)\\qquad{}f(\\mathbf r|H_1)=\\frac{1}{(2\\pi\\sigma^2)^{L/2}}\\exp\\!\\Big(-\\sum_n 
\\frac{(r[n]-s[n])^2}{2\\sigma^2}\\Big)')):  14%|#4        | 17/120 [00:01<00:08, 12.61it/s]
Animation 5: Write(MathTex('f(\\mathbf r|H_0)=\\frac{1}{(2\\pi\\sigma^2)^{L/2}}\\exp\\!\\Big(-\\sum_n 
\\frac{r^2[n]}{2\\sigma^2}\\Big)\\qquad{}f(\\mathbf r|H_1)=\\frac{1}{(2\\pi\\sigma^2)^{L/2}}\\exp\\!\\Big(-\\sum_n 
\\frac{(r[n]-s[n])^2}{2\\sigma^2}\\Big)')):  16%|#5        | 19/120 [00:01<00:07, 13.19it/s]
Animation 5: Write(MathTex('f(\\mathbf r|H_0)=\\frac{1}{(2\\pi\\sigma^2)^{L/2}}\\exp\\!\\Big(-\\sum_n 
\\frac{r^2[n]}{2\\sigma^2}\\Big)\\qquad{}f(\\mathbf r|H_1)=\\frac{1}{(2\\pi\\sigma^2)^{L/2}}\\exp\\!\\Big(-\\sum_n 
\\frac{(r[n]-s[n])^2}{2\\sigma^2}\\Big)')):  18%|#8        | 22/120 [00:01<00:06, 15.76it/s]
Animation 5: Write(MathTex('f(\\mathbf r|H_0)=\\frac{1}{(2\\pi\\sigma^2)^{L/2}}\\exp\\!\\Big(-\\sum_n 
\\frac{r^2[n]}{2\\sigma^2}\\Big)\\qquad{}f(\\mathbf r|H_1)=\\frac{1}{(2\\pi\\sigma^2)^{L/2}}\\exp\\!\\Big(-\\sum_n 
\\frac{(r[n]-s[n])^2}{2\\sigma^2}\\Big)')):  20%|##        | 24/120 [00:01<00:05, 16.62it/s]
Animation 5: Write(MathTex('f(\\mathbf r|H_0)=\\frac{1}{(2\\pi\\sigma^2)^{L/2}}\\exp\\!\\Big(-\\sum_n 
\\frac{r^2[n]}{2\\sigma^2}\\Big)\\qquad{}f(\\mathbf r|H_1)=\\frac{1}{(2\\pi\\sigma^2)^{L/2}}\\exp\\!\\Big(-\\sum_n 
\\frac{(r[n]-s[n])^2}{2\\sigma^2}\\Big)')):  22%|##1       | 26/120 [00:01<00:05, 17.03it/s]
Animation 5: Write(MathTex('f(\\mathbf r|H_0)=\\frac{1}{(2\\pi\\sigma^2)^{L/2}}\\exp\\!\\Big(-\\sum_n 
\\frac{r^2[n]}{2\\sigma^2}\\Big)\\qquad{}f(\\mathbf r|H_1)=\\frac{1}{(2\\pi\\sigma^2)^{L/2}}\\exp\\!\\Big(-\\sum_n 
\\frac{(r[n]-s[n])^2}{2\\sigma^2}\\Big)')):  24%|##4       | 29/120 [00:01<00:04, 19.79it/s]
Animation 5: Write(MathTex('f(\\mathbf r|H_0)=\\frac{1}{(2\\pi\\sigma^2)^{L/2}}\\exp\\!\\Big(-\\sum_n 
\\frac{r^2[n]}{2\\sigma^2}\\Big)\\qquad{}f(\\mathbf r|H_1)=\\frac{1}{(2\\pi\\sigma^2)^{L/2}}\\exp\\!\\Big(-\\sum_n 
\\frac{(r[n]-s[n])^2}{2\\sigma^2}\\Big)')):  27%|##6       | 32/120 [00:02<00:04, 21.97it/s]
Animation 5: Write(MathTex('f(\\mathbf r|H_0)=\\frac{1}{(2\\pi\\sigma^2)^{L/2}}\\exp\\!\\Big(-\\sum_n 
\\frac{r^2[n]}{2\\sigma^2}\\Big)\\qquad{}f(\\mathbf r|H_1)=\\frac{1}{(2\\pi\\sigma^2)^{L/2}}\\exp\\!\\Big(-\\sum_n 
\\frac{(r[n]-s[n])^2}{2\\sigma^2}\\Big)')):  29%|##9       | 35/120 [00:02<00:03, 22.81it/s]
Animation 5: Write(MathTex('f(\\mathbf r|H_0)=\\frac{1}{(2\\pi\\sigma^2)^{L/2}}\\exp\\!\\Big(-\\sum_n 
\\frac{r^2[n]}{2\\sigma^2}\\Big)\\qquad{}f(\\mathbf r|H_1)=\\frac{1}{(2\\pi\\sigma^2)^{L/2}}\\exp\\!\\Big(-\\sum_n 
\\frac{(r[n]-s[n])^2}{2\\sigma^2}\\Big)')):  32%|###1      | 38/120 [00:02<00:03, 23.89it/s]
Animation 5: Write(MathTex('f(\\mathbf r|H_0)=\\frac{1}{(2\\pi\\sigma^2)^{L/2}}\\exp\\!\\Big(-\\sum_n 
\\frac{r^2[n]}{2\\sigma^2}\\Big)\\qquad{}f(\\mathbf r|H_1)=\\frac{1}{(2\\pi\\sigma^2)^{L/2}}\\exp\\!\\Big(-\\sum_n 
\\frac{(r[n]-s[n])^2}{2\\sigma^2}\\Big)')):  34%|###4      | 41/120 [00:02<00:03, 24.96it/s]
Animation 5: Write(MathTex('f(\\mathbf r|H_0)=\\frac{1}{(2\\pi\\sigma^2)^{L/2}}\\exp\\!\\Big(-\\sum_n 
\\frac{r^2[n]}{2\\sigma^2}\\Big)\\qquad{}f(\\mathbf r|H_1)=\\frac{1}{(2\\pi\\sigma^2)^{L/2}}\\exp\\!\\Big(-\\sum_n 
\\frac{(r[n]-s[n])^2}{2\\sigma^2}\\Big)')):  37%|###6      | 44/120 [00:02<00:03, 21.29it/s]
Animation 5: Write(MathTex('f(\\mathbf r|H_0)=\\frac{1}{(2\\pi\\sigma^2)^{L/2}}\\exp\\!\\Big(-\\sum_n 
\\frac{r^2[n]}{2\\sigma^2}\\Big)\\qquad{}f(\\mathbf r|H_1)=\\frac{1}{(2\\pi\\sigma^2)^{L/2}}\\exp\\!\\Big(-\\sum_n 
\\frac{(r[n]-s[n])^2}{2\\sigma^2}\\Big)')):  39%|###9      | 47/120 [00:02<00:04, 15.87it/s]
Animation 5: Write(MathTex('f(\\mathbf r|H_0)=\\frac{1}{(2\\pi\\sigma^2)^{L/2}}\\exp\\!\\Big(-\\sum_n 
\\frac{r^2[n]}{2\\sigma^2}\\Big)\\qquad{}f(\\mathbf r|H_1)=\\frac{1}{(2\\pi\\sigma^2)^{L/2}}\\exp\\!\\Big(-\\sum_n 
\\frac{(r[n]-s[n])^2}{2\\sigma^2}\\Big)')):  41%|####      | 49/120 [00:03<00:04, 14.28it/s]
Animation 5: Write(MathTex('f(\\mathbf r|H_0)=\\frac{1}{(2\\pi\\sigma^2)^{L/2}}\\exp\\!\\Big(-\\sum_n 
\\frac{r^2[n]}{2\\sigma^2}\\Big)\\qquad{}f(\\mathbf r|H_1)=\\frac{1}{(2\\pi\\sigma^2)^{L/2}}\\exp\\!\\Big(-\\sum_n 
\\frac{(r[n]-s[n])^2}{2\\sigma^2}\\Big)')):  42%|####2     | 51/120 [00:03<00:04, 14.74it/s]
Animation 5: Write(MathTex('f(\\mathbf r|H_0)=\\frac{1}{(2\\pi\\sigma^2)^{L/2}}\\exp\\!\\Big(-\\sum_n 
\\frac{r^2[n]}{2\\sigma^2}\\Big)\\qquad{}f(\\mathbf r|H_1)=\\frac{1}{(2\\pi\\sigma^2)^{L/2}}\\exp\\!\\Big(-\\sum_n 
\\frac{(r[n]-s[n])^2}{2\\sigma^2}\\Big)')):  44%|####4     | 53/120 [00:03<00:04, 14.32it/s]
Animation 5: Write(MathTex('f(\\mathbf r|H_0)=\\frac{1}{(2\\pi\\sigma^2)^{L/2}}\\exp\\!\\Big(-\\sum_n 
\\frac{r^2[n]}{2\\sigma^2}\\Big)\\qquad{}f(\\mathbf r|H_1)=\\frac{1}{(2\\pi\\sigma^2)^{L/2}}\\exp\\!\\Big(-\\sum_n 
\\frac{(r[n]-s[n])^2}{2\\sigma^2}\\Big)')):  46%|####5     | 55/120 [00:03<00:04, 14.72it/s]
Animation 5: Write(MathTex('f(\\mathbf r|H_0)=\\frac{1}{(2\\pi\\sigma^2)^{L/2}}\\exp\\!\\Big(-\\sum_n 
\\frac{r^2[n]}{2\\sigma^2}\\Big)\\qquad{}f(\\mathbf r|H_1)=\\frac{1}{(2\\pi\\sigma^2)^{L/2}}\\exp\\!\\Big(-\\sum_n 
\\frac{(r[n]-s[n])^2}{2\\sigma^2}\\Big)')):  48%|####7     | 57/120 [00:03<00:04, 14.95it/s]
Animation 5: Write(MathTex('f(\\mathbf r|H_0)=\\frac{1}{(2\\pi\\sigma^2)^{L/2}}\\exp\\!\\Big(-\\sum_n 
\\frac{r^2[n]}{2\\sigma^2}\\Big)\\qquad{}f(\\mathbf r|H_1)=\\frac{1}{(2\\pi\\sigma^2)^{L/2}}\\exp\\!\\Big(-\\sum_n 
\\frac{(r[n]-s[n])^2}{2\\sigma^2}\\Big)')):  49%|####9     | 59/120 [00:03<00:04, 14.89it/s]
Animation 5: Write(MathTex('f(\\mathbf r|H_0)=\\frac{1}{(2\\pi\\sigma^2)^{L/2}}\\exp\\!\\Big(-\\sum_n 
\\frac{r^2[n]}{2\\sigma^2}\\Big)\\qquad{}f(\\mathbf r|H_1)=\\frac{1}{(2\\pi\\sigma^2)^{L/2}}\\exp\\!\\Big(-\\sum_n 
\\frac{(r[n]-s[n])^2}{2\\sigma^2}\\Big)')):  51%|#####     | 61/120 [00:03<00:03, 15.42it/s]
Animation 5: Write(MathTex('f(\\mathbf r|H_0)=\\frac{1}{(2\\pi\\sigma^2)^{L/2}}\\exp\\!\\Big(-\\sum_n 
\\frac{r^2[n]}{2\\sigma^2}\\Big)\\qquad{}f(\\mathbf r|H_1)=\\frac{1}{(2\\pi\\sigma^2)^{L/2}}\\exp\\!\\Big(-\\sum_n 
\\frac{(r[n]-s[n])^2}{2\\sigma^2}\\Big)')):  52%|#####2    | 63/120 [00:03<00:03, 15.43it/s]
Animation 5: Write(MathTex('f(\\mathbf r|H_0)=\\frac{1}{(2\\pi\\sigma^2)^{L/2}}\\exp\\!\\Big(-\\sum_n 
\\frac{r^2[n]}{2\\sigma^2}\\Big)\\qquad{}f(\\mathbf r|H_1)=\\frac{1}{(2\\pi\\sigma^2)^{L/2}}\\exp\\!\\Big(-\\sum_n 
\\frac{(r[n]-s[n])^2}{2\\sigma^2}\\Big)')):  54%|#####4    | 65/120 [00:04<00:04, 12.50it/s]
Animation 5: Write(MathTex('f(\\mathbf r|H_0)=\\frac{1}{(2\\pi\\sigma^2)^{L/2}}\\exp\\!\\Big(-\\sum_n 
\\frac{r^2[n]}{2\\sigma^2}\\Big)\\qquad{}f(\\mathbf r|H_1)=\\frac{1}{(2\\pi\\sigma^2)^{L/2}}\\exp\\!\\Big(-\\sum_n 
\\frac{(r[n]-s[n])^2}{2\\sigma^2}\\Big)')):  56%|#####5    | 67/120 [00:04<00:04, 13.07it/s]
Animation 5: Write(MathTex('f(\\mathbf r|H_0)=\\frac{1}{(2\\pi\\sigma^2)^{L/2}}\\exp\\!\\Big(-\\sum_n 
\\frac{r^2[n]}{2\\sigma^2}\\Big)\\qquad{}f(\\mathbf r|H_1)=\\frac{1}{(2\\pi\\sigma^2)^{L/2}}\\exp\\!\\Big(-\\sum_n 
\\frac{(r[n]-s[n])^2}{2\\sigma^2}\\Big)')):  57%|#####7    | 69/120 [00:04<00:04, 10.95it/s]
Animation 5: Write(MathTex('f(\\mathbf r|H_0)=\\frac{1}{(2\\pi\\sigma^2)^{L/2}}\\exp\\!\\Big(-\\sum_n 
\\frac{r^2[n]}{2\\sigma^2}\\Big)\\qquad{}f(\\mathbf r|H_1)=\\frac{1}{(2\\pi\\sigma^2)^{L/2}}\\exp\\!\\Big(-\\sum_n 
\\frac{(r[n]-s[n])^2}{2\\sigma^2}\\Big)')):  60%|######    | 72/120 [00:04<00:03, 13.34it/s]
Animation 5: Write(MathTex('f(\\mathbf r|H_0)=\\frac{1}{(2\\pi\\sigma^2)^{L/2}}\\exp\\!\\Big(-\\sum_n 
\\frac{r^2[n]}{2\\sigma^2}\\Big)\\qquad{}f(\\mathbf r|H_1)=\\frac{1}{(2\\pi\\sigma^2)^{L/2}}\\exp\\!\\Big(-\\sum_n 
\\frac{(r[n]-s[n])^2}{2\\sigma^2}\\Big)')):  62%|######2   | 75/120 [00:04<00:03, 14.28it/s]
Animation 5: Write(MathTex('f(\\mathbf r|H_0)=\\frac{1}{(2\\pi\\sigma^2)^{L/2}}\\exp\\!\\Big(-\\sum_n 
\\frac{r^2[n]}{2\\sigma^2}\\Big)\\qquad{}f(\\mathbf r|H_1)=\\frac{1}{(2\\pi\\sigma^2)^{L/2}}\\exp\\!\\Big(-\\sum_n 
\\frac{(r[n]-s[n])^2}{2\\sigma^2}\\Big)')):  65%|######5   | 78/120 [00:05<00:02, 15.92it/s]
Animation 5: Write(MathTex('f(\\mathbf r|H_0)=\\frac{1}{(2\\pi\\sigma^2)^{L/2}}\\exp\\!\\Big(-\\sum_n 
\\frac{r^2[n]}{2\\sigma^2}\\Big)\\qquad{}f(\\mathbf r|H_1)=\\frac{1}{(2\\pi\\sigma^2)^{L/2}}\\exp\\!\\Big(-\\sum_n 
\\frac{(r[n]-s[n])^2}{2\\sigma^2}\\Big)')):  68%|######7   | 81/120 [00:05<00:02, 18.51it/s]
Animation 5: Write(MathTex('f(\\mathbf r|H_0)=\\frac{1}{(2\\pi\\sigma^2)^{L/2}}\\exp\\!\\Big(-\\sum_n 
\\frac{r^2[n]}{2\\sigma^2}\\Big)\\qquad{}f(\\mathbf r|H_1)=\\frac{1}{(2\\pi\\sigma^2)^{L/2}}\\exp\\!\\Big(-\\sum_n 
\\frac{(r[n]-s[n])^2}{2\\sigma^2}\\Big)')):  70%|#######   | 84/120 [00:05<00:01, 20.70it/s]
Animation 5: Write(MathTex('f(\\mathbf r|H_0)=\\frac{1}{(2\\pi\\sigma^2)^{L/2}}\\exp\\!\\Big(-\\sum_n 
\\frac{r^2[n]}{2\\sigma^2}\\Big)\\qquad{}f(\\mathbf r|H_1)=\\frac{1}{(2\\pi\\sigma^2)^{L/2}}\\exp\\!\\Big(-\\sum_n 
\\frac{(r[n]-s[n])^2}{2\\sigma^2}\\Big)')):  72%|#######2  | 87/120 [00:05<00:01, 22.23it/s]
Animation 5: Write(MathTex('f(\\mathbf r|H_0)=\\frac{1}{(2\\pi\\sigma^2)^{L/2}}\\exp\\!\\Big(-\\sum_n 
\\frac{r^2[n]}{2\\sigma^2}\\Big)\\qquad{}f(\\mathbf r|H_1)=\\frac{1}{(2\\pi\\sigma^2)^{L/2}}\\exp\\!\\Big(-\\sum_n 
\\frac{(r[n]-s[n])^2}{2\\sigma^2}\\Big)')):  75%|#######5  | 90/120 [00:05<00:01, 23.29it/s]
Animation 5: Write(MathTex('f(\\mathbf r|H_0)=\\frac{1}{(2\\pi\\sigma^2)^{L/2}}\\exp\\!\\Big(-\\sum_n 
\\frac{r^2[n]}{2\\sigma^2}\\Big)\\qquad{}f(\\mathbf r|H_1)=\\frac{1}{(2\\pi\\sigma^2)^{L/2}}\\exp\\!\\Big(-\\sum_n 
\\frac{(r[n]-s[n])^2}{2\\sigma^2}\\Big)')):  78%|#######7  | 93/120 [00:05<00:01, 24.34it/s]
Animation 5: Write(MathTex('f(\\mathbf r|H_0)=\\frac{1}{(2\\pi\\sigma^2)^{L/2}}\\exp\\!\\Big(-\\sum_n 
\\frac{r^2[n]}{2\\sigma^2}\\Big)\\qquad{}f(\\mathbf r|H_1)=\\frac{1}{(2\\pi\\sigma^2)^{L/2}}\\exp\\!\\Big(-\\sum_n 
\\frac{(r[n]-s[n])^2}{2\\sigma^2}\\Big)')):  80%|########  | 96/120 [00:05<00:00, 24.79it/s]
Animation 5: Write(MathTex('f(\\mathbf r|H_0)=\\frac{1}{(2\\pi\\sigma^2)^{L/2}}\\exp\\!\\Big(-\\sum_n 
\\frac{r^2[n]}{2\\sigma^2}\\Big)\\qquad{}f(\\mathbf r|H_1)=\\frac{1}{(2\\pi\\sigma^2)^{L/2}}\\exp\\!\\Big(-\\sum_n 
\\frac{(r[n]-s[n])^2}{2\\sigma^2}\\Big)')):  82%|########2 | 99/120 [00:05<00:00, 25.50it/s]
Animation 5: Write(MathTex('f(\\mathbf r|H_0)=\\frac{1}{(2\\pi\\sigma^2)^{L/2}}\\exp\\!\\Big(-\\sum_n 
\\frac{r^2[n]}{2\\sigma^2}\\Big)\\qquad{}f(\\mathbf r|H_1)=\\frac{1}{(2\\pi\\sigma^2)^{L/2}}\\exp\\!\\Big(-\\sum_n 
\\frac{(r[n]-s[n])^2}{2\\sigma^2}\\Big)')):  85%|########5 | 102/120 [00:05<00:00, 24.66it/s]
Animation 5: Write(MathTex('f(\\mathbf r|H_0)=\\frac{1}{(2\\pi\\sigma^2)^{L/2}}\\exp\\!\\Big(-\\sum_n 
\\frac{r^2[n]}{2\\sigma^2}\\Big)\\qquad{}f(\\mathbf r|H_1)=\\frac{1}{(2\\pi\\sigma^2)^{L/2}}\\exp\\!\\Big(-\\sum_n 
\\frac{(r[n]-s[n])^2}{2\\sigma^2}\\Big)')):  88%|########7 | 105/120 [00:06<00:00, 24.30it/s]
Animation 5: Write(MathTex('f(\\mathbf r|H_0)=\\frac{1}{(2\\pi\\sigma^2)^{L/2}}\\exp\\!\\Big(-\\sum_n 
\\frac{r^2[n]}{2\\sigma^2}\\Big)\\qquad{}f(\\mathbf r|H_1)=\\frac{1}{(2\\pi\\sigma^2)^{L/2}}\\exp\\!\\Big(-\\sum_n 
\\frac{(r[n]-s[n])^2}{2\\sigma^2}\\Big)')):  90%|######### | 108/120 [00:06<00:00, 24.31it/s]
Animation 5: Write(MathTex('f(\\mathbf r|H_0)=\\frac{1}{(2\\pi\\sigma^2)^{L/2}}\\exp\\!\\Big(-\\sum_n 
\\frac{r^2[n]}{2\\sigma^2}\\Big)\\qquad{}f(\\mathbf r|H_1)=\\frac{1}{(2\\pi\\sigma^2)^{L/2}}\\exp\\!\\Big(-\\sum_n 
\\frac{(r[n]-s[n])^2}{2\\sigma^2}\\Big)')):  92%|#########2| 111/120 [00:06<00:00, 24.30it/s]
Animation 5: Write(MathTex('f(\\mathbf r|H_0)=\\frac{1}{(2\\pi\\sigma^2)^{L/2}}\\exp\\!\\Big(-\\sum_n 
\\frac{r^2[n]}{2\\sigma^2}\\Big)\\qquad{}f(\\mathbf r|H_1)=\\frac{1}{(2\\pi\\sigma^2)^{L/2}}\\exp\\!\\Big(-\\sum_n 
\\frac{(r[n]-s[n])^2}{2\\sigma^2}\\Big)')):  95%|#########5| 114/120 [00:06<00:00, 24.68it/s]
Animation 5: Write(MathTex('f(\\mathbf r|H_0)=\\frac{1}{(2\\pi\\sigma^2)^{L/2}}\\exp\\!\\Big(-\\sum_n 
\\frac{r^2[n]}{2\\sigma^2}\\Big)\\qquad{}f(\\mathbf r|H_1)=\\frac{1}{(2\\pi\\sigma^2)^{L/2}}\\exp\\!\\Big(-\\sum_n 
\\frac{(r[n]-s[n])^2}{2\\sigma^2}\\Big)')):  98%|#########7| 117/120 [00:06<00:00, 19.75it/s]
Animation 5: Write(MathTex('f(\\mathbf r|H_0)=\\frac{1}{(2\\pi\\sigma^2)^{L/2}}\\exp\\!\\Big(-\\sum_n 
\\frac{r^2[n]}{2\\sigma^2}\\Big)\\qquad{}f(\\mathbf r|H_1)=\\frac{1}{(2\\pi\\sigma^2)^{L/2}}\\exp\\!\\Big(-\\sum_n 
\\frac{(r[n]-s[n])^2}{2\\sigma^2}\\Big)')): 100%|##########| 120/120 [00:06<00:00, 17.90it/s]
[09/11/26 10:43:51] INFO     Animation 5 : Partial     scene_file_writer.py:192
                             movie file written in                             
                             'C:\Users\Nacho\Documents                         
                             \Animaciones\Capitulo                             
                             13\media\videos\s02_deriv                         
                             acion\1080p60\partial_mov                         
                             ie_files\Derivacion\29324                         
                             40949_125487775_297242149                         
                             6.mp4'                                            
[09/11/26 10:43:54] INFO     Animation 6 : Partial     scene_file_writer.py:192
                             movie file written in                             
                             'C:\Users\Nacho\Documents                         
                             \Animaciones\Capitulo                             
                             13\media\videos\s02_deriv                         
                             acion\1080p60\partial_mov                         
                             ie_files\Derivacion\29324                         
                             40949_3926500612_34842960                         
                             16.mp4'                                           
                                                                                                                       
                                                                                                                       
                                                                        

Animation 7: FadeIn(Text('tomamos ln de la regla MAP; las constantes (2πσ²)^(-L/2) se cancelan')):   0%|          | 
0/60 [00:00<?, ?it/s]
Animation 7: FadeIn(Text('tomamos ln de la regla MAP; las constantes (2πσ²)^(-L/2) se cancelan')):   7%|6         | 
4/60 [00:00<00:01, 36.88it/s]
Animation 7: FadeIn(Text('tomamos ln de la regla MAP; las constantes (2πσ²)^(-L/2) se cancelan')):  13%|#3        | 
8/60 [00:00<00:02, 25.93it/s]
Animation 7: FadeIn(Text('tomamos ln de la regla MAP; las constantes (2πσ²)^(-L/2) se cancelan')):  18%|#8        | 
11/60 [00:00<00:02, 22.08it/s]
Animation 7: FadeIn(Text('tomamos ln de la regla MAP; las constantes (2πσ²)^(-L/2) se cancelan')):  23%|##3       | 
14/60 [00:00<00:02, 21.72it/s]
Animation 7: FadeIn(Text('tomamos ln de la regla MAP; las constantes (2πσ²)^(-L/2) se cancelan')):  32%|###1      | 
19/60 [00:00<00:01, 25.53it/s]
Animation 7: FadeIn(Text('tomamos ln de la regla MAP; las constantes (2πσ²)^(-L/2) se cancelan')):  37%|###6      | 
22/60 [00:00<00:01, 24.80it/s]
Animation 7: FadeIn(Text('tomamos ln de la regla MAP; las constantes (2πσ²)^(-L/2) se cancelan')):  42%|####1     | 
25/60 [00:01<00:01, 22.76it/s]
Animation 7: FadeIn(Text('tomamos ln de la regla MAP; las constantes (2πσ²)^(-L/2) se cancelan')):  47%|####6     | 
28/60 [00:01<00:01, 23.48it/s]
Animation 7: FadeIn(Text('tomamos ln de la regla MAP; las constantes (2πσ²)^(-L/2) se cancelan')):  52%|#####1    | 
31/60 [00:01<00:01, 19.41it/s]
Animation 7: FadeIn(Text('tomamos ln de la regla MAP; las constantes (2πσ²)^(-L/2) se cancelan')):  57%|#####6    | 
34/60 [00:01<00:01, 20.53it/s]
Animation 7: FadeIn(Text('tomamos ln de la regla MAP; las constantes (2πσ²)^(-L/2) se cancelan')):  63%|######3   | 
38/60 [00:01<00:00, 22.45it/s]
Animation 7: FadeIn(Text('tomamos ln de la regla MAP; las constantes (2πσ²)^(-L/2) se cancelan')):  68%|######8   | 
41/60 [00:01<00:00, 21.12it/s]
Animation 7: FadeIn(Text('tomamos ln de la regla MAP; las constantes (2πσ²)^(-L/2) se cancelan')):  73%|#######3  | 
44/60 [00:02<00:00, 17.89it/s]
Animation 7: FadeIn(Text('tomamos ln de la regla MAP; las constantes (2πσ²)^(-L/2) se cancelan')):  78%|#######8  | 
47/60 [00:02<00:00, 18.45it/s]
Animation 7: FadeIn(Text('tomamos ln de la regla MAP; las constantes (2πσ²)^(-L/2) se cancelan')):  83%|########3 | 
50/60 [00:02<00:00, 20.06it/s]
Animation 7: FadeIn(Text('tomamos ln de la regla MAP; las constantes (2πσ²)^(-L/2) se cancelan')):  88%|########8 | 
53/60 [00:02<00:00, 21.67it/s]
Animation 7: FadeIn(Text('tomamos ln de la regla MAP; las constantes (2πσ²)^(-L/2) se cancelan')):  93%|#########3| 
56/60 [00:02<00:00, 22.95it/s]
Animation 7: FadeIn(Text('tomamos ln de la regla MAP; las constantes (2πσ²)^(-L/2) se cancelan')):  98%|#########8| 
59/60 [00:02<00:00, 24.44it/s]
[09/11/26 10:43:59] INFO     Animation 7 : Partial     scene_file_writer.py:192
                             movie file written in                             
                             'C:\Users\Nacho\Documents                         
                             \Animaciones\Capitulo                             
                             13\media\videos\s02_deriv                         
                             acion\1080p60\partial_mov                         
                             ie_files\Derivacion\29324                         
                             40949_3996480761_23605591                         
                             81.mp4'                                           
[09/11/26 10:44:02] INFO     Animation 8 : Partial     scene_file_writer.py:192
                             movie file written in                             
                             'C:\Users\Nacho\Documents                         
                             \Animaciones\Capitulo                             
                             13\media\videos\s02_deriv                         
                             acion\1080p60\partial_mov                         
                             ie_files\Derivacion\29324                         
                             40949_4163062370_47325780                         
                             2.mp4'                                            
                                                                                                                       
                           

Animation 9: Write(MathTex('\\ln 
p_1-\\sum_n\\frac{(r[n]-s[n])^2}{2\\sigma^2}\\underset{H_0}{\\overset{H_1}{\\gtrless}}\\ln p_0 - 
\\sum_n\\frac{r^2[n]}{2\\sigma^2}')):   0%|          | 0/120 [00:00<?, ?it/s]
Animation 9: Write(MathTex('\\ln 
p_1-\\sum_n\\frac{(r[n]-s[n])^2}{2\\sigma^2}\\underset{H_0}{\\overset{H_1}{\\gtrless}}\\ln p_0 - 
\\sum_n\\frac{r^2[n]}{2\\sigma^2}')):   2%|2         | 3/120 [00:00<00:04, 28.47it/s]
Animation 9: Write(MathTex('\\ln 
p_1-\\sum_n\\frac{(r[n]-s[n])^2}{2\\sigma^2}\\underset{H_0}{\\overset{H_1}{\\gtrless}}\\ln p_0 - 
\\sum_n\\frac{r^2[n]}{2\\sigma^2}')):   7%|6         | 8/120 [00:00<00:04, 27.55it/s]
Animation 9: Write(MathTex('\\ln 
p_1-\\sum_n\\frac{(r[n]-s[n])^2}{2\\sigma^2}\\underset{H_0}{\\overset{H_1}{\\gtrless}}\\ln p_0 - 
\\sum_n\\frac{r^2[n]}{2\\sigma^2}')):   9%|9         | 11/120 [00:00<00:05, 20.94it/s]
Animation 9: Write(MathTex('\\ln 
p_1-\\sum_n\\frac{(r[n]-s[n])^2}{2\\sigma^2}\\underset{H_0}{\\overset{H_1}{\\gtrless}}\\ln p_0 - 
\\sum_n\\frac{r^2[n]}{2\\sigma^2}')):  12%|#1        | 14/120 [00:00<00:05, 20.17it/s]
Animation 9: Write(MathTex('\\ln 
p_1-\\sum_n\\frac{(r[n]-s[n])^2}{2\\sigma^2}\\underset{H_0}{\\overset{H_1}{\\gtrless}}\\ln p_0 - 
\\sum_n\\frac{r^2[n]}{2\\sigma^2}')):  14%|#4        | 17/120 [00:00<00:04, 21.15it/s]
Animation 9: Write(MathTex('\\ln 
p_1-\\sum_n\\frac{(r[n]-s[n])^2}{2\\sigma^2}\\underset{H_0}{\\overset{H_1}{\\gtrless}}\\ln p_0 - 
\\sum_n\\frac{r^2[n]}{2\\sigma^2}')):  17%|#6        | 20/120 [00:00<00:04, 22.80it/s]
Animation 9: Write(MathTex('\\ln 
p_1-\\sum_n\\frac{(r[n]-s[n])^2}{2\\sigma^2}\\underset{H_0}{\\overset{H_1}{\\gtrless}}\\ln p_0 - 
\\sum_n\\frac{r^2[n]}{2\\sigma^2}')):  20%|##        | 24/120 [00:01<00:03, 24.54it/s]
Animation 9: Write(MathTex('\\ln 
p_1-\\sum_n\\frac{(r[n]-s[n])^2}{2\\sigma^2}\\underset{H_0}{\\overset{H_1}{\\gtrless}}\\ln p_0 - 
\\sum_n\\frac{r^2[n]}{2\\sigma^2}')):  22%|##2       | 27/120 [00:01<00:03, 24.75it/s]
Animation 9: Write(MathTex('\\ln 
p_1-\\sum_n\\frac{(r[n]-s[n])^2}{2\\sigma^2}\\underset{H_0}{\\overset{H_1}{\\gtrless}}\\ln p_0 - 
\\sum_n\\frac{r^2[n]}{2\\sigma^2}')):  25%|##5       | 30/120 [00:01<00:03, 23.62it/s]
Animation 9: Write(MathTex('\\ln 
p_1-\\sum_n\\frac{(r[n]-s[n])^2}{2\\sigma^2}\\underset{H_0}{\\overset{H_1}{\\gtrless}}\\ln p_0 - 
\\sum_n\\frac{r^2[n]}{2\\sigma^2}')):  28%|##7       | 33/120 [00:01<00:03, 24.96it/s]
Animation 9: Write(MathTex('\\ln 
p_1-\\sum_n\\frac{(r[n]-s[n])^2}{2\\sigma^2}\\underset{H_0}{\\overset{H_1}{\\gtrless}}\\ln p_0 - 
\\sum_n\\frac{r^2[n]}{2\\sigma^2}')):  31%|###       | 37/120 [00:01<00:02, 28.47it/s]
Animation 9: Write(MathTex('\\ln 
p_1-\\sum_n\\frac{(r[n]-s[n])^2}{2\\sigma^2}\\underset{H_0}{\\overset{H_1}{\\gtrless}}\\ln p_0 - 
\\sum_n\\frac{r^2[n]}{2\\sigma^2}')):  33%|###3      | 40/120 [00:01<00:02, 28.05it/s]
Animation 9: Write(MathTex('\\ln 
p_1-\\sum_n\\frac{(r[n]-s[n])^2}{2\\sigma^2}\\underset{H_0}{\\overset{H_1}{\\gtrless}}\\ln p_0 - 
\\sum_n\\frac{r^2[n]}{2\\sigma^2}')):  36%|###5      | 43/120 [00:01<00:04, 16.63it/s]
Animation 9: Write(MathTex('\\ln 
p_1-\\sum_n\\frac{(r[n]-s[n])^2}{2\\sigma^2}\\underset{H_0}{\\overset{H_1}{\\gtrless}}\\ln p_0 - 
\\sum_n\\frac{r^2[n]}{2\\sigma^2}')):  38%|###8      | 46/120 [00:02<00:07, 10.50it/s]
Animation 9: Write(MathTex('\\ln 
p_1-\\sum_n\\frac{(r[n]-s[n])^2}{2\\sigma^2}\\underset{H_0}{\\overset{H_1}{\\gtrless}}\\ln p_0 - 
\\sum_n\\frac{r^2[n]}{2\\sigma^2}')):  40%|####      | 48/120 [00:02<00:08,  8.47it/s]
Animation 9: Write(MathTex('\\ln 
p_1-\\sum_n\\frac{(r[n]-s[n])^2}{2\\sigma^2}\\underset{H_0}{\\overset{H_1}{\\gtrless}}\\ln p_0 - 
\\sum_n\\frac{r^2[n]}{2\\sigma^2}')):  42%|####1     | 50/120 [00:03<00:07,  9.17it/s]
Animation 9: Write(MathTex('\\ln 
p_1-\\sum_n\\frac{(r[n]-s[n])^2}{2\\sigma^2}\\underset{H_0}{\\overset{H_1}{\\gtrless}}\\ln p_0 - 
\\sum_n\\frac{r^2[n]}{2\\sigma^2}')):  43%|####3     | 52/120 [00:03<00:08,  8.18it/s]
Animation 9: Write(MathTex('\\ln 
p_1-\\sum_n\\frac{(r[n]-s[n])^2}{2\\sigma^2}\\underset{H_0}{\\overset{H_1}{\\gtrless}}\\ln p_0 - 
\\sum_n\\frac{r^2[n]}{2\\sigma^2}')):  45%|####5     | 54/120 [00:03<00:08,  8.19it/s]
Animation 9: Write(MathTex('\\ln 
p_1-\\sum_n\\frac{(r[n]-s[n])^2}{2\\sigma^2}\\underset{H_0}{\\overset{H_1}{\\gtrless}}\\ln p_0 - 
\\sum_n\\frac{r^2[n]}{2\\sigma^2}')):  47%|####6     | 56/120 [00:03<00:07,  8.67it/s]
Animation 9: Write(MathTex('\\ln 
p_1-\\sum_n\\frac{(r[n]-s[n])^2}{2\\sigma^2}\\underset{H_0}{\\overset{H_1}{\\gtrless}}\\ln p_0 - 
\\sum_n\\frac{r^2[n]}{2\\sigma^2}')):  48%|####8     | 58/120 [00:03<00:06,  9.86it/s]
Animation 9: Write(MathTex('\\ln 
p_1-\\sum_n\\frac{(r[n]-s[n])^2}{2\\sigma^2}\\underset{H_0}{\\overset{H_1}{\\gtrless}}\\ln p_0 - 
\\sum_n\\frac{r^2[n]}{2\\sigma^2}')):  50%|#####     | 60/120 [00:04<00:05, 11.19it/s]
Animation 9: Write(MathTex('\\ln 
p_1-\\sum_n\\frac{(r[n]-s[n])^2}{2\\sigma^2}\\underset{H_0}{\\overset{H_1}{\\gtrless}}\\ln p_0 - 
\\sum_n\\frac{r^2[n]}{2\\sigma^2}')):  52%|#####2    | 63/120 [00:04<00:04, 13.51it/s]
Animation 9: Write(MathTex('\\ln 
p_1-\\sum_n\\frac{(r[n]-s[n])^2}{2\\sigma^2}\\underset{H_0}{\\overset{H_1}{\\gtrless}}\\ln p_0 - 
\\sum_n\\frac{r^2[n]}{2\\sigma^2}')):  55%|#####5    | 66/120 [00:04<00:03, 16.58it/s]
Animation 9: Write(MathTex('\\ln 
p_1-\\sum_n\\frac{(r[n]-s[n])^2}{2\\sigma^2}\\underset{H_0}{\\overset{H_1}{\\gtrless}}\\ln p_0 - 
\\sum_n\\frac{r^2[n]}{2\\sigma^2}')):  57%|#####6    | 68/120 [00:04<00:03, 16.88it/s]
Animation 9: Write(MathTex('\\ln 
p_1-\\sum_n\\frac{(r[n]-s[n])^2}{2\\sigma^2}\\underset{H_0}{\\overset{H_1}{\\gtrless}}\\ln p_0 - 
\\sum_n\\frac{r^2[n]}{2\\sigma^2}')):  59%|#####9    | 71/120 [00:04<00:02, 17.53it/s]
Animation 9: Write(MathTex('\\ln 
p_1-\\sum_n\\frac{(r[n]-s[n])^2}{2\\sigma^2}\\underset{H_0}{\\overset{H_1}{\\gtrless}}\\ln p_0 - 
\\sum_n\\frac{r^2[n]}{2\\sigma^2}')):  62%|######1   | 74/120 [00:04<00:02, 17.43it/s]
Animation 9: Write(MathTex('\\ln 
p_1-\\sum_n\\frac{(r[n]-s[n])^2}{2\\sigma^2}\\underset{H_0}{\\overset{H_1}{\\gtrless}}\\ln p_0 - 
\\sum_n\\frac{r^2[n]}{2\\sigma^2}')):  63%|######3   | 76/120 [00:04<00:02, 16.67it/s]
Animation 9: Write(MathTex('\\ln 
p_1-\\sum_n\\frac{(r[n]-s[n])^2}{2\\sigma^2}\\underset{H_0}{\\overset{H_1}{\\gtrless}}\\ln p_0 - 
\\sum_n\\frac{r^2[n]}{2\\sigma^2}')):  65%|######5   | 78/120 [00:05<00:02, 15.96it/s]
Animation 9: Write(MathTex('\\ln 
p_1-\\sum_n\\frac{(r[n]-s[n])^2}{2\\sigma^2}\\underset{H_0}{\\overset{H_1}{\\gtrless}}\\ln p_0 - 
\\sum_n\\frac{r^2[n]}{2\\sigma^2}')):  68%|######7   | 81/120 [00:05<00:02, 18.17it/s]
Animation 9: Write(MathTex('\\ln 
p_1-\\sum_n\\frac{(r[n]-s[n])^2}{2\\sigma^2}\\underset{H_0}{\\overset{H_1}{\\gtrless}}\\ln p_0 - 
\\sum_n\\frac{r^2[n]}{2\\sigma^2}')):  70%|#######   | 84/120 [00:05<00:01, 20.48it/s]
Animation 9: Write(MathTex('\\ln 
p_1-\\sum_n\\frac{(r[n]-s[n])^2}{2\\sigma^2}\\underset{H_0}{\\overset{H_1}{\\gtrless}}\\ln p_0 - 
\\sum_n\\frac{r^2[n]}{2\\sigma^2}')):  72%|#######2  | 87/120 [00:05<00:01, 22.46it/s]
Animation 9: Write(MathTex('\\ln 
p_1-\\sum_n\\frac{(r[n]-s[n])^2}{2\\sigma^2}\\underset{H_0}{\\overset{H_1}{\\gtrless}}\\ln p_0 - 
\\sum_n\\frac{r^2[n]}{2\\sigma^2}')):  76%|#######5  | 91/120 [00:05<00:01, 25.62it/s]
Animation 9: Write(MathTex('\\ln 
p_1-\\sum_n\\frac{(r[n]-s[n])^2}{2\\sigma^2}\\underset{H_0}{\\overset{H_1}{\\gtrless}}\\ln p_0 - 
\\sum_n\\frac{r^2[n]}{2\\sigma^2}')):  79%|#######9  | 95/120 [00:05<00:00, 26.84it/s]
Animation 9: Write(MathTex('\\ln 
p_1-\\sum_n\\frac{(r[n]-s[n])^2}{2\\sigma^2}\\underset{H_0}{\\overset{H_1}{\\gtrless}}\\ln p_0 - 
\\sum_n\\frac{r^2[n]}{2\\sigma^2}')):  82%|########1 | 98/120 [00:05<00:00, 24.70it/s]
Animation 9: Write(MathTex('\\ln 
p_1-\\sum_n\\frac{(r[n]-s[n])^2}{2\\sigma^2}\\underset{H_0}{\\overset{H_1}{\\gtrless}}\\ln p_0 - 
\\sum_n\\frac{r^2[n]}{2\\sigma^2}')):  84%|########4 | 101/120 [00:05<00:00, 23.45it/s]
Animation 9: Write(MathTex('\\ln 
p_1-\\sum_n\\frac{(r[n]-s[n])^2}{2\\sigma^2}\\underset{H_0}{\\overset{H_1}{\\gtrless}}\\ln p_0 - 
\\sum_n\\frac{r^2[n]}{2\\sigma^2}')):  87%|########6 | 104/120 [00:06<00:00, 24.50it/s]
Animation 9: Write(MathTex('\\ln 
p_1-\\sum_n\\frac{(r[n]-s[n])^2}{2\\sigma^2}\\underset{H_0}{\\overset{H_1}{\\gtrless}}\\ln p_0 - 
\\sum_n\\frac{r^2[n]}{2\\sigma^2}')):  89%|########9 | 107/120 [00:06<00:00, 23.99it/s]
Animation 9: Write(MathTex('\\ln 
p_1-\\sum_n\\frac{(r[n]-s[n])^2}{2\\sigma^2}\\underset{H_0}{\\overset{H_1}{\\gtrless}}\\ln p_0 - 
\\sum_n\\frac{r^2[n]}{2\\sigma^2}')):  92%|#########2| 111/120 [00:06<00:00, 25.98it/s]
Animation 9: Write(MathTex('\\ln 
p_1-\\sum_n\\frac{(r[n]-s[n])^2}{2\\sigma^2}\\underset{H_0}{\\overset{H_1}{\\gtrless}}\\ln p_0 - 
\\sum_n\\frac{r^2[n]}{2\\sigma^2}')):  95%|#########5| 114/120 [00:06<00:00, 25.21it/s]
Animation 9: Write(MathTex('\\ln 
p_1-\\sum_n\\frac{(r[n]-s[n])^2}{2\\sigma^2}\\underset{H_0}{\\overset{H_1}{\\gtrless}}\\ln p_0 - 
\\sum_n\\frac{r^2[n]}{2\\sigma^2}')):  98%|#########8| 118/120 [00:06<00:00, 26.92it/s]
[09/11/26 10:44:11] INFO     Animation 9 : Partial     scene_file_writer.py:192
                             movie file written in                             
                             'C:\Users\Nacho\Documents                         
                             \Animaciones\Capitulo                             
                             13\media\videos\s02_deriv                         
                             acion\1080p60\partial_mov                         
                             ie_files\Derivacion\29324                         
                             40949_3389767852_29750783                         
                             75.mp4'                                           
[09/11/26 10:44:16] INFO     Animation 10 : Partial    scene_file_writer.py:192
                             movie file written in                             
                             'C:\Users\Nacho\Documents                         
                             \Animaciones\Capitulo                             
                             13\media\videos\s02_deriv                         
                             acion\1080p60\partial_mov                         
                             ie_files\Derivacion\29324                         
                             40949_3580093213_40749365                         
                             59.mp4'                                           
                                                                                                                       
                                                                                                  

Animation 11: FadeOut(VGroup of 4 submobjects), etc.:   0%|          | 0/60 [00:00<?, ?it/s]
Animation 11: FadeOut(VGroup of 4 submobjects), etc.:   3%|3         | 2/60 [00:00<00:06,  8.65it/s]
Animation 11: FadeOut(VGroup of 4 submobjects), etc.:   8%|8         | 5/60 [00:00<00:03, 15.12it/s]
Animation 11: FadeOut(VGroup of 4 submobjects), etc.:  12%|#1        | 7/60 [00:00<00:03, 13.34it/s]
Animation 11: FadeOut(VGroup of 4 submobjects), etc.:  17%|#6        | 10/60 [00:00<00:03, 15.58it/s]
Animation 11: FadeOut(VGroup of 4 submobjects), etc.:  20%|##        | 12/60 [00:00<00:02, 16.61it/s]
Animation 11: FadeOut(VGroup of 4 submobjects), etc.:  25%|##5       | 15/60 [00:00<00:02, 18.42it/s]
Animation 11: FadeOut(VGroup of 4 submobjects), etc.:  30%|###       | 18/60 [00:01<00:02, 19.48it/s]
Animation 11: FadeOut(VGroup of 4 submobjects), etc.:  33%|###3      | 20/60 [00:01<00:02, 16.07it/s]
Animation 11: FadeOut(VGroup of 4 submobjects), etc.:  37%|###6      | 22/60 [00:01<00:02, 12.82it/s]
Animation 11: FadeOut(VGroup of 4 submobjects), etc.:  40%|####      | 24/60 [00:01<00:03, 10.60it/s]
Animation 11: FadeOut(VGroup of 4 submobjects), etc.:  43%|####3     | 26/60 [00:02<00:03, 10.01it/s]
Animation 11: FadeOut(VGroup of 4 submobjects), etc.:  47%|####6     | 28/60 [00:02<00:03,  9.47it/s]
Animation 11: FadeOut(VGroup of 4 submobjects), etc.:  50%|#####     | 30/60 [00:02<00:03,  9.67it/s]
Animation 11: FadeOut(VGroup of 4 submobjects), etc.:  53%|#####3    | 32/60 [00:02<00:02, 10.90it/s]
Animation 11: FadeOut(VGroup of 4 submobjects), etc.:  57%|#####6    | 34/60 [00:02<00:02, 11.17it/s]
Animation 11: FadeOut(VGroup of 4 submobjects), etc.:  62%|######1   | 37/60 [00:02<00:01, 14.30it/s]
Animation 11: FadeOut(VGroup of 4 submobjects), etc.:  65%|######5   | 39/60 [00:03<00:01, 11.55it/s]
Animation 11: FadeOut(VGroup of 4 submobjects), etc.:  68%|######8   | 41/60 [00:03<00:01, 10.59it/s]
Animation 11: FadeOut(VGroup of 4 submobjects), etc.:  72%|#######1  | 43/60 [00:03<00:01,  9.92it/s]
Animation 11: FadeOut(VGroup of 4 submobjects), etc.:  75%|#######5  | 45/60 [00:03<00:01,  9.55it/s]
Animation 11: FadeOut(VGroup of 4 submobjects), etc.:  78%|#######8  | 47/60 [00:04<00:01,  9.21it/s]
Animation 11: FadeOut(VGroup of 4 submobjects), etc.:  80%|########  | 48/60 [00:04<00:01,  8.31it/s]
Animation 11: FadeOut(VGroup of 4 submobjects), etc.:  82%|########1 | 49/60 [00:04<00:01,  8.17it/s]
Animation 11: FadeOut(VGroup of 4 submobjects), etc.:  83%|########3 | 50/60 [00:04<00:01,  8.44it/s]
Animation 11: FadeOut(VGroup of 4 submobjects), etc.:  87%|########6 | 52/60 [00:04<00:00,  8.82it/s]
Animation 11: FadeOut(VGroup of 4 submobjects), etc.:  90%|######### | 54/60 [00:04<00:00,  9.19it/s]
Animation 11: FadeOut(VGroup of 4 submobjects), etc.:  93%|#########3| 56/60 [00:05<00:00,  9.39it/s]
Animation 11: FadeOut(VGroup of 4 submobjects), etc.:  95%|#########5| 57/60 [00:05<00:00,  9.38it/s]
Animation 11: FadeOut(VGroup of 4 submobjects), etc.:  97%|#########6| 58/60 [00:05<00:00,  9.41it/s]
Animation 11: FadeOut(VGroup of 4 submobjects), etc.: 100%|##########| 60/60 [00:05<00:00,  9.68it/s]
[09/11/26 10:44:25] INFO     Animation 11 : Partial    scene_file_writer.py:192
                             movie file written in                             
                             'C:\Users\Nacho\Documents                         
                             \Animaciones\Capitulo                             
                             13\media\videos\s02_deriv                         
                             acion\1080p60\partial_mov                         
                             ie_files\Derivacion\29324                         
                             40949_3833866896_35355426                         
                             69.mp4'                                           
                                                                                                     

Animation 12: FadeIn(Text('desarrollamos (r[n]−s[n])² = r²[n] − 2r[n]s[n] + s²[n]')):   0%|          | 0/60 [00:00<?, 
?it/s]
Animation 12: FadeIn(Text('desarrollamos (r[n]−s[n])² = r²[n] − 2r[n]s[n] + s²[n]')):   8%|8         | 5/60 
[00:00<00:01, 44.89it/s]
Animation 12: FadeIn(Text('desarrollamos (r[n]−s[n])² = r²[n] − 2r[n]s[n] + s²[n]')):  17%|#6        | 10/60 
[00:00<00:01, 47.19it/s]
Animation 12: FadeIn(Text('desarrollamos (r[n]−s[n])² = r²[n] − 2r[n]s[n] + s²[n]')):  28%|##8       | 17/60 
[00:00<00:00, 53.25it/s]
Animation 12: FadeIn(Text('desarrollamos (r[n]−s[n])² = r²[n] − 2r[n]s[n] + s²[n]')):  38%|###8      | 23/60 
[00:00<00:00, 47.04it/s]
Animation 12: FadeIn(Text('desarrollamos (r[n]−s[n])² = r²[n] − 2r[n]s[n] + s²[n]')):  48%|####8     | 29/60 
[00:00<00:00, 43.60it/s]
Animation 12: FadeIn(Text('desarrollamos (r[n]−s[n])² = r²[n] − 2r[n]s[n] + s²[n]')):  57%|#####6    | 34/60 
[00:00<00:00, 40.11it/s]
Animation 12: FadeIn(Text('desarrollamos (r[n]−s[n])² = r²[n] − 2r[n]s[n] + s²[n]')):  65%|######5   | 39/60 
[00:00<00:00, 37.76it/s]
Animation 12: FadeIn(Text('desarrollamos (r[n]−s[n])² = r²[n] − 2r[n]s[n] + s²[n]')):  72%|#######1  | 43/60 
[00:01<00:00, 30.50it/s]
Animation 12: FadeIn(Text('desarrollamos (r[n]−s[n])² = r²[n] − 2r[n]s[n] + s²[n]')):  78%|#######8  | 47/60 
[00:01<00:00, 26.29it/s]
Animation 12: FadeIn(Text('desarrollamos (r[n]−s[n])² = r²[n] − 2r[n]s[n] + s²[n]')):  83%|########3 | 50/60 
[00:01<00:00, 23.39it/s]
Animation 12: FadeIn(Text('desarrollamos (r[n]−s[n])² = r²[n] − 2r[n]s[n] + s²[n]')):  92%|#########1| 55/60 
[00:01<00:00, 28.44it/s]
[09/11/26 10:44:28] INFO     Animation 12 : Partial    scene_file_writer.py:192
                             movie file written in                             
                             'C:\Users\Nacho\Documents                         
                             \Animaciones\Capitulo                             
                             13\media\videos\s02_deriv                         
                             acion\1080p60\partial_mov                         
                             ie_files\Derivacion\29324                         
                             40949_991835165_355470454                         
                             6.mp4'                                            
[09/11/26 10:44:29] INFO     Animation 13 : Partial    scene_file_writer.py:192
                             movie file written in                             
                             'C:\Users\Nacho\Documents                         
                             \Animaciones\Capitulo                             
                             13\media\videos\s02_deriv                         
                             acion\1080p60\partial_mov                         
                             ie_files\Derivacion\29324                         
                             40949_4046863825_18854518                         
                             81.mp4'                                           
                                                                                                                       
              

Animation 14: Write(MathTex('\\ln p_1 -\\sum_n\\frac{ r^2[n] -2r[n]s[n]+s^2[n] }{2\\sigma^2} 
\\underset{H_0}{\\overset{H_1}{\\gtrless}} \\ln p_0 - \\sum_n\\frac{ r^2[n] }{2\\sigma^2}')):   0%|          | 0/120 
[00:00<?, ?it/s]
Animation 14: Write(MathTex('\\ln p_1 -\\sum_n\\frac{ r^2[n] -2r[n]s[n]+s^2[n] }{2\\sigma^2} 
\\underset{H_0}{\\overset{H_1}{\\gtrless}} \\ln p_0 - \\sum_n\\frac{ r^2[n] }{2\\sigma^2}')):   7%|6         | 8/120 
[00:00<00:01, 77.20it/s]
Animation 14: Write(MathTex('\\ln p_1 -\\sum_n\\frac{ r^2[n] -2r[n]s[n]+s^2[n] }{2\\sigma^2} 
\\underset{H_0}{\\overset{H_1}{\\gtrless}} \\ln p_0 - \\sum_n\\frac{ r^2[n] }{2\\sigma^2}')):  13%|#3        | 16/120 
[00:00<00:01, 63.11it/s]
Animation 14: Write(MathTex('\\ln p_1 -\\sum_n\\frac{ r^2[n] -2r[n]s[n]+s^2[n] }{2\\sigma^2} 
\\underset{H_0}{\\overset{H_1}{\\gtrless}} \\ln p_0 - \\sum_n\\frac{ r^2[n] }{2\\sigma^2}')):  19%|#9        | 23/120 
[00:00<00:01, 64.27it/s]
Animation 14: Write(MathTex('\\ln p_1 -\\sum_n\\frac{ r^2[n] -2r[n]s[n]+s^2[n] }{2\\sigma^2} 
\\underset{H_0}{\\overset{H_1}{\\gtrless}} \\ln p_0 - \\sum_n\\frac{ r^2[n] }{2\\sigma^2}')):  25%|##5       | 30/120 
[00:00<00:01, 62.36it/s]
Animation 14: Write(MathTex('\\ln p_1 -\\sum_n\\frac{ r^2[n] -2r[n]s[n]+s^2[n] }{2\\sigma^2} 
\\underset{H_0}{\\overset{H_1}{\\gtrless}} \\ln p_0 - \\sum_n\\frac{ r^2[n] }{2\\sigma^2}')):  31%|###       | 37/120 
[00:00<00:01, 63.27it/s]
Animation 14: Write(MathTex('\\ln p_1 -\\sum_n\\frac{ r^2[n] -2r[n]s[n]+s^2[n] }{2\\sigma^2} 
\\underset{H_0}{\\overset{H_1}{\\gtrless}} \\ln p_0 - \\sum_n\\frac{ r^2[n] }{2\\sigma^2}')):  37%|###6      | 44/120 
[00:00<00:01, 55.80it/s]
Animation 14: Write(MathTex('\\ln p_1 -\\sum_n\\frac{ r^2[n] -2r[n]s[n]+s^2[n] }{2\\sigma^2} 
\\underset{H_0}{\\overset{H_1}{\\gtrless}} \\ln p_0 - \\sum_n\\frac{ r^2[n] }{2\\sigma^2}')):  42%|####1     | 50/120 
[00:00<00:01, 44.36it/s]
Animation 14: Write(MathTex('\\ln p_1 -\\sum_n\\frac{ r^2[n] -2r[n]s[n]+s^2[n] }{2\\sigma^2} 
\\underset{H_0}{\\overset{H_1}{\\gtrless}} \\ln p_0 - \\sum_n\\frac{ r^2[n] }{2\\sigma^2}')):  46%|####5     | 55/120 
[00:01<00:02, 29.33it/s]
Animation 14: Write(MathTex('\\ln p_1 -\\sum_n\\frac{ r^2[n] -2r[n]s[n]+s^2[n] }{2\\sigma^2} 
\\underset{H_0}{\\overset{H_1}{\\gtrless}} \\ln p_0 - \\sum_n\\frac{ r^2[n] }{2\\sigma^2}')):  49%|####9     | 59/120 
[00:01<00:02, 24.22it/s]
Animation 14: Write(MathTex('\\ln p_1 -\\sum_n\\frac{ r^2[n] -2r[n]s[n]+s^2[n] }{2\\sigma^2} 
\\underset{H_0}{\\overset{H_1}{\\gtrless}} \\ln p_0 - \\sum_n\\frac{ r^2[n] }{2\\sigma^2}')):  52%|#####2    | 63/120 
[00:01<00:02, 24.16it/s]
Animation 14: Write(MathTex('\\ln p_1 -\\sum_n\\frac{ r^2[n] -2r[n]s[n]+s^2[n] }{2\\sigma^2} 
\\underset{H_0}{\\overset{H_1}{\\gtrless}} \\ln p_0 - \\sum_n\\frac{ r^2[n] }{2\\sigma^2}')):  55%|#####5    | 66/120 
[00:01<00:02, 24.16it/s]
Animation 14: Write(MathTex('\\ln p_1 -\\sum_n\\frac{ r^2[n] -2r[n]s[n]+s^2[n] }{2\\sigma^2} 
\\underset{H_0}{\\overset{H_1}{\\gtrless}} \\ln p_0 - \\sum_n\\frac{ r^2[n] }{2\\sigma^2}')):  57%|#####7    | 69/120 
[00:01<00:02, 24.43it/s]
Animation 14: Write(MathTex('\\ln p_1 -\\sum_n\\frac{ r^2[n] -2r[n]s[n]+s^2[n] }{2\\sigma^2} 
\\underset{H_0}{\\overset{H_1}{\\gtrless}} \\ln p_0 - \\sum_n\\frac{ r^2[n] }{2\\sigma^2}')):  60%|######    | 72/120 
[00:02<00:01, 24.64it/s]
Animation 14: Write(MathTex('\\ln p_1 -\\sum_n\\frac{ r^2[n] -2r[n]s[n]+s^2[n] }{2\\sigma^2} 
\\underset{H_0}{\\overset{H_1}{\\gtrless}} \\ln p_0 - \\sum_n\\frac{ r^2[n] }{2\\sigma^2}')):  62%|######2   | 75/120 
[00:02<00:01, 25.04it/s]
Animation 14: Write(MathTex('\\ln p_1 -\\sum_n\\frac{ r^2[n] -2r[n]s[n]+s^2[n] }{2\\sigma^2} 
\\underset{H_0}{\\overset{H_1}{\\gtrless}} \\ln p_0 - \\sum_n\\frac{ r^2[n] }{2\\sigma^2}')):  65%|######5   | 78/120 
[00:02<00:01, 25.45it/s]
Animation 14: Write(MathTex('\\ln p_1 -\\sum_n\\frac{ r^2[n] -2r[n]s[n]+s^2[n] }{2\\sigma^2} 
\\underset{H_0}{\\overset{H_1}{\\gtrless}} \\ln p_0 - \\sum_n\\frac{ r^2[n] }{2\\sigma^2}')):  68%|######8   | 82/120 
[00:02<00:01, 26.62it/s]
Animation 14: Write(MathTex('\\ln p_1 -\\sum_n\\frac{ r^2[n] -2r[n]s[n]+s^2[n] }{2\\sigma^2} 
\\underset{H_0}{\\overset{H_1}{\\gtrless}} \\ln p_0 - \\sum_n\\frac{ r^2[n] }{2\\sigma^2}')):  71%|#######   | 85/120 
[00:02<00:01, 25.98it/s]
Animation 14: Write(MathTex('\\ln p_1 -\\sum_n\\frac{ r^2[n] -2r[n]s[n]+s^2[n] }{2\\sigma^2} 
\\underset{H_0}{\\overset{H_1}{\\gtrless}} \\ln p_0 - \\sum_n\\frac{ r^2[n] }{2\\sigma^2}')):  73%|#######3  | 88/120 
[00:02<00:01, 20.73it/s]
Animation 14: Write(MathTex('\\ln p_1 -\\sum_n\\frac{ r^2[n] -2r[n]s[n]+s^2[n] }{2\\sigma^2} 
\\underset{H_0}{\\overset{H_1}{\\gtrless}} \\ln p_0 - \\sum_n\\frac{ r^2[n] }{2\\sigma^2}')):  76%|#######5  | 91/120 
[00:02<00:01, 21.32it/s]
Animation 14: Write(MathTex('\\ln p_1 -\\sum_n\\frac{ r^2[n] -2r[n]s[n]+s^2[n] }{2\\sigma^2} 
\\underset{H_0}{\\overset{H_1}{\\gtrless}} \\ln p_0 - \\sum_n\\frac{ r^2[n] }{2\\sigma^2}')):  79%|#######9  | 95/120 
[00:03<00:01, 22.36it/s]
Animation 14: Write(MathTex('\\ln p_1 -\\sum_n\\frac{ r^2[n] -2r[n]s[n]+s^2[n] }{2\\sigma^2} 
\\underset{H_0}{\\overset{H_1}{\\gtrless}} \\ln p_0 - \\sum_n\\frac{ r^2[n] }{2\\sigma^2}')):  82%|########1 | 98/120 
[00:03<00:00, 22.23it/s]
Animation 14: Write(MathTex('\\ln p_1 -\\sum_n\\frac{ r^2[n] -2r[n]s[n]+s^2[n] }{2\\sigma^2} 
\\underset{H_0}{\\overset{H_1}{\\gtrless}} \\ln p_0 - \\sum_n\\frac{ r^2[n] }{2\\sigma^2}')):  84%|########4 | 101/120 
[00:03<00:00, 22.50it/s]
Animation 14: Write(MathTex('\\ln p_1 -\\sum_n\\frac{ r^2[n] -2r[n]s[n]+s^2[n] }{2\\sigma^2} 
\\underset{H_0}{\\overset{H_1}{\\gtrless}} \\ln p_0 - \\sum_n\\frac{ r^2[n] }{2\\sigma^2}')):  87%|########6 | 104/120 
[00:03<00:00, 22.67it/s]
Animation 14: Write(MathTex('\\ln p_1 -\\sum_n\\frac{ r^2[n] -2r[n]s[n]+s^2[n] }{2\\sigma^2} 
\\underset{H_0}{\\overset{H_1}{\\gtrless}} \\ln p_0 - \\sum_n\\frac{ r^2[n] }{2\\sigma^2}')):  89%|########9 | 107/120 
[00:03<00:00, 21.99it/s]
Animation 14: Write(MathTex('\\ln p_1 -\\sum_n\\frac{ r^2[n] -2r[n]s[n]+s^2[n] }{2\\sigma^2} 
\\underset{H_0}{\\overset{H_1}{\\gtrless}} \\ln p_0 - \\sum_n\\frac{ r^2[n] }{2\\sigma^2}')):  92%|#########1| 110/120 
[00:03<00:00, 22.50it/s]
Animation 14: Write(MathTex('\\ln p_1 -\\sum_n\\frac{ r^2[n] -2r[n]s[n]+s^2[n] }{2\\sigma^2} 
\\underset{H_0}{\\overset{H_1}{\\gtrless}} \\ln p_0 - \\sum_n\\frac{ r^2[n] }{2\\sigma^2}')):  97%|#########6| 116/120 
[00:03<00:00, 30.75it/s]
[09/11/26 10:44:34] INFO     Animation 14 : Partial    scene_file_writer.py:192
                             movie file written in                             
                             'C:\Users\Nacho\Documents                         
                             \Animaciones\Capitulo                             
                             13\media\videos\s02_deriv                         
                             acion\1080p60\partial_mov                         
                             ie_files\Derivacion\29324                         
                             40949_2092062822_24014746                         
                             45.mp4'                                           
[09/11/26 10:44:37] INFO     Animation 15 : Partial    scene_file_writer.py:192
                             movie file written in                             
                             'C:\Users\Nacho\Documents                         
                             \Animaciones\Capitulo                             
                             13\media\videos\s02_deriv                         
                             acion\1080p60\partial_mov                         
                             ie_files\Derivacion\29324                         
                             40949_4163062370_31827768                         
                             86.mp4'                                           
                                                                                                                       
                                                                                                                     

Animation 16: _MethodAnimation(MathTexPart('r^2[n]')), etc.:   0%|          | 0/60 [00:00<?, ?it/s]
Animation 16: _MethodAnimation(MathTexPart('r^2[n]')), etc.:  13%|#3        | 8/60 [00:00<00:00, 73.23it/s]
Animation 16: _MethodAnimation(MathTexPart('r^2[n]')), etc.:  27%|##6       | 16/60 [00:00<00:00, 48.18it/s]
Animation 16: _MethodAnimation(MathTexPart('r^2[n]')), etc.:  37%|###6      | 22/60 [00:00<00:00, 42.17it/s]
Animation 16: _MethodAnimation(MathTexPart('r^2[n]')), etc.:  45%|####5     | 27/60 [00:00<00:00, 36.21it/s]
Animation 16: _MethodAnimation(MathTexPart('r^2[n]')), etc.:  52%|#####1    | 31/60 [00:00<00:00, 34.27it/s]
Animation 16: _MethodAnimation(MathTexPart('r^2[n]')), etc.:  58%|#####8    | 35/60 [00:00<00:00, 34.76it/s]
Animation 16: _MethodAnimation(MathTexPart('r^2[n]')), etc.:  65%|######5   | 39/60 [00:01<00:00, 32.39it/s]
Animation 16: _MethodAnimation(MathTexPart('r^2[n]')), etc.:  72%|#######1  | 43/60 [00:01<00:00, 31.40it/s]
Animation 16: _MethodAnimation(MathTexPart('r^2[n]')), etc.:  78%|#######8  | 47/60 [00:01<00:00, 25.52it/s]
Animation 16: _MethodAnimation(MathTexPart('r^2[n]')), etc.:  83%|########3 | 50/60 [00:01<00:00, 26.03it/s]
Animation 16: _MethodAnimation(MathTexPart('r^2[n]')), etc.:  88%|########8 | 53/60 [00:01<00:00, 26.63it/s]
Animation 16: _MethodAnimation(MathTexPart('r^2[n]')), etc.:  93%|#########3| 56/60 [00:01<00:00, 27.08it/s]
Animation 16: _MethodAnimation(MathTexPart('r^2[n]')), etc.:  98%|#########8| 59/60 [00:01<00:00, 26.18it/s]
[09/11/26 10:44:39] INFO     Animation 16 : Partial    scene_file_writer.py:192
                             movie file written in                             
                             'C:\Users\Nacho\Documents                         
                             \Animaciones\Capitulo                             
                             13\media\videos\s02_deriv                         
                             acion\1080p60\partial_mov                         
                             ie_files\Derivacion\29324                         
                             40949_1662448654_10321930                         
                             43.mp4'                                           
                                                                                                            

Animation 17: Create(Line), etc.:   0%|          | 0/60 [00:00<?, ?it/s]
Animation 17: Create(Line), etc.:  13%|#3        | 8/60 [00:00<00:00, 54.62it/s]
Animation 17: Create(Line), etc.:  27%|##6       | 16/60 [00:00<00:00, 59.75it/s]
Animation 17: Create(Line), etc.:  38%|###8      | 23/60 [00:00<00:00, 55.05it/s]
Animation 17: Create(Line), etc.:  48%|####8     | 29/60 [00:00<00:00, 53.88it/s]
Animation 17: Create(Line), etc.:  62%|######1   | 37/60 [00:00<00:00, 57.51it/s]
Animation 17: Create(Line), etc.:  72%|#######1  | 43/60 [00:00<00:00, 58.02it/s]
Animation 17: Create(Line), etc.:  85%|########5 | 51/60 [00:00<00:00, 61.05it/s]
Animation 17: Create(Line), etc.:  97%|#########6| 58/60 [00:01<00:00, 51.66it/s]
[09/11/26 10:44:43] INFO     Animation 17 : Partial    scene_file_writer.py:192
                             movie file written in                             
                             'C:\Users\Nacho\Documents                         
                             \Animaciones\Capitulo                             
                             13\media\videos\s02_deriv                         
                             acion\1080p60\partial_mov                         
                             ie_files\Derivacion\29324                         
                             40949_2570078533_39583036                         
                             55.mp4'                                           
                                                                                 

Animation 18: FadeIn(Text('son idénticos a los dos lados: se cancelan')):   0%|          | 0/60 [00:00<?, ?it/s]
Animation 18: FadeIn(Text('son idénticos a los dos lados: se cancelan')):  10%|#         | 6/60 [00:00<00:00, 
57.30it/s]
Animation 18: FadeIn(Text('son idénticos a los dos lados: se cancelan')):  20%|##        | 12/60 [00:00<00:01, 
34.24it/s]
Animation 18: FadeIn(Text('son idénticos a los dos lados: se cancelan')):  27%|##6       | 16/60 [00:00<00:01, 
34.16it/s]
Animation 18: FadeIn(Text('son idénticos a los dos lados: se cancelan')):  33%|###3      | 20/60 [00:00<00:01, 
32.66it/s]
Animation 18: FadeIn(Text('son idénticos a los dos lados: se cancelan')):  40%|####      | 24/60 [00:00<00:01, 
33.77it/s]
Animation 18: FadeIn(Text('son idénticos a los dos lados: se cancelan')):  47%|####6     | 28/60 [00:00<00:00, 
33.51it/s]
Animation 18: FadeIn(Text('son idénticos a los dos lados: se cancelan')):  53%|#####3    | 32/60 [00:00<00:00, 
33.95it/s]
Animation 18: FadeIn(Text('son idénticos a los dos lados: se cancelan')):  62%|######1   | 37/60 [00:01<00:00, 
35.94it/s]
Animation 18: FadeIn(Text('son idénticos a los dos lados: se cancelan')):  70%|#######   | 42/60 [00:01<00:00, 
37.32it/s]
Animation 18: FadeIn(Text('son idénticos a los dos lados: se cancelan')):  77%|#######6  | 46/60 [00:01<00:00, 
34.85it/s]
Animation 18: FadeIn(Text('son idénticos a los dos lados: se cancelan')):  83%|########3 | 50/60 [00:01<00:00, 
29.71it/s]
Animation 18: FadeIn(Text('son idénticos a los dos lados: se cancelan')):  90%|######### | 54/60 [00:01<00:00, 
25.61it/s]
Animation 18: FadeIn(Text('son idénticos a los dos lados: se cancelan')):  95%|#########5| 57/60 [00:01<00:00, 
23.07it/s]
Animation 18: FadeIn(Text('son idénticos a los dos lados: se cancelan')): 100%|##########| 60/60 [00:02<00:00, 
21.47it/s]
[09/11/26 10:44:46] INFO     Animation 18 : Partial    scene_file_writer.py:192
                             movie file written in                             
                             'C:\Users\Nacho\Documents                         
                             \Animaciones\Capitulo                             
                             13\media\videos\s02_deriv                         
                             acion\1080p60\partial_mov                         
                             ie_files\Derivacion\29324                         
                             40949_2282148396_20136999                         
                             74.mp4'                                           
[09/11/26 10:44:49] INFO     Animation 19 : Partial    scene_file_writer.py:192
                             movie file written in                             
                             'C:\Users\Nacho\Documents                         
                             \Animaciones\Capitulo                             
                             13\media\videos\s02_deriv                         
                             acion\1080p60\partial_mov                         
                             ie_files\Derivacion\29324                         
                             40949_3580093213_31990410                         
                             20.mp4'                                           
                                                                                                                       
  

Animation 20: FadeOut(VGroup of 6 submobjects):   0%|          | 0/60 [00:00<?, ?it/s]
Animation 20: FadeOut(VGroup of 6 submobjects):   7%|6         | 4/60 [00:00<00:01, 32.80it/s]
Animation 20: FadeOut(VGroup of 6 submobjects):  13%|#3        | 8/60 [00:00<00:01, 31.98it/s]
Animation 20: FadeOut(VGroup of 6 submobjects):  20%|##        | 12/60 [00:00<00:01, 25.92it/s]
Animation 20: FadeOut(VGroup of 6 submobjects):  25%|##5       | 15/60 [00:00<00:02, 19.98it/s]
Animation 20: FadeOut(VGroup of 6 submobjects):  30%|###       | 18/60 [00:00<00:02, 16.48it/s]
Animation 20: FadeOut(VGroup of 6 submobjects):  33%|###3      | 20/60 [00:01<00:02, 14.97it/s]
Animation 20: FadeOut(VGroup of 6 submobjects):  37%|###6      | 22/60 [00:01<00:02, 13.85it/s]
Animation 20: FadeOut(VGroup of 6 submobjects):  40%|####      | 24/60 [00:01<00:02, 13.50it/s]
Animation 20: FadeOut(VGroup of 6 submobjects):  43%|####3     | 26/60 [00:01<00:02, 13.62it/s]
Animation 20: FadeOut(VGroup of 6 submobjects):  47%|####6     | 28/60 [00:01<00:02, 13.53it/s]
Animation 20: FadeOut(VGroup of 6 submobjects):  50%|#####     | 30/60 [00:01<00:02, 14.77it/s]
Animation 20: FadeOut(VGroup of 6 submobjects):  55%|#####5    | 33/60 [00:01<00:01, 16.55it/s]
Animation 20: FadeOut(VGroup of 6 submobjects):  58%|#####8    | 35/60 [00:02<00:01, 15.82it/s]
Animation 20: FadeOut(VGroup of 6 submobjects):  62%|######1   | 37/60 [00:02<00:01, 14.32it/s]
Animation 20: FadeOut(VGroup of 6 submobjects):  65%|######5   | 39/60 [00:02<00:01, 13.21it/s]
Animation 20: FadeOut(VGroup of 6 submobjects):  68%|######8   | 41/60 [00:02<00:01, 11.77it/s]
Animation 20: FadeOut(VGroup of 6 submobjects):  72%|#######1  | 43/60 [00:02<00:01, 10.59it/s]
Animation 20: FadeOut(VGroup of 6 submobjects):  75%|#######5  | 45/60 [00:03<00:01, 10.43it/s]
Animation 20: FadeOut(VGroup of 6 submobjects):  78%|#######8  | 47/60 [00:03<00:01, 11.68it/s]
Animation 20: FadeOut(VGroup of 6 submobjects):  83%|########3 | 50/60 [00:03<00:00, 15.26it/s]
Animation 20: FadeOut(VGroup of 6 submobjects):  87%|########6 | 52/60 [00:03<00:00, 15.14it/s]
Animation 20: FadeOut(VGroup of 6 submobjects):  90%|######### | 54/60 [00:03<00:00, 15.02it/s]
Animation 20: FadeOut(VGroup of 6 submobjects):  93%|#########3| 56/60 [00:03<00:00, 14.21it/s]
Animation 20: FadeOut(VGroup of 6 submobjects):  97%|#########6| 58/60 [00:03<00:00, 14.79it/s]
Animation 20: FadeOut(VGroup of 6 submobjects): 100%|##########| 60/60 [00:04<00:00, 14.72it/s]
[09/11/26 10:44:56] INFO     Animation 20 : Partial    scene_file_writer.py:192
                             movie file written in                             
                             'C:\Users\Nacho\Documents                         
                             \Animaciones\Capitulo                             
                             13\media\videos\s02_deriv                         
                             acion\1080p60\partial_mov                         
                             ie_files\Derivacion\29324                         
                             40949_429238323_379295557                         
                             9.mp4'                                            
                                                                                               

Animation 21: Write(MathTex('\\ln 
p_1+\\sum_n\\frac{2r[n]s[n]-s^2[n]}{2\\sigma^2}\\underset{H_0}{\\overset{H_1}{\\gtrless}}\\ln p_0')):   0%|          | 
0/120 [00:00<?, ?it/s]
Animation 21: Write(MathTex('\\ln 
p_1+\\sum_n\\frac{2r[n]s[n]-s^2[n]}{2\\sigma^2}\\underset{H_0}{\\overset{H_1}{\\gtrless}}\\ln p_0')):   4%|4         | 
5/120 [00:00<00:02, 41.75it/s]
Animation 21: Write(MathTex('\\ln 
p_1+\\sum_n\\frac{2r[n]s[n]-s^2[n]}{2\\sigma^2}\\underset{H_0}{\\overset{H_1}{\\gtrless}}\\ln p_0')):   9%|9         | 
11/120 [00:00<00:02, 39.93it/s]
Animation 21: Write(MathTex('\\ln 
p_1+\\sum_n\\frac{2r[n]s[n]-s^2[n]}{2\\sigma^2}\\underset{H_0}{\\overset{H_1}{\\gtrless}}\\ln p_0')):  13%|#3        | 
16/120 [00:00<00:02, 35.40it/s]
Animation 21: Write(MathTex('\\ln 
p_1+\\sum_n\\frac{2r[n]s[n]-s^2[n]}{2\\sigma^2}\\underset{H_0}{\\overset{H_1}{\\gtrless}}\\ln p_0')):  17%|#6        | 
20/120 [00:00<00:03, 30.65it/s]
Animation 21: Write(MathTex('\\ln 
p_1+\\sum_n\\frac{2r[n]s[n]-s^2[n]}{2\\sigma^2}\\underset{H_0}{\\overset{H_1}{\\gtrless}}\\ln p_0')):  20%|##        | 
24/120 [00:00<00:02, 32.45it/s]
Animation 21: Write(MathTex('\\ln 
p_1+\\sum_n\\frac{2r[n]s[n]-s^2[n]}{2\\sigma^2}\\underset{H_0}{\\overset{H_1}{\\gtrless}}\\ln p_0')):  23%|##3       | 
28/120 [00:00<00:02, 33.89it/s]
Animation 21: Write(MathTex('\\ln 
p_1+\\sum_n\\frac{2r[n]s[n]-s^2[n]}{2\\sigma^2}\\underset{H_0}{\\overset{H_1}{\\gtrless}}\\ln p_0')):  27%|##6       | 
32/120 [00:00<00:02, 35.46it/s]
Animation 21: Write(MathTex('\\ln 
p_1+\\sum_n\\frac{2r[n]s[n]-s^2[n]}{2\\sigma^2}\\underset{H_0}{\\overset{H_1}{\\gtrless}}\\ln p_0')):  31%|###       | 
37/120 [00:01<00:02, 38.26it/s]
Animation 21: Write(MathTex('\\ln 
p_1+\\sum_n\\frac{2r[n]s[n]-s^2[n]}{2\\sigma^2}\\underset{H_0}{\\overset{H_1}{\\gtrless}}\\ln p_0')):  35%|###5      | 
42/120 [00:01<00:02, 38.79it/s]
Animation 21: Write(MathTex('\\ln 
p_1+\\sum_n\\frac{2r[n]s[n]-s^2[n]}{2\\sigma^2}\\underset{H_0}{\\overset{H_1}{\\gtrless}}\\ln p_0')):  38%|###8      | 
46/120 [00:01<00:02, 35.86it/s]
Animation 21: Write(MathTex('\\ln 
p_1+\\sum_n\\frac{2r[n]s[n]-s^2[n]}{2\\sigma^2}\\underset{H_0}{\\overset{H_1}{\\gtrless}}\\ln p_0')):  42%|####1     | 
50/120 [00:01<00:02, 32.23it/s]
Animation 21: Write(MathTex('\\ln 
p_1+\\sum_n\\frac{2r[n]s[n]-s^2[n]}{2\\sigma^2}\\underset{H_0}{\\overset{H_1}{\\gtrless}}\\ln p_0')):  45%|####5     | 
54/120 [00:01<00:02, 30.84it/s]
Animation 21: Write(MathTex('\\ln 
p_1+\\sum_n\\frac{2r[n]s[n]-s^2[n]}{2\\sigma^2}\\underset{H_0}{\\overset{H_1}{\\gtrless}}\\ln p_0')):  48%|####8     | 
58/120 [00:01<00:01, 31.10it/s]
Animation 21: Write(MathTex('\\ln 
p_1+\\sum_n\\frac{2r[n]s[n]-s^2[n]}{2\\sigma^2}\\underset{H_0}{\\overset{H_1}{\\gtrless}}\\ln p_0')):  52%|#####1    | 
62/120 [00:01<00:02, 28.72it/s]
Animation 21: Write(MathTex('\\ln 
p_1+\\sum_n\\frac{2r[n]s[n]-s^2[n]}{2\\sigma^2}\\underset{H_0}{\\overset{H_1}{\\gtrless}}\\ln p_0')):  54%|#####4    | 
65/120 [00:02<00:02, 26.75it/s]
Animation 21: Write(MathTex('\\ln 
p_1+\\sum_n\\frac{2r[n]s[n]-s^2[n]}{2\\sigma^2}\\underset{H_0}{\\overset{H_1}{\\gtrless}}\\ln p_0')):  57%|#####6    | 
68/120 [00:02<00:02, 23.68it/s]
Animation 21: Write(MathTex('\\ln 
p_1+\\sum_n\\frac{2r[n]s[n]-s^2[n]}{2\\sigma^2}\\underset{H_0}{\\overset{H_1}{\\gtrless}}\\ln p_0')):  59%|#####9    | 
71/120 [00:02<00:02, 23.83it/s]
Animation 21: Write(MathTex('\\ln 
p_1+\\sum_n\\frac{2r[n]s[n]-s^2[n]}{2\\sigma^2}\\underset{H_0}{\\overset{H_1}{\\gtrless}}\\ln p_0')):  62%|######1   | 
74/120 [00:02<00:02, 21.95it/s]
Animation 21: Write(MathTex('\\ln 
p_1+\\sum_n\\frac{2r[n]s[n]-s^2[n]}{2\\sigma^2}\\underset{H_0}{\\overset{H_1}{\\gtrless}}\\ln p_0')):  64%|######4   | 
77/120 [00:02<00:02, 21.03it/s]
Animation 21: Write(MathTex('\\ln 
p_1+\\sum_n\\frac{2r[n]s[n]-s^2[n]}{2\\sigma^2}\\underset{H_0}{\\overset{H_1}{\\gtrless}}\\ln p_0')):  67%|######6   | 
80/120 [00:02<00:01, 21.69it/s]
Animation 21: Write(MathTex('\\ln 
p_1+\\sum_n\\frac{2r[n]s[n]-s^2[n]}{2\\sigma^2}\\underset{H_0}{\\overset{H_1}{\\gtrless}}\\ln p_0')):  69%|######9   | 
83/120 [00:02<00:01, 21.75it/s]
Animation 21: Write(MathTex('\\ln 
p_1+\\sum_n\\frac{2r[n]s[n]-s^2[n]}{2\\sigma^2}\\underset{H_0}{\\overset{H_1}{\\gtrless}}\\ln p_0')):  72%|#######1  | 
86/120 [00:03<00:01, 20.80it/s]
Animation 21: Write(MathTex('\\ln 
p_1+\\sum_n\\frac{2r[n]s[n]-s^2[n]}{2\\sigma^2}\\underset{H_0}{\\overset{H_1}{\\gtrless}}\\ln p_0')):  74%|#######4  | 
89/120 [00:03<00:01, 20.39it/s]
Animation 21: Write(MathTex('\\ln 
p_1+\\sum_n\\frac{2r[n]s[n]-s^2[n]}{2\\sigma^2}\\underset{H_0}{\\overset{H_1}{\\gtrless}}\\ln p_0')):  77%|#######6  | 
92/120 [00:03<00:01, 19.68it/s]
Animation 21: Write(MathTex('\\ln 
p_1+\\sum_n\\frac{2r[n]s[n]-s^2[n]}{2\\sigma^2}\\underset{H_0}{\\overset{H_1}{\\gtrless}}\\ln p_0')):  78%|#######8  | 
94/120 [00:03<00:01, 15.80it/s]
Animation 21: Write(MathTex('\\ln 
p_1+\\sum_n\\frac{2r[n]s[n]-s^2[n]}{2\\sigma^2}\\underset{H_0}{\\overset{H_1}{\\gtrless}}\\ln p_0')):  80%|########  | 
96/120 [00:03<00:01, 16.34it/s]
Animation 21: Write(MathTex('\\ln 
p_1+\\sum_n\\frac{2r[n]s[n]-s^2[n]}{2\\sigma^2}\\underset{H_0}{\\overset{H_1}{\\gtrless}}\\ln p_0')):  82%|########1 | 
98/120 [00:03<00:01, 16.80it/s]
Animation 21: Write(MathTex('\\ln 
p_1+\\sum_n\\frac{2r[n]s[n]-s^2[n]}{2\\sigma^2}\\underset{H_0}{\\overset{H_1}{\\gtrless}}\\ln p_0')):  84%|########4 | 
101/120 [00:03<00:01, 18.30it/s]
Animation 21: Write(MathTex('\\ln 
p_1+\\sum_n\\frac{2r[n]s[n]-s^2[n]}{2\\sigma^2}\\underset{H_0}{\\overset{H_1}{\\gtrless}}\\ln p_0')):  87%|########6 | 
104/120 [00:04<00:00, 20.24it/s]
Animation 21: Write(MathTex('\\ln 
p_1+\\sum_n\\frac{2r[n]s[n]-s^2[n]}{2\\sigma^2}\\underset{H_0}{\\overset{H_1}{\\gtrless}}\\ln p_0')):  90%|######### | 
108/120 [00:04<00:00, 21.05it/s]
Animation 21: Write(MathTex('\\ln 
p_1+\\sum_n\\frac{2r[n]s[n]-s^2[n]}{2\\sigma^2}\\underset{H_0}{\\overset{H_1}{\\gtrless}}\\ln p_0')):  93%|#########3| 
112/120 [00:04<00:00, 23.17it/s]
Animation 21: Write(MathTex('\\ln 
p_1+\\sum_n\\frac{2r[n]s[n]-s^2[n]}{2\\sigma^2}\\underset{H_0}{\\overset{H_1}{\\gtrless}}\\ln p_0')):  96%|#########5| 
115/120 [00:04<00:00, 22.35it/s]
Animation 21: Write(MathTex('\\ln 
p_1+\\sum_n\\frac{2r[n]s[n]-s^2[n]}{2\\sigma^2}\\underset{H_0}{\\overset{H_1}{\\gtrless}}\\ln p_0')):  98%|#########8| 
118/120 [00:04<00:00, 21.66it/s]
[09/11/26 10:45:01] INFO     Animation 21 : Partial    scene_file_writer.py:192
                             movie file written in                             
                             'C:\Users\Nacho\Documents                         
                             \Animaciones\Capitulo                             
                             13\media\videos\s02_deriv                         
                             acion\1080p60\partial_mov                         
                             ie_files\Derivacion\29324                         
                             40949_3172315018_24192177                         
                             62.mp4'                                           
                                                                                                                       
                                                                  

Animation 22: FadeIn(VGroup of 5 submobjects):   0%|          | 0/60 [00:00<?, ?it/s]
Animation 22: FadeIn(VGroup of 5 submobjects):   7%|6         | 4/60 [00:00<00:02, 22.62it/s]
Animation 22: FadeIn(VGroup of 5 submobjects):  12%|#1        | 7/60 [00:00<00:02, 17.85it/s]
Animation 22: FadeIn(VGroup of 5 submobjects):  15%|#5        | 9/60 [00:00<00:02, 17.75it/s]
Animation 22: FadeIn(VGroup of 5 submobjects):  18%|#8        | 11/60 [00:00<00:02, 17.95it/s]
Animation 22: FadeIn(VGroup of 5 submobjects):  22%|##1       | 13/60 [00:00<00:02, 18.18it/s]
Animation 22: FadeIn(VGroup of 5 submobjects):  27%|##6       | 16/60 [00:00<00:02, 20.39it/s]
Animation 22: FadeIn(VGroup of 5 submobjects):  32%|###1      | 19/60 [00:00<00:02, 20.48it/s]
Animation 22: FadeIn(VGroup of 5 submobjects):  37%|###6      | 22/60 [00:01<00:01, 20.75it/s]
Animation 22: FadeIn(VGroup of 5 submobjects):  42%|####1     | 25/60 [00:01<00:01, 21.23it/s]
Animation 22: FadeIn(VGroup of 5 submobjects):  47%|####6     | 28/60 [00:01<00:01, 23.24it/s]
Animation 22: FadeIn(VGroup of 5 submobjects):  52%|#####1    | 31/60 [00:01<00:01, 24.33it/s]
Animation 22: FadeIn(VGroup of 5 submobjects):  57%|#####6    | 34/60 [00:01<00:01, 22.26it/s]
Animation 22: FadeIn(VGroup of 5 submobjects):  62%|######1   | 37/60 [00:01<00:01, 22.78it/s]
Animation 22: FadeIn(VGroup of 5 submobjects):  68%|######8   | 41/60 [00:01<00:00, 25.53it/s]
Animation 22: FadeIn(VGroup of 5 submobjects):  73%|#######3  | 44/60 [00:02<00:00, 20.93it/s]
Animation 22: FadeIn(VGroup of 5 submobjects):  78%|#######8  | 47/60 [00:02<00:00, 18.76it/s]
Animation 22: FadeIn(VGroup of 5 submobjects):  83%|########3 | 50/60 [00:02<00:00, 17.33it/s]
Animation 22: FadeIn(VGroup of 5 submobjects):  88%|########8 | 53/60 [00:02<00:00, 18.32it/s]
Animation 22: FadeIn(VGroup of 5 submobjects):  92%|#########1| 55/60 [00:02<00:00, 18.52it/s]
Animation 22: FadeIn(VGroup of 5 submobjects):  97%|#########6| 58/60 [00:02<00:00, 20.14it/s]
[09/11/26 10:45:05] INFO     Animation 22 : Partial    scene_file_writer.py:192
                             movie file written in                             
                             'C:\Users\Nacho\Documents                         
                             \Animaciones\Capitulo                             
                             13\media\videos\s02_deriv                         
                             acion\1080p60\partial_mov                         
                             ie_files\Derivacion\29324                         
                             40949_2790421636_18746760                         
                             28.mp4'                                           
[09/11/26 10:45:10] INFO     Animation 23 : Partial    scene_file_writer.py:192
                             movie file written in                             
                             'C:\Users\Nacho\Documents                         
                             \Animaciones\Capitulo                             
                             13\media\videos\s02_deriv                         
                             acion\1080p60\partial_mov                         
                             ie_files\Derivacion\29324                         
                             40949_3580093213_41778280                         
                             52.mp4'                                           
                                                                                              

Animation 24: FadeOut(VGroup of 2 submobjects):   0%|          | 0/60 [00:00<?, ?it/s]
Animation 24: FadeOut(VGroup of 2 submobjects):   5%|5         | 3/60 [00:00<00:02, 21.77it/s]
Animation 24: FadeOut(VGroup of 2 submobjects):  10%|#         | 6/60 [00:00<00:02, 21.32it/s]
Animation 24: FadeOut(VGroup of 2 submobjects):  15%|#5        | 9/60 [00:00<00:02, 21.64it/s]
Animation 24: FadeOut(VGroup of 2 submobjects):  20%|##        | 12/60 [00:00<00:02, 17.34it/s]
Animation 24: FadeOut(VGroup of 2 submobjects):  23%|##3       | 14/60 [00:00<00:02, 16.93it/s]
Animation 24: FadeOut(VGroup of 2 submobjects):  28%|##8       | 17/60 [00:00<00:02, 17.68it/s]
Animation 24: FadeOut(VGroup of 2 submobjects):  32%|###1      | 19/60 [00:01<00:02, 15.08it/s]
Animation 24: FadeOut(VGroup of 2 submobjects):  35%|###5      | 21/60 [00:01<00:02, 16.05it/s]
Animation 24: FadeOut(VGroup of 2 submobjects):  38%|###8      | 23/60 [00:01<00:02, 16.34it/s]
Animation 24: FadeOut(VGroup of 2 submobjects):  42%|####1     | 25/60 [00:01<00:02, 16.36it/s]
Animation 24: FadeOut(VGroup of 2 submobjects):  45%|####5     | 27/60 [00:01<00:02, 15.43it/s]
Animation 24: FadeOut(VGroup of 2 submobjects):  48%|####8     | 29/60 [00:01<00:02, 14.45it/s]
Animation 24: FadeOut(VGroup of 2 submobjects):  52%|#####1    | 31/60 [00:01<00:02, 13.50it/s]
Animation 24: FadeOut(VGroup of 2 submobjects):  55%|#####5    | 33/60 [00:02<00:01, 14.48it/s]
Animation 24: FadeOut(VGroup of 2 submobjects):  58%|#####8    | 35/60 [00:02<00:01, 15.50it/s]
Animation 24: FadeOut(VGroup of 2 submobjects):  62%|######1   | 37/60 [00:02<00:01, 15.17it/s]
Animation 24: FadeOut(VGroup of 2 submobjects):  65%|######5   | 39/60 [00:02<00:01, 14.29it/s]
Animation 24: FadeOut(VGroup of 2 submobjects):  68%|######8   | 41/60 [00:02<00:01, 14.77it/s]
Animation 24: FadeOut(VGroup of 2 submobjects):  72%|#######1  | 43/60 [00:02<00:01, 14.28it/s]
Animation 24: FadeOut(VGroup of 2 submobjects):  75%|#######5  | 45/60 [00:02<00:01, 13.82it/s]
Animation 24: FadeOut(VGroup of 2 submobjects):  78%|#######8  | 47/60 [00:03<00:00, 13.20it/s]
Animation 24: FadeOut(VGroup of 2 submobjects):  87%|########6 | 52/60 [00:03<00:00, 20.25it/s]
Animation 24: FadeOut(VGroup of 2 submobjects):  95%|#########5| 57/60 [00:03<00:00, 23.85it/s]
Animation 24: FadeOut(VGroup of 2 submobjects): 100%|##########| 60/60 [00:03<00:00, 21.69it/s]
[09/11/26 10:45:15] INFO     Animation 24 : Partial    scene_file_writer.py:192
                             movie file written in                             
                             'C:\Users\Nacho\Documents                         
                             \Animaciones\Capitulo                             
                             13\media\videos\s02_deriv                         
                             acion\1080p60\partial_mov                         
                             ie_files\Derivacion\29324                         
                             40949_4042643328_21693891                         
                             15.mp4'                                           
                                                                                               

Animation 25: Write(MathTex('g=\\sum_{n=0}^{L-1}r[n]\\,s[n]\\underset{H_0}{\\overset{H_1}{\\gtrless}}\\gamma=\\sigma^2\
\ln\\!\\Big(\\frac{p_0}{p_1}\\Big)+\\frac{E}{2}')), etc.:   0%|          | 0/120 [00:00<?, ?it/s]
Animation 25: Write(MathTex('g=\\sum_{n=0}^{L-1}r[n]\\,s[n]\\underset{H_0}{\\overset{H_1}{\\gtrless}}\\gamma=\\sigma^2\
\ln\\!\\Big(\\frac{p_0}{p_1}\\Big)+\\frac{E}{2}')), etc.:   3%|3         | 4/120 [00:00<00:03, 35.92it/s]
Animation 25: Write(MathTex('g=\\sum_{n=0}^{L-1}r[n]\\,s[n]\\underset{H_0}{\\overset{H_1}{\\gtrless}}\\gamma=\\sigma^2\
\ln\\!\\Big(\\frac{p_0}{p_1}\\Big)+\\frac{E}{2}')), etc.:   7%|6         | 8/120 [00:00<00:04, 26.50it/s]
Animation 25: Write(MathTex('g=\\sum_{n=0}^{L-1}r[n]\\,s[n]\\underset{H_0}{\\overset{H_1}{\\gtrless}}\\gamma=\\sigma^2\
\ln\\!\\Big(\\frac{p_0}{p_1}\\Big)+\\frac{E}{2}')), etc.:  10%|#         | 12/120 [00:00<00:03, 27.92it/s]
Animation 25: Write(MathTex('g=\\sum_{n=0}^{L-1}r[n]\\,s[n]\\underset{H_0}{\\overset{H_1}{\\gtrless}}\\gamma=\\sigma^2\
\ln\\!\\Big(\\frac{p_0}{p_1}\\Big)+\\frac{E}{2}')), etc.:  12%|#2        | 15/120 [00:00<00:03, 26.34it/s]
Animation 25: Write(MathTex('g=\\sum_{n=0}^{L-1}r[n]\\,s[n]\\underset{H_0}{\\overset{H_1}{\\gtrless}}\\gamma=\\sigma^2\
\ln\\!\\Big(\\frac{p_0}{p_1}\\Big)+\\frac{E}{2}')), etc.:  15%|#5        | 18/120 [00:00<00:03, 26.66it/s]
Animation 25: Write(MathTex('g=\\sum_{n=0}^{L-1}r[n]\\,s[n]\\underset{H_0}{\\overset{H_1}{\\gtrless}}\\gamma=\\sigma^2\
\ln\\!\\Big(\\frac{p_0}{p_1}\\Big)+\\frac{E}{2}')), etc.:  18%|#7        | 21/120 [00:00<00:04, 23.30it/s]
Animation 25: Write(MathTex('g=\\sum_{n=0}^{L-1}r[n]\\,s[n]\\underset{H_0}{\\overset{H_1}{\\gtrless}}\\gamma=\\sigma^2\
\ln\\!\\Big(\\frac{p_0}{p_1}\\Big)+\\frac{E}{2}')), etc.:  20%|##        | 24/120 [00:00<00:04, 22.68it/s]
Animation 25: Write(MathTex('g=\\sum_{n=0}^{L-1}r[n]\\,s[n]\\underset{H_0}{\\overset{H_1}{\\gtrless}}\\gamma=\\sigma^2\
\ln\\!\\Big(\\frac{p_0}{p_1}\\Big)+\\frac{E}{2}')), etc.:  22%|##2       | 27/120 [00:01<00:04, 22.40it/s]
Animation 25: Write(MathTex('g=\\sum_{n=0}^{L-1}r[n]\\,s[n]\\underset{H_0}{\\overset{H_1}{\\gtrless}}\\gamma=\\sigma^2\
\ln\\!\\Big(\\frac{p_0}{p_1}\\Big)+\\frac{E}{2}')), etc.:  25%|##5       | 30/120 [00:01<00:03, 22.62it/s]
Animation 25: Write(MathTex('g=\\sum_{n=0}^{L-1}r[n]\\,s[n]\\underset{H_0}{\\overset{H_1}{\\gtrless}}\\gamma=\\sigma^2\
\ln\\!\\Big(\\frac{p_0}{p_1}\\Big)+\\frac{E}{2}')), etc.:  28%|##8       | 34/120 [00:01<00:03, 24.55it/s]
Animation 25: Write(MathTex('g=\\sum_{n=0}^{L-1}r[n]\\,s[n]\\underset{H_0}{\\overset{H_1}{\\gtrless}}\\gamma=\\sigma^2\
\ln\\!\\Big(\\frac{p_0}{p_1}\\Big)+\\frac{E}{2}')), etc.:  31%|###       | 37/120 [00:01<00:03, 21.61it/s]
Animation 25: Write(MathTex('g=\\sum_{n=0}^{L-1}r[n]\\,s[n]\\underset{H_0}{\\overset{H_1}{\\gtrless}}\\gamma=\\sigma^2\
\ln\\!\\Big(\\frac{p_0}{p_1}\\Big)+\\frac{E}{2}')), etc.:  33%|###3      | 40/120 [00:01<00:04, 19.24it/s]
Animation 25: Write(MathTex('g=\\sum_{n=0}^{L-1}r[n]\\,s[n]\\underset{H_0}{\\overset{H_1}{\\gtrless}}\\gamma=\\sigma^2\
\ln\\!\\Big(\\frac{p_0}{p_1}\\Big)+\\frac{E}{2}')), etc.:  36%|###5      | 43/120 [00:01<00:04, 18.91it/s]
Animation 25: Write(MathTex('g=\\sum_{n=0}^{L-1}r[n]\\,s[n]\\underset{H_0}{\\overset{H_1}{\\gtrless}}\\gamma=\\sigma^2\
\ln\\!\\Big(\\frac{p_0}{p_1}\\Big)+\\frac{E}{2}')), etc.:  38%|###7      | 45/120 [00:02<00:04, 16.51it/s]
Animation 25: Write(MathTex('g=\\sum_{n=0}^{L-1}r[n]\\,s[n]\\underset{H_0}{\\overset{H_1}{\\gtrless}}\\gamma=\\sigma^2\
\ln\\!\\Big(\\frac{p_0}{p_1}\\Big)+\\frac{E}{2}')), etc.:  39%|###9      | 47/120 [00:02<00:04, 15.86it/s]
Animation 25: Write(MathTex('g=\\sum_{n=0}^{L-1}r[n]\\,s[n]\\underset{H_0}{\\overset{H_1}{\\gtrless}}\\gamma=\\sigma^2\
\ln\\!\\Big(\\frac{p_0}{p_1}\\Big)+\\frac{E}{2}')), etc.:  41%|####      | 49/120 [00:02<00:04, 15.67it/s]
Animation 25: Write(MathTex('g=\\sum_{n=0}^{L-1}r[n]\\,s[n]\\underset{H_0}{\\overset{H_1}{\\gtrless}}\\gamma=\\sigma^2\
\ln\\!\\Big(\\frac{p_0}{p_1}\\Big)+\\frac{E}{2}')), etc.:  46%|####5     | 55/120 [00:02<00:02, 25.04it/s]
Animation 25: Write(MathTex('g=\\sum_{n=0}^{L-1}r[n]\\,s[n]\\underset{H_0}{\\overset{H_1}{\\gtrless}}\\gamma=\\sigma^2\
\ln\\!\\Big(\\frac{p_0}{p_1}\\Big)+\\frac{E}{2}')), etc.:  51%|#####     | 61/120 [00:02<00:01, 33.12it/s]
Animation 25: Write(MathTex('g=\\sum_{n=0}^{L-1}r[n]\\,s[n]\\underset{H_0}{\\overset{H_1}{\\gtrless}}\\gamma=\\sigma^2\
\ln\\!\\Big(\\frac{p_0}{p_1}\\Big)+\\frac{E}{2}')), etc.:  55%|#####5    | 66/120 [00:02<00:01, 34.38it/s]
Animation 25: Write(MathTex('g=\\sum_{n=0}^{L-1}r[n]\\,s[n]\\underset{H_0}{\\overset{H_1}{\\gtrless}}\\gamma=\\sigma^2\
\ln\\!\\Big(\\frac{p_0}{p_1}\\Big)+\\frac{E}{2}')), etc.:  58%|#####8    | 70/120 [00:02<00:01, 32.67it/s]
Animation 25: Write(MathTex('g=\\sum_{n=0}^{L-1}r[n]\\,s[n]\\underset{H_0}{\\overset{H_1}{\\gtrless}}\\gamma=\\sigma^2\
\ln\\!\\Big(\\frac{p_0}{p_1}\\Big)+\\frac{E}{2}')), etc.:  62%|######2   | 75/120 [00:02<00:01, 35.06it/s]
Animation 25: Write(MathTex('g=\\sum_{n=0}^{L-1}r[n]\\,s[n]\\underset{H_0}{\\overset{H_1}{\\gtrless}}\\gamma=\\sigma^2\
\ln\\!\\Big(\\frac{p_0}{p_1}\\Big)+\\frac{E}{2}')), etc.:  67%|######6   | 80/120 [00:03<00:01, 37.54it/s]
Animation 25: Write(MathTex('g=\\sum_{n=0}^{L-1}r[n]\\,s[n]\\underset{H_0}{\\overset{H_1}{\\gtrless}}\\gamma=\\sigma^2\
\ln\\!\\Big(\\frac{p_0}{p_1}\\Big)+\\frac{E}{2}')), etc.:  70%|#######   | 84/120 [00:03<00:00, 37.35it/s]
Animation 25: Write(MathTex('g=\\sum_{n=0}^{L-1}r[n]\\,s[n]\\underset{H_0}{\\overset{H_1}{\\gtrless}}\\gamma=\\sigma^2\
\ln\\!\\Big(\\frac{p_0}{p_1}\\Big)+\\frac{E}{2}')), etc.:  73%|#######3  | 88/120 [00:03<00:00, 32.62it/s]
Animation 25: Write(MathTex('g=\\sum_{n=0}^{L-1}r[n]\\,s[n]\\underset{H_0}{\\overset{H_1}{\\gtrless}}\\gamma=\\sigma^2\
\ln\\!\\Big(\\frac{p_0}{p_1}\\Big)+\\frac{E}{2}')), etc.:  77%|#######6  | 92/120 [00:03<00:00, 31.73it/s]
Animation 25: Write(MathTex('g=\\sum_{n=0}^{L-1}r[n]\\,s[n]\\underset{H_0}{\\overset{H_1}{\\gtrless}}\\gamma=\\sigma^2\
\ln\\!\\Big(\\frac{p_0}{p_1}\\Big)+\\frac{E}{2}')), etc.:  80%|########  | 96/120 [00:03<00:00, 33.25it/s]
Animation 25: Write(MathTex('g=\\sum_{n=0}^{L-1}r[n]\\,s[n]\\underset{H_0}{\\overset{H_1}{\\gtrless}}\\gamma=\\sigma^2\
\ln\\!\\Big(\\frac{p_0}{p_1}\\Big)+\\frac{E}{2}')), etc.:  83%|########3 | 100/120 [00:03<00:00, 34.09it/s]
Animation 25: Write(MathTex('g=\\sum_{n=0}^{L-1}r[n]\\,s[n]\\underset{H_0}{\\overset{H_1}{\\gtrless}}\\gamma=\\sigma^2\
\ln\\!\\Big(\\frac{p_0}{p_1}\\Big)+\\frac{E}{2}')), etc.:  87%|########6 | 104/120 [00:03<00:00, 35.43it/s]
Animation 25: Write(MathTex('g=\\sum_{n=0}^{L-1}r[n]\\,s[n]\\underset{H_0}{\\overset{H_1}{\\gtrless}}\\gamma=\\sigma^2\
\ln\\!\\Big(\\frac{p_0}{p_1}\\Big)+\\frac{E}{2}')), etc.:  90%|######### | 108/120 [00:03<00:00, 35.58it/s]
Animation 25: Write(MathTex('g=\\sum_{n=0}^{L-1}r[n]\\,s[n]\\underset{H_0}{\\overset{H_1}{\\gtrless}}\\gamma=\\sigma^2\
\ln\\!\\Big(\\frac{p_0}{p_1}\\Big)+\\frac{E}{2}')), etc.:  93%|#########3| 112/120 [00:04<00:00, 36.14it/s]
Animation 25: Write(MathTex('g=\\sum_{n=0}^{L-1}r[n]\\,s[n]\\underset{H_0}{\\overset{H_1}{\\gtrless}}\\gamma=\\sigma^2\
\ln\\!\\Big(\\frac{p_0}{p_1}\\Big)+\\frac{E}{2}')), etc.:  97%|#########6| 116/120 [00:04<00:00, 28.75it/s]
Animation 25: Write(MathTex('g=\\sum_{n=0}^{L-1}r[n]\\,s[n]\\underset{H_0}{\\overset{H_1}{\\gtrless}}\\gamma=\\sigma^2\
\ln\\!\\Big(\\frac{p_0}{p_1}\\Big)+\\frac{E}{2}')), etc.: 100%|##########| 120/120 [00:04<00:00, 27.81it/s]
[09/11/26 10:45:20] INFO     Animation 25 : Partial    scene_file_writer.py:192
                             movie file written in                             
                             'C:\Users\Nacho\Documents                         
                             \Animaciones\Capitulo                             
                             13\media\videos\s02_deriv                         
                             acion\1080p60\partial_mov                         
                             ie_files\Derivacion\29324                         
                             40949_3621958136_14089367                         
                             21.mp4'                                           
                                                                                                                       
                                                                                                           

Animation 26: FadeIn(VGroup of 2 submobjects):   0%|          | 0/60 [00:00<?, ?it/s]
Animation 26: FadeIn(VGroup of 2 submobjects):  12%|#1        | 7/60 [00:00<00:00, 67.44it/s]
Animation 26: FadeIn(VGroup of 2 submobjects):  23%|##3       | 14/60 [00:00<00:01, 44.91it/s]
Animation 26: FadeIn(VGroup of 2 submobjects):  32%|###1      | 19/60 [00:00<00:01, 33.86it/s]
Animation 26: FadeIn(VGroup of 2 submobjects):  38%|###8      | 23/60 [00:00<00:01, 31.72it/s]
Animation 26: FadeIn(VGroup of 2 submobjects):  47%|####6     | 28/60 [00:00<00:00, 35.41it/s]
Animation 26: FadeIn(VGroup of 2 submobjects):  53%|#####3    | 32/60 [00:00<00:00, 33.15it/s]
Animation 26: FadeIn(VGroup of 2 submobjects):  60%|######    | 36/60 [00:01<00:00, 32.15it/s]
Animation 26: FadeIn(VGroup of 2 submobjects):  67%|######6   | 40/60 [00:01<00:00, 30.70it/s]
Animation 26: FadeIn(VGroup of 2 submobjects):  73%|#######3  | 44/60 [00:01<00:00, 30.88it/s]
Animation 26: FadeIn(VGroup of 2 submobjects):  80%|########  | 48/60 [00:01<00:00, 25.57it/s]
Animation 26: FadeIn(VGroup of 2 submobjects):  87%|########6 | 52/60 [00:01<00:00, 27.20it/s]
Animation 26: FadeIn(VGroup of 2 submobjects):  93%|#########3| 56/60 [00:01<00:00, 28.32it/s]
Animation 26: FadeIn(VGroup of 2 submobjects):  98%|#########8| 59/60 [00:01<00:00, 27.66it/s]
[09/11/26 10:45:23] INFO     Animation 26 : Partial    scene_file_writer.py:192
                             movie file written in                             
                             'C:\Users\Nacho\Documents                         
                             \Animaciones\Capitulo                             
                             13\media\videos\s02_deriv                         
                             acion\1080p60\partial_mov                         
                             ie_files\Derivacion\29324                         
                             40949_920011307_276977776                         
                             0.mp4'                                            
[09/11/26 10:45:26] INFO     Animation 27 : Partial    scene_file_writer.py:192
                             movie file written in                             
                             'C:\Users\Nacho\Documents                         
                             \Animaciones\Capitulo                             
                             13\media\videos\s02_deriv                         
                             acion\1080p60\partial_mov                         
                             ie_files\Derivacion\29324                         
                             40949_3926500612_11524979                         
                             97.mp4'                                           
                                                                                              

Animation 28: FadeIn(Text('Todo el problema se redujo a calcular UN número')):   0%|          | 0/60 [00:00<?, ?it/s]
Animation 28: FadeIn(Text('Todo el problema se redujo a calcular UN número')):  12%|#1        | 7/60 [00:00<00:00, 
69.79it/s]
Animation 28: FadeIn(Text('Todo el problema se redujo a calcular UN número')):  23%|##3       | 14/60 [00:00<00:00, 
69.75it/s]
Animation 28: FadeIn(Text('Todo el problema se redujo a calcular UN número')):  35%|###5      | 21/60 [00:00<00:00, 
53.90it/s]
Animation 28: FadeIn(Text('Todo el problema se redujo a calcular UN número')):  50%|#####     | 30/60 [00:00<00:00, 
63.15it/s]
Animation 28: FadeIn(Text('Todo el problema se redujo a calcular UN número')):  62%|######1   | 37/60 [00:00<00:00, 
65.09it/s]
Animation 28: FadeIn(Text('Todo el problema se redujo a calcular UN número')):  73%|#######3  | 44/60 [00:00<00:00, 
52.54it/s]
Animation 28: FadeIn(Text('Todo el problema se redujo a calcular UN número')):  83%|########3 | 50/60 [00:01<00:00, 
37.82it/s]
Animation 28: FadeIn(Text('Todo el problema se redujo a calcular UN número')):  92%|#########1| 55/60 [00:01<00:00, 
33.19it/s]
Animation 28: FadeIn(Text('Todo el problema se redujo a calcular UN número')): 100%|##########| 60/60 [00:01<00:00, 
35.94it/s]
[09/11/26 10:45:28] INFO     Animation 28 : Partial    scene_file_writer.py:192
                             movie file written in                             
                             'C:\Users\Nacho\Documents                         
                             \Animaciones\Capitulo                             
                             13\media\videos\s02_deriv                         
                             acion\1080p60\partial_mov                         
                             ie_files\Derivacion\29324                         
                             40949_3027411702_11652397                         
                             93.mp4'                                           
[09/11/26 10:45:32] INFO     Animation 29 : Partial    scene_file_writer.py:192
                             movie file written in                             
                             'C:\Users\Nacho\Documents                         
                             \Animaciones\Capitulo                             
                             13\media\videos\s02_deriv                         
                             acion\1080p60\partial_mov                         
                             ie_files\Derivacion\29324                         
                             40949_3580093213_14332561                         
                             53.mp4'                                           
                                                                                                                       
       

Animation 30: FadeOut(VGroup of 4 submobjects):   0%|          | 0/60 [00:00<?, ?it/s]
Animation 30: FadeOut(VGroup of 4 submobjects):   8%|8         | 5/60 [00:00<00:01, 42.04it/s]
Animation 30: FadeOut(VGroup of 4 submobjects):  17%|#6        | 10/60 [00:00<00:01, 27.52it/s]
Animation 30: FadeOut(VGroup of 4 submobjects):  23%|##3       | 14/60 [00:00<00:01, 30.12it/s]
Animation 30: FadeOut(VGroup of 4 submobjects):  30%|###       | 18/60 [00:00<00:01, 32.61it/s]
Animation 30: FadeOut(VGroup of 4 submobjects):  37%|###6      | 22/60 [00:00<00:01, 24.51it/s]
Animation 30: FadeOut(VGroup of 4 submobjects):  42%|####1     | 25/60 [00:00<00:01, 22.20it/s]
Animation 30: FadeOut(VGroup of 4 submobjects):  47%|####6     | 28/60 [00:01<00:01, 18.90it/s]
Animation 30: FadeOut(VGroup of 4 submobjects):  52%|#####1    | 31/60 [00:01<00:01, 16.61it/s]
Animation 30: FadeOut(VGroup of 4 submobjects):  55%|#####5    | 33/60 [00:01<00:01, 16.34it/s]
Animation 30: FadeOut(VGroup of 4 submobjects):  58%|#####8    | 35/60 [00:01<00:01, 16.64it/s]
Animation 30: FadeOut(VGroup of 4 submobjects):  62%|######1   | 37/60 [00:01<00:01, 16.78it/s]
Animation 30: FadeOut(VGroup of 4 submobjects):  65%|######5   | 39/60 [00:01<00:01, 16.98it/s]
Animation 30: FadeOut(VGroup of 4 submobjects):  68%|######8   | 41/60 [00:02<00:01, 17.28it/s]
Animation 30: FadeOut(VGroup of 4 submobjects):  72%|#######1  | 43/60 [00:02<00:01, 16.92it/s]
Animation 30: FadeOut(VGroup of 4 submobjects):  75%|#######5  | 45/60 [00:02<00:00, 16.00it/s]
Animation 30: FadeOut(VGroup of 4 submobjects):  78%|#######8  | 47/60 [00:02<00:00, 16.52it/s]
Animation 30: FadeOut(VGroup of 4 submobjects):  82%|########1 | 49/60 [00:02<00:00, 15.06it/s]
Animation 30: FadeOut(VGroup of 4 submobjects):  85%|########5 | 51/60 [00:02<00:00, 14.26it/s]
Animation 30: FadeOut(VGroup of 4 submobjects):  88%|########8 | 53/60 [00:02<00:00, 12.04it/s]
Animation 30: FadeOut(VGroup of 4 submobjects):  95%|#########5| 57/60 [00:03<00:00, 15.25it/s]
[09/11/26 10:45:36] INFO     Animation 30 : Partial    scene_file_writer.py:192
                             movie file written in                             
                             'C:\Users\Nacho\Documents                         
                             \Animaciones\Capitulo                             
                             13\media\videos\s02_deriv                         
                             acion\1080p60\partial_mov                         
                             ie_files\Derivacion\29324                         
                             40949_1177905015_13808035                         
                             0.mp4'                                            
                                                                                               

Animation 31: FadeIn(Text('Si el criterio cambia a Neyman-Pearson o riesgo mínimo,')):   0%|          | 0/60 [00:00<?, 
?it/s]
Animation 31: FadeIn(Text('Si el criterio cambia a Neyman-Pearson o riesgo mínimo,')):   8%|8         | 5/60 
[00:00<00:01, 43.72it/s]
Animation 31: FadeIn(Text('Si el criterio cambia a Neyman-Pearson o riesgo mínimo,')):  18%|#8        | 11/60 
[00:00<00:00, 49.24it/s]
Animation 31: FadeIn(Text('Si el criterio cambia a Neyman-Pearson o riesgo mínimo,')):  27%|##6       | 16/60 
[00:00<00:01, 35.77it/s]
Animation 31: FadeIn(Text('Si el criterio cambia a Neyman-Pearson o riesgo mínimo,')):  33%|###3      | 20/60 
[00:00<00:01, 31.14it/s]
Animation 31: FadeIn(Text('Si el criterio cambia a Neyman-Pearson o riesgo mínimo,')):  40%|####      | 24/60 
[00:00<00:01, 30.66it/s]
Animation 31: FadeIn(Text('Si el criterio cambia a Neyman-Pearson o riesgo mínimo,')):  47%|####6     | 28/60 
[00:00<00:01, 30.41it/s]
Animation 31: FadeIn(Text('Si el criterio cambia a Neyman-Pearson o riesgo mínimo,')):  53%|#####3    | 32/60 
[00:00<00:00, 30.44it/s]
Animation 31: FadeIn(Text('Si el criterio cambia a Neyman-Pearson o riesgo mínimo,')):  60%|######    | 36/60 
[00:01<00:00, 31.35it/s]
Animation 31: FadeIn(Text('Si el criterio cambia a Neyman-Pearson o riesgo mínimo,')):  67%|######6   | 40/60 
[00:01<00:00, 31.21it/s]
Animation 31: FadeIn(Text('Si el criterio cambia a Neyman-Pearson o riesgo mínimo,')):  73%|#######3  | 44/60 
[00:01<00:00, 29.14it/s]
Animation 31: FadeIn(Text('Si el criterio cambia a Neyman-Pearson o riesgo mínimo,')):  78%|#######8  | 47/60 
[00:01<00:00, 26.32it/s]
Animation 31: FadeIn(Text('Si el criterio cambia a Neyman-Pearson o riesgo mínimo,')):  83%|########3 | 50/60 
[00:01<00:00, 24.61it/s]
Animation 31: FadeIn(Text('Si el criterio cambia a Neyman-Pearson o riesgo mínimo,')):  88%|########8 | 53/60 
[00:01<00:00, 23.58it/s]
Animation 31: FadeIn(Text('Si el criterio cambia a Neyman-Pearson o riesgo mínimo,')):  93%|#########3| 56/60 
[00:01<00:00, 23.37it/s]
Animation 31: FadeIn(Text('Si el criterio cambia a Neyman-Pearson o riesgo mínimo,')):  98%|#########8| 59/60 
[00:02<00:00, 23.66it/s]
[09/11/26 10:45:39] INFO     Animation 31 : Partial    scene_file_writer.py:192
                             movie file written in                             
                             'C:\Users\Nacho\Documents                         
                             \Animaciones\Capitulo                             
                             13\media\videos\s02_deriv                         
                             acion\1080p60\partial_mov                         
                             ie_files\Derivacion\29324                         
                             40949_1560177553_14587899                         
                             55.mp4'                                           
                                                                                                                       
               

Animation 32: FadeIn(Text('la estructura NO cambia: sigue siendo g ≷ γ.')):   0%|          | 0/60 [00:00<?, ?it/s]
Animation 32: FadeIn(Text('la estructura NO cambia: sigue siendo g ≷ γ.')):  13%|#3        | 8/60 [00:00<00:00, 
69.07it/s]
Animation 32: FadeIn(Text('la estructura NO cambia: sigue siendo g ≷ γ.')):  25%|##5       | 15/60 [00:00<00:00, 
66.83it/s]
Animation 32: FadeIn(Text('la estructura NO cambia: sigue siendo g ≷ γ.')):  37%|###6      | 22/60 [00:00<00:00, 
65.37it/s]
Animation 32: FadeIn(Text('la estructura NO cambia: sigue siendo g ≷ γ.')):  48%|####8     | 29/60 [00:00<00:00, 
43.64it/s]
Animation 32: FadeIn(Text('la estructura NO cambia: sigue siendo g ≷ γ.')):  60%|######    | 36/60 [00:00<00:00, 
49.93it/s]
Animation 32: FadeIn(Text('la estructura NO cambia: sigue siendo g ≷ γ.')):  72%|#######1  | 43/60 [00:00<00:00, 
54.63it/s]
Animation 32: FadeIn(Text('la estructura NO cambia: sigue siendo g ≷ γ.')):  83%|########3 | 50/60 [00:01<00:00, 
37.07it/s]
Animation 32: FadeIn(Text('la estructura NO cambia: sigue siendo g ≷ γ.')):  92%|#########1| 55/60 [00:01<00:00, 
29.72it/s]
Animation 32: FadeIn(Text('la estructura NO cambia: sigue siendo g ≷ γ.')):  98%|#########8| 59/60 [00:01<00:00, 
27.04it/s]
[09/11/26 10:45:42] INFO     Animation 32 : Partial    scene_file_writer.py:192
                             movie file written in                             
                             'C:\Users\Nacho\Documents                         
                             \Animaciones\Capitulo                             
                             13\media\videos\s02_deriv                         
                             acion\1080p60\partial_mov                         
                             ie_files\Derivacion\29324                         
                             40949_1135737534_13859287                         
                             48.mp4'                                           
                                                                                                                       
    

Animation 33: FadeIn(Text('solo cambia cómo se elige el umbral γ')):   0%|          | 0/60 [00:00<?, ?it/s]
Animation 33: FadeIn(Text('solo cambia cómo se elige el umbral γ')):  17%|#6        | 10/60 [00:00<00:00, 91.37it/s]
Animation 33: FadeIn(Text('solo cambia cómo se elige el umbral γ')):  33%|###3      | 20/60 [00:00<00:00, 65.81it/s]
Animation 33: FadeIn(Text('solo cambia cómo se elige el umbral γ')):  47%|####6     | 28/60 [00:00<00:00, 68.47it/s]
Animation 33: FadeIn(Text('solo cambia cómo se elige el umbral γ')):  60%|######    | 36/60 [00:00<00:00, 66.95it/s]
Animation 33: FadeIn(Text('solo cambia cómo se elige el umbral γ')):  72%|#######1  | 43/60 [00:00<00:00, 66.68it/s]
Animation 33: FadeIn(Text('solo cambia cómo se elige el umbral γ')):  83%|########3 | 50/60 [00:00<00:00, 46.46it/s]
Animation 33: FadeIn(Text('solo cambia cómo se elige el umbral γ')):  93%|#########3| 56/60 [00:01<00:00, 34.13it/s]
[09/11/26 10:45:44] INFO     Animation 33 : Partial    scene_file_writer.py:192
                             movie file written in                             
                             'C:\Users\Nacho\Documents                         
                             \Animaciones\Capitulo                             
                             13\media\videos\s02_deriv                         
                             acion\1080p60\partial_mov                         
                             ie_files\Derivacion\29324                         
                             40949_3869856907_21261375                         
                             2.mp4'                                            
[09/11/26 10:45:48] INFO     Animation 34 : Partial    scene_file_writer.py:192
                             movie file written in                             
                             'C:\Users\Nacho\Documents                         
                             \Animaciones\Capitulo                             
                             13\media\videos\s02_deriv                         
                             acion\1080p60\partial_mov                         
                             ie_files\Derivacion\29324                         
                             40949_349589963_266516250                         
                             9.mp4'                                            
                                                                                                                    

Animation 35: FadeOut(VGroup of 2 submobjects):   0%|          | 0/60 [00:00<?, ?it/s]
Animation 35: FadeOut(VGroup of 2 submobjects):   3%|3         | 2/60 [00:00<00:03, 16.59it/s]
Animation 35: FadeOut(VGroup of 2 submobjects):   7%|6         | 4/60 [00:00<00:03, 15.55it/s]
Animation 35: FadeOut(VGroup of 2 submobjects):  10%|#         | 6/60 [00:00<00:03, 15.20it/s]
Animation 35: FadeOut(VGroup of 2 submobjects):  13%|#3        | 8/60 [00:00<00:03, 15.08it/s]
Animation 35: FadeOut(VGroup of 2 submobjects):  17%|#6        | 10/60 [00:00<00:03, 15.15it/s]
Animation 35: FadeOut(VGroup of 2 submobjects):  20%|##        | 12/60 [00:00<00:03, 15.33it/s]
Animation 35: FadeOut(VGroup of 2 submobjects):  23%|##3       | 14/60 [00:00<00:03, 15.21it/s]
Animation 35: FadeOut(VGroup of 2 submobjects):  27%|##6       | 16/60 [00:01<00:02, 15.16it/s]
Animation 35: FadeOut(VGroup of 2 submobjects):  30%|###       | 18/60 [00:01<00:02, 14.98it/s]
Animation 35: FadeOut(VGroup of 2 submobjects):  33%|###3      | 20/60 [00:01<00:02, 14.94it/s]
Animation 35: FadeOut(VGroup of 2 submobjects):  37%|###6      | 22/60 [00:01<00:02, 14.88it/s]
Animation 35: FadeOut(VGroup of 2 submobjects):  40%|####      | 24/60 [00:01<00:02, 15.12it/s]
Animation 35: FadeOut(VGroup of 2 submobjects):  43%|####3     | 26/60 [00:01<00:02, 15.21it/s]
Animation 35: FadeOut(VGroup of 2 submobjects):  47%|####6     | 28/60 [00:01<00:02, 15.24it/s]
Animation 35: FadeOut(VGroup of 2 submobjects):  50%|#####     | 30/60 [00:01<00:02, 14.73it/s]
Animation 35: FadeOut(VGroup of 2 submobjects):  53%|#####3    | 32/60 [00:02<00:02, 13.65it/s]
Animation 35: FadeOut(VGroup of 2 submobjects):  57%|#####6    | 34/60 [00:02<00:02, 12.40it/s]
Animation 35: FadeOut(VGroup of 2 submobjects):  60%|######    | 36/60 [00:02<00:02, 11.87it/s]
Animation 35: FadeOut(VGroup of 2 submobjects):  63%|######3   | 38/60 [00:02<00:01, 12.60it/s]
Animation 35: FadeOut(VGroup of 2 submobjects):  67%|######6   | 40/60 [00:02<00:01, 11.87it/s]
Animation 35: FadeOut(VGroup of 2 submobjects):  70%|#######   | 42/60 [00:03<00:01, 11.07it/s]
Animation 35: FadeOut(VGroup of 2 submobjects):  73%|#######3  | 44/60 [00:03<00:01,  9.99it/s]
Animation 35: FadeOut(VGroup of 2 submobjects):  77%|#######6  | 46/60 [00:03<00:01,  9.70it/s]
Animation 35: FadeOut(VGroup of 2 submobjects):  80%|########  | 48/60 [00:03<00:01,  9.88it/s]
Animation 35: FadeOut(VGroup of 2 submobjects):  83%|########3 | 50/60 [00:03<00:00, 10.58it/s]
Animation 35: FadeOut(VGroup of 2 submobjects):  88%|########8 | 53/60 [00:04<00:00, 12.57it/s]
Animation 35: FadeOut(VGroup of 2 submobjects):  93%|#########3| 56/60 [00:04<00:00, 14.83it/s]
Animation 35: FadeOut(VGroup of 2 submobjects):  97%|#########6| 58/60 [00:04<00:00, 15.77it/s]
[09/11/26 10:45:54] INFO     Animation 35 : Partial    scene_file_writer.py:192
                             movie file written in                             
                             'C:\Users\Nacho\Documents                         
                             \Animaciones\Capitulo                             
                             13\media\videos\s02_deriv                         
                             acion\1080p60\partial_mov                         
                             ie_files\Derivacion\29324                         
                             40949_3993617403_22339378                         
                             35.mp4'                                           
[09/11/26 10:45:55] INFO     Animation 36 : Partial    scene_file_writer.py:192
                             movie file written in                             
                             'C:\Users\Nacho\Documents                         
                             \Animaciones\Capitulo                             
                             13\media\videos\s02_deriv                         
                             acion\1080p60\partial_mov                         
                             ie_files\Derivacion\29324                         
                             40949_4235033027_75625329                         
                             5.mp4'                                            
                    INFO     Combining to Movie file.  scene_file_writer.py:952
                    INFO                              scene_file_writer.py:1103
                             File ready at                                     
                             'C:\Users\Nacho\Document                          
                             s\Animaciones\Capitulo                            
                             13\media\videos\s02_deri                          
                             vacion\1080p60\Derivacio                          
                             n.mp4'                                            
                                                                               
                    INFO     Rendered Derivacion                   scene.py:290
                             Played 37 animations                              
                                                                                               
Manim Community v0.21.0

manim.exe : 
En C:\Users\Nacho\Documents\Animaciones\Capitulo 13\render.ps1: 49 Carácter: 9
+         & manim "-$Calidad" $e.archivo $e.escena *>> $log
+         ~~~~~~~~~~~~~~~~~~~~~~~~~~~~~~~~~~~~~~~~~~~~~~~~~
    + CategoryInfo          : NotSpecified: (:String) [], RemoteException
    + FullyQualifiedErrorId : NativeCommandError
 
Animation 0: FadeIn(Text('El desempeño: dos gaussianas separadas por E')):   0%|          | 0/60 [00:00<?, ?it/s]
Animation 0: FadeIn(Text('El desempeño: dos gaussianas separadas por E')):  17%|#6        | 10/60 [00:00<00:00, 
91.88it/s]
Animation 0: FadeIn(Text('El desempeño: dos gaussianas separadas por E')):  33%|###3      | 20/60 [00:00<00:00, 
90.97it/s]
Animation 0: FadeIn(Text('El desempeño: dos gaussianas separadas por E')):  50%|#####     | 30/60 [00:00<00:00, 
88.64it/s]
Animation 0: FadeIn(Text('El desempeño: dos gaussianas separadas por E')):  65%|######5   | 39/60 [00:00<00:00, 
84.18it/s]
Animation 0: FadeIn(Text('El desempeño: dos gaussianas separadas por E')):  80%|########  | 48/60 [00:00<00:00, 
76.63it/s]
Animation 0: FadeIn(Text('El desempeño: dos gaussianas separadas por E')):  93%|#########3| 56/60 [00:00<00:00, 
68.34it/s]
[09/11/26 10:45:58] INFO     Animation 0 : Partial     scene_file_writer.py:192
                             movie file written in                             
                             'C:\Users\Nacho\Documents                         
                             \Animaciones\Capitulo                             
                             13\media\videos\s03_desem                         
                             peno\1080p60\partial_movi                         
                             e_files\Desempeno\3010004                         
                             561_3361954578_223132457.                         
                             mp4'                                              
[09/11/26 10:45:59] INFO     Animation 1 : Partial     scene_file_writer.py:192
                             movie file written in                             
                             'C:\Users\Nacho\Documents                         
                             \Animaciones\Capitulo                             
                             13\media\videos\s03_desem                         
                             peno\1080p60\partial_movi                         
                             e_files\Desempeno\2932440                         
                             949_4235033027_1760661981                         
                             .mp4'                                             
                                                                                                                       
   

Animation 2: FadeIn(VGroup of 2 submobjects), etc.:   0%|          | 0/60 [00:00<?, ?it/s]
Animation 2: FadeIn(VGroup of 2 submobjects), etc.:   7%|6         | 4/60 [00:00<00:02, 25.44it/s]
Animation 2: FadeIn(VGroup of 2 submobjects), etc.:  13%|#3        | 8/60 [00:00<00:01, 31.19it/s]
Animation 2: FadeIn(VGroup of 2 submobjects), etc.:  20%|##        | 12/60 [00:00<00:01, 27.21it/s]
Animation 2: FadeIn(VGroup of 2 submobjects), etc.:  25%|##5       | 15/60 [00:00<00:01, 26.14it/s]
Animation 2: FadeIn(VGroup of 2 submobjects), etc.:  30%|###       | 18/60 [00:00<00:01, 24.49it/s]
Animation 2: FadeIn(VGroup of 2 submobjects), etc.:  35%|###5      | 21/60 [00:00<00:01, 22.58it/s]
Animation 2: FadeIn(VGroup of 2 submobjects), etc.:  40%|####      | 24/60 [00:01<00:01, 21.18it/s]
Animation 2: FadeIn(VGroup of 2 submobjects), etc.:  45%|####5     | 27/60 [00:01<00:01, 20.40it/s]
Animation 2: FadeIn(VGroup of 2 submobjects), etc.:  50%|#####     | 30/60 [00:01<00:01, 19.73it/s]
Animation 2: FadeIn(VGroup of 2 submobjects), etc.:  53%|#####3    | 32/60 [00:01<00:01, 17.26it/s]
Animation 2: FadeIn(VGroup of 2 submobjects), etc.:  57%|#####6    | 34/60 [00:01<00:01, 16.57it/s]
Animation 2: FadeIn(VGroup of 2 submobjects), etc.:  60%|######    | 36/60 [00:01<00:01, 15.89it/s]
Animation 2: FadeIn(VGroup of 2 submobjects), etc.:  65%|######5   | 39/60 [00:01<00:01, 17.25it/s]
Animation 2: FadeIn(VGroup of 2 submobjects), etc.:  68%|######8   | 41/60 [00:02<00:01, 17.25it/s]
Animation 2: FadeIn(VGroup of 2 submobjects), etc.:  72%|#######1  | 43/60 [00:02<00:01, 16.77it/s]
Animation 2: FadeIn(VGroup of 2 submobjects), etc.:  75%|#######5  | 45/60 [00:02<00:00, 16.41it/s]
Animation 2: FadeIn(VGroup of 2 submobjects), etc.:  78%|#######8  | 47/60 [00:02<00:00, 13.97it/s]
Animation 2: FadeIn(VGroup of 2 submobjects), etc.:  82%|########1 | 49/60 [00:02<00:00, 11.30it/s]
Animation 2: FadeIn(VGroup of 2 submobjects), etc.:  85%|########5 | 51/60 [00:02<00:00, 12.46it/s]
Animation 2: FadeIn(VGroup of 2 submobjects), etc.:  88%|########8 | 53/60 [00:03<00:00, 13.29it/s]
Animation 2: FadeIn(VGroup of 2 submobjects), etc.:  92%|#########1| 55/60 [00:03<00:00, 13.58it/s]
Animation 2: FadeIn(VGroup of 2 submobjects), etc.:  95%|#########5| 57/60 [00:03<00:00, 13.99it/s]
Animation 2: FadeIn(VGroup of 2 submobjects), etc.: 100%|##########| 60/60 [00:03<00:00, 14.75it/s]
[09/11/26 10:46:03] INFO     Animation 2 : Partial     scene_file_writer.py:192
                             movie file written in                             
                             'C:\Users\Nacho\Documents                         
                             \Animaciones\Capitulo                             
                             13\media\videos\s03_desem                         
                             peno\1080p60\partial_movi                         
                             e_files\Desempeno\2932440                         
                             949_1834348037_496704607.                         
                             mp4'                                              
[09/11/26 10:46:08] INFO     Animation 3 : Partial     scene_file_writer.py:192
                             movie file written in                             
                             'C:\Users\Nacho\Documents                         
                             \Animaciones\Capitulo                             
                             13\media\videos\s03_desem                         
                             peno\1080p60\partial_movi                         
                             e_files\Desempeno\2932440                         
                             949_3580093213_52501811.m                         
                             p4'                                               
                                                                                                   

Animation 4: FadeOut(VGroup of 2 submobjects):   0%|          | 0/60 [00:00<?, ?it/s]
Animation 4: FadeOut(VGroup of 2 submobjects):  10%|#         | 6/60 [00:00<00:01, 48.40it/s]
Animation 4: FadeOut(VGroup of 2 submobjects):  18%|#8        | 11/60 [00:00<00:01, 47.91it/s]
Animation 4: FadeOut(VGroup of 2 submobjects):  27%|##6       | 16/60 [00:00<00:01, 30.36it/s]
Animation 4: FadeOut(VGroup of 2 submobjects):  33%|###3      | 20/60 [00:00<00:01, 23.24it/s]
Animation 4: FadeOut(VGroup of 2 submobjects):  38%|###8      | 23/60 [00:00<00:01, 19.41it/s]
Animation 4: FadeOut(VGroup of 2 submobjects):  43%|####3     | 26/60 [00:01<00:01, 18.91it/s]
Animation 4: FadeOut(VGroup of 2 submobjects):  48%|####8     | 29/60 [00:01<00:01, 17.82it/s]
Animation 4: FadeOut(VGroup of 2 submobjects):  52%|#####1    | 31/60 [00:01<00:01, 17.03it/s]
Animation 4: FadeOut(VGroup of 2 submobjects):  55%|#####5    | 33/60 [00:01<00:01, 17.43it/s]
Animation 4: FadeOut(VGroup of 2 submobjects):  60%|######    | 36/60 [00:01<00:01, 18.06it/s]
Animation 4: FadeOut(VGroup of 2 submobjects):  65%|######5   | 39/60 [00:01<00:01, 18.96it/s]
Animation 4: FadeOut(VGroup of 2 submobjects):  68%|######8   | 41/60 [00:01<00:01, 18.83it/s]
Animation 4: FadeOut(VGroup of 2 submobjects):  72%|#######1  | 43/60 [00:02<00:00, 17.83it/s]
Animation 4: FadeOut(VGroup of 2 submobjects):  77%|#######6  | 46/60 [00:02<00:00, 18.16it/s]
Animation 4: FadeOut(VGroup of 2 submobjects):  80%|########  | 48/60 [00:02<00:00, 16.37it/s]
Animation 4: FadeOut(VGroup of 2 submobjects):  83%|########3 | 50/60 [00:02<00:00, 16.72it/s]
Animation 4: FadeOut(VGroup of 2 submobjects):  87%|########6 | 52/60 [00:02<00:00, 16.67it/s]
Animation 4: FadeOut(VGroup of 2 submobjects):  90%|######### | 54/60 [00:02<00:00, 15.97it/s]
Animation 4: FadeOut(VGroup of 2 submobjects):  93%|#########3| 56/60 [00:02<00:00, 14.56it/s]
Animation 4: FadeOut(VGroup of 2 submobjects):  98%|#########8| 59/60 [00:03<00:00, 16.30it/s]
[09/11/26 10:46:12] INFO     Animation 4 : Partial     scene_file_writer.py:192
                             movie file written in                             
                             'C:\Users\Nacho\Documents                         
                             \Animaciones\Capitulo                             
                             13\media\videos\s03_desem                         
                             peno\1080p60\partial_movi                         
                             e_files\Desempeno\2932440                         
                             949_12011191_1804636262.m                         
                             p4'                                               
                                                                                              

Animation 5: Create(Axes of 2 submobjects), etc.:   0%|          | 0/60 [00:00<?, ?it/s]
Animation 5: Create(Axes of 2 submobjects), etc.:  15%|#5        | 9/60 [00:00<00:00, 80.65it/s]
Animation 5: Create(Axes of 2 submobjects), etc.:  30%|###       | 18/60 [00:00<00:00, 62.83it/s]
Animation 5: Create(Axes of 2 submobjects), etc.:  42%|####1     | 25/60 [00:00<00:00, 52.59it/s]
Animation 5: Create(Axes of 2 submobjects), etc.:  52%|#####1    | 31/60 [00:00<00:00, 51.13it/s]
Animation 5: Create(Axes of 2 submobjects), etc.:  73%|#######3  | 44/60 [00:00<00:00, 71.52it/s]
Animation 5: Create(Axes of 2 submobjects), etc.:  95%|#########5| 57/60 [00:00<00:00, 87.29it/s]
[09/11/26 10:46:14] INFO     Animation 5 : Partial     scene_file_writer.py:192
                             movie file written in                             
                             'C:\Users\Nacho\Documents                         
                             \Animaciones\Capitulo                             
                             13\media\videos\s03_desem                         
                             peno\1080p60\partial_movi                         
                             e_files\Desempeno\2932440                         
                             949_626107339_2458445088.                         
                             mp4'                                              
                                                                                                 

Animation 6: Create(ParametricFunction), etc.:   0%|          | 0/60 [00:00<?, ?it/s]
Animation 6: Create(ParametricFunction), etc.:   2%|1         | 1/60 [00:00<00:19,  2.96it/s]
Animation 6: Create(ParametricFunction), etc.:   3%|3         | 2/60 [00:00<00:21,  2.73it/s]
Animation 6: Create(ParametricFunction), etc.:   5%|5         | 3/60 [00:01<00:21,  2.61it/s]
Animation 6: Create(ParametricFunction), etc.:   7%|6         | 4/60 [00:01<00:16,  3.34it/s]
Animation 6: Create(ParametricFunction), etc.:   8%|8         | 5/60 [00:01<00:13,  3.94it/s]
Animation 6: Create(ParametricFunction), etc.:  10%|#         | 6/60 [00:01<00:12,  4.45it/s]
Animation 6: Create(ParametricFunction), etc.:  12%|#1        | 7/60 [00:01<00:12,  4.24it/s]
Animation 6: Create(ParametricFunction), etc.:  13%|#3        | 8/60 [00:02<00:12,  4.08it/s]
Animation 6: Create(ParametricFunction), etc.:  15%|#5        | 9/60 [00:02<00:10,  4.89it/s]
Animation 6: Create(ParametricFunction), etc.:  18%|#8        | 11/60 [00:02<00:07,  6.54it/s]
Animation 6: Create(ParametricFunction), etc.:  22%|##1       | 13/60 [00:02<00:05,  7.89it/s]
Animation 6: Create(ParametricFunction), etc.:  25%|##5       | 15/60 [00:02<00:04,  9.24it/s]
Animation 6: Create(ParametricFunction), etc.:  27%|##6       | 16/60 [00:02<00:05,  8.03it/s]
Animation 6: Create(ParametricFunction), etc.:  28%|##8       | 17/60 [00:03<00:06,  6.21it/s]
Animation 6: Create(ParametricFunction), etc.:  30%|###       | 18/60 [00:03<00:08,  5.12it/s]
Animation 6: Create(ParametricFunction), etc.:  32%|###1      | 19/60 [00:03<00:09,  4.43it/s]
Animation 6: Create(ParametricFunction), etc.:  33%|###3      | 20/60 [00:04<00:09,  4.14it/s]
Animation 6: Create(ParametricFunction), etc.:  35%|###5      | 21/60 [00:04<00:10,  3.59it/s]
Animation 6: Create(ParametricFunction), etc.:  37%|###6      | 22/60 [00:04<00:10,  3.55it/s]
Animation 6: Create(ParametricFunction), etc.:  38%|###8      | 23/60 [00:05<00:10,  3.53it/s]
Animation 6: Create(ParametricFunction), etc.:  40%|####      | 24/60 [00:05<00:10,  3.50it/s]
Animation 6: Create(ParametricFunction), etc.:  42%|####1     | 25/60 [00:05<00:10,  3.44it/s]
Animation 6: Create(ParametricFunction), etc.:  43%|####3     | 26/60 [00:06<00:09,  3.43it/s]
Animation 6: Create(ParametricFunction), etc.:  45%|####5     | 27/60 [00:06<00:09,  3.30it/s]
Animation 6: Create(ParametricFunction), etc.:  47%|####6     | 28/60 [00:06<00:09,  3.24it/s]
Animation 6: Create(ParametricFunction), etc.:  48%|####8     | 29/60 [00:07<00:09,  3.12it/s]
Animation 6: Create(ParametricFunction), etc.:  50%|#####     | 30/60 [00:07<00:09,  3.07it/s]
Animation 6: Create(ParametricFunction), etc.:  52%|#####1    | 31/60 [00:07<00:09,  3.10it/s]
Animation 6: Create(ParametricFunction), etc.:  53%|#####3    | 32/60 [00:07<00:08,  3.22it/s]
Animation 6: Create(ParametricFunction), etc.:  55%|#####5    | 33/60 [00:08<00:08,  3.20it/s]
Animation 6: Create(ParametricFunction), etc.:  57%|#####6    | 34/60 [00:08<00:07,  3.37it/s]
Animation 6: Create(ParametricFunction), etc.:  58%|#####8    | 35/60 [00:08<00:06,  3.62it/s]
Animation 6: Create(ParametricFunction), etc.:  60%|######    | 36/60 [00:08<00:06,  3.78it/s]
Animation 6: Create(ParametricFunction), etc.:  62%|######1   | 37/60 [00:09<00:06,  3.80it/s]
Animation 6: Create(ParametricFunction), etc.:  63%|######3   | 38/60 [00:09<00:05,  3.78it/s]
Animation 6: Create(ParametricFunction), etc.:  65%|######5   | 39/60 [00:09<00:05,  3.80it/s]
Animation 6: Create(ParametricFunction), etc.:  67%|######6   | 40/60 [00:10<00:05,  3.58it/s]
Animation 6: Create(ParametricFunction), etc.:  68%|######8   | 41/60 [00:10<00:05,  3.45it/s]
Animation 6: Create(ParametricFunction), etc.:  70%|#######   | 42/60 [00:10<00:05,  3.32it/s]
Animation 6: Create(ParametricFunction), etc.:  72%|#######1  | 43/60 [00:11<00:05,  3.08it/s]
Animation 6: Create(ParametricFunction), etc.:  73%|#######3  | 44/60 [00:11<00:04,  3.58it/s]
Animation 6: Create(ParametricFunction), etc.:  75%|#######5  | 45/60 [00:11<00:03,  4.00it/s]
Animation 6: Create(ParametricFunction), etc.:  77%|#######6  | 46/60 [00:11<00:03,  4.34it/s]
Animation 6: Create(ParametricFunction), etc.:  78%|#######8  | 47/60 [00:11<00:02,  4.69it/s]
Animation 6: Create(ParametricFunction), etc.:  80%|########  | 48/60 [00:11<00:02,  5.50it/s]
Animation 6: Create(ParametricFunction), etc.:  82%|########1 | 49/60 [00:12<00:01,  5.96it/s]
Animation 6: Create(ParametricFunction), etc.:  83%|########3 | 50/60 [00:12<00:01,  5.78it/s]
Animation 6: Create(ParametricFunction), etc.:  85%|########5 | 51/60 [00:12<00:01,  4.92it/s]
Animation 6: Create(ParametricFunction), etc.:  87%|########6 | 52/60 [00:12<00:01,  4.42it/s]
Animation 6: Create(ParametricFunction), etc.:  88%|########8 | 53/60 [00:13<00:01,  3.89it/s]
Animation 6: Create(ParametricFunction), etc.:  90%|######### | 54/60 [00:13<00:01,  3.93it/s]
Animation 6: Create(ParametricFunction), etc.:  92%|#########1| 55/60 [00:13<00:01,  4.25it/s]
Animation 6: Create(ParametricFunction), etc.:  93%|#########3| 56/60 [00:13<00:00,  4.63it/s]
Animation 6: Create(ParametricFunction), etc.:  95%|#########5| 57/60 [00:13<00:00,  4.38it/s]
Animation 6: Create(ParametricFunction), etc.:  97%|#########6| 58/60 [00:14<00:00,  4.73it/s]
Animation 6: Create(ParametricFunction), etc.:  98%|#########8| 59/60 [00:14<00:00,  4.94it/s]
Animation 6: Create(ParametricFunction), etc.: 100%|##########| 60/60 [00:14<00:00,  5.09it/s]
[09/11/26 10:46:30] INFO     Animation 6 : Partial     scene_file_writer.py:192
                             movie file written in                             
                             'C:\Users\Nacho\Documents                         
                             \Animaciones\Capitulo                             
                             13\media\videos\s03_desem                         
                             peno\1080p60\partial_movi                         
                             e_files\Desempeno\2932440                         
                             949_440231107_1493464247.                         
                             mp4'                                              
                                                                                              

Animation 7: Create(DashedLine), etc.:   0%|          | 0/60 [00:00<?, ?it/s]
Animation 7: Create(DashedLine), etc.:   2%|1         | 1/60 [00:00<00:23,  2.55it/s]
Animation 7: Create(DashedLine), etc.:   3%|3         | 2/60 [00:00<00:23,  2.51it/s]
Animation 7: Create(DashedLine), etc.:   5%|5         | 3/60 [00:01<00:20,  2.84it/s]
Animation 7: Create(DashedLine), etc.:   7%|6         | 4/60 [00:01<00:18,  3.03it/s]
Animation 7: Create(DashedLine), etc.:   8%|8         | 5/60 [00:01<00:16,  3.28it/s]
Animation 7: Create(DashedLine), etc.:  10%|#         | 6/60 [00:01<00:14,  3.79it/s]
Animation 7: Create(DashedLine), etc.:  12%|#1        | 7/60 [00:02<00:13,  3.79it/s]
Animation 7: Create(DashedLine), etc.:  13%|#3        | 8/60 [00:02<00:13,  3.75it/s]
Animation 7: Create(DashedLine), etc.:  15%|#5        | 9/60 [00:02<00:12,  4.18it/s]
Animation 7: Create(DashedLine), etc.:  17%|#6        | 10/60 [00:02<00:12,  3.96it/s]
Animation 7: Create(DashedLine), etc.:  18%|#8        | 11/60 [00:03<00:14,  3.42it/s]
Animation 7: Create(DashedLine), etc.:  20%|##        | 12/60 [00:03<00:16,  2.93it/s]
Animation 7: Create(DashedLine), etc.:  22%|##1       | 13/60 [00:04<00:18,  2.60it/s]
Animation 7: Create(DashedLine), etc.:  23%|##3       | 14/60 [00:04<00:15,  3.00it/s]
Animation 7: Create(DashedLine), etc.:  25%|##5       | 15/60 [00:04<00:13,  3.45it/s]
Animation 7: Create(DashedLine), etc.:  27%|##6       | 16/60 [00:04<00:12,  3.66it/s]
Animation 7: Create(DashedLine), etc.:  28%|##8       | 17/60 [00:04<00:10,  4.13it/s]
Animation 7: Create(DashedLine), etc.:  30%|###       | 18/60 [00:05<00:09,  4.41it/s]
Animation 7: Create(DashedLine), etc.:  32%|###1      | 19/60 [00:05<00:09,  4.13it/s]
Animation 7: Create(DashedLine), etc.:  33%|###3      | 20/60 [00:05<00:09,  4.03it/s]
Animation 7: Create(DashedLine), etc.:  35%|###5      | 21/60 [00:05<00:08,  4.42it/s]
Animation 7: Create(DashedLine), etc.:  37%|###6      | 22/60 [00:06<00:09,  4.12it/s]
Animation 7: Create(DashedLine), etc.:  38%|###8      | 23/60 [00:06<00:10,  3.60it/s]
Animation 7: Create(DashedLine), etc.:  40%|####      | 24/60 [00:06<00:11,  3.26it/s]
Animation 7: Create(DashedLine), etc.:  42%|####1     | 25/60 [00:07<00:10,  3.37it/s]
Animation 7: Create(DashedLine), etc.:  43%|####3     | 26/60 [00:07<00:08,  3.92it/s]
Animation 7: Create(DashedLine), etc.:  45%|####5     | 27/60 [00:07<00:07,  4.35it/s]
Animation 7: Create(DashedLine), etc.:  47%|####6     | 28/60 [00:07<00:06,  4.80it/s]
Animation 7: Create(DashedLine), etc.:  48%|####8     | 29/60 [00:07<00:06,  5.13it/s]
Animation 7: Create(DashedLine), etc.:  50%|#####     | 30/60 [00:07<00:05,  5.36it/s]
Animation 7: Create(DashedLine), etc.:  52%|#####1    | 31/60 [00:08<00:05,  5.63it/s]
Animation 7: Create(DashedLine), etc.:  55%|#####5    | 33/60 [00:08<00:03,  7.23it/s]
Animation 7: Create(DashedLine), etc.:  58%|#####8    | 35/60 [00:08<00:03,  7.41it/s]
Animation 7: Create(DashedLine), etc.:  60%|######    | 36/60 [00:08<00:03,  7.10it/s]
Animation 7: Create(DashedLine), etc.:  62%|######1   | 37/60 [00:08<00:03,  7.58it/s]
Animation 7: Create(DashedLine), etc.:  65%|######5   | 39/60 [00:09<00:02,  7.99it/s]
Animation 7: Create(DashedLine), etc.:  67%|######6   | 40/60 [00:09<00:03,  6.24it/s]
Animation 7: Create(DashedLine), etc.:  68%|######8   | 41/60 [00:09<00:04,  4.73it/s]
Animation 7: Create(DashedLine), etc.:  70%|#######   | 42/60 [00:10<00:04,  4.07it/s]
Animation 7: Create(DashedLine), etc.:  72%|#######1  | 43/60 [00:10<00:04,  3.72it/s]
Animation 7: Create(DashedLine), etc.:  73%|#######3  | 44/60 [00:10<00:03,  4.45it/s]
Animation 7: Create(DashedLine), etc.:  75%|#######5  | 45/60 [00:10<00:02,  5.26it/s]
Animation 7: Create(DashedLine), etc.:  78%|#######8  | 47/60 [00:10<00:02,  6.13it/s]
Animation 7: Create(DashedLine), etc.:  80%|########  | 48/60 [00:11<00:02,  5.98it/s]
Animation 7: Create(DashedLine), etc.:  82%|########1 | 49/60 [00:11<00:02,  4.51it/s]
Animation 7: Create(DashedLine), etc.:  83%|########3 | 50/60 [00:11<00:02,  4.00it/s]
Animation 7: Create(DashedLine), etc.:  85%|########5 | 51/60 [00:12<00:02,  3.98it/s]
Animation 7: Create(DashedLine), etc.:  87%|########6 | 52/60 [00:12<00:02,  3.98it/s]
Animation 7: Create(DashedLine), etc.:  88%|########8 | 53/60 [00:12<00:01,  3.88it/s]
Animation 7: Create(DashedLine), etc.:  90%|######### | 54/60 [00:12<00:01,  3.79it/s]
Animation 7: Create(DashedLine), etc.:  92%|#########1| 55/60 [00:13<00:01,  3.50it/s]
Animation 7: Create(DashedLine), etc.:  93%|#########3| 56/60 [00:13<00:01,  3.16it/s]
Animation 7: Create(DashedLine), etc.:  95%|#########5| 57/60 [00:13<00:00,  3.27it/s]
Animation 7: Create(DashedLine), etc.:  98%|#########8| 59/60 [00:14<00:00,  4.71it/s]
Animation 7: Create(DashedLine), etc.: 100%|##########| 60/60 [00:14<00:00,  5.33it/s]
[09/11/26 10:46:45] INFO     Animation 7 : Partial     scene_file_writer.py:192
                             movie file written in                             
                             'C:\Users\Nacho\Documents                         
                             \Animaciones\Capitulo                             
                             13\media\videos\s03_desem                         
                             peno\1080p60\partial_movi                         
                             e_files\Desempeno\2932440                         
                             949_378280507_4132478396.                         
                             mp4'                                              
                                                                                      

Animation 8: FadeIn(Polygon), etc.:   0%|          | 0/60 [00:00<?, ?it/s]
Animation 8: FadeIn(Polygon), etc.:   2%|1         | 1/60 [00:00<00:16,  3.52it/s]
Animation 8: FadeIn(Polygon), etc.:   3%|3         | 2/60 [00:00<00:29,  1.95it/s]
Animation 8: FadeIn(Polygon), etc.:   5%|5         | 3/60 [00:02<00:44,  1.28it/s]
Animation 8: FadeIn(Polygon), etc.:   7%|6         | 4/60 [00:03<00:51,  1.09it/s]
Animation 8: FadeIn(Polygon), etc.:   8%|8         | 5/60 [00:04<00:54,  1.01it/s]
Animation 8: FadeIn(Polygon), etc.:  10%|#         | 6/60 [00:05<00:54,  1.01s/it]
Animation 8: FadeIn(Polygon), etc.:  12%|#1        | 7/60 [00:06<00:52,  1.01it/s]
Animation 8: FadeIn(Polygon), etc.:  13%|#3        | 8/60 [00:07<00:52,  1.01s/it]
Animation 8: FadeIn(Polygon), etc.:  15%|#5        | 9/60 [00:08<00:52,  1.03s/it]
Animation 8: FadeIn(Polygon), etc.:  17%|#6        | 10/60 [00:09<00:52,  1.05s/it]
Animation 8: FadeIn(Polygon), etc.:  18%|#8        | 11/60 [00:10<00:52,  1.06s/it]
Animation 8: FadeIn(Polygon), etc.:  20%|##        | 12/60 [00:11<00:51,  1.07s/it]
Animation 8: FadeIn(Polygon), etc.:  22%|##1       | 13/60 [00:12<00:50,  1.07s/it]
Animation 8: FadeIn(Polygon), etc.:  23%|##3       | 14/60 [00:13<00:49,  1.07s/it]
Animation 8: FadeIn(Polygon), etc.:  25%|##5       | 15/60 [00:14<00:48,  1.08s/it]
Animation 8: FadeIn(Polygon), etc.:  27%|##6       | 16/60 [00:16<00:47,  1.09s/it]
Animation 8: FadeIn(Polygon), etc.:  28%|##8       | 17/60 [00:17<00:46,  1.08s/it]
Animation 8: FadeIn(Polygon), etc.:  30%|###       | 18/60 [00:18<00:42,  1.02s/it]
Animation 8: FadeIn(Polygon), etc.:  32%|###1      | 19/60 [00:18<00:41,  1.01s/it]
Animation 8: FadeIn(Polygon), etc.:  33%|###3      | 20/60 [00:19<00:39,  1.01it/s]
Animation 8: FadeIn(Polygon), etc.:  35%|###5      | 21/60 [00:20<00:38,  1.02it/s]
Animation 8: FadeIn(Polygon), etc.:  37%|###6      | 22/60 [00:21<00:37,  1.00it/s]
Animation 8: FadeIn(Polygon), etc.:  38%|###8      | 23/60 [00:22<00:37,  1.02s/it]
Animation 8: FadeIn(Polygon), etc.:  40%|####      | 24/60 [00:24<00:37,  1.03s/it]
Animation 8: FadeIn(Polygon), etc.:  42%|####1     | 25/60 [00:25<00:36,  1.05s/it]
Animation 8: FadeIn(Polygon), etc.:  43%|####3     | 26/60 [00:26<00:36,  1.06s/it]
Animation 8: FadeIn(Polygon), etc.:  45%|####5     | 27/60 [00:27<00:35,  1.07s/it]
Animation 8: FadeIn(Polygon), etc.:  47%|####6     | 28/60 [00:28<00:34,  1.07s/it]
Animation 8: FadeIn(Polygon), etc.:  48%|####8     | 29/60 [00:29<00:33,  1.07s/it]
Animation 8: FadeIn(Polygon), etc.:  50%|#####     | 30/60 [00:30<00:32,  1.07s/it]
Animation 8: FadeIn(Polygon), etc.:  52%|#####1    | 31/60 [00:31<00:30,  1.05s/it]
Animation 8: FadeIn(Polygon), etc.:  53%|#####3    | 32/60 [00:32<00:28,  1.03s/it]
Animation 8: FadeIn(Polygon), etc.:  55%|#####5    | 33/60 [00:33<00:27,  1.01s/it]
Animation 8: FadeIn(Polygon), etc.:  57%|#####6    | 34/60 [00:34<00:26,  1.01s/it]
Animation 8: FadeIn(Polygon), etc.:  58%|#####8    | 35/60 [00:35<00:25,  1.02s/it]
Animation 8: FadeIn(Polygon), etc.:  60%|######    | 36/60 [00:36<00:23,  1.00it/s]
Animation 8: FadeIn(Polygon), etc.:  62%|######1   | 37/60 [00:37<00:22,  1.00it/s]
Animation 8: FadeIn(Polygon), etc.:  63%|######3   | 38/60 [00:38<00:22,  1.01s/it]
Animation 8: FadeIn(Polygon), etc.:  65%|######5   | 39/60 [00:39<00:21,  1.04s/it]
Animation 8: FadeIn(Polygon), etc.:  67%|######6   | 40/60 [00:40<00:19,  1.01it/s]
Animation 8: FadeIn(Polygon), etc.:  68%|######8   | 41/60 [00:41<00:18,  1.01it/s]
Animation 8: FadeIn(Polygon), etc.:  70%|#######   | 42/60 [00:42<00:18,  1.02s/it]
Animation 8: FadeIn(Polygon), etc.:  72%|#######1  | 43/60 [00:43<00:18,  1.06s/it]
Animation 8: FadeIn(Polygon), etc.:  73%|#######3  | 44/60 [00:44<00:17,  1.08s/it]
Animation 8: FadeIn(Polygon), etc.:  75%|#######5  | 45/60 [00:45<00:15,  1.02s/it]
Animation 8: FadeIn(Polygon), etc.:  77%|#######6  | 46/60 [00:46<00:13,  1.02it/s]
Animation 8: FadeIn(Polygon), etc.:  78%|#######8  | 47/60 [00:47<00:12,  1.02it/s]
Animation 8: FadeIn(Polygon), etc.:  80%|########  | 48/60 [00:48<00:12,  1.00s/it]
Animation 8: FadeIn(Polygon), etc.:  82%|########1 | 49/60 [00:49<00:11,  1.03s/it]
Animation 8: FadeIn(Polygon), etc.:  83%|########3 | 50/60 [00:50<00:10,  1.06s/it]
Animation 8: FadeIn(Polygon), etc.:  85%|########5 | 51/60 [00:52<00:09,  1.07s/it]
Animation 8: FadeIn(Polygon), etc.:  87%|########6 | 52/60 [00:53<00:08,  1.08s/it]
Animation 8: FadeIn(Polygon), etc.:  88%|########8 | 53/60 [00:54<00:07,  1.08s/it]
Animation 8: FadeIn(Polygon), etc.:  90%|######### | 54/60 [00:55<00:06,  1.08s/it]
Animation 8: FadeIn(Polygon), etc.:  92%|#########1| 55/60 [00:56<00:05,  1.08s/it]
Animation 8: FadeIn(Polygon), etc.:  93%|#########3| 56/60 [00:57<00:04,  1.10s/it]
Animation 8: FadeIn(Polygon), etc.:  95%|#########5| 57/60 [00:58<00:03,  1.10s/it]
Animation 8: FadeIn(Polygon), etc.:  97%|#########6| 58/60 [00:59<00:02,  1.09s/it]
Animation 8: FadeIn(Polygon), etc.:  98%|#########8| 59/60 [01:00<00:01,  1.09s/it]
Animation 8: FadeIn(Polygon), etc.: 100%|##########| 60/60 [01:01<00:00,  1.09s/it]
[09/11/26 10:47:48] INFO     Animation 8 : Partial     scene_file_writer.py:192
                             movie file written in                             
                             'C:\Users\Nacho\Documents                         
                             \Animaciones\Capitulo                             
                             13\media\videos\s03_desem                         
                             peno\1080p60\partial_movi                         
                             e_files\Desempeno\2932440                         
                             949_2079899952_408117524.                         
                             mp4'                                              
[09/11/26 10:47:50] INFO     Animation 9 : Partial     scene_file_writer.py:192
                             movie file written in                             
                             'C:\Users\Nacho\Documents                         
                             \Animaciones\Capitulo                             
                             13\media\videos\s03_desem                         
                             peno\1080p60\partial_movi                         
                             e_files\Desempeno\2932440                         
                             949_3880968470_3894040737                         
                             .mp4'                                             
                                                                                   

Animation 10: FadeIn(VGroup of 2 submobjects):   0%|          | 0/60 [00:00<?, ?it/s]
Animation 10: FadeIn(VGroup of 2 submobjects):   2%|1         | 1/60 [00:00<00:11,  5.17it/s]
Animation 10: FadeIn(VGroup of 2 submobjects):   3%|3         | 2/60 [00:00<00:12,  4.80it/s]
Animation 10: FadeIn(VGroup of 2 submobjects):   5%|5         | 3/60 [00:01<00:27,  2.06it/s]
Animation 10: FadeIn(VGroup of 2 submobjects):   7%|6         | 4/60 [00:02<00:35,  1.59it/s]
Animation 10: FadeIn(VGroup of 2 submobjects):   8%|8         | 5/60 [00:02<00:38,  1.45it/s]
Animation 10: FadeIn(VGroup of 2 submobjects):  10%|#         | 6/60 [00:03<00:39,  1.37it/s]
Animation 10: FadeIn(VGroup of 2 submobjects):  12%|#1        | 7/60 [00:04<00:40,  1.32it/s]
Animation 10: FadeIn(VGroup of 2 submobjects):  13%|#3        | 8/60 [00:05<00:41,  1.26it/s]
Animation 10: FadeIn(VGroup of 2 submobjects):  15%|#5        | 9/60 [00:06<00:42,  1.19it/s]
Animation 10: FadeIn(VGroup of 2 submobjects):  17%|#6        | 10/60 [00:07<00:42,  1.18it/s]
Animation 10: FadeIn(VGroup of 2 submobjects):  18%|#8        | 11/60 [00:07<00:38,  1.27it/s]
Animation 10: FadeIn(VGroup of 2 submobjects):  20%|##        | 12/60 [00:08<00:37,  1.28it/s]
Animation 10: FadeIn(VGroup of 2 submobjects):  22%|##1       | 13/60 [00:09<00:37,  1.26it/s]
Animation 10: FadeIn(VGroup of 2 submobjects):  23%|##3       | 14/60 [00:10<00:35,  1.29it/s]
Animation 10: FadeIn(VGroup of 2 submobjects):  25%|##5       | 15/60 [00:10<00:34,  1.31it/s]
Animation 10: FadeIn(VGroup of 2 submobjects):  27%|##6       | 16/60 [00:11<00:33,  1.30it/s]
Animation 10: FadeIn(VGroup of 2 submobjects):  28%|##8       | 17/60 [00:12<00:34,  1.25it/s]
Animation 10: FadeIn(VGroup of 2 submobjects):  30%|###       | 18/60 [00:13<00:34,  1.22it/s]
Animation 10: FadeIn(VGroup of 2 submobjects):  32%|###1      | 19/60 [00:14<00:31,  1.30it/s]
Animation 10: FadeIn(VGroup of 2 submobjects):  33%|###3      | 20/60 [00:14<00:30,  1.30it/s]
Animation 10: FadeIn(VGroup of 2 submobjects):  35%|###5      | 21/60 [00:15<00:30,  1.28it/s]
Animation 10: FadeIn(VGroup of 2 submobjects):  37%|###6      | 22/60 [00:16<00:30,  1.25it/s]
Animation 10: FadeIn(VGroup of 2 submobjects):  38%|###8      | 23/60 [00:17<00:27,  1.32it/s]
Animation 10: FadeIn(VGroup of 2 submobjects):  40%|####      | 24/60 [00:17<00:27,  1.31it/s]
Animation 10: FadeIn(VGroup of 2 submobjects):  42%|####1     | 25/60 [00:18<00:28,  1.25it/s]
Animation 10: FadeIn(VGroup of 2 submobjects):  43%|####3     | 26/60 [00:19<00:27,  1.24it/s]
Animation 10: FadeIn(VGroup of 2 submobjects):  45%|####5     | 27/60 [00:20<00:27,  1.20it/s]
Animation 10: FadeIn(VGroup of 2 submobjects):  47%|####6     | 28/60 [00:21<00:24,  1.29it/s]
Animation 10: FadeIn(VGroup of 2 submobjects):  48%|####8     | 29/60 [00:22<00:29,  1.04it/s]
Animation 10: FadeIn(VGroup of 2 submobjects):  50%|#####     | 30/60 [00:23<00:24,  1.21it/s]
Animation 10: FadeIn(VGroup of 2 submobjects):  52%|#####1    | 31/60 [00:23<00:19,  1.46it/s]
Animation 10: FadeIn(VGroup of 2 submobjects):  53%|#####3    | 32/60 [00:23<00:15,  1.79it/s]
Animation 10: FadeIn(VGroup of 2 submobjects):  55%|#####5    | 33/60 [00:24<00:16,  1.68it/s]
Animation 10: FadeIn(VGroup of 2 submobjects):  57%|#####6    | 34/60 [00:25<00:18,  1.43it/s]
Animation 10: FadeIn(VGroup of 2 submobjects):  58%|#####8    | 35/60 [00:25<00:15,  1.65it/s]
Animation 10: FadeIn(VGroup of 2 submobjects):  60%|######    | 36/60 [00:26<00:13,  1.83it/s]
Animation 10: FadeIn(VGroup of 2 submobjects):  62%|######1   | 37/60 [00:27<00:15,  1.50it/s]
Animation 10: FadeIn(VGroup of 2 submobjects):  63%|######3   | 38/60 [00:27<00:15,  1.46it/s]
Animation 10: FadeIn(VGroup of 2 submobjects):  65%|######5   | 39/60 [00:28<00:14,  1.44it/s]
Animation 10: FadeIn(VGroup of 2 submobjects):  67%|######6   | 40/60 [00:28<00:10,  1.83it/s]
Animation 10: FadeIn(VGroup of 2 submobjects):  68%|######8   | 41/60 [00:28<00:08,  2.22it/s]
Animation 10: FadeIn(VGroup of 2 submobjects):  70%|#######   | 42/60 [00:29<00:08,  2.20it/s]
Animation 10: FadeIn(VGroup of 2 submobjects):  72%|#######1  | 43/60 [00:30<00:10,  1.60it/s]
Animation 10: FadeIn(VGroup of 2 submobjects):  73%|#######3  | 44/60 [00:30<00:08,  1.79it/s]
Animation 10: FadeIn(VGroup of 2 submobjects):  75%|#######5  | 45/60 [00:31<00:08,  1.84it/s]
Animation 10: FadeIn(VGroup of 2 submobjects):  77%|#######6  | 46/60 [00:32<00:09,  1.43it/s]
Animation 10: FadeIn(VGroup of 2 submobjects):  78%|#######8  | 47/60 [00:33<00:09,  1.39it/s]
Animation 10: FadeIn(VGroup of 2 submobjects):  80%|########  | 48/60 [00:33<00:08,  1.40it/s]
Animation 10: FadeIn(VGroup of 2 submobjects):  82%|########1 | 49/60 [00:34<00:08,  1.26it/s]
Animation 10: FadeIn(VGroup of 2 submobjects):  83%|########3 | 50/60 [00:35<00:08,  1.19it/s]
Animation 10: FadeIn(VGroup of 2 submobjects):  85%|########5 | 51/60 [00:36<00:06,  1.44it/s]
Animation 10: FadeIn(VGroup of 2 submobjects):  87%|########6 | 52/60 [00:36<00:04,  1.75it/s]
Animation 10: FadeIn(VGroup of 2 submobjects):  88%|########8 | 53/60 [00:36<00:03,  2.08it/s]
Animation 10: FadeIn(VGroup of 2 submobjects):  90%|######### | 54/60 [00:37<00:03,  1.72it/s]
Animation 10: FadeIn(VGroup of 2 submobjects):  92%|#########1| 55/60 [00:38<00:03,  1.54it/s]
Animation 10: FadeIn(VGroup of 2 submobjects):  93%|#########3| 56/60 [00:39<00:02,  1.43it/s]
Animation 10: FadeIn(VGroup of 2 submobjects):  95%|#########5| 57/60 [00:39<00:02,  1.35it/s]
Animation 10: FadeIn(VGroup of 2 submobjects):  97%|#########6| 58/60 [00:40<00:01,  1.27it/s]
Animation 10: FadeIn(VGroup of 2 submobjects):  98%|#########8| 59/60 [00:41<00:00,  1.24it/s]
Animation 10: FadeIn(VGroup of 2 submobjects): 100%|##########| 60/60 [00:42<00:00,  1.24it/s]
[09/11/26 10:48:33] INFO     Animation 10 : Partial    scene_file_writer.py:192
                             movie file written in                             
                             'C:\Users\Nacho\Documents                         
                             \Animaciones\Capitulo                             
                             13\media\videos\s03_desem                         
                             peno\1080p60\partial_movi                         
                             e_files\Desempeno\2932440                         
                             949_2768902431_3525694106                         
                             .mp4'                                             
[09/11/26 10:48:35] INFO     Animation 11 : Partial    scene_file_writer.py:192
                             movie file written in                             
                             'C:\Users\Nacho\Documents                         
                             \Animaciones\Capitulo                             
                             13\media\videos\s03_desem                         
                             peno\1080p60\partial_movi                         
                             e_files\Desempeno\2932440                         
                             949_941615173_919128209.m                         
                             p4'                                               
                                                                                              

Animation 12: Write(MathTex('P_e=Q\\!\\left(\\frac{\\sqrt E}{2\\sigma}\\right)')):   0%|          | 0/60 [00:00<?, 
?it/s]
Animation 12: Write(MathTex('P_e=Q\\!\\left(\\frac{\\sqrt E}{2\\sigma}\\right)')):   2%|1         | 1/60 [00:00<00:19, 
 3.02it/s]
Animation 12: Write(MathTex('P_e=Q\\!\\left(\\frac{\\sqrt E}{2\\sigma}\\right)')):   3%|3         | 2/60 [00:00<00:14, 
 3.99it/s]
Animation 12: Write(MathTex('P_e=Q\\!\\left(\\frac{\\sqrt E}{2\\sigma}\\right)')):   5%|5         | 3/60 [00:00<00:13, 
 4.32it/s]
Animation 12: Write(MathTex('P_e=Q\\!\\left(\\frac{\\sqrt E}{2\\sigma}\\right)')):   7%|6         | 4/60 [00:01<00:24, 
 2.28it/s]
Animation 12: Write(MathTex('P_e=Q\\!\\left(\\frac{\\sqrt E}{2\\sigma}\\right)')):   8%|8         | 5/60 [00:02<00:33, 
 1.64it/s]
Animation 12: Write(MathTex('P_e=Q\\!\\left(\\frac{\\sqrt E}{2\\sigma}\\right)')):  10%|#         | 6/60 [00:02<00:30, 
 1.78it/s]
Animation 12: Write(MathTex('P_e=Q\\!\\left(\\frac{\\sqrt E}{2\\sigma}\\right)')):  12%|#1        | 7/60 [00:03<00:24, 
 2.18it/s]
Animation 12: Write(MathTex('P_e=Q\\!\\left(\\frac{\\sqrt E}{2\\sigma}\\right)')):  13%|#3        | 8/60 [00:03<00:20, 
 2.49it/s]
Animation 12: Write(MathTex('P_e=Q\\!\\left(\\frac{\\sqrt E}{2\\sigma}\\right)')):  15%|#5        | 9/60 [00:03<00:23, 
 2.18it/s]
Animation 12: Write(MathTex('P_e=Q\\!\\left(\\frac{\\sqrt E}{2\\sigma}\\right)')):  17%|#6        | 10/60 
[00:04<00:28,  1.75it/s]
Animation 12: Write(MathTex('P_e=Q\\!\\left(\\frac{\\sqrt E}{2\\sigma}\\right)')):  18%|#8        | 11/60 
[00:05<00:32,  1.53it/s]
Animation 12: Write(MathTex('P_e=Q\\!\\left(\\frac{\\sqrt E}{2\\sigma}\\right)')):  20%|##        | 12/60 
[00:06<00:34,  1.41it/s]
Animation 12: Write(MathTex('P_e=Q\\!\\left(\\frac{\\sqrt E}{2\\sigma}\\right)')):  22%|##1       | 13/60 
[00:07<00:34,  1.37it/s]
Animation 12: Write(MathTex('P_e=Q\\!\\left(\\frac{\\sqrt E}{2\\sigma}\\right)')):  23%|##3       | 14/60 
[00:08<00:35,  1.30it/s]
Animation 12: Write(MathTex('P_e=Q\\!\\left(\\frac{\\sqrt E}{2\\sigma}\\right)')):  25%|##5       | 15/60 
[00:08<00:35,  1.27it/s]
Animation 12: Write(MathTex('P_e=Q\\!\\left(\\frac{\\sqrt E}{2\\sigma}\\right)')):  27%|##6       | 16/60 
[00:09<00:34,  1.27it/s]
Animation 12: Write(MathTex('P_e=Q\\!\\left(\\frac{\\sqrt E}{2\\sigma}\\right)')):  28%|##8       | 17/60 
[00:10<00:33,  1.29it/s]
Animation 12: Write(MathTex('P_e=Q\\!\\left(\\frac{\\sqrt E}{2\\sigma}\\right)')):  30%|###       | 18/60 
[00:11<00:32,  1.31it/s]
Animation 12: Write(MathTex('P_e=Q\\!\\left(\\frac{\\sqrt E}{2\\sigma}\\right)')):  32%|###1      | 19/60 
[00:11<00:31,  1.31it/s]
Animation 12: Write(MathTex('P_e=Q\\!\\left(\\frac{\\sqrt E}{2\\sigma}\\right)')):  33%|###3      | 20/60 
[00:12<00:30,  1.30it/s]
Animation 12: Write(MathTex('P_e=Q\\!\\left(\\frac{\\sqrt E}{2\\sigma}\\right)')):  35%|###5      | 21/60 
[00:13<00:29,  1.30it/s]
Animation 12: Write(MathTex('P_e=Q\\!\\left(\\frac{\\sqrt E}{2\\sigma}\\right)')):  37%|###6      | 22/60 
[00:14<00:27,  1.37it/s]
Animation 12: Write(MathTex('P_e=Q\\!\\left(\\frac{\\sqrt E}{2\\sigma}\\right)')):  38%|###8      | 23/60 
[00:14<00:25,  1.45it/s]
Animation 12: Write(MathTex('P_e=Q\\!\\left(\\frac{\\sqrt E}{2\\sigma}\\right)')):  40%|####      | 24/60 
[00:15<00:24,  1.44it/s]
Animation 12: Write(MathTex('P_e=Q\\!\\left(\\frac{\\sqrt E}{2\\sigma}\\right)')):  42%|####1     | 25/60 
[00:16<00:24,  1.44it/s]
Animation 12: Write(MathTex('P_e=Q\\!\\left(\\frac{\\sqrt E}{2\\sigma}\\right)')):  43%|####3     | 26/60 
[00:16<00:23,  1.43it/s]
Animation 12: Write(MathTex('P_e=Q\\!\\left(\\frac{\\sqrt E}{2\\sigma}\\right)')):  45%|####5     | 27/60 
[00:17<00:23,  1.42it/s]
Animation 12: Write(MathTex('P_e=Q\\!\\left(\\frac{\\sqrt E}{2\\sigma}\\right)')):  47%|####6     | 28/60 
[00:18<00:23,  1.38it/s]
Animation 12: Write(MathTex('P_e=Q\\!\\left(\\frac{\\sqrt E}{2\\sigma}\\right)')):  48%|####8     | 29/60 
[00:19<00:23,  1.35it/s]
Animation 12: Write(MathTex('P_e=Q\\!\\left(\\frac{\\sqrt E}{2\\sigma}\\right)')):  50%|#####     | 30/60 
[00:19<00:22,  1.32it/s]
Animation 12: Write(MathTex('P_e=Q\\!\\left(\\frac{\\sqrt E}{2\\sigma}\\right)')):  52%|#####1    | 31/60 
[00:20<00:22,  1.30it/s]
Animation 12: Write(MathTex('P_e=Q\\!\\left(\\frac{\\sqrt E}{2\\sigma}\\right)')):  53%|#####3    | 32/60 
[00:21<00:21,  1.28it/s]
Animation 12: Write(MathTex('P_e=Q\\!\\left(\\frac{\\sqrt E}{2\\sigma}\\right)')):  55%|#####5    | 33/60 
[00:22<00:20,  1.29it/s]
Animation 12: Write(MathTex('P_e=Q\\!\\left(\\frac{\\sqrt E}{2\\sigma}\\right)')):  57%|#####6    | 34/60 
[00:23<00:20,  1.27it/s]
Animation 12: Write(MathTex('P_e=Q\\!\\left(\\frac{\\sqrt E}{2\\sigma}\\right)')):  58%|#####8    | 35/60 
[00:23<00:19,  1.28it/s]
Animation 12: Write(MathTex('P_e=Q\\!\\left(\\frac{\\sqrt E}{2\\sigma}\\right)')):  60%|######    | 36/60 
[00:24<00:18,  1.28it/s]
Animation 12: Write(MathTex('P_e=Q\\!\\left(\\frac{\\sqrt E}{2\\sigma}\\right)')):  62%|######1   | 37/60 
[00:25<00:17,  1.28it/s]
Animation 12: Write(MathTex('P_e=Q\\!\\left(\\frac{\\sqrt E}{2\\sigma}\\right)')):  63%|######3   | 38/60 
[00:26<00:16,  1.31it/s]
Animation 12: Write(MathTex('P_e=Q\\!\\left(\\frac{\\sqrt E}{2\\sigma}\\right)')):  65%|######5   | 39/60 
[00:26<00:15,  1.33it/s]
Animation 12: Write(MathTex('P_e=Q\\!\\left(\\frac{\\sqrt E}{2\\sigma}\\right)')):  67%|######6   | 40/60 
[00:27<00:14,  1.40it/s]
Animation 12: Write(MathTex('P_e=Q\\!\\left(\\frac{\\sqrt E}{2\\sigma}\\right)')):  68%|######8   | 41/60 
[00:28<00:13,  1.42it/s]
Animation 12: Write(MathTex('P_e=Q\\!\\left(\\frac{\\sqrt E}{2\\sigma}\\right)')):  70%|#######   | 42/60 
[00:28<00:12,  1.39it/s]
Animation 12: Write(MathTex('P_e=Q\\!\\left(\\frac{\\sqrt E}{2\\sigma}\\right)')):  72%|#######1  | 43/60 
[00:29<00:12,  1.40it/s]
Animation 12: Write(MathTex('P_e=Q\\!\\left(\\frac{\\sqrt E}{2\\sigma}\\right)')):  73%|#######3  | 44/60 
[00:30<00:11,  1.37it/s]
Animation 12: Write(MathTex('P_e=Q\\!\\left(\\frac{\\sqrt E}{2\\sigma}\\right)')):  75%|#######5  | 45/60 
[00:31<00:10,  1.37it/s]
Animation 12: Write(MathTex('P_e=Q\\!\\left(\\frac{\\sqrt E}{2\\sigma}\\right)')):  77%|#######6  | 46/60 
[00:31<00:10,  1.33it/s]
Animation 12: Write(MathTex('P_e=Q\\!\\left(\\frac{\\sqrt E}{2\\sigma}\\right)')):  78%|#######8  | 47/60 
[00:32<00:09,  1.31it/s]
Animation 12: Write(MathTex('P_e=Q\\!\\left(\\frac{\\sqrt E}{2\\sigma}\\right)')):  80%|########  | 48/60 
[00:33<00:09,  1.26it/s]
Animation 12: Write(MathTex('P_e=Q\\!\\left(\\frac{\\sqrt E}{2\\sigma}\\right)')):  82%|########1 | 49/60 
[00:34<00:08,  1.25it/s]
Animation 12: Write(MathTex('P_e=Q\\!\\left(\\frac{\\sqrt E}{2\\sigma}\\right)')):  83%|########3 | 50/60 
[00:35<00:07,  1.26it/s]
Animation 12: Write(MathTex('P_e=Q\\!\\left(\\frac{\\sqrt E}{2\\sigma}\\right)')):  85%|########5 | 51/60 
[00:35<00:07,  1.27it/s]
Animation 12: Write(MathTex('P_e=Q\\!\\left(\\frac{\\sqrt E}{2\\sigma}\\right)')):  87%|########6 | 52/60 
[00:36<00:06,  1.30it/s]
Animation 12: Write(MathTex('P_e=Q\\!\\left(\\frac{\\sqrt E}{2\\sigma}\\right)')):  88%|########8 | 53/60 
[00:37<00:05,  1.38it/s]
Animation 12: Write(MathTex('P_e=Q\\!\\left(\\frac{\\sqrt E}{2\\sigma}\\right)')):  90%|######### | 54/60 
[00:38<00:04,  1.39it/s]
Animation 12: Write(MathTex('P_e=Q\\!\\left(\\frac{\\sqrt E}{2\\sigma}\\right)')):  92%|#########1| 55/60 
[00:38<00:03,  1.37it/s]
Animation 12: Write(MathTex('P_e=Q\\!\\left(\\frac{\\sqrt E}{2\\sigma}\\right)')):  93%|#########3| 56/60 
[00:39<00:03,  1.33it/s]
Animation 12: Write(MathTex('P_e=Q\\!\\left(\\frac{\\sqrt E}{2\\sigma}\\right)')):  95%|#########5| 57/60 
[00:40<00:02,  1.32it/s]
Animation 12: Write(MathTex('P_e=Q\\!\\left(\\frac{\\sqrt E}{2\\sigma}\\right)')):  97%|#########6| 58/60 
[00:41<00:01,  1.32it/s]
Animation 12: Write(MathTex('P_e=Q\\!\\left(\\frac{\\sqrt E}{2\\sigma}\\right)')):  98%|#########8| 59/60 
[00:41<00:00,  1.31it/s]
Animation 12: Write(MathTex('P_e=Q\\!\\left(\\frac{\\sqrt E}{2\\sigma}\\right)')): 100%|##########| 60/60 
[00:42<00:00,  1.28it/s]
[09/11/26 10:49:20] INFO     Animation 12 : Partial    scene_file_writer.py:192
                             movie file written in                             
                             'C:\Users\Nacho\Documents                         
                             \Animaciones\Capitulo                             
                             13\media\videos\s03_desem                         
                             peno\1080p60\partial_movi                         
                             e_files\Desempeno\2932440                         
                             949_3032843717_408807534.                         
                             mp4'                                              
[09/11/26 10:49:21] INFO     Animation 13 : Partial    scene_file_writer.py:192
                             movie file written in                             
                             'C:\Users\Nacho\Documents                         
                             \Animaciones\Capitulo                             
                             13\media\videos\s03_desem                         
                             peno\1080p60\partial_movi                         
                             e_files\Desempeno\2932440                         
                             949_4046863825_2932128720                         
                             .mp4'                                             
                                                                                                                       
           

Animation 14: _MethodAnimation(ValueTracker):   0%|          | 0/120 [00:00<?, ?it/s]
Animation 14: _MethodAnimation(ValueTracker):   1%|          | 1/120 [00:00<00:24,  4.89it/s]
Animation 14: _MethodAnimation(ValueTracker):   2%|1         | 2/120 [00:00<01:00,  1.96it/s]
Animation 14: _MethodAnimation(ValueTracker):   2%|2         | 3/120 [00:01<01:13,  1.59it/s]
Animation 14: _MethodAnimation(ValueTracker):   3%|3         | 4/120 [00:02<01:12,  1.61it/s]
Animation 14: _MethodAnimation(ValueTracker):   4%|4         | 5/120 [00:03<01:18,  1.46it/s]
Animation 14: _MethodAnimation(ValueTracker):   5%|5         | 6/120 [00:03<01:21,  1.41it/s]
Animation 14: _MethodAnimation(ValueTracker):   6%|5         | 7/120 [00:04<01:26,  1.31it/s]
Animation 14: _MethodAnimation(ValueTracker):   7%|6         | 8/120 [00:05<01:26,  1.29it/s]
Animation 14: _MethodAnimation(ValueTracker):   8%|7         | 9/120 [00:06<01:27,  1.27it/s]
Animation 14: _MethodAnimation(ValueTracker):   8%|8         | 10/120 [00:07<01:27,  1.25it/s]
Animation 14: _MethodAnimation(ValueTracker):   9%|9         | 11/120 [00:07<01:27,  1.25it/s]
Animation 14: _MethodAnimation(ValueTracker):  10%|#         | 12/120 [00:08<01:26,  1.24it/s]
Animation 14: _MethodAnimation(ValueTracker):  11%|#         | 13/120 [00:09<01:24,  1.26it/s]
Animation 14: _MethodAnimation(ValueTracker):  12%|#1        | 14/120 [00:10<01:24,  1.25it/s]
Animation 14: _MethodAnimation(ValueTracker):  12%|#2        | 15/120 [00:11<01:24,  1.24it/s]
Animation 14: _MethodAnimation(ValueTracker):  13%|#3        | 16/120 [00:12<01:23,  1.24it/s]
Animation 14: _MethodAnimation(ValueTracker):  14%|#4        | 17/120 [00:12<01:17,  1.34it/s]
Animation 14: _MethodAnimation(ValueTracker):  15%|#5        | 18/120 [00:13<01:15,  1.35it/s]
Animation 14: _MethodAnimation(ValueTracker):  16%|#5        | 19/120 [00:14<01:14,  1.36it/s]
Animation 14: _MethodAnimation(ValueTracker):  17%|#6        | 20/120 [00:14<01:09,  1.43it/s]
Animation 14: _MethodAnimation(ValueTracker):  18%|#7        | 21/120 [00:15<01:09,  1.42it/s]
Animation 14: _MethodAnimation(ValueTracker):  18%|#8        | 22/120 [00:16<01:10,  1.40it/s]
Animation 14: _MethodAnimation(ValueTracker):  19%|#9        | 23/120 [00:16<01:07,  1.43it/s]
Animation 14: _MethodAnimation(ValueTracker):  20%|##        | 24/120 [00:17<01:07,  1.41it/s]
Animation 14: _MethodAnimation(ValueTracker):  21%|##        | 25/120 [00:18<01:08,  1.38it/s]
Animation 14: _MethodAnimation(ValueTracker):  22%|##1       | 26/120 [00:19<01:11,  1.31it/s]
Animation 14: _MethodAnimation(ValueTracker):  22%|##2       | 27/120 [00:19<01:10,  1.32it/s]
Animation 14: _MethodAnimation(ValueTracker):  23%|##3       | 28/120 [00:20<01:11,  1.29it/s]
Animation 14: _MethodAnimation(ValueTracker):  24%|##4       | 29/120 [00:21<01:11,  1.27it/s]
Animation 14: _MethodAnimation(ValueTracker):  25%|##5       | 30/120 [00:22<01:11,  1.25it/s]
Animation 14: _MethodAnimation(ValueTracker):  26%|##5       | 31/120 [00:22<01:06,  1.34it/s]
Animation 14: _MethodAnimation(ValueTracker):  27%|##6       | 32/120 [00:23<01:05,  1.34it/s]
Animation 14: _MethodAnimation(ValueTracker):  28%|##7       | 33/120 [00:24<01:04,  1.35it/s]
Animation 14: _MethodAnimation(ValueTracker):  28%|##8       | 34/120 [00:25<01:00,  1.41it/s]
Animation 14: _MethodAnimation(ValueTracker):  29%|##9       | 35/120 [00:25<01:00,  1.40it/s]
Animation 14: _MethodAnimation(ValueTracker):  30%|###       | 36/120 [00:26<00:57,  1.47it/s]
Animation 14: _MethodAnimation(ValueTracker):  31%|###       | 37/120 [00:27<00:57,  1.44it/s]
Animation 14: _MethodAnimation(ValueTracker):  32%|###1      | 38/120 [00:27<00:59,  1.38it/s]
Animation 14: _MethodAnimation(ValueTracker):  32%|###2      | 39/120 [00:28<00:56,  1.44it/s]
Animation 14: _MethodAnimation(ValueTracker):  33%|###3      | 40/120 [00:29<00:56,  1.42it/s]
Animation 14: _MethodAnimation(ValueTracker):  34%|###4      | 41/120 [00:30<00:56,  1.39it/s]
Animation 14: _MethodAnimation(ValueTracker):  35%|###5      | 42/120 [00:30<00:53,  1.46it/s]
Animation 14: _MethodAnimation(ValueTracker):  36%|###5      | 43/120 [00:31<00:54,  1.41it/s]
Animation 14: _MethodAnimation(ValueTracker):  37%|###6      | 44/120 [00:32<00:55,  1.38it/s]
Animation 14: _MethodAnimation(ValueTracker):  38%|###7      | 45/120 [00:32<00:56,  1.32it/s]
Animation 14: _MethodAnimation(ValueTracker):  38%|###8      | 46/120 [00:33<00:56,  1.31it/s]
Animation 14: _MethodAnimation(ValueTracker):  39%|###9      | 47/120 [00:34<00:56,  1.30it/s]
Animation 14: _MethodAnimation(ValueTracker):  40%|####      | 48/120 [00:35<00:55,  1.29it/s]
Animation 14: _MethodAnimation(ValueTracker):  41%|####      | 49/120 [00:36<00:54,  1.30it/s]
Animation 14: _MethodAnimation(ValueTracker):  42%|####1     | 50/120 [00:36<00:54,  1.29it/s]
Animation 14: _MethodAnimation(ValueTracker):  42%|####2     | 51/120 [00:37<00:54,  1.26it/s]
Animation 14: _MethodAnimation(ValueTracker):  43%|####3     | 52/120 [00:38<00:54,  1.25it/s]
Animation 14: _MethodAnimation(ValueTracker):  44%|####4     | 53/120 [00:39<00:53,  1.25it/s]
Animation 14: _MethodAnimation(ValueTracker):  45%|####5     | 54/120 [00:40<00:53,  1.24it/s]
Animation 14: _MethodAnimation(ValueTracker):  46%|####5     | 55/120 [00:40<00:52,  1.23it/s]
Animation 14: _MethodAnimation(ValueTracker):  47%|####6     | 56/120 [00:41<00:52,  1.22it/s]
Animation 14: _MethodAnimation(ValueTracker):  48%|####7     | 57/120 [00:42<00:51,  1.23it/s]
Animation 14: _MethodAnimation(ValueTracker):  48%|####8     | 58/120 [00:43<00:49,  1.25it/s]
Animation 14: _MethodAnimation(ValueTracker):  49%|####9     | 59/120 [00:44<00:49,  1.23it/s]
Animation 14: _MethodAnimation(ValueTracker):  50%|#####     | 60/120 [00:45<00:49,  1.22it/s]
Animation 14: _MethodAnimation(ValueTracker):  51%|#####     | 61/120 [00:45<00:44,  1.32it/s]
Animation 14: _MethodAnimation(ValueTracker):  52%|#####1    | 62/120 [00:46<00:42,  1.37it/s]
Animation 14: _MethodAnimation(ValueTracker):  52%|#####2    | 63/120 [00:47<00:41,  1.37it/s]
Animation 14: _MethodAnimation(ValueTracker):  53%|#####3    | 64/120 [00:47<00:41,  1.36it/s]
Animation 14: _MethodAnimation(ValueTracker):  54%|#####4    | 65/120 [00:48<00:40,  1.36it/s]
Animation 14: _MethodAnimation(ValueTracker):  55%|#####5    | 66/120 [00:49<00:37,  1.44it/s]
Animation 14: _MethodAnimation(ValueTracker):  56%|#####5    | 67/120 [00:49<00:37,  1.42it/s]
Animation 14: _MethodAnimation(ValueTracker):  57%|#####6    | 68/120 [00:50<00:37,  1.40it/s]
Animation 14: _MethodAnimation(ValueTracker):  57%|#####7    | 69/120 [00:51<00:37,  1.35it/s]
Animation 14: _MethodAnimation(ValueTracker):  58%|#####8    | 70/120 [00:52<00:37,  1.32it/s]
Animation 14: _MethodAnimation(ValueTracker):  59%|#####9    | 71/120 [00:53<00:37,  1.30it/s]
Animation 14: _MethodAnimation(ValueTracker):  60%|######    | 72/120 [00:53<00:38,  1.25it/s]
Animation 14: _MethodAnimation(ValueTracker):  61%|######    | 73/120 [00:54<00:38,  1.21it/s]
Animation 14: _MethodAnimation(ValueTracker):  62%|######1   | 74/120 [00:55<00:39,  1.17it/s]
Animation 14: _MethodAnimation(ValueTracker):  62%|######2   | 75/120 [00:55<00:30,  1.50it/s]
Animation 14: _MethodAnimation(ValueTracker):  63%|######3   | 76/120 [00:56<00:24,  1.78it/s]
Animation 14: _MethodAnimation(ValueTracker):  64%|######4   | 77/120 [00:56<00:20,  2.13it/s]
Animation 14: _MethodAnimation(ValueTracker):  65%|######5   | 78/120 [00:56<00:17,  2.40it/s]
Animation 14: _MethodAnimation(ValueTracker):  66%|######5   | 79/120 [00:57<00:21,  1.88it/s]
Animation 14: _MethodAnimation(ValueTracker):  67%|######6   | 80/120 [00:58<00:23,  1.68it/s]
Animation 14: _MethodAnimation(ValueTracker):  68%|######7   | 81/120 [00:59<00:24,  1.57it/s]
Animation 14: _MethodAnimation(ValueTracker):  68%|######8   | 82/120 [00:59<00:24,  1.54it/s]
Animation 14: _MethodAnimation(ValueTracker):  69%|######9   | 83/120 [01:00<00:24,  1.50it/s]
Animation 14: _MethodAnimation(ValueTracker):  70%|#######   | 84/120 [01:01<00:24,  1.45it/s]
Animation 14: _MethodAnimation(ValueTracker):  71%|#######   | 85/120 [01:02<00:25,  1.37it/s]
Animation 14: _MethodAnimation(ValueTracker):  72%|#######1  | 86/120 [01:02<00:25,  1.35it/s]
Animation 14: _MethodAnimation(ValueTracker):  72%|#######2  | 87/120 [01:03<00:24,  1.33it/s]
Animation 14: _MethodAnimation(ValueTracker):  73%|#######3  | 88/120 [01:04<00:24,  1.30it/s]
Animation 14: _MethodAnimation(ValueTracker):  74%|#######4  | 89/120 [01:05<00:23,  1.29it/s]
Animation 14: _MethodAnimation(ValueTracker):  75%|#######5  | 90/120 [01:05<00:23,  1.29it/s]
Animation 14: _MethodAnimation(ValueTracker):  76%|#######5  | 91/120 [01:06<00:22,  1.29it/s]
Animation 14: _MethodAnimation(ValueTracker):  77%|#######6  | 92/120 [01:07<00:22,  1.25it/s]
Animation 14: _MethodAnimation(ValueTracker):  78%|#######7  | 93/120 [01:08<00:21,  1.25it/s]
Animation 14: _MethodAnimation(ValueTracker):  78%|#######8  | 94/120 [01:09<00:20,  1.24it/s]
Animation 14: _MethodAnimation(ValueTracker):  79%|#######9  | 95/120 [01:10<00:20,  1.23it/s]
Animation 14: _MethodAnimation(ValueTracker):  80%|########  | 96/120 [01:10<00:19,  1.23it/s]
Animation 14: _MethodAnimation(ValueTracker):  81%|########  | 97/120 [01:11<00:18,  1.23it/s]
Animation 14: _MethodAnimation(ValueTracker):  82%|########1 | 98/120 [01:12<00:17,  1.25it/s]
Animation 14: _MethodAnimation(ValueTracker):  82%|########2 | 99/120 [01:13<00:17,  1.21it/s]
Animation 14: _MethodAnimation(ValueTracker):  83%|########3 | 100/120 [01:14<00:16,  1.23it/s]
Animation 14: _MethodAnimation(ValueTracker):  84%|########4 | 101/120 [01:14<00:15,  1.25it/s]
Animation 14: _MethodAnimation(ValueTracker):  85%|########5 | 102/120 [01:15<00:14,  1.24it/s]
Animation 14: _MethodAnimation(ValueTracker):  86%|########5 | 103/120 [01:16<00:13,  1.26it/s]
Animation 14: _MethodAnimation(ValueTracker):  87%|########6 | 104/120 [01:17<00:12,  1.33it/s]
Animation 14: _MethodAnimation(ValueTracker):  88%|########7 | 105/120 [01:17<00:11,  1.34it/s]
Animation 14: _MethodAnimation(ValueTracker):  88%|########8 | 106/120 [01:18<00:10,  1.34it/s]
Animation 14: _MethodAnimation(ValueTracker):  89%|########9 | 107/120 [01:19<00:09,  1.30it/s]
Animation 14: _MethodAnimation(ValueTracker):  90%|######### | 108/120 [01:20<00:09,  1.26it/s]
Animation 14: _MethodAnimation(ValueTracker):  91%|######### | 109/120 [01:21<00:08,  1.25it/s]
Animation 14: _MethodAnimation(ValueTracker):  92%|#########1| 110/120 [01:21<00:07,  1.26it/s]
Animation 14: _MethodAnimation(ValueTracker):  92%|#########2| 111/120 [01:22<00:07,  1.27it/s]
Animation 14: _MethodAnimation(ValueTracker):  93%|#########3| 112/120 [01:23<00:05,  1.37it/s]
Animation 14: _MethodAnimation(ValueTracker):  94%|#########4| 113/120 [01:23<00:05,  1.37it/s]
Animation 14: _MethodAnimation(ValueTracker):  95%|#########5| 114/120 [01:24<00:04,  1.35it/s]
Animation 14: _MethodAnimation(ValueTracker):  96%|#########5| 115/120 [01:25<00:03,  1.32it/s]
Animation 14: _MethodAnimation(ValueTracker):  97%|#########6| 116/120 [01:26<00:03,  1.27it/s]
Animation 14: _MethodAnimation(ValueTracker):  98%|#########7| 117/120 [01:27<00:02,  1.25it/s]
Animation 14: _MethodAnimation(ValueTracker):  98%|#########8| 118/120 [01:27<00:01,  1.26it/s]
Animation 14: _MethodAnimation(ValueTracker):  99%|#########9| 119/120 [01:28<00:00,  1.25it/s]
Animation 14: _MethodAnimation(ValueTracker): 100%|##########| 120/120 [01:29<00:00,  1.27it/s]
[09/11/26 10:50:52] INFO     Animation 14 : Partial    scene_file_writer.py:192
                             movie file written in                             
                             'C:\Users\Nacho\Documents                         
                             \Animaciones\Capitulo                             
                             13\media\videos\s03_desem                         
                             peno\1080p60\partial_movi                         
                             e_files\Desempeno\2932440                         
                             949_389152065_1148686251.                         
                             mp4'                                              
                                                                                               

Animation 15: FadeIn(Text('poca energía: las campanas se superponen mucho')):   0%|          | 0/60 [00:00<?, ?it/s]
Animation 15: FadeIn(Text('poca energía: las campanas se superponen mucho')):   2%|1         | 1/60 [00:00<00:12,  
4.74it/s]
Animation 15: FadeIn(Text('poca energía: las campanas se superponen mucho')):   3%|3         | 2/60 [00:00<00:12,  
4.81it/s]
Animation 15: FadeIn(Text('poca energía: las campanas se superponen mucho')):   5%|5         | 3/60 [00:00<00:11,  
4.91it/s]
Animation 15: FadeIn(Text('poca energía: las campanas se superponen mucho')):   7%|6         | 4/60 [00:01<00:24,  
2.26it/s]
Animation 15: FadeIn(Text('poca energía: las campanas se superponen mucho')):   8%|8         | 5/60 [00:02<00:32,  
1.72it/s]
Animation 15: FadeIn(Text('poca energía: las campanas se superponen mucho')):  10%|#         | 6/60 [00:03<00:35,  
1.53it/s]
Animation 15: FadeIn(Text('poca energía: las campanas se superponen mucho')):  12%|#1        | 7/60 [00:03<00:37,  
1.40it/s]
Animation 15: FadeIn(Text('poca energía: las campanas se superponen mucho')):  13%|#3        | 8/60 [00:04<00:38,  
1.36it/s]
Animation 15: FadeIn(Text('poca energía: las campanas se superponen mucho')):  15%|#5        | 9/60 [00:05<00:40,  
1.27it/s]
Animation 15: FadeIn(Text('poca energía: las campanas se superponen mucho')):  17%|#6        | 10/60 [00:06<00:39,  
1.27it/s]
Animation 15: FadeIn(Text('poca energía: las campanas se superponen mucho')):  18%|#8        | 11/60 [00:07<00:38,  
1.26it/s]
Animation 15: FadeIn(Text('poca energía: las campanas se superponen mucho')):  20%|##        | 12/60 [00:07<00:38,  
1.25it/s]
Animation 15: FadeIn(Text('poca energía: las campanas se superponen mucho')):  22%|##1       | 13/60 [00:08<00:37,  
1.27it/s]
Animation 15: FadeIn(Text('poca energía: las campanas se superponen mucho')):  23%|##3       | 14/60 [00:09<00:36,  
1.26it/s]
Animation 15: FadeIn(Text('poca energía: las campanas se superponen mucho')):  25%|##5       | 15/60 [00:10<00:35,  
1.25it/s]
Animation 15: FadeIn(Text('poca energía: las campanas se superponen mucho')):  27%|##6       | 16/60 [00:11<00:34,  
1.26it/s]
Animation 15: FadeIn(Text('poca energía: las campanas se superponen mucho')):  28%|##8       | 17/60 [00:11<00:33,  
1.29it/s]
Animation 15: FadeIn(Text('poca energía: las campanas se superponen mucho')):  30%|###       | 18/60 [00:12<00:31,  
1.34it/s]
Animation 15: FadeIn(Text('poca energía: las campanas se superponen mucho')):  32%|###1      | 19/60 [00:13<00:30,  
1.34it/s]
Animation 15: FadeIn(Text('poca energía: las campanas se superponen mucho')):  33%|###3      | 20/60 [00:14<00:29,  
1.34it/s]
Animation 15: FadeIn(Text('poca energía: las campanas se superponen mucho')):  35%|###5      | 21/60 [00:14<00:29,  
1.30it/s]
Animation 15: FadeIn(Text('poca energía: las campanas se superponen mucho')):  37%|###6      | 22/60 [00:15<00:30,  
1.26it/s]
Animation 15: FadeIn(Text('poca energía: las campanas se superponen mucho')):  38%|###8      | 23/60 [00:16<00:29,  
1.25it/s]
Animation 15: FadeIn(Text('poca energía: las campanas se superponen mucho')):  40%|####      | 24/60 [00:17<00:28,  
1.24it/s]
Animation 15: FadeIn(Text('poca energía: las campanas se superponen mucho')):  42%|####1     | 25/60 [00:18<00:28,  
1.24it/s]
Animation 15: FadeIn(Text('poca energía: las campanas se superponen mucho')):  43%|####3     | 26/60 [00:18<00:27,  
1.24it/s]
Animation 15: FadeIn(Text('poca energía: las campanas se superponen mucho')):  45%|####5     | 27/60 [00:19<00:26,  
1.25it/s]
Animation 15: FadeIn(Text('poca energía: las campanas se superponen mucho')):  47%|####6     | 28/60 [00:20<00:24,  
1.33it/s]
Animation 15: FadeIn(Text('poca energía: las campanas se superponen mucho')):  48%|####8     | 29/60 [00:21<00:23,  
1.34it/s]
Animation 15: FadeIn(Text('poca energía: las campanas se superponen mucho')):  50%|#####     | 30/60 [00:21<00:22,  
1.33it/s]
Animation 15: FadeIn(Text('poca energía: las campanas se superponen mucho')):  52%|#####1    | 31/60 [00:22<00:22,  
1.29it/s]
Animation 15: FadeIn(Text('poca energía: las campanas se superponen mucho')):  53%|#####3    | 32/60 [00:23<00:22,  
1.26it/s]
Animation 15: FadeIn(Text('poca energía: las campanas se superponen mucho')):  55%|#####5    | 33/60 [00:24<00:21,  
1.24it/s]
Animation 15: FadeIn(Text('poca energía: las campanas se superponen mucho')):  57%|#####6    | 34/60 [00:25<00:20,  
1.24it/s]
Animation 15: FadeIn(Text('poca energía: las campanas se superponen mucho')):  58%|#####8    | 35/60 [00:26<00:20,  
1.24it/s]
Animation 15: FadeIn(Text('poca energía: las campanas se superponen mucho')):  60%|######    | 36/60 [00:26<00:19,  
1.23it/s]
Animation 15: FadeIn(Text('poca energía: las campanas se superponen mucho')):  62%|######1   | 37/60 [00:27<00:19,  
1.20it/s]
Animation 15: FadeIn(Text('poca energía: las campanas se superponen mucho')):  63%|######3   | 38/60 [00:28<00:18,  
1.20it/s]
Animation 15: FadeIn(Text('poca energía: las campanas se superponen mucho')):  65%|######5   | 39/60 [00:29<00:16,  
1.28it/s]
Animation 15: FadeIn(Text('poca energía: las campanas se superponen mucho')):  67%|######6   | 40/60 [00:29<00:15,  
1.30it/s]
Animation 15: FadeIn(Text('poca energía: las campanas se superponen mucho')):  68%|######8   | 41/60 [00:30<00:14,  
1.29it/s]
Animation 15: FadeIn(Text('poca energía: las campanas se superponen mucho')):  70%|#######   | 42/60 [00:31<00:14,  
1.28it/s]
Animation 15: FadeIn(Text('poca energía: las campanas se superponen mucho')):  72%|#######1  | 43/60 [00:32<00:13,  
1.24it/s]
Animation 15: FadeIn(Text('poca energía: las campanas se superponen mucho')):  73%|#######3  | 44/60 [00:33<00:12,  
1.29it/s]
Animation 15: FadeIn(Text('poca energía: las campanas se superponen mucho')):  75%|#######5  | 45/60 [00:33<00:11,  
1.31it/s]
Animation 15: FadeIn(Text('poca energía: las campanas se superponen mucho')):  77%|#######6  | 46/60 [00:34<00:10,  
1.33it/s]
Animation 15: FadeIn(Text('poca energía: las campanas se superponen mucho')):  78%|#######8  | 47/60 [00:35<00:10,  
1.29it/s]
Animation 15: FadeIn(Text('poca energía: las campanas se superponen mucho')):  80%|########  | 48/60 [00:36<00:09,  
1.27it/s]
Animation 15: FadeIn(Text('poca energía: las campanas se superponen mucho')):  82%|########1 | 49/60 [00:37<00:08,  
1.24it/s]
Animation 15: FadeIn(Text('poca energía: las campanas se superponen mucho')):  83%|########3 | 50/60 [00:37<00:08,  
1.25it/s]
Animation 15: FadeIn(Text('poca energía: las campanas se superponen mucho')):  85%|########5 | 51/60 [00:38<00:07,  
1.25it/s]
Animation 15: FadeIn(Text('poca energía: las campanas se superponen mucho')):  87%|########6 | 52/60 [00:39<00:06,  
1.22it/s]
Animation 15: FadeIn(Text('poca energía: las campanas se superponen mucho')):  88%|########8 | 53/60 [00:40<00:05,  
1.21it/s]
Animation 15: FadeIn(Text('poca energía: las campanas se superponen mucho')):  90%|######### | 54/60 [00:41<00:05,  
1.18it/s]
Animation 15: FadeIn(Text('poca energía: las campanas se superponen mucho')):  92%|#########1| 55/60 [00:42<00:04,  
1.20it/s]
Animation 15: FadeIn(Text('poca energía: las campanas se superponen mucho')):  93%|#########3| 56/60 [00:42<00:03,  
1.25it/s]
Animation 15: FadeIn(Text('poca energía: las campanas se superponen mucho')):  95%|#########5| 57/60 [00:43<00:02,  
1.28it/s]
Animation 15: FadeIn(Text('poca energía: las campanas se superponen mucho')):  97%|#########6| 58/60 [00:44<00:01,  
1.29it/s]
Animation 15: FadeIn(Text('poca energía: las campanas se superponen mucho')):  98%|#########8| 59/60 [00:45<00:00,  
1.26it/s]
Animation 15: FadeIn(Text('poca energía: las campanas se superponen mucho')): 100%|##########| 60/60 [00:45<00:00,  
1.24it/s]
[09/11/26 10:51:40] INFO     Animation 15 : Partial    scene_file_writer.py:192
                             movie file written in                             
                             'C:\Users\Nacho\Documents                         
                             \Animaciones\Capitulo                             
                             13\media\videos\s03_desem                         
                             peno\1080p60\partial_movi                         
                             e_files\Desempeno\2932440                         
                             949_2025659842_209899766.                         
                             mp4'                                              
[09/11/26 10:51:42] INFO     Animation 16 : Partial    scene_file_writer.py:192
                             movie file written in                             
                             'C:\Users\Nacho\Documents                         
                             \Animaciones\Capitulo                             
                             13\media\videos\s03_desem                         
                             peno\1080p60\partial_movi                         
                             e_files\Desempeno\2932440                         
                             949_3810316983_3458175899                         
                             .mp4'                                             
                                                                                                                       
      

Animation 17: FadeOut(Text('poca energía: las campanas se superponen mucho')):   0%|          | 0/60 [00:00<?, ?it/s]
Animation 17: FadeOut(Text('poca energía: las campanas se superponen mucho')):   2%|1         | 1/60 [00:00<00:45,  
1.28it/s]
Animation 17: FadeOut(Text('poca energía: las campanas se superponen mucho')):   3%|3         | 2/60 [00:01<00:46,  
1.24it/s]
Animation 17: FadeOut(Text('poca energía: las campanas se superponen mucho')):   5%|5         | 3/60 [00:02<00:44,  
1.28it/s]
Animation 17: FadeOut(Text('poca energía: las campanas se superponen mucho')):   7%|6         | 4/60 [00:03<00:43,  
1.30it/s]
Animation 17: FadeOut(Text('poca energía: las campanas se superponen mucho')):   8%|8         | 5/60 [00:03<00:41,  
1.32it/s]
Animation 17: FadeOut(Text('poca energía: las campanas se superponen mucho')):  10%|#         | 6/60 [00:04<00:40,  
1.33it/s]
Animation 17: FadeOut(Text('poca energía: las campanas se superponen mucho')):  12%|#1        | 7/60 [00:05<00:40,  
1.30it/s]
Animation 17: FadeOut(Text('poca energía: las campanas se superponen mucho')):  13%|#3        | 8/60 [00:06<00:41,  
1.26it/s]
Animation 17: FadeOut(Text('poca energía: las campanas se superponen mucho')):  15%|#5        | 9/60 [00:07<00:41,  
1.23it/s]
Animation 17: FadeOut(Text('poca energía: las campanas se superponen mucho')):  17%|#6        | 10/60 [00:07<00:40,  
1.23it/s]
Animation 17: FadeOut(Text('poca energía: las campanas se superponen mucho')):  18%|#8        | 11/60 [00:08<00:39,  
1.25it/s]
Animation 17: FadeOut(Text('poca energía: las campanas se superponen mucho')):  20%|##        | 12/60 [00:09<00:38,  
1.26it/s]
Animation 17: FadeOut(Text('poca energía: las campanas se superponen mucho')):  22%|##1       | 13/60 [00:10<00:37,  
1.25it/s]
Animation 17: FadeOut(Text('poca energía: las campanas se superponen mucho')):  23%|##3       | 14/60 [00:11<00:37,  
1.22it/s]
Animation 17: FadeOut(Text('poca energía: las campanas se superponen mucho')):  25%|##5       | 15/60 [00:11<00:36,  
1.23it/s]
Animation 17: FadeOut(Text('poca energía: las campanas se superponen mucho')):  27%|##6       | 16/60 [00:12<00:35,  
1.25it/s]
Animation 17: FadeOut(Text('poca energía: las campanas se superponen mucho')):  28%|##8       | 17/60 [00:13<00:34,  
1.24it/s]
Animation 17: FadeOut(Text('poca energía: las campanas se superponen mucho')):  30%|###       | 18/60 [00:14<00:33,  
1.25it/s]
Animation 17: FadeOut(Text('poca energía: las campanas se superponen mucho')):  32%|###1      | 19/60 [00:15<00:32,  
1.28it/s]
Animation 17: FadeOut(Text('poca energía: las campanas se superponen mucho')):  33%|###3      | 20/60 [00:15<00:29,  
1.35it/s]
Animation 17: FadeOut(Text('poca energía: las campanas se superponen mucho')):  35%|###5      | 21/60 [00:16<00:28,  
1.35it/s]
Animation 17: FadeOut(Text('poca energía: las campanas se superponen mucho')):  37%|###6      | 22/60 [00:17<00:28,  
1.32it/s]
Animation 17: FadeOut(Text('poca energía: las campanas se superponen mucho')):  38%|###8      | 23/60 [00:18<00:28,  
1.28it/s]
Animation 17: FadeOut(Text('poca energía: las campanas se superponen mucho')):  40%|####      | 24/60 [00:18<00:28,  
1.25it/s]
Animation 17: FadeOut(Text('poca energía: las campanas se superponen mucho')):  42%|####1     | 25/60 [00:19<00:28,  
1.23it/s]
Animation 17: FadeOut(Text('poca energía: las campanas se superponen mucho')):  43%|####3     | 26/60 [00:20<00:27,  
1.24it/s]
Animation 17: FadeOut(Text('poca energía: las campanas se superponen mucho')):  45%|####5     | 27/60 [00:21<00:24,  
1.34it/s]
Animation 17: FadeOut(Text('poca energía: las campanas se superponen mucho')):  47%|####6     | 28/60 [00:21<00:20,  
1.59it/s]
Animation 17: FadeOut(Text('poca energía: las campanas se superponen mucho')):  48%|####8     | 29/60 [00:21<00:17,  
1.79it/s]
Animation 17: FadeOut(Text('poca energía: las campanas se superponen mucho')):  50%|#####     | 30/60 [00:22<00:15,  
1.89it/s]
Animation 17: FadeOut(Text('poca energía: las campanas se superponen mucho')):  52%|#####1    | 31/60 [00:22<00:13,  
2.18it/s]
Animation 17: FadeOut(Text('poca energía: las campanas se superponen mucho')):  53%|#####3    | 32/60 [00:23<00:11,  
2.37it/s]
Animation 17: FadeOut(Text('poca energía: las campanas se superponen mucho')):  55%|#####5    | 33/60 [00:23<00:14,  
1.93it/s]
Animation 17: FadeOut(Text('poca energía: las campanas se superponen mucho')):  57%|#####6    | 34/60 [00:24<00:15,  
1.66it/s]
Animation 17: FadeOut(Text('poca energía: las campanas se superponen mucho')):  58%|#####8    | 35/60 [00:25<00:16,  
1.55it/s]
Animation 17: FadeOut(Text('poca energía: las campanas se superponen mucho')):  60%|######    | 36/60 [00:26<00:16,  
1.49it/s]
Animation 17: FadeOut(Text('poca energía: las campanas se superponen mucho')):  62%|######1   | 37/60 [00:26<00:16,  
1.43it/s]
Animation 17: FadeOut(Text('poca energía: las campanas se superponen mucho')):  63%|######3   | 38/60 [00:27<00:15,  
1.40it/s]
Animation 17: FadeOut(Text('poca energía: las campanas se superponen mucho')):  65%|######5   | 39/60 [00:28<00:15,  
1.38it/s]
Animation 17: FadeOut(Text('poca energía: las campanas se superponen mucho')):  67%|######6   | 40/60 [00:29<00:14,  
1.34it/s]
Animation 17: FadeOut(Text('poca energía: las campanas se superponen mucho')):  68%|######8   | 41/60 [00:29<00:14,  
1.32it/s]
Animation 17: FadeOut(Text('poca energía: las campanas se superponen mucho')):  70%|#######   | 42/60 [00:30<00:13,  
1.29it/s]
Animation 17: FadeOut(Text('poca energía: las campanas se superponen mucho')):  72%|#######1  | 43/60 [00:31<00:13,  
1.23it/s]
Animation 17: FadeOut(Text('poca energía: las campanas se superponen mucho')):  73%|#######3  | 44/60 [00:32<00:12,  
1.25it/s]
Animation 17: FadeOut(Text('poca energía: las campanas se superponen mucho')):  75%|#######5  | 45/60 [00:33<00:11,  
1.26it/s]
Animation 17: FadeOut(Text('poca energía: las campanas se superponen mucho')):  77%|#######6  | 46/60 [00:33<00:11,  
1.26it/s]
Animation 17: FadeOut(Text('poca energía: las campanas se superponen mucho')):  78%|#######8  | 47/60 [00:34<00:10,  
1.26it/s]
Animation 17: FadeOut(Text('poca energía: las campanas se superponen mucho')):  80%|########  | 48/60 [00:35<00:09,  
1.26it/s]
Animation 17: FadeOut(Text('poca energía: las campanas se superponen mucho')):  82%|########1 | 49/60 [00:36<00:08,  
1.28it/s]
Animation 17: FadeOut(Text('poca energía: las campanas se superponen mucho')):  83%|########3 | 50/60 [00:37<00:07,  
1.25it/s]
Animation 17: FadeOut(Text('poca energía: las campanas se superponen mucho')):  85%|########5 | 51/60 [00:37<00:07,  
1.28it/s]
Animation 17: FadeOut(Text('poca energía: las campanas se superponen mucho')):  87%|########6 | 52/60 [00:38<00:06,  
1.25it/s]
Animation 17: FadeOut(Text('poca energía: las campanas se superponen mucho')):  88%|########8 | 53/60 [00:39<00:05,  
1.26it/s]
Animation 17: FadeOut(Text('poca energía: las campanas se superponen mucho')):  90%|######### | 54/60 [00:40<00:04,  
1.27it/s]
Animation 17: FadeOut(Text('poca energía: las campanas se superponen mucho')):  92%|#########1| 55/60 [00:41<00:03,  
1.27it/s]
Animation 17: FadeOut(Text('poca energía: las campanas se superponen mucho')):  93%|#########3| 56/60 [00:41<00:03,  
1.24it/s]
Animation 17: FadeOut(Text('poca energía: las campanas se superponen mucho')):  95%|#########5| 57/60 [00:42<00:02,  
1.26it/s]
Animation 17: FadeOut(Text('poca energía: las campanas se superponen mucho')):  97%|#########6| 58/60 [00:43<00:01,  
1.33it/s]
Animation 17: FadeOut(Text('poca energía: las campanas se superponen mucho')):  98%|#########8| 59/60 [00:44<00:00,  
1.33it/s]
Animation 17: FadeOut(Text('poca energía: las campanas se superponen mucho')): 100%|##########| 60/60 [00:44<00:00,  
1.32it/s]
[09/11/26 10:52:29] INFO     Animation 17 : Partial    scene_file_writer.py:192
                             movie file written in                             
                             'C:\Users\Nacho\Documents                         
                             \Animaciones\Capitulo                             
                             13\media\videos\s03_desem                         
                             peno\1080p60\partial_movi                         
                             e_files\Desempeno\2932440                         
                             949_449874098_3387514780.                         
                             mp4'                                              
                                                                                                                       
       

Animation 18: _MethodAnimation(ValueTracker):   0%|          | 0/156 [00:00<?, ?it/s]
Animation 18: _MethodAnimation(ValueTracker):   1%|          | 1/156 [00:00<00:36,  4.21it/s]
Animation 18: _MethodAnimation(ValueTracker):   1%|1         | 2/156 [00:00<00:33,  4.66it/s]
Animation 18: _MethodAnimation(ValueTracker):   2%|1         | 3/156 [00:00<00:31,  4.83it/s]
Animation 18: _MethodAnimation(ValueTracker):   3%|2         | 4/156 [00:00<00:31,  4.81it/s]
Animation 18: _MethodAnimation(ValueTracker):   3%|3         | 5/156 [00:01<00:57,  2.64it/s]
Animation 18: _MethodAnimation(ValueTracker):   4%|3         | 6/156 [00:02<01:20,  1.86it/s]
Animation 18: _MethodAnimation(ValueTracker):   4%|4         | 7/156 [00:02<01:23,  1.79it/s]
Animation 18: _MethodAnimation(ValueTracker):   5%|5         | 8/156 [00:03<01:30,  1.64it/s]
Animation 18: _MethodAnimation(ValueTracker):   6%|5         | 9/156 [00:04<01:35,  1.54it/s]
Animation 18: _MethodAnimation(ValueTracker):   6%|6         | 10/156 [00:05<01:40,  1.45it/s]
Animation 18: _MethodAnimation(ValueTracker):   7%|7         | 11/156 [00:06<01:45,  1.37it/s]
Animation 18: _MethodAnimation(ValueTracker):   8%|7         | 12/156 [00:06<01:49,  1.32it/s]
Animation 18: _MethodAnimation(ValueTracker):   8%|8         | 13/156 [00:07<01:50,  1.30it/s]
Animation 18: _MethodAnimation(ValueTracker):   9%|8         | 14/156 [00:08<01:49,  1.30it/s]
Animation 18: _MethodAnimation(ValueTracker):  10%|9         | 15/156 [00:09<01:49,  1.28it/s]
Animation 18: _MethodAnimation(ValueTracker):  10%|#         | 16/156 [00:09<01:48,  1.29it/s]
Animation 18: _MethodAnimation(ValueTracker):  11%|#         | 17/156 [00:10<01:48,  1.28it/s]
Animation 18: _MethodAnimation(ValueTracker):  12%|#1        | 18/156 [00:11<01:48,  1.27it/s]
Animation 18: _MethodAnimation(ValueTracker):  12%|#2        | 19/156 [00:12<01:40,  1.37it/s]
Animation 18: _MethodAnimation(ValueTracker):  13%|#2        | 20/156 [00:12<01:38,  1.37it/s]
Animation 18: _MethodAnimation(ValueTracker):  13%|#3        | 21/156 [00:13<01:39,  1.36it/s]
Animation 18: _MethodAnimation(ValueTracker):  14%|#4        | 22/156 [00:14<01:44,  1.28it/s]
Animation 18: _MethodAnimation(ValueTracker):  15%|#4        | 23/156 [00:15<01:47,  1.24it/s]
Animation 18: _MethodAnimation(ValueTracker):  15%|#5        | 24/156 [00:16<01:46,  1.24it/s]
Animation 18: _MethodAnimation(ValueTracker):  16%|#6        | 25/156 [00:17<01:47,  1.22it/s]
Animation 18: _MethodAnimation(ValueTracker):  17%|#6        | 26/156 [00:17<01:48,  1.20it/s]
Animation 18: _MethodAnimation(ValueTracker):  17%|#7        | 27/156 [00:18<01:48,  1.19it/s]
Animation 18: _MethodAnimation(ValueTracker):  18%|#7        | 28/156 [00:19<01:49,  1.17it/s]
Animation 18: _MethodAnimation(ValueTracker):  19%|#8        | 29/156 [00:20<01:47,  1.18it/s]
Animation 18: _MethodAnimation(ValueTracker):  19%|#9        | 30/156 [00:21<01:46,  1.18it/s]
Animation 18: _MethodAnimation(ValueTracker):  20%|#9        | 31/156 [00:22<01:44,  1.19it/s]
Animation 18: _MethodAnimation(ValueTracker):  21%|##        | 32/156 [00:23<01:43,  1.20it/s]
Animation 18: _MethodAnimation(ValueTracker):  21%|##1       | 33/156 [00:23<01:38,  1.25it/s]
Animation 18: _MethodAnimation(ValueTracker):  22%|##1       | 34/156 [00:24<01:33,  1.30it/s]
Animation 18: _MethodAnimation(ValueTracker):  22%|##2       | 35/156 [00:25<01:28,  1.37it/s]
Animation 18: _MethodAnimation(ValueTracker):  23%|##3       | 36/156 [00:25<01:27,  1.37it/s]
Animation 18: _MethodAnimation(ValueTracker):  24%|##3       | 37/156 [00:26<01:27,  1.36it/s]
Animation 18: _MethodAnimation(ValueTracker):  24%|##4       | 38/156 [00:27<01:26,  1.36it/s]
Animation 18: _MethodAnimation(ValueTracker):  25%|##5       | 39/156 [00:28<01:27,  1.34it/s]
Animation 18: _MethodAnimation(ValueTracker):  26%|##5       | 40/156 [00:28<01:27,  1.33it/s]
Animation 18: _MethodAnimation(ValueTracker):  26%|##6       | 41/156 [00:29<01:27,  1.32it/s]
Animation 18: _MethodAnimation(ValueTracker):  27%|##6       | 42/156 [00:30<01:30,  1.26it/s]
Animation 18: _MethodAnimation(ValueTracker):  28%|##7       | 43/156 [00:30<01:20,  1.41it/s]
Animation 18: _MethodAnimation(ValueTracker):  28%|##8       | 44/156 [00:31<01:05,  1.71it/s]
Animation 18: _MethodAnimation(ValueTracker):  29%|##8       | 45/156 [00:31<00:52,  2.10it/s]
Animation 18: _MethodAnimation(ValueTracker):  29%|##9       | 46/156 [00:31<00:43,  2.52it/s]
Animation 18: _MethodAnimation(ValueTracker):  30%|###       | 47/156 [00:32<00:51,  2.12it/s]
Animation 18: _MethodAnimation(ValueTracker):  31%|###       | 48/156 [00:33<01:00,  1.77it/s]
Animation 18: _MethodAnimation(ValueTracker):  31%|###1      | 49/156 [00:33<01:01,  1.75it/s]
Animation 18: _MethodAnimation(ValueTracker):  32%|###2      | 50/156 [00:34<01:05,  1.62it/s]
Animation 18: _MethodAnimation(ValueTracker):  33%|###2      | 51/156 [00:35<01:05,  1.60it/s]
Animation 18: _MethodAnimation(ValueTracker):  33%|###3      | 52/156 [00:35<01:07,  1.53it/s]
Animation 18: _MethodAnimation(ValueTracker):  34%|###3      | 53/156 [00:36<01:09,  1.48it/s]
Animation 18: _MethodAnimation(ValueTracker):  35%|###4      | 54/156 [00:37<01:11,  1.42it/s]
Animation 18: _MethodAnimation(ValueTracker):  35%|###5      | 55/156 [00:38<01:12,  1.40it/s]
Animation 18: _MethodAnimation(ValueTracker):  36%|###5      | 56/156 [00:38<01:10,  1.41it/s]
Animation 18: _MethodAnimation(ValueTracker):  37%|###6      | 57/156 [00:39<01:09,  1.42it/s]
Animation 18: _MethodAnimation(ValueTracker):  37%|###7      | 58/156 [00:40<01:10,  1.40it/s]
Animation 18: _MethodAnimation(ValueTracker):  38%|###7      | 59/156 [00:40<01:09,  1.39it/s]
Animation 18: _MethodAnimation(ValueTracker):  38%|###8      | 60/156 [00:41<01:11,  1.33it/s]
Animation 18: _MethodAnimation(ValueTracker):  39%|###9      | 61/156 [00:42<01:13,  1.30it/s]
Animation 18: _MethodAnimation(ValueTracker):  40%|###9      | 62/156 [00:43<01:14,  1.26it/s]
Animation 18: _MethodAnimation(ValueTracker):  40%|####      | 63/156 [00:44<01:16,  1.21it/s]
Animation 18: _MethodAnimation(ValueTracker):  41%|####1     | 64/156 [00:45<01:16,  1.20it/s]
Animation 18: _MethodAnimation(ValueTracker):  42%|####1     | 65/156 [00:45<01:15,  1.20it/s]
Animation 18: _MethodAnimation(ValueTracker):  42%|####2     | 66/156 [00:46<01:10,  1.29it/s]
Animation 18: _MethodAnimation(ValueTracker):  43%|####2     | 67/156 [00:47<01:08,  1.31it/s]
Animation 18: _MethodAnimation(ValueTracker):  44%|####3     | 68/156 [00:48<01:09,  1.28it/s]
Animation 18: _MethodAnimation(ValueTracker):  44%|####4     | 69/156 [00:48<00:57,  1.51it/s]
Animation 18: _MethodAnimation(ValueTracker):  45%|####4     | 70/156 [00:49<00:53,  1.61it/s]
Animation 18: _MethodAnimation(ValueTracker):  46%|####5     | 71/156 [00:49<00:46,  1.84it/s]
Animation 18: _MethodAnimation(ValueTracker):  46%|####6     | 72/156 [00:49<00:40,  2.10it/s]
Animation 18: _MethodAnimation(ValueTracker):  47%|####6     | 73/156 [00:50<00:34,  2.44it/s]
Animation 18: _MethodAnimation(ValueTracker):  47%|####7     | 74/156 [00:50<00:29,  2.76it/s]
Animation 18: _MethodAnimation(ValueTracker):  48%|####8     | 75/156 [00:51<00:42,  1.92it/s]
Animation 18: _MethodAnimation(ValueTracker):  49%|####8     | 76/156 [00:51<00:38,  2.06it/s]
Animation 18: _MethodAnimation(ValueTracker):  49%|####9     | 77/156 [00:51<00:33,  2.37it/s]
Animation 18: _MethodAnimation(ValueTracker):  50%|#####     | 78/156 [00:52<00:29,  2.69it/s]
Animation 18: _MethodAnimation(ValueTracker):  51%|#####     | 79/156 [00:52<00:28,  2.67it/s]
Animation 18: _MethodAnimation(ValueTracker):  51%|#####1    | 80/156 [00:53<00:35,  2.11it/s]
Animation 18: _MethodAnimation(ValueTracker):  52%|#####1    | 81/156 [00:53<00:43,  1.73it/s]
Animation 18: _MethodAnimation(ValueTracker):  53%|#####2    | 82/156 [00:54<00:48,  1.52it/s]
Animation 18: _MethodAnimation(ValueTracker):  53%|#####3    | 83/156 [00:55<00:52,  1.40it/s]
Animation 18: _MethodAnimation(ValueTracker):  54%|#####3    | 84/156 [00:56<00:54,  1.32it/s]
Animation 18: _MethodAnimation(ValueTracker):  54%|#####4    | 85/156 [00:57<00:52,  1.35it/s]
Animation 18: _MethodAnimation(ValueTracker):  55%|#####5    | 86/156 [00:57<00:51,  1.35it/s]
Animation 18: _MethodAnimation(ValueTracker):  56%|#####5    | 87/156 [00:58<00:49,  1.38it/s]
Animation 18: _MethodAnimation(ValueTracker):  56%|#####6    | 88/156 [00:59<00:49,  1.38it/s]
Animation 18: _MethodAnimation(ValueTracker):  57%|#####7    | 89/156 [01:00<00:49,  1.36it/s]
Animation 18: _MethodAnimation(ValueTracker):  58%|#####7    | 90/156 [01:00<00:49,  1.32it/s]
Animation 18: _MethodAnimation(ValueTracker):  58%|#####8    | 91/156 [01:01<00:50,  1.28it/s]
Animation 18: _MethodAnimation(ValueTracker):  59%|#####8    | 92/156 [01:02<00:51,  1.25it/s]
Animation 18: _MethodAnimation(ValueTracker):  60%|#####9    | 93/156 [01:03<00:50,  1.25it/s]
Animation 18: _MethodAnimation(ValueTracker):  60%|######    | 94/156 [01:04<00:50,  1.23it/s]
Animation 18: _MethodAnimation(ValueTracker):  61%|######    | 95/156 [01:05<00:50,  1.20it/s]
Animation 18: _MethodAnimation(ValueTracker):  62%|######1   | 96/156 [01:05<00:49,  1.22it/s]
Animation 18: _MethodAnimation(ValueTracker):  62%|######2   | 97/156 [01:06<00:48,  1.21it/s]
Animation 18: _MethodAnimation(ValueTracker):  63%|######2   | 98/156 [01:07<00:45,  1.28it/s]
Animation 18: _MethodAnimation(ValueTracker):  63%|######3   | 99/156 [01:08<00:43,  1.31it/s]
Animation 18: _MethodAnimation(ValueTracker):  64%|######4   | 100/156 [01:08<00:42,  1.31it/s]
Animation 18: _MethodAnimation(ValueTracker):  65%|######4   | 101/156 [01:09<00:42,  1.29it/s]
Animation 18: _MethodAnimation(ValueTracker):  65%|######5   | 102/156 [01:10<00:40,  1.32it/s]
Animation 18: _MethodAnimation(ValueTracker):  66%|######6   | 103/156 [01:11<00:37,  1.42it/s]
Animation 18: _MethodAnimation(ValueTracker):  67%|######6   | 104/156 [01:11<00:33,  1.55it/s]
Animation 18: _MethodAnimation(ValueTracker):  67%|######7   | 105/156 [01:12<00:30,  1.68it/s]
Animation 18: _MethodAnimation(ValueTracker):  68%|######7   | 106/156 [01:12<00:27,  1.84it/s]
Animation 18: _MethodAnimation(ValueTracker):  69%|######8   | 107/156 [01:12<00:24,  2.02it/s]
Animation 18: _MethodAnimation(ValueTracker):  69%|######9   | 108/156 [01:13<00:22,  2.16it/s]
Animation 18: _MethodAnimation(ValueTracker):  70%|######9   | 109/156 [01:13<00:20,  2.29it/s]
Animation 18: _MethodAnimation(ValueTracker):  71%|#######   | 110/156 [01:14<00:19,  2.35it/s]
Animation 18: _MethodAnimation(ValueTracker):  71%|#######1  | 111/156 [01:14<00:18,  2.44it/s]
Animation 18: _MethodAnimation(ValueTracker):  72%|#######1  | 112/156 [01:14<00:17,  2.53it/s]
Animation 18: _MethodAnimation(ValueTracker):  72%|#######2  | 113/156 [01:15<00:16,  2.59it/s]
Animation 18: _MethodAnimation(ValueTracker):  73%|#######3  | 114/156 [01:15<00:17,  2.39it/s]
Animation 18: _MethodAnimation(ValueTracker):  74%|#######3  | 115/156 [01:16<00:21,  1.87it/s]
Animation 18: _MethodAnimation(ValueTracker):  74%|#######4  | 116/156 [01:16<00:21,  1.86it/s]
Animation 18: _MethodAnimation(ValueTracker):  75%|#######5  | 117/156 [01:17<00:22,  1.75it/s]
Animation 18: _MethodAnimation(ValueTracker):  76%|#######5  | 118/156 [01:18<00:23,  1.64it/s]
Animation 18: _MethodAnimation(ValueTracker):  76%|#######6  | 119/156 [01:19<00:23,  1.56it/s]
Animation 18: _MethodAnimation(ValueTracker):  77%|#######6  | 120/156 [01:19<00:23,  1.52it/s]
Animation 18: _MethodAnimation(ValueTracker):  78%|#######7  | 121/156 [01:20<00:23,  1.50it/s]
Animation 18: _MethodAnimation(ValueTracker):  78%|#######8  | 122/156 [01:21<00:22,  1.49it/s]
Animation 18: _MethodAnimation(ValueTracker):  79%|#######8  | 123/156 [01:21<00:22,  1.45it/s]
Animation 18: _MethodAnimation(ValueTracker):  79%|#######9  | 124/156 [01:22<00:21,  1.45it/s]
Animation 18: _MethodAnimation(ValueTracker):  80%|########  | 125/156 [01:23<00:21,  1.44it/s]
Animation 18: _MethodAnimation(ValueTracker):  81%|########  | 126/156 [01:23<00:20,  1.46it/s]
Animation 18: _MethodAnimation(ValueTracker):  81%|########1 | 127/156 [01:24<00:18,  1.53it/s]
Animation 18: _MethodAnimation(ValueTracker):  82%|########2 | 128/156 [01:24<00:14,  1.93it/s]
Animation 18: _MethodAnimation(ValueTracker):  83%|########2 | 129/156 [01:24<00:11,  2.37it/s]
Animation 18: _MethodAnimation(ValueTracker):  83%|########3 | 130/156 [01:25<00:09,  2.87it/s]
Animation 18: _MethodAnimation(ValueTracker):  84%|########3 | 131/156 [01:25<00:07,  3.39it/s]
Animation 18: _MethodAnimation(ValueTracker):  85%|########4 | 132/156 [01:25<00:06,  3.89it/s]
Animation 18: _MethodAnimation(ValueTracker):  85%|########5 | 133/156 [01:25<00:05,  4.33it/s]
Animation 18: _MethodAnimation(ValueTracker):  86%|########5 | 134/156 [01:25<00:04,  4.73it/s]
Animation 18: _MethodAnimation(ValueTracker):  87%|########6 | 135/156 [01:25<00:04,  5.11it/s]
Animation 18: _MethodAnimation(ValueTracker):  87%|########7 | 136/156 [01:26<00:03,  5.28it/s]
Animation 18: _MethodAnimation(ValueTracker):  88%|########7 | 137/156 [01:26<00:03,  5.48it/s]
Animation 18: _MethodAnimation(ValueTracker):  88%|########8 | 138/156 [01:26<00:03,  5.63it/s]
Animation 18: _MethodAnimation(ValueTracker):  89%|########9 | 139/156 [01:26<00:02,  5.73it/s]
Animation 18: _MethodAnimation(ValueTracker):  90%|########9 | 140/156 [01:26<00:02,  5.73it/s]
Animation 18: _MethodAnimation(ValueTracker):  90%|######### | 141/156 [01:26<00:02,  5.33it/s]
Animation 18: _MethodAnimation(ValueTracker):  91%|#########1| 142/156 [01:27<00:04,  3.14it/s]
Animation 18: _MethodAnimation(ValueTracker):  92%|#########1| 143/156 [01:28<00:05,  2.20it/s]
Animation 18: _MethodAnimation(ValueTracker):  92%|#########2| 144/156 [01:29<00:06,  1.85it/s]
Animation 18: _MethodAnimation(ValueTracker):  93%|#########2| 145/156 [01:29<00:06,  1.64it/s]
Animation 18: _MethodAnimation(ValueTracker):  94%|#########3| 146/156 [01:30<00:06,  1.57it/s]
Animation 18: _MethodAnimation(ValueTracker):  94%|#########4| 147/156 [01:31<00:05,  1.50it/s]
Animation 18: _MethodAnimation(ValueTracker):  95%|#########4| 148/156 [01:31<00:05,  1.46it/s]
Animation 18: _MethodAnimation(ValueTracker):  96%|#########5| 149/156 [01:32<00:04,  1.46it/s]
Animation 18: _MethodAnimation(ValueTracker):  96%|#########6| 150/156 [01:33<00:04,  1.46it/s]
Animation 18: _MethodAnimation(ValueTracker):  97%|#########6| 151/156 [01:34<00:03,  1.48it/s]
Animation 18: _MethodAnimation(ValueTracker):  97%|#########7| 152/156 [01:34<00:02,  1.49it/s]
Animation 18: _MethodAnimation(ValueTracker):  98%|#########8| 153/156 [01:35<00:01,  1.50it/s]
Animation 18: _MethodAnimation(ValueTracker):  99%|#########8| 154/156 [01:36<00:01,  1.50it/s]
Animation 18: _MethodAnimation(ValueTracker):  99%|#########9| 155/156 [01:36<00:00,  1.49it/s]
Animation 18: _MethodAnimation(ValueTracker): 100%|##########| 156/156 [01:37<00:00,  1.50it/s]
[09/11/26 10:54:08] INFO     Animation 18 : Partial    scene_file_writer.py:192
                             movie file written in                             
                             'C:\Users\Nacho\Documents                         
                             \Animaciones\Capitulo                             
                             13\media\videos\s03_desem                         
                             peno\1080p60\partial_movi                         
                             e_files\Desempeno\2932440                         
                             949_1314917389_3980651374                         
                             .mp4'                                             
                                                                                               

Animation 19: FadeIn(VGroup of 2 submobjects):   0%|          | 0/60 [00:00<?, ?it/s]
Animation 19: FadeIn(VGroup of 2 submobjects):   2%|1         | 1/60 [00:00<00:41,  1.43it/s]
Animation 19: FadeIn(VGroup of 2 submobjects):   3%|3         | 2/60 [00:01<00:41,  1.39it/s]
Animation 19: FadeIn(VGroup of 2 submobjects):   5%|5         | 3/60 [00:02<00:42,  1.34it/s]
Animation 19: FadeIn(VGroup of 2 submobjects):   7%|6         | 4/60 [00:03<00:43,  1.29it/s]
Animation 19: FadeIn(VGroup of 2 submobjects):   8%|8         | 5/60 [00:03<00:40,  1.35it/s]
Animation 19: FadeIn(VGroup of 2 submobjects):  10%|#         | 6/60 [00:04<00:38,  1.41it/s]
Animation 19: FadeIn(VGroup of 2 submobjects):  12%|#1        | 7/60 [00:05<00:37,  1.41it/s]
Animation 19: FadeIn(VGroup of 2 submobjects):  13%|#3        | 8/60 [00:05<00:36,  1.43it/s]
Animation 19: FadeIn(VGroup of 2 submobjects):  15%|#5        | 9/60 [00:06<00:35,  1.45it/s]
Animation 19: FadeIn(VGroup of 2 submobjects):  17%|#6        | 10/60 [00:06<00:29,  1.69it/s]
Animation 19: FadeIn(VGroup of 2 submobjects):  18%|#8        | 11/60 [00:07<00:25,  1.91it/s]
Animation 19: FadeIn(VGroup of 2 submobjects):  20%|##        | 12/60 [00:07<00:22,  2.11it/s]
Animation 19: FadeIn(VGroup of 2 submobjects):  22%|##1       | 13/60 [00:07<00:22,  2.13it/s]
Animation 19: FadeIn(VGroup of 2 submobjects):  23%|##3       | 14/60 [00:08<00:24,  1.89it/s]
Animation 19: FadeIn(VGroup of 2 submobjects):  25%|##5       | 15/60 [00:09<00:26,  1.70it/s]
Animation 19: FadeIn(VGroup of 2 submobjects):  27%|##6       | 16/60 [00:10<00:27,  1.59it/s]
Animation 19: FadeIn(VGroup of 2 submobjects):  28%|##8       | 17/60 [00:10<00:27,  1.54it/s]
Animation 19: FadeIn(VGroup of 2 submobjects):  30%|###       | 18/60 [00:11<00:27,  1.51it/s]
Animation 19: FadeIn(VGroup of 2 submobjects):  32%|###1      | 19/60 [00:12<00:28,  1.46it/s]
Animation 19: FadeIn(VGroup of 2 submobjects):  33%|###3      | 20/60 [00:12<00:27,  1.46it/s]
Animation 19: FadeIn(VGroup of 2 submobjects):  35%|###5      | 21/60 [00:13<00:27,  1.43it/s]
Animation 19: FadeIn(VGroup of 2 submobjects):  37%|###6      | 22/60 [00:14<00:26,  1.45it/s]
Animation 19: FadeIn(VGroup of 2 submobjects):  38%|###8      | 23/60 [00:14<00:25,  1.47it/s]
Animation 19: FadeIn(VGroup of 2 submobjects):  40%|####      | 24/60 [00:15<00:24,  1.48it/s]
Animation 19: FadeIn(VGroup of 2 submobjects):  42%|####1     | 25/60 [00:16<00:23,  1.49it/s]
Animation 19: FadeIn(VGroup of 2 submobjects):  43%|####3     | 26/60 [00:16<00:23,  1.46it/s]
Animation 19: FadeIn(VGroup of 2 submobjects):  45%|####5     | 27/60 [00:17<00:22,  1.47it/s]
Animation 19: FadeIn(VGroup of 2 submobjects):  47%|####6     | 28/60 [00:18<00:21,  1.47it/s]
Animation 19: FadeIn(VGroup of 2 submobjects):  48%|####8     | 29/60 [00:19<00:20,  1.48it/s]
Animation 19: FadeIn(VGroup of 2 submobjects):  50%|#####     | 30/60 [00:19<00:20,  1.46it/s]
Animation 19: FadeIn(VGroup of 2 submobjects):  52%|#####1    | 31/60 [00:20<00:20,  1.45it/s]
Animation 19: FadeIn(VGroup of 2 submobjects):  53%|#####3    | 32/60 [00:21<00:19,  1.47it/s]
Animation 19: FadeIn(VGroup of 2 submobjects):  55%|#####5    | 33/60 [00:21<00:18,  1.48it/s]
Animation 19: FadeIn(VGroup of 2 submobjects):  57%|#####6    | 34/60 [00:22<00:17,  1.45it/s]
Animation 19: FadeIn(VGroup of 2 submobjects):  58%|#####8    | 35/60 [00:23<00:17,  1.46it/s]
Animation 19: FadeIn(VGroup of 2 submobjects):  60%|######    | 36/60 [00:23<00:16,  1.47it/s]
Animation 19: FadeIn(VGroup of 2 submobjects):  62%|######1   | 37/60 [00:24<00:15,  1.48it/s]
Animation 19: FadeIn(VGroup of 2 submobjects):  63%|######3   | 38/60 [00:25<00:14,  1.48it/s]
Animation 19: FadeIn(VGroup of 2 submobjects):  65%|######5   | 39/60 [00:25<00:14,  1.45it/s]
Animation 19: FadeIn(VGroup of 2 submobjects):  67%|######6   | 40/60 [00:26<00:13,  1.47it/s]
Animation 19: FadeIn(VGroup of 2 submobjects):  68%|######8   | 41/60 [00:27<00:12,  1.49it/s]
Animation 19: FadeIn(VGroup of 2 submobjects):  70%|#######   | 42/60 [00:27<00:12,  1.48it/s]
Animation 19: FadeIn(VGroup of 2 submobjects):  72%|#######1  | 43/60 [00:28<00:11,  1.43it/s]
Animation 19: FadeIn(VGroup of 2 submobjects):  73%|#######3  | 44/60 [00:29<00:11,  1.45it/s]
Animation 19: FadeIn(VGroup of 2 submobjects):  75%|#######5  | 45/60 [00:29<00:10,  1.45it/s]
Animation 19: FadeIn(VGroup of 2 submobjects):  77%|#######6  | 46/60 [00:30<00:09,  1.47it/s]
Animation 19: FadeIn(VGroup of 2 submobjects):  78%|#######8  | 47/60 [00:31<00:08,  1.49it/s]
Animation 19: FadeIn(VGroup of 2 submobjects):  80%|########  | 48/60 [00:32<00:08,  1.42it/s]
Animation 19: FadeIn(VGroup of 2 submobjects):  82%|########1 | 49/60 [00:32<00:07,  1.43it/s]
Animation 19: FadeIn(VGroup of 2 submobjects):  83%|########3 | 50/60 [00:33<00:06,  1.44it/s]
Animation 19: FadeIn(VGroup of 2 submobjects):  85%|########5 | 51/60 [00:34<00:06,  1.44it/s]
Animation 19: FadeIn(VGroup of 2 submobjects):  87%|########6 | 52/60 [00:34<00:05,  1.45it/s]
Animation 19: FadeIn(VGroup of 2 submobjects):  88%|########8 | 53/60 [00:35<00:04,  1.47it/s]
Animation 19: FadeIn(VGroup of 2 submobjects):  90%|######### | 54/60 [00:36<00:04,  1.48it/s]
Animation 19: FadeIn(VGroup of 2 submobjects):  92%|#########1| 55/60 [00:36<00:03,  1.50it/s]
Animation 19: FadeIn(VGroup of 2 submobjects):  93%|#########3| 56/60 [00:37<00:02,  1.49it/s]
Animation 19: FadeIn(VGroup of 2 submobjects):  95%|#########5| 57/60 [00:37<00:01,  1.74it/s]
Animation 19: FadeIn(VGroup of 2 submobjects):  97%|#########6| 58/60 [00:38<00:01,  1.57it/s]
Animation 19: FadeIn(VGroup of 2 submobjects):  98%|#########8| 59/60 [00:39<00:00,  1.46it/s]
Animation 19: FadeIn(VGroup of 2 submobjects): 100%|##########| 60/60 [00:40<00:00,  1.44it/s]
[09/11/26 10:54:50] INFO     Animation 19 : Partial    scene_file_writer.py:192
                             movie file written in                             
                             'C:\Users\Nacho\Documents                         
                             \Animaciones\Capitulo                             
                             13\media\videos\s03_desem                         
                             peno\1080p60\partial_movi                         
                             e_files\Desempeno\2932440                         
                             949_2220282181_261998125.                         
                             mp4'                                              
[09/11/26 10:54:53] INFO     Animation 20 : Partial    scene_file_writer.py:192
                             movie file written in                             
                             'C:\Users\Nacho\Documents                         
                             \Animaciones\Capitulo                             
                             13\media\videos\s03_desem                         
                             peno\1080p60\partial_movi                         
                             e_files\Desempeno\2932440                         
                             949_3926500612_3089048433                         
                             .mp4'                                             
                                                                                              

Animation 21: FadeOut(VGroup of 2 submobjects):   0%|          | 0/60 [00:00<?, ?it/s]
Animation 21: FadeOut(VGroup of 2 submobjects):   2%|1         | 1/60 [00:00<00:38,  1.51it/s]
Animation 21: FadeOut(VGroup of 2 submobjects):   3%|3         | 2/60 [00:01<00:38,  1.50it/s]
Animation 21: FadeOut(VGroup of 2 submobjects):   5%|5         | 3/60 [00:01<00:37,  1.52it/s]
Animation 21: FadeOut(VGroup of 2 submobjects):   7%|6         | 4/60 [00:02<00:36,  1.51it/s]
Animation 21: FadeOut(VGroup of 2 submobjects):   8%|8         | 5/60 [00:03<00:36,  1.51it/s]
Animation 21: FadeOut(VGroup of 2 submobjects):  10%|#         | 6/60 [00:04<00:38,  1.40it/s]
Animation 21: FadeOut(VGroup of 2 submobjects):  12%|#1        | 7/60 [00:04<00:37,  1.42it/s]
Animation 21: FadeOut(VGroup of 2 submobjects):  13%|#3        | 8/60 [00:05<00:36,  1.44it/s]
Animation 21: FadeOut(VGroup of 2 submobjects):  15%|#5        | 9/60 [00:06<00:34,  1.46it/s]
Animation 21: FadeOut(VGroup of 2 submobjects):  17%|#6        | 10/60 [00:06<00:33,  1.50it/s]
Animation 21: FadeOut(VGroup of 2 submobjects):  18%|#8        | 11/60 [00:07<00:32,  1.51it/s]
Animation 21: FadeOut(VGroup of 2 submobjects):  20%|##        | 12/60 [00:08<00:32,  1.49it/s]
Animation 21: FadeOut(VGroup of 2 submobjects):  22%|##1       | 13/60 [00:08<00:31,  1.50it/s]
Animation 21: FadeOut(VGroup of 2 submobjects):  23%|##3       | 14/60 [00:09<00:30,  1.50it/s]
Animation 21: FadeOut(VGroup of 2 submobjects):  25%|##5       | 15/60 [00:10<00:30,  1.49it/s]
Animation 21: FadeOut(VGroup of 2 submobjects):  27%|##6       | 16/60 [00:10<00:30,  1.46it/s]
Animation 21: FadeOut(VGroup of 2 submobjects):  28%|##8       | 17/60 [00:11<00:29,  1.45it/s]
Animation 21: FadeOut(VGroup of 2 submobjects):  30%|###       | 18/60 [00:12<00:29,  1.44it/s]
Animation 21: FadeOut(VGroup of 2 submobjects):  32%|###1      | 19/60 [00:13<00:29,  1.39it/s]
Animation 21: FadeOut(VGroup of 2 submobjects):  33%|###3      | 20/60 [00:13<00:29,  1.37it/s]
Animation 21: FadeOut(VGroup of 2 submobjects):  35%|###5      | 21/60 [00:14<00:28,  1.35it/s]
Animation 21: FadeOut(VGroup of 2 submobjects):  37%|###6      | 22/60 [00:15<00:28,  1.35it/s]
Animation 21: FadeOut(VGroup of 2 submobjects):  38%|###8      | 23/60 [00:15<00:27,  1.36it/s]
Animation 21: FadeOut(VGroup of 2 submobjects):  40%|####      | 24/60 [00:16<00:26,  1.34it/s]
Animation 21: FadeOut(VGroup of 2 submobjects):  42%|####1     | 25/60 [00:17<00:26,  1.31it/s]
Animation 21: FadeOut(VGroup of 2 submobjects):  43%|####3     | 26/60 [00:18<00:25,  1.31it/s]
Animation 21: FadeOut(VGroup of 2 submobjects):  45%|####5     | 27/60 [00:19<00:24,  1.36it/s]
Animation 21: FadeOut(VGroup of 2 submobjects):  47%|####6     | 28/60 [00:19<00:22,  1.42it/s]
Animation 21: FadeOut(VGroup of 2 submobjects):  48%|####8     | 29/60 [00:20<00:21,  1.42it/s]
Animation 21: FadeOut(VGroup of 2 submobjects):  50%|#####     | 30/60 [00:21<00:20,  1.45it/s]
Animation 21: FadeOut(VGroup of 2 submobjects):  52%|#####1    | 31/60 [00:21<00:19,  1.47it/s]
Animation 21: FadeOut(VGroup of 2 submobjects):  53%|#####3    | 32/60 [00:22<00:19,  1.46it/s]
Animation 21: FadeOut(VGroup of 2 submobjects):  55%|#####5    | 33/60 [00:23<00:19,  1.40it/s]
Animation 21: FadeOut(VGroup of 2 submobjects):  57%|#####6    | 34/60 [00:23<00:18,  1.39it/s]
Animation 21: FadeOut(VGroup of 2 submobjects):  58%|#####8    | 35/60 [00:24<00:17,  1.40it/s]
Animation 21: FadeOut(VGroup of 2 submobjects):  60%|######    | 36/60 [00:25<00:17,  1.41it/s]
Animation 21: FadeOut(VGroup of 2 submobjects):  62%|######1   | 37/60 [00:25<00:15,  1.44it/s]
Animation 21: FadeOut(VGroup of 2 submobjects):  63%|######3   | 38/60 [00:26<00:15,  1.45it/s]
Animation 21: FadeOut(VGroup of 2 submobjects):  65%|######5   | 39/60 [00:27<00:14,  1.46it/s]
Animation 21: FadeOut(VGroup of 2 submobjects):  67%|######6   | 40/60 [00:27<00:13,  1.45it/s]
Animation 21: FadeOut(VGroup of 2 submobjects):  68%|######8   | 41/60 [00:28<00:13,  1.46it/s]
Animation 21: FadeOut(VGroup of 2 submobjects):  70%|#######   | 42/60 [00:29<00:12,  1.46it/s]
Animation 21: FadeOut(VGroup of 2 submobjects):  72%|#######1  | 43/60 [00:30<00:12,  1.38it/s]
Animation 21: FadeOut(VGroup of 2 submobjects):  73%|#######3  | 44/60 [00:30<00:11,  1.39it/s]
Animation 21: FadeOut(VGroup of 2 submobjects):  75%|#######5  | 45/60 [00:31<00:10,  1.39it/s]
Animation 21: FadeOut(VGroup of 2 submobjects):  77%|#######6  | 46/60 [00:32<00:09,  1.43it/s]
Animation 21: FadeOut(VGroup of 2 submobjects):  78%|#######8  | 47/60 [00:32<00:08,  1.45it/s]
Animation 21: FadeOut(VGroup of 2 submobjects):  80%|########  | 48/60 [00:33<00:08,  1.44it/s]
Animation 21: FadeOut(VGroup of 2 submobjects):  82%|########1 | 49/60 [00:34<00:07,  1.47it/s]
Animation 21: FadeOut(VGroup of 2 submobjects):  83%|########3 | 50/60 [00:34<00:06,  1.50it/s]
Animation 21: FadeOut(VGroup of 2 submobjects):  85%|########5 | 51/60 [00:35<00:05,  1.51it/s]
Animation 21: FadeOut(VGroup of 2 submobjects):  87%|########6 | 52/60 [00:36<00:05,  1.48it/s]
Animation 21: FadeOut(VGroup of 2 submobjects):  88%|########8 | 53/60 [00:37<00:04,  1.42it/s]
Animation 21: FadeOut(VGroup of 2 submobjects):  90%|######### | 54/60 [00:37<00:04,  1.44it/s]
Animation 21: FadeOut(VGroup of 2 submobjects):  92%|#########1| 55/60 [00:38<00:03,  1.48it/s]
Animation 21: FadeOut(VGroup of 2 submobjects):  93%|#########3| 56/60 [00:38<00:02,  1.50it/s]
Animation 21: FadeOut(VGroup of 2 submobjects):  95%|#########5| 57/60 [00:39<00:01,  1.52it/s]
Animation 21: FadeOut(VGroup of 2 submobjects):  97%|#########6| 58/60 [00:40<00:01,  1.51it/s]
Animation 21: FadeOut(VGroup of 2 submobjects):  98%|#########8| 59/60 [00:40<00:00,  1.49it/s]
Animation 21: FadeOut(VGroup of 2 submobjects): 100%|##########| 60/60 [00:41<00:00,  1.50it/s]
[09/11/26 10:55:36] INFO     Animation 21 : Partial    scene_file_writer.py:192
                             movie file written in                             
                             'C:\Users\Nacho\Documents                         
                             \Animaciones\Capitulo                             
                             13\media\videos\s03_desem                         
                             peno\1080p60\partial_movi                         
                             e_files\Desempeno\2932440                         
                             949_1482593344_815029766.                         
                             mp4'                                              
                                                                                               

Animation 22: _MethodAnimation(ValueTracker):   0%|          | 0/96 [00:00<?, ?it/s]
Animation 22: _MethodAnimation(ValueTracker):   1%|1         | 1/96 [00:00<01:02,  1.52it/s]
Animation 22: _MethodAnimation(ValueTracker):   2%|2         | 2/96 [00:01<01:00,  1.55it/s]
Animation 22: _MethodAnimation(ValueTracker):   3%|3         | 3/96 [00:01<00:58,  1.58it/s]
Animation 22: _MethodAnimation(ValueTracker):   4%|4         | 4/96 [00:02<00:58,  1.57it/s]
Animation 22: _MethodAnimation(ValueTracker):   5%|5         | 5/96 [00:03<00:57,  1.59it/s]
Animation 22: _MethodAnimation(ValueTracker):   6%|6         | 6/96 [00:03<00:56,  1.59it/s]
Animation 22: _MethodAnimation(ValueTracker):   7%|7         | 7/96 [00:04<00:55,  1.60it/s]
Animation 22: _MethodAnimation(ValueTracker):   8%|8         | 8/96 [00:05<00:55,  1.60it/s]
Animation 22: _MethodAnimation(ValueTracker):   9%|9         | 9/96 [00:05<00:54,  1.61it/s]
Animation 22: _MethodAnimation(ValueTracker):  10%|#         | 10/96 [00:06<00:53,  1.61it/s]
Animation 22: _MethodAnimation(ValueTracker):  11%|#1        | 11/96 [00:06<00:52,  1.60it/s]
Animation 22: _MethodAnimation(ValueTracker):  12%|#2        | 12/96 [00:07<00:52,  1.59it/s]
Animation 22: _MethodAnimation(ValueTracker):  14%|#3        | 13/96 [00:08<00:52,  1.58it/s]
Animation 22: _MethodAnimation(ValueTracker):  15%|#4        | 14/96 [00:08<00:51,  1.59it/s]
Animation 22: _MethodAnimation(ValueTracker):  16%|#5        | 15/96 [00:09<00:51,  1.58it/s]
Animation 22: _MethodAnimation(ValueTracker):  17%|#6        | 16/96 [00:10<00:51,  1.55it/s]
Animation 22: _MethodAnimation(ValueTracker):  18%|#7        | 17/96 [00:10<00:51,  1.54it/s]
Animation 22: _MethodAnimation(ValueTracker):  19%|#8        | 18/96 [00:11<00:43,  1.78it/s]
Animation 22: _MethodAnimation(ValueTracker):  20%|#9        | 19/96 [00:11<00:38,  2.00it/s]
Animation 22: _MethodAnimation(ValueTracker):  21%|##        | 20/96 [00:11<00:34,  2.19it/s]
Animation 22: _MethodAnimation(ValueTracker):  22%|##1       | 21/96 [00:12<00:35,  2.14it/s]
Animation 22: _MethodAnimation(ValueTracker):  23%|##2       | 22/96 [00:12<00:38,  1.92it/s]
Animation 22: _MethodAnimation(ValueTracker):  24%|##3       | 23/96 [00:13<00:42,  1.73it/s]
Animation 22: _MethodAnimation(ValueTracker):  25%|##5       | 24/96 [00:14<00:43,  1.66it/s]
Animation 22: _MethodAnimation(ValueTracker):  26%|##6       | 25/96 [00:15<00:44,  1.61it/s]
Animation 22: _MethodAnimation(ValueTracker):  27%|##7       | 26/96 [00:15<00:43,  1.62it/s]
Animation 22: _MethodAnimation(ValueTracker):  28%|##8       | 27/96 [00:16<00:43,  1.60it/s]
Animation 22: _MethodAnimation(ValueTracker):  29%|##9       | 28/96 [00:16<00:42,  1.61it/s]
Animation 22: _MethodAnimation(ValueTracker):  30%|###       | 29/96 [00:17<00:42,  1.59it/s]
Animation 22: _MethodAnimation(ValueTracker):  31%|###1      | 30/96 [00:18<00:42,  1.56it/s]
Animation 22: _MethodAnimation(ValueTracker):  32%|###2      | 31/96 [00:18<00:41,  1.55it/s]
Animation 22: _MethodAnimation(ValueTracker):  33%|###3      | 32/96 [00:19<00:41,  1.53it/s]
Animation 22: _MethodAnimation(ValueTracker):  34%|###4      | 33/96 [00:20<00:40,  1.54it/s]
Animation 22: _MethodAnimation(ValueTracker):  35%|###5      | 34/96 [00:20<00:39,  1.57it/s]
Animation 22: _MethodAnimation(ValueTracker):  36%|###6      | 35/96 [00:21<00:39,  1.56it/s]
Animation 22: _MethodAnimation(ValueTracker):  38%|###7      | 36/96 [00:22<00:37,  1.59it/s]
Animation 22: _MethodAnimation(ValueTracker):  39%|###8      | 37/96 [00:22<00:37,  1.57it/s]
Animation 22: _MethodAnimation(ValueTracker):  40%|###9      | 38/96 [00:23<00:36,  1.57it/s]
Animation 22: _MethodAnimation(ValueTracker):  41%|####      | 39/96 [00:23<00:36,  1.55it/s]
Animation 22: _MethodAnimation(ValueTracker):  42%|####1     | 40/96 [00:24<00:37,  1.49it/s]
Animation 22: _MethodAnimation(ValueTracker):  43%|####2     | 41/96 [00:25<00:36,  1.51it/s]
Animation 22: _MethodAnimation(ValueTracker):  44%|####3     | 42/96 [00:25<00:34,  1.54it/s]
Animation 22: _MethodAnimation(ValueTracker):  45%|####4     | 43/96 [00:26<00:35,  1.49it/s]
Animation 22: _MethodAnimation(ValueTracker):  46%|####5     | 44/96 [00:27<00:34,  1.52it/s]
Animation 22: _MethodAnimation(ValueTracker):  47%|####6     | 45/96 [00:27<00:33,  1.54it/s]
Animation 22: _MethodAnimation(ValueTracker):  48%|####7     | 46/96 [00:28<00:32,  1.56it/s]
Animation 22: _MethodAnimation(ValueTracker):  49%|####8     | 47/96 [00:29<00:31,  1.57it/s]
Animation 22: _MethodAnimation(ValueTracker):  50%|#####     | 48/96 [00:29<00:31,  1.52it/s]
Animation 22: _MethodAnimation(ValueTracker):  51%|#####1    | 49/96 [00:30<00:27,  1.72it/s]
Animation 22: _MethodAnimation(ValueTracker):  52%|#####2    | 50/96 [00:30<00:25,  1.78it/s]
Animation 22: _MethodAnimation(ValueTracker):  53%|#####3    | 51/96 [00:31<00:26,  1.67it/s]
Animation 22: _MethodAnimation(ValueTracker):  54%|#####4    | 52/96 [00:32<00:27,  1.62it/s]
Animation 22: _MethodAnimation(ValueTracker):  55%|#####5    | 53/96 [00:32<00:27,  1.58it/s]
Animation 22: _MethodAnimation(ValueTracker):  56%|#####6    | 54/96 [00:33<00:27,  1.55it/s]
Animation 22: _MethodAnimation(ValueTracker):  57%|#####7    | 55/96 [00:34<00:26,  1.57it/s]
Animation 22: _MethodAnimation(ValueTracker):  58%|#####8    | 56/96 [00:34<00:26,  1.54it/s]
Animation 22: _MethodAnimation(ValueTracker):  59%|#####9    | 57/96 [00:35<00:25,  1.54it/s]
Animation 22: _MethodAnimation(ValueTracker):  60%|######    | 58/96 [00:36<00:24,  1.52it/s]
Animation 22: _MethodAnimation(ValueTracker):  61%|######1   | 59/96 [00:36<00:24,  1.51it/s]
Animation 22: _MethodAnimation(ValueTracker):  62%|######2   | 60/96 [00:37<00:23,  1.51it/s]
Animation 22: _MethodAnimation(ValueTracker):  64%|######3   | 61/96 [00:38<00:22,  1.52it/s]
Animation 22: _MethodAnimation(ValueTracker):  65%|######4   | 62/96 [00:38<00:22,  1.54it/s]
Animation 22: _MethodAnimation(ValueTracker):  66%|######5   | 63/96 [00:39<00:21,  1.56it/s]
Animation 22: _MethodAnimation(ValueTracker):  67%|######6   | 64/96 [00:40<00:20,  1.54it/s]
Animation 22: _MethodAnimation(ValueTracker):  68%|######7   | 65/96 [00:40<00:19,  1.55it/s]
Animation 22: _MethodAnimation(ValueTracker):  69%|######8   | 66/96 [00:41<00:19,  1.52it/s]
Animation 22: _MethodAnimation(ValueTracker):  70%|######9   | 67/96 [00:42<00:19,  1.52it/s]
Animation 22: _MethodAnimation(ValueTracker):  71%|#######   | 68/96 [00:42<00:18,  1.50it/s]
Animation 22: _MethodAnimation(ValueTracker):  72%|#######1  | 69/96 [00:43<00:18,  1.50it/s]
Animation 22: _MethodAnimation(ValueTracker):  73%|#######2  | 70/96 [00:44<00:17,  1.49it/s]
Animation 22: _MethodAnimation(ValueTracker):  74%|#######3  | 71/96 [00:44<00:16,  1.49it/s]
Animation 22: _MethodAnimation(ValueTracker):  75%|#######5  | 72/96 [00:45<00:16,  1.49it/s]
Animation 22: _MethodAnimation(ValueTracker):  76%|#######6  | 73/96 [00:46<00:15,  1.49it/s]
Animation 22: _MethodAnimation(ValueTracker):  77%|#######7  | 74/96 [00:46<00:14,  1.49it/s]
Animation 22: _MethodAnimation(ValueTracker):  78%|#######8  | 75/96 [00:47<00:14,  1.48it/s]
Animation 22: _MethodAnimation(ValueTracker):  79%|#######9  | 76/96 [00:48<00:13,  1.47it/s]
Animation 22: _MethodAnimation(ValueTracker):  80%|########  | 77/96 [00:48<00:12,  1.49it/s]
Animation 22: _MethodAnimation(ValueTracker):  81%|########1 | 78/96 [00:49<00:11,  1.50it/s]
Animation 22: _MethodAnimation(ValueTracker):  82%|########2 | 79/96 [00:50<00:11,  1.51it/s]
Animation 22: _MethodAnimation(ValueTracker):  83%|########3 | 80/96 [00:50<00:10,  1.52it/s]
Animation 22: _MethodAnimation(ValueTracker):  84%|########4 | 81/96 [00:51<00:10,  1.46it/s]
Animation 22: _MethodAnimation(ValueTracker):  85%|########5 | 82/96 [00:52<00:09,  1.48it/s]
Animation 22: _MethodAnimation(ValueTracker):  86%|########6 | 83/96 [00:52<00:08,  1.48it/s]
Animation 22: _MethodAnimation(ValueTracker):  88%|########7 | 84/96 [00:53<00:08,  1.47it/s]
Animation 22: _MethodAnimation(ValueTracker):  89%|########8 | 85/96 [00:54<00:07,  1.46it/s]
Animation 22: _MethodAnimation(ValueTracker):  90%|########9 | 86/96 [00:54<00:06,  1.50it/s]
Animation 22: _MethodAnimation(ValueTracker):  91%|######### | 87/96 [00:55<00:05,  1.50it/s]
Animation 22: _MethodAnimation(ValueTracker):  92%|#########1| 88/96 [00:56<00:05,  1.52it/s]
Animation 22: _MethodAnimation(ValueTracker):  93%|#########2| 89/96 [00:56<00:04,  1.55it/s]
Animation 22: _MethodAnimation(ValueTracker):  94%|#########3| 90/96 [00:57<00:03,  1.54it/s]
Animation 22: _MethodAnimation(ValueTracker):  95%|#########4| 91/96 [00:58<00:03,  1.56it/s]
Animation 22: _MethodAnimation(ValueTracker):  96%|#########5| 92/96 [00:58<00:02,  1.55it/s]
Animation 22: _MethodAnimation(ValueTracker):  97%|#########6| 93/96 [00:59<00:01,  1.56it/s]
Animation 22: _MethodAnimation(ValueTracker):  98%|#########7| 94/96 [00:59<00:01,  1.57it/s]
Animation 22: _MethodAnimation(ValueTracker):  99%|#########8| 95/96 [01:00<00:00,  1.57it/s]
Animation 22: _MethodAnimation(ValueTracker): 100%|##########| 96/96 [01:01<00:00,  1.57it/s]
[09/11/26 10:56:38] INFO     Animation 22 : Partial    scene_file_writer.py:192
                             movie file written in                             
                             'C:\Users\Nacho\Documents                         
                             \Animaciones\Capitulo                             
                             13\media\videos\s03_desem                         
                             peno\1080p60\partial_movi                         
                             e_files\Desempeno\2932440                         
                             949_84070814_1857360601.m                         
                             p4'                                               
                                                                                             

Animation 23: FadeIn(VGroup of 2 submobjects):   0%|          | 0/60 [00:00<?, ?it/s]
Animation 23: FadeIn(VGroup of 2 submobjects):   2%|1         | 1/60 [00:00<00:36,  1.60it/s]
Animation 23: FadeIn(VGroup of 2 submobjects):   3%|3         | 2/60 [00:01<00:43,  1.34it/s]
Animation 23: FadeIn(VGroup of 2 submobjects):   5%|5         | 3/60 [00:02<00:40,  1.41it/s]
Animation 23: FadeIn(VGroup of 2 submobjects):   7%|6         | 4/60 [00:02<00:38,  1.47it/s]
Animation 23: FadeIn(VGroup of 2 submobjects):   8%|8         | 5/60 [00:03<00:36,  1.49it/s]
Animation 23: FadeIn(VGroup of 2 submobjects):  10%|#         | 6/60 [00:04<00:36,  1.47it/s]
Animation 23: FadeIn(VGroup of 2 submobjects):  12%|#1        | 7/60 [00:04<00:35,  1.50it/s]
Animation 23: FadeIn(VGroup of 2 submobjects):  13%|#3        | 8/60 [00:05<00:34,  1.52it/s]
Animation 23: FadeIn(VGroup of 2 submobjects):  15%|#5        | 9/60 [00:06<00:33,  1.52it/s]
Animation 23: FadeIn(VGroup of 2 submobjects):  17%|#6        | 10/60 [00:06<00:33,  1.51it/s]
Animation 23: FadeIn(VGroup of 2 submobjects):  18%|#8        | 11/60 [00:07<00:32,  1.51it/s]
Animation 23: FadeIn(VGroup of 2 submobjects):  20%|##        | 12/60 [00:07<00:29,  1.60it/s]
Animation 23: FadeIn(VGroup of 2 submobjects):  22%|##1       | 13/60 [00:08<00:30,  1.53it/s]
Animation 23: FadeIn(VGroup of 2 submobjects):  23%|##3       | 14/60 [00:09<00:31,  1.48it/s]
Animation 23: FadeIn(VGroup of 2 submobjects):  25%|##5       | 15/60 [00:10<00:30,  1.48it/s]
Animation 23: FadeIn(VGroup of 2 submobjects):  27%|##6       | 16/60 [00:10<00:29,  1.48it/s]
Animation 23: FadeIn(VGroup of 2 submobjects):  28%|##8       | 17/60 [00:11<00:29,  1.47it/s]
Animation 23: FadeIn(VGroup of 2 submobjects):  30%|###       | 18/60 [00:12<00:28,  1.46it/s]
Animation 23: FadeIn(VGroup of 2 submobjects):  32%|###1      | 19/60 [00:12<00:27,  1.47it/s]
Animation 23: FadeIn(VGroup of 2 submobjects):  33%|###3      | 20/60 [00:13<00:27,  1.48it/s]
Animation 23: FadeIn(VGroup of 2 submobjects):  35%|###5      | 21/60 [00:14<00:26,  1.45it/s]
Animation 23: FadeIn(VGroup of 2 submobjects):  37%|###6      | 22/60 [00:14<00:26,  1.45it/s]
Animation 23: FadeIn(VGroup of 2 submobjects):  38%|###8      | 23/60 [00:15<00:25,  1.45it/s]
Animation 23: FadeIn(VGroup of 2 submobjects):  40%|####      | 24/60 [00:16<00:24,  1.44it/s]
Animation 23: FadeIn(VGroup of 2 submobjects):  42%|####1     | 25/60 [00:16<00:23,  1.47it/s]
Animation 23: FadeIn(VGroup of 2 submobjects):  43%|####3     | 26/60 [00:17<00:23,  1.46it/s]
Animation 23: FadeIn(VGroup of 2 submobjects):  45%|####5     | 27/60 [00:18<00:22,  1.47it/s]
Animation 23: FadeIn(VGroup of 2 submobjects):  47%|####6     | 28/60 [00:18<00:21,  1.48it/s]
Animation 23: FadeIn(VGroup of 2 submobjects):  48%|####8     | 29/60 [00:19<00:20,  1.49it/s]
Animation 23: FadeIn(VGroup of 2 submobjects):  50%|#####     | 30/60 [00:20<00:20,  1.48it/s]
Animation 23: FadeIn(VGroup of 2 submobjects):  52%|#####1    | 31/60 [00:20<00:19,  1.48it/s]
Animation 23: FadeIn(VGroup of 2 submobjects):  53%|#####3    | 32/60 [00:21<00:18,  1.49it/s]
Animation 23: FadeIn(VGroup of 2 submobjects):  55%|#####5    | 33/60 [00:22<00:18,  1.49it/s]
Animation 23: FadeIn(VGroup of 2 submobjects):  57%|#####6    | 34/60 [00:22<00:17,  1.50it/s]
Animation 23: FadeIn(VGroup of 2 submobjects):  58%|#####8    | 35/60 [00:23<00:16,  1.49it/s]
Animation 23: FadeIn(VGroup of 2 submobjects):  60%|######    | 36/60 [00:24<00:15,  1.51it/s]
Animation 23: FadeIn(VGroup of 2 submobjects):  62%|######1   | 37/60 [00:24<00:15,  1.51it/s]
Animation 23: FadeIn(VGroup of 2 submobjects):  63%|######3   | 38/60 [00:25<00:14,  1.51it/s]
Animation 23: FadeIn(VGroup of 2 submobjects):  65%|######5   | 39/60 [00:26<00:13,  1.52it/s]
Animation 23: FadeIn(VGroup of 2 submobjects):  67%|######6   | 40/60 [00:26<00:13,  1.51it/s]
Animation 23: FadeIn(VGroup of 2 submobjects):  68%|######8   | 41/60 [00:27<00:12,  1.52it/s]
Animation 23: FadeIn(VGroup of 2 submobjects):  70%|#######   | 42/60 [00:28<00:11,  1.52it/s]
Animation 23: FadeIn(VGroup of 2 submobjects):  72%|#######1  | 43/60 [00:28<00:11,  1.45it/s]
Animation 23: FadeIn(VGroup of 2 submobjects):  73%|#######3  | 44/60 [00:29<00:11,  1.45it/s]
Animation 23: FadeIn(VGroup of 2 submobjects):  75%|#######5  | 45/60 [00:30<00:10,  1.48it/s]
Animation 23: FadeIn(VGroup of 2 submobjects):  77%|#######6  | 46/60 [00:30<00:09,  1.49it/s]
Animation 23: FadeIn(VGroup of 2 submobjects):  78%|#######8  | 47/60 [00:31<00:08,  1.49it/s]
Animation 23: FadeIn(VGroup of 2 submobjects):  80%|########  | 48/60 [00:32<00:07,  1.50it/s]
Animation 23: FadeIn(VGroup of 2 submobjects):  82%|########1 | 49/60 [00:32<00:07,  1.50it/s]
Animation 23: FadeIn(VGroup of 2 submobjects):  83%|########3 | 50/60 [00:33<00:06,  1.48it/s]
Animation 23: FadeIn(VGroup of 2 submobjects):  85%|########5 | 51/60 [00:34<00:06,  1.47it/s]
Animation 23: FadeIn(VGroup of 2 submobjects):  87%|########6 | 52/60 [00:35<00:05,  1.47it/s]
Animation 23: FadeIn(VGroup of 2 submobjects):  88%|########8 | 53/60 [00:35<00:04,  1.46it/s]
Animation 23: FadeIn(VGroup of 2 submobjects):  90%|######### | 54/60 [00:36<00:04,  1.49it/s]
Animation 23: FadeIn(VGroup of 2 submobjects):  92%|#########1| 55/60 [00:37<00:03,  1.50it/s]
Animation 23: FadeIn(VGroup of 2 submobjects):  93%|#########3| 56/60 [00:37<00:02,  1.50it/s]
Animation 23: FadeIn(VGroup of 2 submobjects):  95%|#########5| 57/60 [00:38<00:02,  1.46it/s]
Animation 23: FadeIn(VGroup of 2 submobjects):  97%|#########6| 58/60 [00:39<00:01,  1.42it/s]
Animation 23: FadeIn(VGroup of 2 submobjects):  98%|#########8| 59/60 [00:40<00:00,  1.35it/s]
Animation 23: FadeIn(VGroup of 2 submobjects): 100%|##########| 60/60 [00:40<00:00,  1.37it/s]
[09/11/26 10:57:21] INFO     Animation 23 : Partial    scene_file_writer.py:192
                             movie file written in                             
                             'C:\Users\Nacho\Documents                         
                             \Animaciones\Capitulo                             
                             13\media\videos\s03_desem                         
                             peno\1080p60\partial_movi                         
                             e_files\Desempeno\2932440                         
                             949_2537890994_1059669895                         
                             .mp4'                                             
[09/11/26 10:57:25] INFO     Animation 24 : Partial    scene_file_writer.py:192
                             movie file written in                             
                             'C:\Users\Nacho\Documents                         
                             \Animaciones\Capitulo                             
                             13\media\videos\s03_desem                         
                             peno\1080p60\partial_movi                         
                             e_files\Desempeno\2932440                         
                             949_499328632_1575496160.                         
                             mp4'                                              
                                                                                              

Animation 25: FadeOut(VGroup of 13 submobjects):   0%|          | 0/60 [00:00<?, ?it/s]
Animation 25: FadeOut(VGroup of 13 submobjects):   2%|1         | 1/60 [00:01<01:47,  1.83s/it]
Animation 25: FadeOut(VGroup of 13 submobjects):   3%|3         | 2/60 [00:03<01:48,  1.86s/it]
Animation 25: FadeOut(VGroup of 13 submobjects):   5%|5         | 3/60 [00:05<01:49,  1.92s/it]
Animation 25: FadeOut(VGroup of 13 submobjects):   7%|6         | 4/60 [00:07<01:47,  1.92s/it]
Animation 25: FadeOut(VGroup of 13 submobjects):   8%|8         | 5/60 [00:09<01:43,  1.88s/it]
Animation 25: FadeOut(VGroup of 13 submobjects):  10%|#         | 6/60 [00:11<01:40,  1.87s/it]
Animation 25: FadeOut(VGroup of 13 submobjects):  12%|#1        | 7/60 [00:13<01:38,  1.86s/it]
Animation 25: FadeOut(VGroup of 13 submobjects):  13%|#3        | 8/60 [00:15<01:39,  1.91s/it]
Animation 25: FadeOut(VGroup of 13 submobjects):  15%|#5        | 9/60 [00:16<01:35,  1.88s/it]
Animation 25: FadeOut(VGroup of 13 submobjects):  17%|#6        | 10/60 [00:18<01:33,  1.86s/it]
Animation 25: FadeOut(VGroup of 13 submobjects):  18%|#8        | 11/60 [00:20<01:32,  1.90s/it]
Animation 25: FadeOut(VGroup of 13 submobjects):  20%|##        | 12/60 [00:22<01:30,  1.88s/it]
Animation 25: FadeOut(VGroup of 13 submobjects):  22%|##1       | 13/60 [00:24<01:28,  1.88s/it]
Animation 25: FadeOut(VGroup of 13 submobjects):  23%|##3       | 14/60 [00:26<01:26,  1.89s/it]
Animation 25: FadeOut(VGroup of 13 submobjects):  25%|##5       | 15/60 [00:28<01:24,  1.89s/it]
Animation 25: FadeOut(VGroup of 13 submobjects):  27%|##6       | 16/60 [00:30<01:21,  1.86s/it]
Animation 25: FadeOut(VGroup of 13 submobjects):  28%|##8       | 17/60 [00:31<01:18,  1.83s/it]
Animation 25: FadeOut(VGroup of 13 submobjects):  30%|###       | 18/60 [00:33<01:17,  1.84s/it]
Animation 25: FadeOut(VGroup of 13 submobjects):  32%|###1      | 19/60 [00:35<01:15,  1.85s/it]
Animation 25: FadeOut(VGroup of 13 submobjects):  33%|###3      | 20/60 [00:37<01:13,  1.84s/it]
Animation 25: FadeOut(VGroup of 13 submobjects):  35%|###5      | 21/60 [00:39<01:11,  1.85s/it]
Animation 25: FadeOut(VGroup of 13 submobjects):  37%|###6      | 22/60 [00:41<01:10,  1.85s/it]
Animation 25: FadeOut(VGroup of 13 submobjects):  38%|###8      | 23/60 [00:43<01:09,  1.88s/it]
Animation 25: FadeOut(VGroup of 13 submobjects):  40%|####      | 24/60 [00:44<01:07,  1.87s/it]
Animation 25: FadeOut(VGroup of 13 submobjects):  42%|####1     | 25/60 [00:46<01:05,  1.88s/it]
Animation 25: FadeOut(VGroup of 13 submobjects):  43%|####3     | 26/60 [00:48<01:03,  1.88s/it]
Animation 25: FadeOut(VGroup of 13 submobjects):  45%|####5     | 27/60 [00:50<01:02,  1.89s/it]
Animation 25: FadeOut(VGroup of 13 submobjects):  47%|####6     | 28/60 [00:52<01:01,  1.92s/it]
Animation 25: FadeOut(VGroup of 13 submobjects):  48%|####8     | 29/60 [00:54<01:01,  1.99s/it]
Animation 25: FadeOut(VGroup of 13 submobjects):  50%|#####     | 30/60 [00:56<00:58,  1.95s/it]
Animation 25: FadeOut(VGroup of 13 submobjects):  52%|#####1    | 31/60 [00:58<00:58,  2.02s/it]
Animation 25: FadeOut(VGroup of 13 submobjects):  53%|#####3    | 32/60 [01:00<00:55,  2.00s/it]
Animation 25: FadeOut(VGroup of 13 submobjects):  55%|#####5    | 33/60 [01:02<00:52,  1.94s/it]
Animation 25: FadeOut(VGroup of 13 submobjects):  57%|#####6    | 34/60 [01:04<00:49,  1.92s/it]
Animation 25: FadeOut(VGroup of 13 submobjects):  58%|#####8    | 35/60 [01:06<00:48,  1.92s/it]
Animation 25: FadeOut(VGroup of 13 submobjects):  60%|######    | 36/60 [01:08<00:45,  1.91s/it]
Animation 25: FadeOut(VGroup of 13 submobjects):  62%|######1   | 37/60 [01:10<00:43,  1.90s/it]
Animation 25: FadeOut(VGroup of 13 submobjects):  63%|######3   | 38/60 [01:11<00:41,  1.89s/it]
Animation 25: FadeOut(VGroup of 13 submobjects):  65%|######5   | 39/60 [01:13<00:39,  1.87s/it]
Animation 25: FadeOut(VGroup of 13 submobjects):  67%|######6   | 40/60 [01:15<00:37,  1.86s/it]
Animation 25: FadeOut(VGroup of 13 submobjects):  68%|######8   | 41/60 [01:17<00:35,  1.84s/it]
Animation 25: FadeOut(VGroup of 13 submobjects):  70%|#######   | 42/60 [01:19<00:33,  1.84s/it]
Animation 25: FadeOut(VGroup of 13 submobjects):  72%|#######1  | 43/60 [01:21<00:32,  1.91s/it]
Animation 25: FadeOut(VGroup of 13 submobjects):  73%|#######3  | 44/60 [01:23<00:30,  1.90s/it]
Animation 25: FadeOut(VGroup of 13 submobjects):  75%|#######5  | 45/60 [01:25<00:28,  1.89s/it]
Animation 25: FadeOut(VGroup of 13 submobjects):  77%|#######6  | 46/60 [01:26<00:26,  1.88s/it]
Animation 25: FadeOut(VGroup of 13 submobjects):  78%|#######8  | 47/60 [01:28<00:24,  1.87s/it]
Animation 25: FadeOut(VGroup of 13 submobjects):  80%|########  | 48/60 [01:30<00:22,  1.87s/it]
Animation 25: FadeOut(VGroup of 13 submobjects):  82%|########1 | 49/60 [01:32<00:20,  1.90s/it]
Animation 25: FadeOut(VGroup of 13 submobjects):  83%|########3 | 50/60 [01:34<00:18,  1.88s/it]
Animation 25: FadeOut(VGroup of 13 submobjects):  85%|########5 | 51/60 [01:36<00:16,  1.88s/it]
Animation 25: FadeOut(VGroup of 13 submobjects):  87%|########6 | 52/60 [01:38<00:14,  1.86s/it]
Animation 25: FadeOut(VGroup of 13 submobjects):  88%|########8 | 53/60 [01:39<00:12,  1.84s/it]
Animation 25: FadeOut(VGroup of 13 submobjects):  90%|######### | 54/60 [01:41<00:11,  1.84s/it]
Animation 25: FadeOut(VGroup of 13 submobjects):  92%|#########1| 55/60 [01:43<00:09,  1.85s/it]
Animation 25: FadeOut(VGroup of 13 submobjects):  93%|#########3| 56/60 [01:45<00:07,  1.94s/it]
Animation 25: FadeOut(VGroup of 13 submobjects):  95%|#########5| 57/60 [01:47<00:06,  2.02s/it]
Animation 25: FadeOut(VGroup of 13 submobjects):  97%|#########6| 58/60 [01:49<00:03,  1.97s/it]
Animation 25: FadeOut(VGroup of 13 submobjects):  98%|#########8| 59/60 [01:51<00:01,  1.96s/it]
Animation 25: FadeOut(VGroup of 13 submobjects): 100%|##########| 60/60 [01:53<00:00,  1.96s/it]
[09/11/26 10:59:22] INFO     Animation 25 : Partial    scene_file_writer.py:192
                             movie file written in                             
                             'C:\Users\Nacho\Documents                         
                             \Animaciones\Capitulo                             
                             13\media\videos\s03_desem                         
                             peno\1080p60\partial_movi                         
                             e_files\Desempeno\2932440                         
                             949_120936788_3786812277.                         
                             mp4'                                              
                                                                                                

Animation 26: FadeIn(Text('La forma de s[n] no importa, solo su energía')):   0%|          | 0/60 [00:00<?, ?it/s]
Animation 26: FadeIn(Text('La forma de s[n] no importa, solo su energía')):   7%|6         | 4/60 [00:00<00:01, 
34.42it/s]
Animation 26: FadeIn(Text('La forma de s[n] no importa, solo su energía')):  13%|#3        | 8/60 [00:00<00:01, 
32.34it/s]
Animation 26: FadeIn(Text('La forma de s[n] no importa, solo su energía')):  20%|##        | 12/60 [00:00<00:01, 
31.92it/s]
Animation 26: FadeIn(Text('La forma de s[n] no importa, solo su energía')):  27%|##6       | 16/60 [00:00<00:01, 
31.63it/s]
Animation 26: FadeIn(Text('La forma de s[n] no importa, solo su energía')):  33%|###3      | 20/60 [00:00<00:01, 
31.44it/s]
Animation 26: FadeIn(Text('La forma de s[n] no importa, solo su energía')):  40%|####      | 24/60 [00:00<00:01, 
31.21it/s]
Animation 26: FadeIn(Text('La forma de s[n] no importa, solo su energía')):  47%|####6     | 28/60 [00:00<00:01, 
31.33it/s]
Animation 26: FadeIn(Text('La forma de s[n] no importa, solo su energía')):  53%|#####3    | 32/60 [00:01<00:00, 
31.46it/s]
Animation 26: FadeIn(Text('La forma de s[n] no importa, solo su energía')):  60%|######    | 36/60 [00:01<00:00, 
31.75it/s]
Animation 26: FadeIn(Text('La forma de s[n] no importa, solo su energía')):  67%|######6   | 40/60 [00:01<00:00, 
31.30it/s]
Animation 26: FadeIn(Text('La forma de s[n] no importa, solo su energía')):  73%|#######3  | 44/60 [00:01<00:00, 
30.71it/s]
Animation 26: FadeIn(Text('La forma de s[n] no importa, solo su energía')):  80%|########  | 48/60 [00:01<00:00, 
29.67it/s]
Animation 26: FadeIn(Text('La forma de s[n] no importa, solo su energía')):  85%|########5 | 51/60 [00:01<00:00, 
26.38it/s]
Animation 26: FadeIn(Text('La forma de s[n] no importa, solo su energía')):  90%|######### | 54/60 [00:01<00:00, 
26.50it/s]
Animation 26: FadeIn(Text('La forma de s[n] no importa, solo su energía')):  97%|#########6| 58/60 [00:01<00:00, 
27.68it/s]
[09/11/26 10:59:25] INFO     Animation 26 : Partial    scene_file_writer.py:192
                             movie file written in                             
                             'C:\Users\Nacho\Documents                         
                             \Animaciones\Capitulo                             
                             13\media\videos\s03_desem                         
                             peno\1080p60\partial_movi                         
                             e_files\Desempeno\2932440                         
                             949_1104998441_2934345257                         
                             .mp4'                                             
                                                                                                                       
    

Animation 27: Create(Axes of 2 submobjects), etc.:   0%|          | 0/60 [00:00<?, ?it/s]
Animation 27: Create(Axes of 2 submobjects), etc.:  12%|#1        | 7/60 [00:00<00:00, 55.83it/s]
Animation 27: Create(Axes of 2 submobjects), etc.:  22%|##1       | 13/60 [00:00<00:00, 49.08it/s]
Animation 27: Create(Axes of 2 submobjects), etc.:  30%|###       | 18/60 [00:00<00:00, 45.68it/s]
Animation 27: Create(Axes of 2 submobjects), etc.:  38%|###8      | 23/60 [00:00<00:00, 46.48it/s]
Animation 27: Create(Axes of 2 submobjects), etc.:  47%|####6     | 28/60 [00:00<00:00, 46.01it/s]
Animation 27: Create(Axes of 2 submobjects), etc.:  55%|#####5    | 33/60 [00:00<00:00, 45.72it/s]
Animation 27: Create(Axes of 2 submobjects), etc.:  63%|######3   | 38/60 [00:00<00:00, 45.44it/s]
Animation 27: Create(Axes of 2 submobjects), etc.:  72%|#######1  | 43/60 [00:00<00:00, 45.59it/s]
Animation 27: Create(Axes of 2 submobjects), etc.:  80%|########  | 48/60 [00:01<00:00, 41.42it/s]
Animation 27: Create(Axes of 2 submobjects), etc.:  88%|########8 | 53/60 [00:01<00:00, 40.21it/s]
Animation 27: Create(Axes of 2 submobjects), etc.:  97%|#########6| 58/60 [00:01<00:00, 39.86it/s]
[09/11/26 10:59:27] INFO     Animation 27 : Partial    scene_file_writer.py:192
                             movie file written in                             
                             'C:\Users\Nacho\Documents                         
                             \Animaciones\Capitulo                             
                             13\media\videos\s03_desem                         
                             peno\1080p60\partial_movi                         
                             e_files\Desempeno\2932440                         
                             949_1634368672_1292218649                         
                             .mp4'                                             
                                                                                                  

Animation 28: Create(Axes of 2 submobjects), etc.:   0%|          | 0/60 [00:00<?, ?it/s]
Animation 28: Create(Axes of 2 submobjects), etc.:  10%|#         | 6/60 [00:00<00:00, 55.04it/s]
Animation 28: Create(Axes of 2 submobjects), etc.:  20%|##        | 12/60 [00:00<00:00, 51.29it/s]
Animation 28: Create(Axes of 2 submobjects), etc.:  30%|###       | 18/60 [00:00<00:00, 49.40it/s]
Animation 28: Create(Axes of 2 submobjects), etc.:  38%|###8      | 23/60 [00:00<00:00, 46.26it/s]
Animation 28: Create(Axes of 2 submobjects), etc.:  47%|####6     | 28/60 [00:00<00:00, 46.12it/s]
Animation 28: Create(Axes of 2 submobjects), etc.:  55%|#####5    | 33/60 [00:00<00:00, 45.54it/s]
Animation 28: Create(Axes of 2 submobjects), etc.:  63%|######3   | 38/60 [00:00<00:00, 45.78it/s]
Animation 28: Create(Axes of 2 submobjects), etc.:  72%|#######1  | 43/60 [00:00<00:00, 46.01it/s]
Animation 28: Create(Axes of 2 submobjects), etc.:  80%|########  | 48/60 [00:01<00:00, 46.00it/s]
Animation 28: Create(Axes of 2 submobjects), etc.:  88%|########8 | 53/60 [00:01<00:00, 44.34it/s]
Animation 28: Create(Axes of 2 submobjects), etc.:  97%|#########6| 58/60 [00:01<00:00, 40.05it/s]
[09/11/26 10:59:29] INFO     Animation 28 : Partial    scene_file_writer.py:192
                             movie file written in                             
                             'C:\Users\Nacho\Documents                         
                             \Animaciones\Capitulo                             
                             13\media\videos\s03_desem                         
                             peno\1080p60\partial_movi                         
                             e_files\Desempeno\2932440                         
                             949_2404031845_2649044366                         
                             .mp4'                                             
                                                                                                  

Animation 29: Write(MathTex('\\sum_n s_a^2[n]=\\sum_n s_b^2[n]=E')):   0%|          | 0/120 [00:00<?, ?it/s]
Animation 29: Write(MathTex('\\sum_n s_a^2[n]=\\sum_n s_b^2[n]=E')):   5%|5         | 6/120 [00:00<00:02, 52.11it/s]
Animation 29: Write(MathTex('\\sum_n s_a^2[n]=\\sum_n s_b^2[n]=E')):  10%|#         | 12/120 [00:00<00:02, 45.73it/s]
Animation 29: Write(MathTex('\\sum_n s_a^2[n]=\\sum_n s_b^2[n]=E')):  14%|#4        | 17/120 [00:00<00:02, 43.21it/s]
Animation 29: Write(MathTex('\\sum_n s_a^2[n]=\\sum_n s_b^2[n]=E')):  18%|#8        | 22/120 [00:00<00:02, 39.50it/s]
Animation 29: Write(MathTex('\\sum_n s_a^2[n]=\\sum_n s_b^2[n]=E')):  22%|##2       | 27/120 [00:00<00:02, 39.73it/s]
Animation 29: Write(MathTex('\\sum_n s_a^2[n]=\\sum_n s_b^2[n]=E')):  27%|##6       | 32/120 [00:00<00:02, 39.72it/s]
Animation 29: Write(MathTex('\\sum_n s_a^2[n]=\\sum_n s_b^2[n]=E')):  31%|###       | 37/120 [00:00<00:02, 39.87it/s]
Animation 29: Write(MathTex('\\sum_n s_a^2[n]=\\sum_n s_b^2[n]=E')):  34%|###4      | 41/120 [00:01<00:01, 39.78it/s]
Animation 29: Write(MathTex('\\sum_n s_a^2[n]=\\sum_n s_b^2[n]=E')):  38%|###7      | 45/120 [00:01<00:01, 39.27it/s]
Animation 29: Write(MathTex('\\sum_n s_a^2[n]=\\sum_n s_b^2[n]=E')):  42%|####1     | 50/120 [00:01<00:01, 41.17it/s]
Animation 29: Write(MathTex('\\sum_n s_a^2[n]=\\sum_n s_b^2[n]=E')):  46%|####5     | 55/120 [00:01<00:01, 39.18it/s]
Animation 29: Write(MathTex('\\sum_n s_a^2[n]=\\sum_n s_b^2[n]=E')):  49%|####9     | 59/120 [00:01<00:01, 36.90it/s]
Animation 29: Write(MathTex('\\sum_n s_a^2[n]=\\sum_n s_b^2[n]=E')):  52%|#####2    | 63/120 [00:01<00:01, 36.66it/s]
Animation 29: Write(MathTex('\\sum_n s_a^2[n]=\\sum_n s_b^2[n]=E')):  56%|#####5    | 67/120 [00:01<00:01, 35.02it/s]
Animation 29: Write(MathTex('\\sum_n s_a^2[n]=\\sum_n s_b^2[n]=E')):  59%|#####9    | 71/120 [00:01<00:01, 33.55it/s]
Animation 29: Write(MathTex('\\sum_n s_a^2[n]=\\sum_n s_b^2[n]=E')):  62%|######2   | 75/120 [00:01<00:01, 33.68it/s]
Animation 29: Write(MathTex('\\sum_n s_a^2[n]=\\sum_n s_b^2[n]=E')):  66%|######5   | 79/120 [00:02<00:01, 33.40it/s]
Animation 29: Write(MathTex('\\sum_n s_a^2[n]=\\sum_n s_b^2[n]=E')):  69%|######9   | 83/120 [00:02<00:01, 32.90it/s]
Animation 29: Write(MathTex('\\sum_n s_a^2[n]=\\sum_n s_b^2[n]=E')):  72%|#######2  | 87/120 [00:02<00:00, 33.14it/s]
Animation 29: Write(MathTex('\\sum_n s_a^2[n]=\\sum_n s_b^2[n]=E')):  76%|#######5  | 91/120 [00:02<00:00, 33.61it/s]
Animation 29: Write(MathTex('\\sum_n s_a^2[n]=\\sum_n s_b^2[n]=E')):  79%|#######9  | 95/120 [00:02<00:00, 34.16it/s]
Animation 29: Write(MathTex('\\sum_n s_a^2[n]=\\sum_n s_b^2[n]=E')):  82%|########2 | 99/120 [00:02<00:00, 35.18it/s]
Animation 29: Write(MathTex('\\sum_n s_a^2[n]=\\sum_n s_b^2[n]=E')):  86%|########5 | 103/120 [00:02<00:00, 35.37it/s]
Animation 29: Write(MathTex('\\sum_n s_a^2[n]=\\sum_n s_b^2[n]=E')):  89%|########9 | 107/120 [00:02<00:00, 35.27it/s]
Animation 29: Write(MathTex('\\sum_n s_a^2[n]=\\sum_n s_b^2[n]=E')):  92%|#########2| 111/120 [00:03<00:00, 35.69it/s]
Animation 29: Write(MathTex('\\sum_n s_a^2[n]=\\sum_n s_b^2[n]=E')):  96%|#########5| 115/120 [00:03<00:00, 36.18it/s]
Animation 29: Write(MathTex('\\sum_n s_a^2[n]=\\sum_n s_b^2[n]=E')):  99%|#########9| 119/120 [00:03<00:00, 36.84it/s]
[09/11/26 10:59:34] INFO     Animation 29 : Partial    scene_file_writer.py:192
                             movie file written in                             
                             'C:\Users\Nacho\Documents                         
                             \Animaciones\Capitulo                             
                             13\media\videos\s03_desem                         
                             peno\1080p60\partial_movi                         
                             e_files\Desempeno\2932440                         
                             949_2673375415_4193761492                         
                             .mp4'                                             
[09/11/26 10:59:35] INFO     Animation 30 : Partial    scene_file_writer.py:192
                             movie file written in                             
                             'C:\Users\Nacho\Documents                         
                             \Animaciones\Capitulo                             
                             13\media\videos\s03_desem                         
                             peno\1080p60\partial_movi                         
                             e_files\Desempeno\2932440                         
                             949_4046863825_3517741649                         
                             .mp4'                                             
                                                                                                                      

Animation 31: FadeIn(VGroup of 6 submobjects):   0%|          | 0/60 [00:00<?, ?it/s]
Animation 31: FadeIn(VGroup of 6 submobjects):   7%|6         | 4/60 [00:00<00:01, 29.67it/s]
Animation 31: FadeIn(VGroup of 6 submobjects):  12%|#1        | 7/60 [00:00<00:01, 27.21it/s]
Animation 31: FadeIn(VGroup of 6 submobjects):  17%|#6        | 10/60 [00:00<00:02, 24.47it/s]
Animation 31: FadeIn(VGroup of 6 submobjects):  22%|##1       | 13/60 [00:00<00:01, 24.30it/s]
Animation 31: FadeIn(VGroup of 6 submobjects):  27%|##6       | 16/60 [00:00<00:01, 24.80it/s]
Animation 31: FadeIn(VGroup of 6 submobjects):  32%|###1      | 19/60 [00:00<00:01, 24.66it/s]
Animation 31: FadeIn(VGroup of 6 submobjects):  37%|###6      | 22/60 [00:00<00:01, 24.64it/s]
Animation 31: FadeIn(VGroup of 6 submobjects):  42%|####1     | 25/60 [00:00<00:01, 24.81it/s]
Animation 31: FadeIn(VGroup of 6 submobjects):  47%|####6     | 28/60 [00:01<00:01, 25.00it/s]
Animation 31: FadeIn(VGroup of 6 submobjects):  52%|#####1    | 31/60 [00:01<00:01, 25.11it/s]
Animation 31: FadeIn(VGroup of 6 submobjects):  57%|#####6    | 34/60 [00:01<00:01, 25.42it/s]
Animation 31: FadeIn(VGroup of 6 submobjects):  62%|######1   | 37/60 [00:01<00:00, 25.58it/s]
Animation 31: FadeIn(VGroup of 6 submobjects):  67%|######6   | 40/60 [00:01<00:00, 25.51it/s]
Animation 31: FadeIn(VGroup of 6 submobjects):  72%|#######1  | 43/60 [00:01<00:00, 24.35it/s]
Animation 31: FadeIn(VGroup of 6 submobjects):  77%|#######6  | 46/60 [00:01<00:00, 21.92it/s]
Animation 31: FadeIn(VGroup of 6 submobjects):  82%|########1 | 49/60 [00:02<00:00, 22.15it/s]
Animation 31: FadeIn(VGroup of 6 submobjects):  87%|########6 | 52/60 [00:02<00:00, 22.26it/s]
Animation 31: FadeIn(VGroup of 6 submobjects):  92%|#########1| 55/60 [00:02<00:00, 22.65it/s]
Animation 31: FadeIn(VGroup of 6 submobjects):  97%|#########6| 58/60 [00:02<00:00, 22.67it/s]
[09/11/26 10:59:40] INFO     Animation 31 : Partial    scene_file_writer.py:192
                             movie file written in                             
                             'C:\Users\Nacho\Documents                         
                             \Animaciones\Capitulo                             
                             13\media\videos\s03_desem                         
                             peno\1080p60\partial_movi                         
                             e_files\Desempeno\2932440                         
                             949_2411140249_943478831.                         
                             mp4'                                              
[09/11/26 10:59:43] INFO     Animation 32 : Partial    scene_file_writer.py:192
                             movie file written in                             
                             'C:\Users\Nacho\Documents                         
                             \Animaciones\Capitulo                             
                             13\media\videos\s03_desem                         
                             peno\1080p60\partial_movi                         
                             e_files\Desempeno\2932440                         
                             949_349589963_2656655294.                         
                             mp4'                                              
                                                                                              

Animation 33: FadeOut(VGroup of 8 submobjects):   0%|          | 0/60 [00:00<?, ?it/s]
Animation 33: FadeOut(VGroup of 8 submobjects):   3%|3         | 2/60 [00:00<00:04, 14.11it/s]
Animation 33: FadeOut(VGroup of 8 submobjects):   7%|6         | 4/60 [00:00<00:03, 14.25it/s]
Animation 33: FadeOut(VGroup of 8 submobjects):  10%|#         | 6/60 [00:00<00:03, 14.42it/s]
Animation 33: FadeOut(VGroup of 8 submobjects):  13%|#3        | 8/60 [00:00<00:03, 14.48it/s]
Animation 33: FadeOut(VGroup of 8 submobjects):  17%|#6        | 10/60 [00:00<00:03, 14.27it/s]
Animation 33: FadeOut(VGroup of 8 submobjects):  20%|##        | 12/60 [00:00<00:03, 14.27it/s]
Animation 33: FadeOut(VGroup of 8 submobjects):  23%|##3       | 14/60 [00:00<00:03, 14.38it/s]
Animation 33: FadeOut(VGroup of 8 submobjects):  27%|##6       | 16/60 [00:01<00:03, 14.18it/s]
Animation 33: FadeOut(VGroup of 8 submobjects):  30%|###       | 18/60 [00:01<00:02, 14.09it/s]
Animation 33: FadeOut(VGroup of 8 submobjects):  33%|###3      | 20/60 [00:01<00:02, 13.99it/s]
Animation 33: FadeOut(VGroup of 8 submobjects):  37%|###6      | 22/60 [00:01<00:02, 14.19it/s]
Animation 33: FadeOut(VGroup of 8 submobjects):  40%|####      | 24/60 [00:01<00:02, 14.26it/s]
Animation 33: FadeOut(VGroup of 8 submobjects):  43%|####3     | 26/60 [00:01<00:02, 14.12it/s]
Animation 33: FadeOut(VGroup of 8 submobjects):  47%|####6     | 28/60 [00:01<00:02, 14.34it/s]
Animation 33: FadeOut(VGroup of 8 submobjects):  50%|#####     | 30/60 [00:02<00:02, 14.31it/s]
Animation 33: FadeOut(VGroup of 8 submobjects):  53%|#####3    | 32/60 [00:02<00:01, 14.29it/s]
Animation 33: FadeOut(VGroup of 8 submobjects):  57%|#####6    | 34/60 [00:02<00:01, 14.16it/s]
Animation 33: FadeOut(VGroup of 8 submobjects):  60%|######    | 36/60 [00:02<00:01, 14.27it/s]
Animation 33: FadeOut(VGroup of 8 submobjects):  63%|######3   | 38/60 [00:02<00:01, 14.28it/s]
Animation 33: FadeOut(VGroup of 8 submobjects):  67%|######6   | 40/60 [00:02<00:01, 14.33it/s]
Animation 33: FadeOut(VGroup of 8 submobjects):  70%|#######   | 42/60 [00:02<00:01, 14.02it/s]
Animation 33: FadeOut(VGroup of 8 submobjects):  73%|#######3  | 44/60 [00:03<00:01, 11.39it/s]
Animation 33: FadeOut(VGroup of 8 submobjects):  77%|#######6  | 46/60 [00:03<00:01, 11.87it/s]
Animation 33: FadeOut(VGroup of 8 submobjects):  80%|########  | 48/60 [00:03<00:00, 12.15it/s]
Animation 33: FadeOut(VGroup of 8 submobjects):  83%|########3 | 50/60 [00:03<00:00, 12.55it/s]
Animation 33: FadeOut(VGroup of 8 submobjects):  87%|########6 | 52/60 [00:03<00:00, 12.77it/s]
Animation 33: FadeOut(VGroup of 8 submobjects):  90%|######### | 54/60 [00:03<00:00, 13.02it/s]
Animation 33: FadeOut(VGroup of 8 submobjects):  93%|#########3| 56/60 [00:04<00:00, 13.03it/s]
Animation 33: FadeOut(VGroup of 8 submobjects):  97%|#########6| 58/60 [00:04<00:00, 13.01it/s]
Animation 33: FadeOut(VGroup of 8 submobjects): 100%|##########| 60/60 [00:04<00:00, 13.47it/s]
[09/11/26 10:59:50] INFO     Animation 33 : Partial    scene_file_writer.py:192
                             movie file written in                             
                             'C:\Users\Nacho\Documents                         
                             \Animaciones\Capitulo                             
                             13\media\videos\s03_desem                         
                             peno\1080p60\partial_movi                         
                             e_files\Desempeno\2932440                         
                             949_795759278_581907863.m                         
                             p4'                                               
                                                                                               

Animation 34: FadeIn(Text('Todo depende de un solo número:')):   0%|          | 0/60 [00:00<?, ?it/s]
Animation 34: FadeIn(Text('Todo depende de un solo número:')):   8%|8         | 5/60 [00:00<00:01, 40.06it/s]
Animation 34: FadeIn(Text('Todo depende de un solo número:')):  17%|#6        | 10/60 [00:00<00:01, 35.99it/s]
Animation 34: FadeIn(Text('Todo depende de un solo número:')):  23%|##3       | 14/60 [00:00<00:01, 33.85it/s]
Animation 34: FadeIn(Text('Todo depende de un solo número:')):  30%|###       | 18/60 [00:00<00:01, 34.38it/s]
Animation 34: FadeIn(Text('Todo depende de un solo número:')):  37%|###6      | 22/60 [00:00<00:01, 34.78it/s]
Animation 34: FadeIn(Text('Todo depende de un solo número:')):  43%|####3     | 26/60 [00:00<00:00, 35.09it/s]
Animation 34: FadeIn(Text('Todo depende de un solo número:')):  50%|#####     | 30/60 [00:00<00:00, 35.30it/s]
Animation 34: FadeIn(Text('Todo depende de un solo número:')):  57%|#####6    | 34/60 [00:00<00:00, 35.70it/s]
Animation 34: FadeIn(Text('Todo depende de un solo número:')):  63%|######3   | 38/60 [00:01<00:00, 35.77it/s]
Animation 34: FadeIn(Text('Todo depende de un solo número:')):  70%|#######   | 42/60 [00:01<00:00, 35.85it/s]
Animation 34: FadeIn(Text('Todo depende de un solo número:')):  77%|#######6  | 46/60 [00:01<00:00, 29.72it/s]
Animation 34: FadeIn(Text('Todo depende de un solo número:')):  83%|########3 | 50/60 [00:01<00:00, 30.38it/s]
Animation 34: FadeIn(Text('Todo depende de un solo número:')):  90%|######### | 54/60 [00:01<00:00, 30.96it/s]
Animation 34: FadeIn(Text('Todo depende de un solo número:')):  97%|#########6| 58/60 [00:01<00:00, 31.27it/s]
[09/11/26 10:59:53] INFO     Animation 34 : Partial    scene_file_writer.py:192
                             movie file written in                             
                             'C:\Users\Nacho\Documents                         
                             \Animaciones\Capitulo                             
                             13\media\videos\s03_desem                         
                             peno\1080p60\partial_movi                         
                             e_files\Desempeno\2932440                         
                             949_746725041_1170225544.                         
                             mp4'                                              
                                                                                                              

Animation 35: FadeIn(Text('la relación señal-ruido E/σ².')):   0%|          | 0/60 [00:00<?, ?it/s]
Animation 35: FadeIn(Text('la relación señal-ruido E/σ².')):   8%|8         | 5/60 [00:00<00:01, 40.36it/s]
Animation 35: FadeIn(Text('la relación señal-ruido E/σ².')):  17%|#6        | 10/60 [00:00<00:01, 38.28it/s]
Animation 35: FadeIn(Text('la relación señal-ruido E/σ².')):  23%|##3       | 14/60 [00:00<00:01, 36.27it/s]
Animation 35: FadeIn(Text('la relación señal-ruido E/σ².')):  30%|###       | 18/60 [00:00<00:01, 35.70it/s]
Animation 35: FadeIn(Text('la relación señal-ruido E/σ².')):  37%|###6      | 22/60 [00:00<00:01, 35.76it/s]
Animation 35: FadeIn(Text('la relación señal-ruido E/σ².')):  43%|####3     | 26/60 [00:00<00:00, 35.91it/s]
Animation 35: FadeIn(Text('la relación señal-ruido E/σ².')):  50%|#####     | 30/60 [00:00<00:00, 35.30it/s]
Animation 35: FadeIn(Text('la relación señal-ruido E/σ².')):  57%|#####6    | 34/60 [00:00<00:00, 35.41it/s]
Animation 35: FadeIn(Text('la relación señal-ruido E/σ².')):  63%|######3   | 38/60 [00:01<00:00, 35.41it/s]
Animation 35: FadeIn(Text('la relación señal-ruido E/σ².')):  70%|#######   | 42/60 [00:01<00:00, 35.56it/s]
Animation 35: FadeIn(Text('la relación señal-ruido E/σ².')):  77%|#######6  | 46/60 [00:01<00:00, 32.65it/s]
Animation 35: FadeIn(Text('la relación señal-ruido E/σ².')):  83%|########3 | 50/60 [00:01<00:00, 31.25it/s]
Animation 35: FadeIn(Text('la relación señal-ruido E/σ².')):  90%|######### | 54/60 [00:01<00:00, 30.01it/s]
Animation 35: FadeIn(Text('la relación señal-ruido E/σ².')):  97%|#########6| 58/60 [00:01<00:00, 31.17it/s]
[09/11/26 10:59:56] INFO     Animation 35 : Partial    scene_file_writer.py:192
                             movie file written in                             
                             'C:\Users\Nacho\Documents                         
                             \Animaciones\Capitulo                             
                             13\media\videos\s03_desem                         
                             peno\1080p60\partial_movi                         
                             e_files\Desempeno\2932440                         
                             949_538913186_417570901.m                         
                             p4'                                               
[09/11/26 10:59:57] INFO     Animation 36 : Partial    scene_file_writer.py:192
                             movie file written in                             
                             'C:\Users\Nacho\Documents                         
                             \Animaciones\Capitulo                             
                             13\media\videos\s03_desem                         
                             peno\1080p60\partial_movi                         
                             e_files\Desempeno\2932440                         
                             949_241228271_1007536902.                         
                             mp4'                                              
                                                                                                            

Animation 37: FadeIn(Text('la forma de la señal es irrelevante para el desempeño')):   0%|          | 0/60 [00:00<?, 
?it/s]
Animation 37: FadeIn(Text('la forma de la señal es irrelevante para el desempeño')):   7%|6         | 4/60 
[00:00<00:01, 33.16it/s]
Animation 37: FadeIn(Text('la forma de la señal es irrelevante para el desempeño')):  13%|#3        | 8/60 
[00:00<00:01, 30.30it/s]
Animation 37: FadeIn(Text('la forma de la señal es irrelevante para el desempeño')):  20%|##        | 12/60 
[00:00<00:01, 29.59it/s]
Animation 37: FadeIn(Text('la forma de la señal es irrelevante para el desempeño')):  25%|##5       | 15/60 
[00:00<00:01, 29.52it/s]
Animation 37: FadeIn(Text('la forma de la señal es irrelevante para el desempeño')):  30%|###       | 18/60 
[00:00<00:01, 29.37it/s]
Animation 37: FadeIn(Text('la forma de la señal es irrelevante para el desempeño')):  35%|###5      | 21/60 
[00:00<00:01, 29.54it/s]
Animation 37: FadeIn(Text('la forma de la señal es irrelevante para el desempeño')):  40%|####      | 24/60 
[00:00<00:01, 29.06it/s]
Animation 37: FadeIn(Text('la forma de la señal es irrelevante para el desempeño')):  45%|####5     | 27/60 
[00:00<00:01, 29.10it/s]
Animation 37: FadeIn(Text('la forma de la señal es irrelevante para el desempeño')):  50%|#####     | 30/60 
[00:01<00:01, 28.72it/s]
Animation 37: FadeIn(Text('la forma de la señal es irrelevante para el desempeño')):  55%|#####5    | 33/60 
[00:01<00:00, 28.73it/s]
Animation 37: FadeIn(Text('la forma de la señal es irrelevante para el desempeño')):  60%|######    | 36/60 
[00:01<00:00, 28.66it/s]
Animation 37: FadeIn(Text('la forma de la señal es irrelevante para el desempeño')):  65%|######5   | 39/60 
[00:01<00:00, 28.35it/s]
Animation 37: FadeIn(Text('la forma de la señal es irrelevante para el desempeño')):  70%|#######   | 42/60 
[00:01<00:00, 28.81it/s]
Animation 37: FadeIn(Text('la forma de la señal es irrelevante para el desempeño')):  75%|#######5  | 45/60 
[00:01<00:00, 27.45it/s]
Animation 37: FadeIn(Text('la forma de la señal es irrelevante para el desempeño')):  80%|########  | 48/60 
[00:01<00:00, 24.66it/s]
Animation 37: FadeIn(Text('la forma de la señal es irrelevante para el desempeño')):  85%|########5 | 51/60 
[00:01<00:00, 25.30it/s]
Animation 37: FadeIn(Text('la forma de la señal es irrelevante para el desempeño')):  90%|######### | 54/60 
[00:01<00:00, 25.58it/s]
Animation 37: FadeIn(Text('la forma de la señal es irrelevante para el desempeño')):  95%|#########5| 57/60 
[00:02<00:00, 25.99it/s]
Animation 37: FadeIn(Text('la forma de la señal es irrelevante para el desempeño')): 100%|##########| 60/60 
[00:02<00:00, 26.03it/s]
[09/11/26 11:00:00] INFO     Animation 37 : Partial    scene_file_writer.py:192
                             movie file written in                             
                             'C:\Users\Nacho\Documents                         
                             \Animaciones\Capitulo                             
                             13\media\videos\s03_desem                         
                             peno\1080p60\partial_movi                         
                             e_files\Desempeno\2932440                         
                             949_596698937_3455054842.                         
                             mp4'                                              
[09/11/26 11:00:03] INFO     Animation 38 : Partial    scene_file_writer.py:192
                             movie file written in                             
                             'C:\Users\Nacho\Documents                         
                             \Animaciones\Capitulo                             
                             13\media\videos\s03_desem                         
                             peno\1080p60\partial_movi                         
                             e_files\Desempeno\2932440                         
                             949_349589963_2477219331.                         
                             mp4'                                              
                                                                                                                       
             

Animation 39: FadeOut(VGroup of 2 submobjects):   0%|          | 0/60 [00:00<?, ?it/s]
Animation 39: FadeOut(VGroup of 2 submobjects):   3%|3         | 2/60 [00:00<00:03, 15.45it/s]
Animation 39: FadeOut(VGroup of 2 submobjects):   7%|6         | 4/60 [00:00<00:03, 15.62it/s]
Animation 39: FadeOut(VGroup of 2 submobjects):  10%|#         | 6/60 [00:00<00:03, 15.12it/s]
Animation 39: FadeOut(VGroup of 2 submobjects):  13%|#3        | 8/60 [00:00<00:03, 14.94it/s]
Animation 39: FadeOut(VGroup of 2 submobjects):  17%|#6        | 10/60 [00:00<00:03, 14.96it/s]
Animation 39: FadeOut(VGroup of 2 submobjects):  20%|##        | 12/60 [00:00<00:03, 15.11it/s]
Animation 39: FadeOut(VGroup of 2 submobjects):  23%|##3       | 14/60 [00:00<00:03, 15.16it/s]
Animation 39: FadeOut(VGroup of 2 submobjects):  27%|##6       | 16/60 [00:01<00:02, 14.88it/s]
Animation 39: FadeOut(VGroup of 2 submobjects):  30%|###       | 18/60 [00:01<00:02, 14.72it/s]
Animation 39: FadeOut(VGroup of 2 submobjects):  33%|###3      | 20/60 [00:01<00:02, 14.81it/s]
Animation 39: FadeOut(VGroup of 2 submobjects):  37%|###6      | 22/60 [00:01<00:02, 14.76it/s]
Animation 39: FadeOut(VGroup of 2 submobjects):  40%|####      | 24/60 [00:01<00:02, 14.59it/s]
Animation 39: FadeOut(VGroup of 2 submobjects):  43%|####3     | 26/60 [00:01<00:02, 14.60it/s]
Animation 39: FadeOut(VGroup of 2 submobjects):  47%|####6     | 28/60 [00:01<00:02, 14.63it/s]
Animation 39: FadeOut(VGroup of 2 submobjects):  50%|#####     | 30/60 [00:02<00:02, 14.82it/s]
Animation 39: FadeOut(VGroup of 2 submobjects):  53%|#####3    | 32/60 [00:02<00:01, 14.83it/s]
Animation 39: FadeOut(VGroup of 2 submobjects):  57%|#####6    | 34/60 [00:02<00:01, 15.02it/s]
Animation 39: FadeOut(VGroup of 2 submobjects):  60%|######    | 36/60 [00:02<00:01, 14.92it/s]
Animation 39: FadeOut(VGroup of 2 submobjects):  63%|######3   | 38/60 [00:02<00:01, 14.92it/s]
Animation 39: FadeOut(VGroup of 2 submobjects):  67%|######6   | 40/60 [00:02<00:01, 14.79it/s]
Animation 39: FadeOut(VGroup of 2 submobjects):  70%|#######   | 42/60 [00:02<00:01, 14.89it/s]
Animation 39: FadeOut(VGroup of 2 submobjects):  73%|#######3  | 44/60 [00:03<00:01, 12.70it/s]
Animation 39: FadeOut(VGroup of 2 submobjects):  77%|#######6  | 46/60 [00:03<00:01, 13.06it/s]
Animation 39: FadeOut(VGroup of 2 submobjects):  80%|########  | 48/60 [00:03<00:00, 13.03it/s]
Animation 39: FadeOut(VGroup of 2 submobjects):  83%|########3 | 50/60 [00:03<00:00, 13.33it/s]
Animation 39: FadeOut(VGroup of 2 submobjects):  87%|########6 | 52/60 [00:03<00:00, 13.13it/s]
Animation 39: FadeOut(VGroup of 2 submobjects):  90%|######### | 54/60 [00:03<00:00, 13.32it/s]
Animation 39: FadeOut(VGroup of 2 submobjects):  93%|#########3| 56/60 [00:03<00:00, 13.20it/s]
Animation 39: FadeOut(VGroup of 2 submobjects):  97%|#########6| 58/60 [00:04<00:00, 13.57it/s]
Animation 39: FadeOut(VGroup of 2 submobjects): 100%|##########| 60/60 [00:04<00:00, 14.06it/s]
[09/11/26 11:00:10] INFO     Animation 39 : Partial    scene_file_writer.py:192
                             movie file written in                             
                             'C:\Users\Nacho\Documents                         
                             \Animaciones\Capitulo                             
                             13\media\videos\s03_desem                         
                             peno\1080p60\partial_movi                         
                             e_files\Desempeno\2932440                         
                             949_3642380008_1873183177                         
                             .mp4'                                             
                    INFO     Animation 40 : Partial    scene_file_writer.py:192
                             movie file written in                             
                             'C:\Users\Nacho\Documents                         
                             \Animaciones\Capitulo                             
                             13\media\videos\s03_desem                         
                             peno\1080p60\partial_movi                         
                             e_files\Desempeno\2932440                         
                             949_4235033027_740601837.                         
                             mp4'                                              
                    INFO     Combining to Movie file.  scene_file_writer.py:952
[09/11/26 11:00:11] INFO                              scene_file_writer.py:1103
                             File ready at                                     
                             'C:\Users\Nacho\Document                          
                             s\Animaciones\Capitulo                            
                             13\media\videos\s03_dese                          
                             mpeno\1080p60\Desempeno.                          
                             mp4'                                              
                                                                               
                    INFO     Rendered Desempeno                    scene.py:290
                             Played 41 animations                              
                                                                                               
Manim Community v0.21.0

manim.exe : 
En C:\Users\Nacho\Documents\Animaciones\Capitulo 13\render.ps1: 49 Carácter: 9
+         & manim "-$Calidad" $e.archivo $e.escena *>> $log
+         ~~~~~~~~~~~~~~~~~~~~~~~~~~~~~~~~~~~~~~~~~~~~~~~~~
    + CategoryInfo          : NotSpecified: (:String) [], RemoteException
    + FullyQualifiedErrorId : NativeCommandError
 
Animation 0: FadeIn(Text('El filtro adaptado: h[k] = s[−k]')):   0%|          | 0/60 [00:00<?, ?it/s]
Animation 0: FadeIn(Text('El filtro adaptado: h[k] = s[−k]')):  20%|##        | 12/60 [00:00<00:00, 119.80it/s]
Animation 0: FadeIn(Text('El filtro adaptado: h[k] = s[−k]')):  42%|####1     | 25/60 [00:00<00:00, 125.34it/s]
Animation 0: FadeIn(Text('El filtro adaptado: h[k] = s[−k]')):  63%|######3   | 38/60 [00:00<00:00, 122.29it/s]
Animation 0: FadeIn(Text('El filtro adaptado: h[k] = s[−k]')):  88%|########8 | 53/60 [00:00<00:00, 130.79it/s]
[09/11/26 11:00:14] INFO     Animation 0 : Partial     scene_file_writer.py:192
                             movie file written in                             
                             'C:\Users\Nacho\Documents                         
                             \Animaciones\Capitulo                             
                             13\media\videos\s04_filtr                         
                             o_adaptado\1080p60\partia                         
                             l_movie_files\FiltroAdapt                         
                             ado\3010004561_3852050146                         
                             _223132457.mp4'                                   
                    INFO     Animation 1 : Partial     scene_file_writer.py:192
                             movie file written in                             
                             'C:\Users\Nacho\Documents                         
                             \Animaciones\Capitulo                             
                             13\media\videos\s04_filtr                         
                             o_adaptado\1080p60\partia                         
                             l_movie_files\FiltroAdapt                         
                             ado\2932440949_4235033027                         
                             _2733491808.mp4'                                  
                                                                                                               

Animation 2: Write(MathTex('g=\\sum_k r[k]\\,s[k]')), etc.:   0%|          | 0/60 [00:00<?, ?it/s]
Animation 2: Write(MathTex('g=\\sum_k r[k]\\,s[k]')), etc.:  17%|#6        | 10/60 [00:00<00:00, 97.41it/s]
Animation 2: Write(MathTex('g=\\sum_k r[k]\\,s[k]')), etc.:  33%|###3      | 20/60 [00:00<00:00, 92.96it/s]
Animation 2: Write(MathTex('g=\\sum_k r[k]\\,s[k]')), etc.:  50%|#####     | 30/60 [00:00<00:00, 90.79it/s]
Animation 2: Write(MathTex('g=\\sum_k r[k]\\,s[k]')), etc.:  67%|######6   | 40/60 [00:00<00:00, 90.78it/s]
Animation 2: Write(MathTex('g=\\sum_k r[k]\\,s[k]')), etc.:  83%|########3 | 50/60 [00:00<00:00, 43.59it/s]
Animation 2: Write(MathTex('g=\\sum_k r[k]\\,s[k]')), etc.:  95%|#########5| 57/60 [00:01<00:00, 34.31it/s]
[09/11/26 11:00:16] INFO     Animation 2 : Partial     scene_file_writer.py:192
                             movie file written in                             
                             'C:\Users\Nacho\Documents                         
                             \Animaciones\Capitulo                             
                             13\media\videos\s04_filtr                         
                             o_adaptado\1080p60\partia                         
                             l_movie_files\FiltroAdapt                         
                             ado\2932440949_282368627_                         
                             3612977422.mp4'                                   
[09/11/26 11:00:18] INFO     Animation 3 : Partial     scene_file_writer.py:192
                             movie file written in                             
                             'C:\Users\Nacho\Documents                         
                             \Animaciones\Capitulo                             
                             13\media\videos\s04_filtr                         
                             o_adaptado\1080p60\partia                         
                             l_movie_files\FiltroAdapt                         
                             ado\2932440949_3810316983                         
                             _70683903.mp4'                                    
                                                                                                           

Animation 4: Write(MathTex('g[0]=\\sum_k r[k]\\,h[-k]')):   0%|          | 0/120 [00:00<?, ?it/s]
Animation 4: Write(MathTex('g[0]=\\sum_k r[k]\\,h[-k]')):   6%|5         | 7/120 [00:00<00:01, 65.31it/s]
Animation 4: Write(MathTex('g[0]=\\sum_k r[k]\\,h[-k]')):  12%|#1        | 14/120 [00:00<00:01, 56.82it/s]
Animation 4: Write(MathTex('g[0]=\\sum_k r[k]\\,h[-k]')):  17%|#6        | 20/120 [00:00<00:01, 58.10it/s]
Animation 4: Write(MathTex('g[0]=\\sum_k r[k]\\,h[-k]')):  22%|##1       | 26/120 [00:00<00:01, 57.85it/s]
Animation 4: Write(MathTex('g[0]=\\sum_k r[k]\\,h[-k]')):  27%|##6       | 32/120 [00:00<00:01, 56.96it/s]
Animation 4: Write(MathTex('g[0]=\\sum_k r[k]\\,h[-k]')):  32%|###1      | 38/120 [00:00<00:01, 54.92it/s]
Animation 4: Write(MathTex('g[0]=\\sum_k r[k]\\,h[-k]')):  37%|###6      | 44/120 [00:00<00:01, 55.72it/s]
Animation 4: Write(MathTex('g[0]=\\sum_k r[k]\\,h[-k]')):  42%|####1     | 50/120 [00:00<00:01, 53.23it/s]
Animation 4: Write(MathTex('g[0]=\\sum_k r[k]\\,h[-k]')):  47%|####6     | 56/120 [00:01<00:01, 49.28it/s]
Animation 4: Write(MathTex('g[0]=\\sum_k r[k]\\,h[-k]')):  52%|#####1    | 62/120 [00:01<00:01, 50.26it/s]
Animation 4: Write(MathTex('g[0]=\\sum_k r[k]\\,h[-k]')):  57%|#####6    | 68/120 [00:01<00:01, 49.73it/s]
Animation 4: Write(MathTex('g[0]=\\sum_k r[k]\\,h[-k]')):  62%|######1   | 74/120 [00:01<00:00, 49.57it/s]
Animation 4: Write(MathTex('g[0]=\\sum_k r[k]\\,h[-k]')):  67%|######6   | 80/120 [00:01<00:00, 49.36it/s]
Animation 4: Write(MathTex('g[0]=\\sum_k r[k]\\,h[-k]')):  72%|#######1  | 86/120 [00:01<00:00, 50.34it/s]
Animation 4: Write(MathTex('g[0]=\\sum_k r[k]\\,h[-k]')):  77%|#######6  | 92/120 [00:01<00:00, 47.83it/s]
Animation 4: Write(MathTex('g[0]=\\sum_k r[k]\\,h[-k]')):  81%|########  | 97/120 [00:01<00:00, 45.24it/s]
Animation 4: Write(MathTex('g[0]=\\sum_k r[k]\\,h[-k]')):  85%|########5 | 102/120 [00:02<00:00, 43.83it/s]
Animation 4: Write(MathTex('g[0]=\\sum_k r[k]\\,h[-k]')):  89%|########9 | 107/120 [00:02<00:00, 43.73it/s]
Animation 4: Write(MathTex('g[0]=\\sum_k r[k]\\,h[-k]')):  93%|#########3| 112/120 [00:02<00:00, 43.25it/s]
Animation 4: Write(MathTex('g[0]=\\sum_k r[k]\\,h[-k]')):  98%|#########7| 117/120 [00:02<00:00, 42.08it/s]
[09/11/26 11:00:22] INFO     Animation 4 : Partial     scene_file_writer.py:192
                             movie file written in                             
                             'C:\Users\Nacho\Documents                         
                             \Animaciones\Capitulo                             
                             13\media\videos\s04_filtr                         
                             o_adaptado\1080p60\partia                         
                             l_movie_files\FiltroAdapt                         
                             ado\2932440949_2001959335                         
                             _1127992109.mp4'                                  
                                                                                                           

Animation 5: FadeIn(Text('salida de un filtro h[·] con entrada r[·], muestreada en n=0')):   0%|          | 0/60 
[00:00<?, ?it/s]
Animation 5: FadeIn(Text('salida de un filtro h[·] con entrada r[·], muestreada en n=0')):   7%|6         | 4/60 
[00:00<00:01, 34.94it/s]
Animation 5: FadeIn(Text('salida de un filtro h[·] con entrada r[·], muestreada en n=0')):  13%|#3        | 8/60 
[00:00<00:01, 30.89it/s]
Animation 5: FadeIn(Text('salida de un filtro h[·] con entrada r[·], muestreada en n=0')):  20%|##        | 12/60 
[00:00<00:01, 29.92it/s]
Animation 5: FadeIn(Text('salida de un filtro h[·] con entrada r[·], muestreada en n=0')):  27%|##6       | 16/60 
[00:00<00:01, 29.10it/s]
Animation 5: FadeIn(Text('salida de un filtro h[·] con entrada r[·], muestreada en n=0')):  33%|###3      | 20/60 
[00:00<00:01, 29.40it/s]
Animation 5: FadeIn(Text('salida de un filtro h[·] con entrada r[·], muestreada en n=0')):  38%|###8      | 23/60 
[00:00<00:01, 28.44it/s]
Animation 5: FadeIn(Text('salida de un filtro h[·] con entrada r[·], muestreada en n=0')):  43%|####3     | 26/60 
[00:00<00:01, 28.63it/s]
Animation 5: FadeIn(Text('salida de un filtro h[·] con entrada r[·], muestreada en n=0')):  48%|####8     | 29/60 
[00:00<00:01, 28.40it/s]
Animation 5: FadeIn(Text('salida de un filtro h[·] con entrada r[·], muestreada en n=0')):  53%|#####3    | 32/60 
[00:01<00:00, 28.16it/s]
Animation 5: FadeIn(Text('salida de un filtro h[·] con entrada r[·], muestreada en n=0')):  58%|#####8    | 35/60 
[00:01<00:00, 28.53it/s]
Animation 5: FadeIn(Text('salida de un filtro h[·] con entrada r[·], muestreada en n=0')):  63%|######3   | 38/60 
[00:01<00:00, 28.26it/s]
Animation 5: FadeIn(Text('salida de un filtro h[·] con entrada r[·], muestreada en n=0')):  68%|######8   | 41/60 
[00:01<00:00, 27.38it/s]
Animation 5: FadeIn(Text('salida de un filtro h[·] con entrada r[·], muestreada en n=0')):  73%|#######3  | 44/60 
[00:01<00:00, 24.19it/s]
Animation 5: FadeIn(Text('salida de un filtro h[·] con entrada r[·], muestreada en n=0')):  78%|#######8  | 47/60 
[00:01<00:00, 25.21it/s]
Animation 5: FadeIn(Text('salida de un filtro h[·] con entrada r[·], muestreada en n=0')):  83%|########3 | 50/60 
[00:01<00:00, 25.40it/s]
Animation 5: FadeIn(Text('salida de un filtro h[·] con entrada r[·], muestreada en n=0')):  88%|########8 | 53/60 
[00:01<00:00, 25.67it/s]
Animation 5: FadeIn(Text('salida de un filtro h[·] con entrada r[·], muestreada en n=0')):  93%|#########3| 56/60 
[00:02<00:00, 26.29it/s]
Animation 5: FadeIn(Text('salida de un filtro h[·] con entrada r[·], muestreada en n=0')):  98%|#########8| 59/60 
[00:02<00:00, 26.68it/s]
[09/11/26 11:00:25] INFO     Animation 5 : Partial     scene_file_writer.py:192
                             movie file written in                             
                             'C:\Users\Nacho\Documents                         
                             \Animaciones\Capitulo                             
                             13\media\videos\s04_filtr                         
                             o_adaptado\1080p60\partia                         
                             l_movie_files\FiltroAdapt                         
                             ado\2932440949_1490701452                         
                             _616408644.mp4'                                   
[09/11/26 11:00:28] INFO     Animation 6 : Partial     scene_file_writer.py:192
                             movie file written in                             
                             'C:\Users\Nacho\Documents                         
                             \Animaciones\Capitulo                             
                             13\media\videos\s04_filtr                         
                             o_adaptado\1080p60\partia                         
                             l_movie_files\FiltroAdapt                         
                             ado\2932440949_3926500612                         
                             _1632318535.mp4'                                  
                                                                                                                       
                   

Animation 7: FadeIn(Text('comparando término a término...')):   0%|          | 0/60 [00:00<?, ?it/s]
Animation 7: FadeIn(Text('comparando término a término...')):   8%|8         | 5/60 [00:00<00:01, 39.45it/s]
Animation 7: FadeIn(Text('comparando término a término...')):  15%|#5        | 9/60 [00:00<00:01, 37.45it/s]
Animation 7: FadeIn(Text('comparando término a término...')):  22%|##1       | 13/60 [00:00<00:01, 38.04it/s]
Animation 7: FadeIn(Text('comparando término a término...')):  28%|##8       | 17/60 [00:00<00:01, 37.66it/s]
Animation 7: FadeIn(Text('comparando término a término...')):  35%|###5      | 21/60 [00:00<00:01, 37.98it/s]
Animation 7: FadeIn(Text('comparando término a término...')):  42%|####1     | 25/60 [00:00<00:00, 37.19it/s]
Animation 7: FadeIn(Text('comparando término a término...')):  48%|####8     | 29/60 [00:00<00:00, 36.31it/s]
Animation 7: FadeIn(Text('comparando término a término...')):  55%|#####5    | 33/60 [00:00<00:00, 36.46it/s]
Animation 7: FadeIn(Text('comparando término a término...')):  62%|######1   | 37/60 [00:00<00:00, 36.67it/s]
Animation 7: FadeIn(Text('comparando término a término...')):  68%|######8   | 41/60 [00:01<00:00, 36.13it/s]
Animation 7: FadeIn(Text('comparando término a término...')):  75%|#######5  | 45/60 [00:01<00:00, 33.98it/s]
Animation 7: FadeIn(Text('comparando término a término...')):  82%|########1 | 49/60 [00:01<00:00, 30.30it/s]
Animation 7: FadeIn(Text('comparando término a término...')):  88%|########8 | 53/60 [00:01<00:00, 30.82it/s]
Animation 7: FadeIn(Text('comparando término a término...')):  95%|#########5| 57/60 [00:01<00:00, 30.89it/s]
[09/11/26 11:00:31] INFO     Animation 7 : Partial     scene_file_writer.py:192
                             movie file written in                             
                             'C:\Users\Nacho\Documents                         
                             \Animaciones\Capitulo                             
                             13\media\videos\s04_filtr                         
                             o_adaptado\1080p60\partia                         
                             l_movie_files\FiltroAdapt                         
                             ado\2932440949_1564229283                         
                             _1071380667.mp4'                                  
[09/11/26 11:00:32] INFO     Animation 8 : Partial     scene_file_writer.py:192
                             movie file written in                             
                             'C:\Users\Nacho\Documents                         
                             \Animaciones\Capitulo                             
                             13\media\videos\s04_filtr                         
                             o_adaptado\1080p60\partia                         
                             l_movie_files\FiltroAdapt                         
                             ado\2932440949_941615173_                         
                             1924108914.mp4'                                   
                                                                                                             

Animation 9: FadeOut(VGroup of 5 submobjects):   0%|          | 0/60 [00:00<?, ?it/s]
Animation 9: FadeOut(VGroup of 5 submobjects):   3%|3         | 2/60 [00:00<00:03, 14.69it/s]
Animation 9: FadeOut(VGroup of 5 submobjects):   7%|6         | 4/60 [00:00<00:04, 13.76it/s]
Animation 9: FadeOut(VGroup of 5 submobjects):  10%|#         | 6/60 [00:00<00:03, 13.78it/s]
Animation 9: FadeOut(VGroup of 5 submobjects):  13%|#3        | 8/60 [00:00<00:03, 13.66it/s]
Animation 9: FadeOut(VGroup of 5 submobjects):  17%|#6        | 10/60 [00:00<00:03, 13.64it/s]
Animation 9: FadeOut(VGroup of 5 submobjects):  20%|##        | 12/60 [00:00<00:03, 13.56it/s]
Animation 9: FadeOut(VGroup of 5 submobjects):  23%|##3       | 14/60 [00:01<00:03, 13.49it/s]
Animation 9: FadeOut(VGroup of 5 submobjects):  27%|##6       | 16/60 [00:01<00:03, 13.56it/s]
Animation 9: FadeOut(VGroup of 5 submobjects):  30%|###       | 18/60 [00:01<00:03, 13.31it/s]
Animation 9: FadeOut(VGroup of 5 submobjects):  33%|###3      | 20/60 [00:01<00:02, 13.38it/s]
Animation 9: FadeOut(VGroup of 5 submobjects):  37%|###6      | 22/60 [00:01<00:02, 13.40it/s]
Animation 9: FadeOut(VGroup of 5 submobjects):  40%|####      | 24/60 [00:01<00:02, 13.45it/s]
Animation 9: FadeOut(VGroup of 5 submobjects):  43%|####3     | 26/60 [00:01<00:02, 13.42it/s]
Animation 9: FadeOut(VGroup of 5 submobjects):  47%|####6     | 28/60 [00:02<00:02, 13.47it/s]
Animation 9: FadeOut(VGroup of 5 submobjects):  50%|#####     | 30/60 [00:02<00:02, 13.35it/s]
Animation 9: FadeOut(VGroup of 5 submobjects):  53%|#####3    | 32/60 [00:02<00:02, 13.52it/s]
Animation 9: FadeOut(VGroup of 5 submobjects):  57%|#####6    | 34/60 [00:02<00:01, 13.74it/s]
Animation 9: FadeOut(VGroup of 5 submobjects):  60%|######    | 36/60 [00:02<00:01, 13.67it/s]
Animation 9: FadeOut(VGroup of 5 submobjects):  63%|######3   | 38/60 [00:02<00:01, 13.65it/s]
Animation 9: FadeOut(VGroup of 5 submobjects):  67%|######6   | 40/60 [00:02<00:01, 13.71it/s]
Animation 9: FadeOut(VGroup of 5 submobjects):  70%|#######   | 42/60 [00:03<00:01, 13.61it/s]
Animation 9: FadeOut(VGroup of 5 submobjects):  73%|#######3  | 44/60 [00:03<00:01, 12.51it/s]
Animation 9: FadeOut(VGroup of 5 submobjects):  77%|#######6  | 46/60 [00:03<00:01, 12.93it/s]
Animation 9: FadeOut(VGroup of 5 submobjects):  80%|########  | 48/60 [00:03<00:00, 12.74it/s]
Animation 9: FadeOut(VGroup of 5 submobjects):  83%|########3 | 50/60 [00:03<00:00, 12.90it/s]
Animation 9: FadeOut(VGroup of 5 submobjects):  87%|########6 | 52/60 [00:03<00:00, 12.79it/s]
Animation 9: FadeOut(VGroup of 5 submobjects):  90%|######### | 54/60 [00:04<00:00, 12.85it/s]
Animation 9: FadeOut(VGroup of 5 submobjects):  93%|#########3| 56/60 [00:04<00:00, 12.96it/s]
Animation 9: FadeOut(VGroup of 5 submobjects):  97%|#########6| 58/60 [00:04<00:00, 12.89it/s]
Animation 9: FadeOut(VGroup of 5 submobjects): 100%|##########| 60/60 [00:04<00:00, 13.27it/s]
[09/11/26 11:00:39] INFO     Animation 9 : Partial     scene_file_writer.py:192
                             movie file written in                             
                             'C:\Users\Nacho\Documents                         
                             \Animaciones\Capitulo                             
                             13\media\videos\s04_filtr                         
                             o_adaptado\1080p60\partia                         
                             l_movie_files\FiltroAdapt                         
                             ado\2932440949_4017547435                         
                             _581997278.mp4'                                   
                                                                                              

Animation 10: Write(MathTex('h[k]=s[-k]')), etc.:   0%|          | 0/60 [00:00<?, ?it/s]
Animation 10: Write(MathTex('h[k]=s[-k]')), etc.:  12%|#1        | 7/60 [00:00<00:00, 59.57it/s]
Animation 10: Write(MathTex('h[k]=s[-k]')), etc.:  22%|##1       | 13/60 [00:00<00:00, 50.26it/s]
Animation 10: Write(MathTex('h[k]=s[-k]')), etc.:  32%|###1      | 19/60 [00:00<00:00, 45.23it/s]
Animation 10: Write(MathTex('h[k]=s[-k]')), etc.:  40%|####      | 24/60 [00:00<00:00, 44.86it/s]
Animation 10: Write(MathTex('h[k]=s[-k]')), etc.:  48%|####8     | 29/60 [00:00<00:00, 44.80it/s]
Animation 10: Write(MathTex('h[k]=s[-k]')), etc.:  57%|#####6    | 34/60 [00:00<00:00, 42.83it/s]
Animation 10: Write(MathTex('h[k]=s[-k]')), etc.:  65%|######5   | 39/60 [00:00<00:00, 43.25it/s]
Animation 10: Write(MathTex('h[k]=s[-k]')), etc.:  73%|#######3  | 44/60 [00:00<00:00, 42.43it/s]
Animation 10: Write(MathTex('h[k]=s[-k]')), etc.:  82%|########1 | 49/60 [00:01<00:00, 43.23it/s]
Animation 10: Write(MathTex('h[k]=s[-k]')), etc.:  90%|######### | 54/60 [00:01<00:00, 43.99it/s]
Animation 10: Write(MathTex('h[k]=s[-k]')), etc.:  98%|#########8| 59/60 [00:01<00:00, 44.56it/s]
[09/11/26 11:00:41] INFO     Animation 10 : Partial    scene_file_writer.py:192
                             movie file written in                             
                             'C:\Users\Nacho\Documents                         
                             \Animaciones\Capitulo                             
                             13\media\videos\s04_filtr                         
                             o_adaptado\1080p60\partia                         
                             l_movie_files\FiltroAdapt                         
                             ado\2932440949_3955551096                         
                             _3728898460.mp4'                                  
                                                                                                 

Animation 11: FadeIn(Text('la respuesta al impulso es la señal objetivo INVERTIDA en el tiempo — el "filtro 
adaptado"')):   0%|          | 0/60 [00:00<?, ?it/s]
Animation 11: FadeIn(Text('la respuesta al impulso es la señal objetivo INVERTIDA en el tiempo — el "filtro 
adaptado"')):   5%|5         | 3/60 [00:00<00:02, 22.89it/s]
Animation 11: FadeIn(Text('la respuesta al impulso es la señal objetivo INVERTIDA en el tiempo — el "filtro 
adaptado"')):  10%|#         | 6/60 [00:00<00:02, 21.59it/s]
Animation 11: FadeIn(Text('la respuesta al impulso es la señal objetivo INVERTIDA en el tiempo — el "filtro 
adaptado"')):  15%|#5        | 9/60 [00:00<00:02, 20.86it/s]
Animation 11: FadeIn(Text('la respuesta al impulso es la señal objetivo INVERTIDA en el tiempo — el "filtro 
adaptado"')):  20%|##        | 12/60 [00:00<00:02, 21.32it/s]
Animation 11: FadeIn(Text('la respuesta al impulso es la señal objetivo INVERTIDA en el tiempo — el "filtro 
adaptado"')):  25%|##5       | 15/60 [00:00<00:02, 21.57it/s]
Animation 11: FadeIn(Text('la respuesta al impulso es la señal objetivo INVERTIDA en el tiempo — el "filtro 
adaptado"')):  30%|###       | 18/60 [00:00<00:01, 21.94it/s]
Animation 11: FadeIn(Text('la respuesta al impulso es la señal objetivo INVERTIDA en el tiempo — el "filtro 
adaptado"')):  35%|###5      | 21/60 [00:00<00:01, 21.91it/s]
Animation 11: FadeIn(Text('la respuesta al impulso es la señal objetivo INVERTIDA en el tiempo — el "filtro 
adaptado"')):  40%|####      | 24/60 [00:01<00:01, 22.05it/s]
Animation 11: FadeIn(Text('la respuesta al impulso es la señal objetivo INVERTIDA en el tiempo — el "filtro 
adaptado"')):  45%|####5     | 27/60 [00:01<00:01, 22.04it/s]
Animation 11: FadeIn(Text('la respuesta al impulso es la señal objetivo INVERTIDA en el tiempo — el "filtro 
adaptado"')):  50%|#####     | 30/60 [00:01<00:01, 22.47it/s]
Animation 11: FadeIn(Text('la respuesta al impulso es la señal objetivo INVERTIDA en el tiempo — el "filtro 
adaptado"')):  55%|#####5    | 33/60 [00:01<00:01, 22.61it/s]
Animation 11: FadeIn(Text('la respuesta al impulso es la señal objetivo INVERTIDA en el tiempo — el "filtro 
adaptado"')):  60%|######    | 36/60 [00:01<00:01, 22.37it/s]
Animation 11: FadeIn(Text('la respuesta al impulso es la señal objetivo INVERTIDA en el tiempo — el "filtro 
adaptado"')):  65%|######5   | 39/60 [00:01<00:00, 22.73it/s]
Animation 11: FadeIn(Text('la respuesta al impulso es la señal objetivo INVERTIDA en el tiempo — el "filtro 
adaptado"')):  70%|#######   | 42/60 [00:01<00:00, 22.51it/s]
Animation 11: FadeIn(Text('la respuesta al impulso es la señal objetivo INVERTIDA en el tiempo — el "filtro 
adaptado"')):  75%|#######5  | 45/60 [00:02<00:00, 19.85it/s]
Animation 11: FadeIn(Text('la respuesta al impulso es la señal objetivo INVERTIDA en el tiempo — el "filtro 
adaptado"')):  80%|########  | 48/60 [00:02<00:00, 20.45it/s]
Animation 11: FadeIn(Text('la respuesta al impulso es la señal objetivo INVERTIDA en el tiempo — el "filtro 
adaptado"')):  85%|########5 | 51/60 [00:02<00:00, 20.88it/s]
Animation 11: FadeIn(Text('la respuesta al impulso es la señal objetivo INVERTIDA en el tiempo — el "filtro 
adaptado"')):  90%|######### | 54/60 [00:02<00:00, 21.14it/s]
Animation 11: FadeIn(Text('la respuesta al impulso es la señal objetivo INVERTIDA en el tiempo — el "filtro 
adaptado"')):  95%|#########5| 57/60 [00:02<00:00, 21.17it/s]
Animation 11: FadeIn(Text('la respuesta al impulso es la señal objetivo INVERTIDA en el tiempo — el "filtro 
adaptado"')): 100%|##########| 60/60 [00:02<00:00, 21.38it/s]
[09/11/26 11:00:46] INFO     Animation 11 : Partial    scene_file_writer.py:192
                             movie file written in                             
                             'C:\Users\Nacho\Documents                         
                             \Animaciones\Capitulo                             
                             13\media\videos\s04_filtr                         
                             o_adaptado\1080p60\partia                         
                             l_movie_files\FiltroAdapt                         
                             ado\2932440949_309090407_                         
                             2550373514.mp4'                                   
[09/11/26 11:00:49] INFO     Animation 12 : Partial    scene_file_writer.py:192
                             movie file written in                             
                             'C:\Users\Nacho\Documents                         
                             \Animaciones\Capitulo                             
                             13\media\videos\s04_filtr                         
                             o_adaptado\1080p60\partia                         
                             l_movie_files\FiltroAdapt                         
                             ado\2932440949_499328632_                         
                             467013870.mp4'                                    
                                                                                                                       
                                                  

Animation 13: FadeOut(VGroup of 3 submobjects):   0%|          | 0/60 [00:00<?, ?it/s]
Animation 13: FadeOut(VGroup of 3 submobjects):   5%|5         | 3/60 [00:00<00:02, 20.35it/s]
Animation 13: FadeOut(VGroup of 3 submobjects):  10%|#         | 6/60 [00:00<00:02, 19.84it/s]
Animation 13: FadeOut(VGroup of 3 submobjects):  13%|#3        | 8/60 [00:00<00:02, 19.64it/s]
Animation 13: FadeOut(VGroup of 3 submobjects):  18%|#8        | 11/60 [00:00<00:02, 20.04it/s]
Animation 13: FadeOut(VGroup of 3 submobjects):  23%|##3       | 14/60 [00:00<00:02, 20.55it/s]
Animation 13: FadeOut(VGroup of 3 submobjects):  28%|##8       | 17/60 [00:00<00:02, 20.14it/s]
Animation 13: FadeOut(VGroup of 3 submobjects):  33%|###3      | 20/60 [00:00<00:01, 20.38it/s]
Animation 13: FadeOut(VGroup of 3 submobjects):  38%|###8      | 23/60 [00:01<00:01, 20.24it/s]
Animation 13: FadeOut(VGroup of 3 submobjects):  43%|####3     | 26/60 [00:01<00:01, 20.98it/s]
Animation 13: FadeOut(VGroup of 3 submobjects):  48%|####8     | 29/60 [00:01<00:01, 20.76it/s]
Animation 13: FadeOut(VGroup of 3 submobjects):  53%|#####3    | 32/60 [00:01<00:01, 20.77it/s]
Animation 13: FadeOut(VGroup of 3 submobjects):  58%|#####8    | 35/60 [00:01<00:01, 20.51it/s]
Animation 13: FadeOut(VGroup of 3 submobjects):  63%|######3   | 38/60 [00:01<00:01, 20.59it/s]
Animation 13: FadeOut(VGroup of 3 submobjects):  68%|######8   | 41/60 [00:02<00:00, 20.43it/s]
Animation 13: FadeOut(VGroup of 3 submobjects):  73%|#######3  | 44/60 [00:02<00:00, 19.02it/s]
Animation 13: FadeOut(VGroup of 3 submobjects):  77%|#######6  | 46/60 [00:02<00:00, 18.50it/s]
Animation 13: FadeOut(VGroup of 3 submobjects):  80%|########  | 48/60 [00:02<00:00, 18.65it/s]
Animation 13: FadeOut(VGroup of 3 submobjects):  83%|########3 | 50/60 [00:02<00:00, 18.92it/s]
Animation 13: FadeOut(VGroup of 3 submobjects):  87%|########6 | 52/60 [00:02<00:00, 18.90it/s]
Animation 13: FadeOut(VGroup of 3 submobjects):  90%|######### | 54/60 [00:02<00:00, 19.04it/s]
Animation 13: FadeOut(VGroup of 3 submobjects):  93%|#########3| 56/60 [00:02<00:00, 19.11it/s]
Animation 13: FadeOut(VGroup of 3 submobjects):  97%|#########6| 58/60 [00:02<00:00, 19.24it/s]
[09/11/26 11:00:53] INFO     Animation 13 : Partial    scene_file_writer.py:192
                             movie file written in                             
                             'C:\Users\Nacho\Documents                         
                             \Animaciones\Capitulo                             
                             13\media\videos\s04_filtr                         
                             o_adaptado\1080p60\partia                         
                             l_movie_files\FiltroAdapt                         
                             ado\2932440949_1736922483                         
                             _2844556435.mp4'                                  
                                                                                               

Animation 14: Create(MathTex('s[n]')), etc.:   0%|          | 0/60 [00:00<?, ?it/s]
Animation 14: Create(MathTex('s[n]')), etc.:  13%|#3        | 8/60 [00:00<00:00, 69.54it/s]
Animation 14: Create(MathTex('s[n]')), etc.:  25%|##5       | 15/60 [00:00<00:00, 52.90it/s]
Animation 14: Create(MathTex('s[n]')), etc.:  35%|###5      | 21/60 [00:00<00:00, 51.74it/s]
Animation 14: Create(MathTex('s[n]')), etc.:  45%|####5     | 27/60 [00:00<00:00, 50.00it/s]
Animation 14: Create(MathTex('s[n]')), etc.:  55%|#####5    | 33/60 [00:00<00:00, 49.94it/s]
Animation 14: Create(MathTex('s[n]')), etc.:  65%|######5   | 39/60 [00:00<00:00, 49.30it/s]
Animation 14: Create(MathTex('s[n]')), etc.:  77%|#######6  | 46/60 [00:00<00:00, 52.64it/s]
Animation 14: Create(MathTex('s[n]')), etc.:  87%|########6 | 52/60 [00:01<00:00, 49.51it/s]
Animation 14: Create(MathTex('s[n]')), etc.:  97%|#########6| 58/60 [00:01<00:00, 49.11it/s]
[09/11/26 11:00:55] INFO     Animation 14 : Partial    scene_file_writer.py:192
                             movie file written in                             
                             'C:\Users\Nacho\Documents                         
                             \Animaciones\Capitulo                             
                             13\media\videos\s04_filtr                         
                             o_adaptado\1080p60\partia                         
                             l_movie_files\FiltroAdapt                         
                             ado\2932440949_2664715207                         
                             _3404206489.mp4'                                  
[09/11/26 11:00:56] INFO     Animation 15 : Partial    scene_file_writer.py:192
                             movie file written in                             
                             'C:\Users\Nacho\Documents                         
                             \Animaciones\Capitulo                             
                             13\media\videos\s04_filtr                         
                             o_adaptado\1080p60\partia                         
                             l_movie_files\FiltroAdapt                         
                             ado\2932440949_4235033027                         
                             _2922872716.mp4'                                  
                                                                                            

Animation 16: TransformFromCopy(VGroup of 20 submobjects), etc.:   0%|          | 0/60 [00:00<?, ?it/s]
Animation 16: TransformFromCopy(VGroup of 20 submobjects), etc.:   8%|8         | 5/60 [00:00<00:01, 44.26it/s]
Animation 16: TransformFromCopy(VGroup of 20 submobjects), etc.:  17%|#6        | 10/60 [00:00<00:01, 45.69it/s]
Animation 16: TransformFromCopy(VGroup of 20 submobjects), etc.:  25%|##5       | 15/60 [00:00<00:00, 45.64it/s]
Animation 16: TransformFromCopy(VGroup of 20 submobjects), etc.:  33%|###3      | 20/60 [00:00<00:00, 44.80it/s]
Animation 16: TransformFromCopy(VGroup of 20 submobjects), etc.:  42%|####1     | 25/60 [00:00<00:00, 43.41it/s]
Animation 16: TransformFromCopy(VGroup of 20 submobjects), etc.:  50%|#####     | 30/60 [00:00<00:00, 42.78it/s]
Animation 16: TransformFromCopy(VGroup of 20 submobjects), etc.:  58%|#####8    | 35/60 [00:00<00:00, 42.53it/s]
Animation 16: TransformFromCopy(VGroup of 20 submobjects), etc.:  67%|######6   | 40/60 [00:00<00:00, 42.23it/s]
Animation 16: TransformFromCopy(VGroup of 20 submobjects), etc.:  75%|#######5  | 45/60 [00:01<00:00, 38.35it/s]
Animation 16: TransformFromCopy(VGroup of 20 submobjects), etc.:  82%|########1 | 49/60 [00:01<00:00, 37.97it/s]
Animation 16: TransformFromCopy(VGroup of 20 submobjects), etc.:  88%|########8 | 53/60 [00:01<00:00, 37.31it/s]
Animation 16: TransformFromCopy(VGroup of 20 submobjects), etc.:  97%|#########6| 58/60 [00:01<00:00, 38.07it/s]
[09/11/26 11:00:58] INFO     Animation 16 : Partial    scene_file_writer.py:192
                             movie file written in                             
                             'C:\Users\Nacho\Documents                         
                             \Animaciones\Capitulo                             
                             13\media\videos\s04_filtr                         
                             o_adaptado\1080p60\partia                         
                             l_movie_files\FiltroAdapt                         
                             ado\2932440949_798816382_                         
                             1269304886.mp4'                                   
[09/11/26 11:00:59] INFO     Animation 17 : Partial    scene_file_writer.py:192
                             movie file written in                             
                             'C:\Users\Nacho\Documents                         
                             \Animaciones\Capitulo                             
                             13\media\videos\s04_filtr                         
                             o_adaptado\1080p60\partia                         
                             l_movie_files\FiltroAdapt                         
                             ado\2932440949_241228271_                         
                             853389931.mp4'                                    
                                                                                                                

Animation 18: Create(Axes of 2 submobjects), etc.:   0%|          | 0/60 [00:00<?, ?it/s]
Animation 18: Create(Axes of 2 submobjects), etc.:  18%|#8        | 11/60 [00:00<00:00, 93.68it/s]
Animation 18: Create(Axes of 2 submobjects), etc.:  35%|###5      | 21/60 [00:00<00:00, 76.82it/s]
Animation 18: Create(Axes of 2 submobjects), etc.:  48%|####8     | 29/60 [00:00<00:00, 69.84it/s]
Animation 18: Create(Axes of 2 submobjects), etc.:  62%|######1   | 37/60 [00:00<00:00, 70.22it/s]
Animation 18: Create(Axes of 2 submobjects), etc.:  75%|#######5  | 45/60 [00:00<00:00, 58.51it/s]
Animation 18: Create(Axes of 2 submobjects), etc.:  87%|########6 | 52/60 [00:00<00:00, 59.35it/s]
Animation 18: Create(Axes of 2 submobjects), etc.: 100%|##########| 60/60 [00:00<00:00, 63.40it/s]
[09/11/26 11:01:01] INFO     Animation 18 : Partial    scene_file_writer.py:192
                             movie file written in                             
                             'C:\Users\Nacho\Documents                         
                             \Animaciones\Capitulo                             
                             13\media\videos\s04_filtr                         
                             o_adaptado\1080p60\partia                         
                             l_movie_files\FiltroAdapt                         
                             ado\2932440949_3049441501                         
                             _1208806230.mp4'                                  
[09/11/26 11:01:03] INFO     Animation 19 : Partial    scene_file_writer.py:192
                             movie file written in                             
                             'C:\Users\Nacho\Documents                         
                             \Animaciones\Capitulo                             
                             13\media\videos\s04_filtr                         
                             o_adaptado\1080p60\partia                         
                             l_movie_files\FiltroAdapt                         
                             ado\2932440949_3810316983                         
                             _1917285474.mp4'                                  
                                                                                                  

Animation 20: FadeOut(VGroup of 3 submobjects):   0%|          | 0/60 [00:00<?, ?it/s]
Animation 20: FadeOut(VGroup of 3 submobjects):   7%|6         | 4/60 [00:00<00:01, 34.50it/s]
Animation 20: FadeOut(VGroup of 3 submobjects):  13%|#3        | 8/60 [00:00<00:01, 32.00it/s]
Animation 20: FadeOut(VGroup of 3 submobjects):  20%|##        | 12/60 [00:00<00:01, 31.18it/s]
Animation 20: FadeOut(VGroup of 3 submobjects):  27%|##6       | 16/60 [00:00<00:01, 30.72it/s]
Animation 20: FadeOut(VGroup of 3 submobjects):  33%|###3      | 20/60 [00:00<00:01, 30.87it/s]
Animation 20: FadeOut(VGroup of 3 submobjects):  40%|####      | 24/60 [00:00<00:01, 30.67it/s]
Animation 20: FadeOut(VGroup of 3 submobjects):  47%|####6     | 28/60 [00:00<00:01, 30.52it/s]
Animation 20: FadeOut(VGroup of 3 submobjects):  53%|#####3    | 32/60 [00:01<00:00, 30.77it/s]
Animation 20: FadeOut(VGroup of 3 submobjects):  60%|######    | 36/60 [00:01<00:00, 31.42it/s]
Animation 20: FadeOut(VGroup of 3 submobjects):  67%|######6   | 40/60 [00:01<00:00, 31.15it/s]
Animation 20: FadeOut(VGroup of 3 submobjects):  73%|#######3  | 44/60 [00:01<00:00, 29.16it/s]
Animation 20: FadeOut(VGroup of 3 submobjects):  78%|#######8  | 47/60 [00:01<00:00, 26.91it/s]
Animation 20: FadeOut(VGroup of 3 submobjects):  83%|########3 | 50/60 [00:01<00:00, 26.74it/s]
Animation 20: FadeOut(VGroup of 3 submobjects):  88%|########8 | 53/60 [00:01<00:00, 26.77it/s]
Animation 20: FadeOut(VGroup of 3 submobjects):  93%|#########3| 56/60 [00:01<00:00, 27.41it/s]
Animation 20: FadeOut(VGroup of 3 submobjects):  98%|#########8| 59/60 [00:02<00:00, 27.59it/s]
[09/11/26 11:01:06] INFO     Animation 20 : Partial    scene_file_writer.py:192
                             movie file written in                             
                             'C:\Users\Nacho\Documents                         
                             \Animaciones\Capitulo                             
                             13\media\videos\s04_filtr                         
                             o_adaptado\1080p60\partia                         
                             l_movie_files\FiltroAdapt                         
                             ado\2932440949_973086291_                         
                             2563146101.mp4'                                   
                                                                                               

Animation 21: FadeIn(Text('Deslizando h sobre s: sale la autocorrelación')):   0%|          | 0/60 [00:00<?, ?it/s]
Animation 21: FadeIn(Text('Deslizando h sobre s: sale la autocorrelación')):   7%|6         | 4/60 [00:00<00:01, 
38.02it/s]
Animation 21: FadeIn(Text('Deslizando h sobre s: sale la autocorrelación')):  13%|#3        | 8/60 [00:00<00:01, 
32.45it/s]
Animation 21: FadeIn(Text('Deslizando h sobre s: sale la autocorrelación')):  20%|##        | 12/60 [00:00<00:01, 
31.56it/s]
Animation 21: FadeIn(Text('Deslizando h sobre s: sale la autocorrelación')):  27%|##6       | 16/60 [00:00<00:01, 
31.26it/s]
Animation 21: FadeIn(Text('Deslizando h sobre s: sale la autocorrelación')):  33%|###3      | 20/60 [00:00<00:01, 
31.16it/s]
Animation 21: FadeIn(Text('Deslizando h sobre s: sale la autocorrelación')):  40%|####      | 24/60 [00:00<00:01, 
30.60it/s]
Animation 21: FadeIn(Text('Deslizando h sobre s: sale la autocorrelación')):  47%|####6     | 28/60 [00:00<00:01, 
30.63it/s]
Animation 21: FadeIn(Text('Deslizando h sobre s: sale la autocorrelación')):  53%|#####3    | 32/60 [00:01<00:00, 
31.09it/s]
Animation 21: FadeIn(Text('Deslizando h sobre s: sale la autocorrelación')):  60%|######    | 36/60 [00:01<00:00, 
31.12it/s]
Animation 21: FadeIn(Text('Deslizando h sobre s: sale la autocorrelación')):  67%|######6   | 40/60 [00:01<00:00, 
30.71it/s]
Animation 21: FadeIn(Text('Deslizando h sobre s: sale la autocorrelación')):  73%|#######3  | 44/60 [00:01<00:00, 
27.95it/s]
Animation 21: FadeIn(Text('Deslizando h sobre s: sale la autocorrelación')):  78%|#######8  | 47/60 [00:01<00:00, 
28.01it/s]
Animation 21: FadeIn(Text('Deslizando h sobre s: sale la autocorrelación')):  83%|########3 | 50/60 [00:01<00:00, 
25.86it/s]
Animation 21: FadeIn(Text('Deslizando h sobre s: sale la autocorrelación')):  88%|########8 | 53/60 [00:01<00:00, 
26.30it/s]
Animation 21: FadeIn(Text('Deslizando h sobre s: sale la autocorrelación')):  93%|#########3| 56/60 [00:01<00:00, 
26.62it/s]
Animation 21: FadeIn(Text('Deslizando h sobre s: sale la autocorrelación')):  98%|#########8| 59/60 [00:02<00:00, 
27.16it/s]
[09/11/26 11:01:09] INFO     Animation 21 : Partial    scene_file_writer.py:192
                             movie file written in                             
                             'C:\Users\Nacho\Documents                         
                             \Animaciones\Capitulo                             
                             13\media\videos\s04_filtr                         
                             o_adaptado\1080p60\partia                         
                             l_movie_files\FiltroAdapt                         
                             ado\2932440949_3006942504                         
                             _1194303826.mp4'                                  
                                                                                                                       
     

Animation 22: Create(Axes of 2 submobjects), etc.:   0%|          | 0/60 [00:00<?, ?it/s]
Animation 22: Create(Axes of 2 submobjects), etc.:  13%|#3        | 8/60 [00:00<00:00, 69.79it/s]
Animation 22: Create(Axes of 2 submobjects), etc.:  25%|##5       | 15/60 [00:00<00:00, 57.17it/s]
Animation 22: Create(Axes of 2 submobjects), etc.:  37%|###6      | 22/60 [00:00<00:00, 61.00it/s]
Animation 22: Create(Axes of 2 submobjects), etc.:  48%|####8     | 29/60 [00:00<00:00, 59.92it/s]
Animation 22: Create(Axes of 2 submobjects), etc.:  60%|######    | 36/60 [00:00<00:00, 56.07it/s]
Animation 22: Create(Axes of 2 submobjects), etc.:  70%|#######   | 42/60 [00:00<00:00, 56.64it/s]
Animation 22: Create(Axes of 2 submobjects), etc.:  80%|########  | 48/60 [00:00<00:00, 53.99it/s]
Animation 22: Create(Axes of 2 submobjects), etc.:  90%|######### | 54/60 [00:00<00:00, 53.69it/s]
[09/11/26 11:01:11] INFO     Animation 22 : Partial    scene_file_writer.py:192
                             movie file written in                             
                             'C:\Users\Nacho\Documents                         
                             \Animaciones\Capitulo                             
                             13\media\videos\s04_filtr                         
                             o_adaptado\1080p60\partia                         
                             l_movie_files\FiltroAdapt                         
                             ado\2932440949_542424987_                         
                             3281306294.mp4'                                   
                                                                                                  

Animation 23: FadeIn(MathTex('g[n]=R_{ss}[n]')):   0%|          | 0/60 [00:00<?, ?it/s]
Animation 23: FadeIn(MathTex('g[n]=R_{ss}[n]')):  10%|#         | 6/60 [00:00<00:01, 47.32it/s]
Animation 23: FadeIn(MathTex('g[n]=R_{ss}[n]')):  18%|#8        | 11/60 [00:00<00:01, 44.85it/s]
Animation 23: FadeIn(MathTex('g[n]=R_{ss}[n]')):  27%|##6       | 16/60 [00:00<00:00, 44.55it/s]
Animation 23: FadeIn(MathTex('g[n]=R_{ss}[n]')):  35%|###5      | 21/60 [00:00<00:00, 44.56it/s]
Animation 23: FadeIn(MathTex('g[n]=R_{ss}[n]')):  43%|####3     | 26/60 [00:00<00:00, 44.04it/s]
Animation 23: FadeIn(MathTex('g[n]=R_{ss}[n]')):  52%|#####1    | 31/60 [00:00<00:00, 43.49it/s]
Animation 23: FadeIn(MathTex('g[n]=R_{ss}[n]')):  60%|######    | 36/60 [00:00<00:00, 43.31it/s]
Animation 23: FadeIn(MathTex('g[n]=R_{ss}[n]')):  68%|######8   | 41/60 [00:00<00:00, 43.67it/s]
Animation 23: FadeIn(MathTex('g[n]=R_{ss}[n]')):  77%|#######6  | 46/60 [00:01<00:00, 43.56it/s]
Animation 23: FadeIn(MathTex('g[n]=R_{ss}[n]')):  85%|########5 | 51/60 [00:01<00:00, 44.13it/s]
Animation 23: FadeIn(MathTex('g[n]=R_{ss}[n]')):  93%|#########3| 56/60 [00:01<00:00, 43.30it/s]
[09/11/26 11:01:13] INFO     Animation 23 : Partial    scene_file_writer.py:192
                             movie file written in                             
                             'C:\Users\Nacho\Documents                         
                             \Animaciones\Capitulo                             
                             13\media\videos\s04_filtr                         
                             o_adaptado\1080p60\partia                         
                             l_movie_files\FiltroAdapt                         
                             ado\2932440949_3286383541                         
                             _974689814.mp4'                                   
                                                                                                

Animation 24: _MethodAnimation(ValueTracker):   0%|          | 0/210 [00:00<?, ?it/s]
Animation 24: _MethodAnimation(ValueTracker):   3%|2         | 6/210 [00:00<00:03, 54.11it/s]
Animation 24: _MethodAnimation(ValueTracker):   6%|5         | 12/210 [00:00<00:04, 46.09it/s]
Animation 24: _MethodAnimation(ValueTracker):   8%|8         | 17/210 [00:00<00:04, 42.38it/s]
Animation 24: _MethodAnimation(ValueTracker):  10%|#         | 22/210 [00:00<00:04, 43.08it/s]
Animation 24: _MethodAnimation(ValueTracker):  13%|#2        | 27/210 [00:00<00:04, 41.66it/s]
Animation 24: _MethodAnimation(ValueTracker):  15%|#5        | 32/210 [00:00<00:04, 42.36it/s]
Animation 24: _MethodAnimation(ValueTracker):  18%|#7        | 37/210 [00:00<00:04, 41.89it/s]
Animation 24: _MethodAnimation(ValueTracker):  20%|##        | 42/210 [00:00<00:04, 40.06it/s]
Animation 24: _MethodAnimation(ValueTracker):  22%|##2       | 47/210 [00:01<00:04, 40.25it/s]
Animation 24: _MethodAnimation(ValueTracker):  25%|##4       | 52/210 [00:01<00:03, 40.03it/s]
Animation 24: _MethodAnimation(ValueTracker):  27%|##7       | 57/210 [00:01<00:03, 38.67it/s]
Animation 24: _MethodAnimation(ValueTracker):  29%|##9       | 61/210 [00:01<00:03, 38.40it/s]
Animation 24: _MethodAnimation(ValueTracker):  31%|###1      | 66/210 [00:01<00:03, 39.88it/s]
Animation 24: _MethodAnimation(ValueTracker):  34%|###3      | 71/210 [00:01<00:03, 40.84it/s]
Animation 24: _MethodAnimation(ValueTracker):  36%|###6      | 76/210 [00:01<00:03, 41.99it/s]
Animation 24: _MethodAnimation(ValueTracker):  39%|###8      | 81/210 [00:01<00:03, 41.77it/s]
Animation 24: _MethodAnimation(ValueTracker):  41%|####      | 86/210 [00:02<00:03, 39.78it/s]
Animation 24: _MethodAnimation(ValueTracker):  43%|####3     | 91/210 [00:02<00:03, 37.95it/s]
Animation 24: _MethodAnimation(ValueTracker):  45%|####5     | 95/210 [00:02<00:03, 37.27it/s]
Animation 24: _MethodAnimation(ValueTracker):  47%|####7     | 99/210 [00:02<00:03, 36.09it/s]
Animation 24: _MethodAnimation(ValueTracker):  49%|####9     | 103/210 [00:02<00:02, 36.29it/s]
Animation 24: _MethodAnimation(ValueTracker):  51%|#####     | 107/210 [00:02<00:02, 36.77it/s]
Animation 24: _MethodAnimation(ValueTracker):  53%|#####3    | 112/210 [00:02<00:02, 38.01it/s]
Animation 24: _MethodAnimation(ValueTracker):  56%|#####5    | 117/210 [00:02<00:02, 38.30it/s]
Animation 24: _MethodAnimation(ValueTracker):  58%|#####7    | 121/210 [00:03<00:02, 37.39it/s]
Animation 24: _MethodAnimation(ValueTracker):  60%|#####9    | 125/210 [00:03<00:02, 37.34it/s]
Animation 24: _MethodAnimation(ValueTracker):  61%|######1   | 129/210 [00:03<00:02, 36.70it/s]
Animation 24: _MethodAnimation(ValueTracker):  63%|######3   | 133/210 [00:03<00:02, 37.27it/s]
Animation 24: _MethodAnimation(ValueTracker):  65%|######5   | 137/210 [00:03<00:01, 37.15it/s]
Animation 24: _MethodAnimation(ValueTracker):  68%|######7   | 142/210 [00:03<00:01, 38.02it/s]
Animation 24: _MethodAnimation(ValueTracker):  70%|######9   | 146/210 [00:03<00:01, 36.13it/s]
Animation 24: _MethodAnimation(ValueTracker):  71%|#######1  | 150/210 [00:03<00:01, 36.40it/s]
Animation 24: _MethodAnimation(ValueTracker):  73%|#######3  | 154/210 [00:03<00:01, 35.31it/s]
Animation 24: _MethodAnimation(ValueTracker):  75%|#######5  | 158/210 [00:04<00:01, 35.76it/s]
Animation 24: _MethodAnimation(ValueTracker):  77%|#######7  | 162/210 [00:04<00:01, 35.85it/s]
Animation 24: _MethodAnimation(ValueTracker):  79%|#######9  | 166/210 [00:04<00:01, 34.37it/s]
Animation 24: _MethodAnimation(ValueTracker):  81%|########  | 170/210 [00:04<00:01, 34.34it/s]
Animation 24: _MethodAnimation(ValueTracker):  83%|########2 | 174/210 [00:04<00:01, 32.92it/s]
Animation 24: _MethodAnimation(ValueTracker):  85%|########5 | 179/210 [00:04<00:00, 35.06it/s]
Animation 24: _MethodAnimation(ValueTracker):  87%|########7 | 183/210 [00:04<00:00, 35.16it/s]
Animation 24: _MethodAnimation(ValueTracker):  89%|########9 | 187/210 [00:04<00:00, 34.45it/s]
Animation 24: _MethodAnimation(ValueTracker):  91%|######### | 191/210 [00:05<00:00, 34.98it/s]
Animation 24: _MethodAnimation(ValueTracker):  93%|#########2| 195/210 [00:05<00:00, 35.76it/s]
Animation 24: _MethodAnimation(ValueTracker):  95%|#########4| 199/210 [00:05<00:00, 36.53it/s]
Animation 24: _MethodAnimation(ValueTracker):  97%|#########6| 203/210 [00:05<00:00, 35.03it/s]
Animation 24: _MethodAnimation(ValueTracker):  99%|#########8| 207/210 [00:05<00:00, 35.42it/s]
[09/11/26 11:01:19] INFO     Animation 24 : Partial    scene_file_writer.py:192
                             movie file written in                             
                             'C:\Users\Nacho\Documents                         
                             \Animaciones\Capitulo                             
                             13\media\videos\s04_filtr                         
                             o_adaptado\1080p60\partia                         
                             l_movie_files\FiltroAdapt                         
                             ado\2932440949_3298023408                         
                             _1108808169.mp4'                                  
[09/11/26 11:01:20] INFO     Animation 25 : Partial    scene_file_writer.py:192
                             movie file written in                             
                             'C:\Users\Nacho\Documents                         
                             \Animaciones\Capitulo                             
                             13\media\videos\s04_filtr                         
                             o_adaptado\1080p60\partia                         
                             l_movie_files\FiltroAdapt                         
                             ado\2932440949_241228271_                         
                             2905586714.mp4'                                   
                                                                                               

Animation 26: Create(DashedLine), etc.:   0%|          | 0/60 [00:00<?, ?it/s]
Animation 26: Create(DashedLine), etc.:   7%|6         | 4/60 [00:00<00:01, 38.89it/s]
Animation 26: Create(DashedLine), etc.:  13%|#3        | 8/60 [00:00<00:01, 36.41it/s]
Animation 26: Create(DashedLine), etc.:  20%|##        | 12/60 [00:00<00:01, 36.68it/s]
Animation 26: Create(DashedLine), etc.:  27%|##6       | 16/60 [00:00<00:01, 36.31it/s]
Animation 26: Create(DashedLine), etc.:  33%|###3      | 20/60 [00:00<00:01, 37.00it/s]
Animation 26: Create(DashedLine), etc.:  40%|####      | 24/60 [00:00<00:00, 37.45it/s]
Animation 26: Create(DashedLine), etc.:  47%|####6     | 28/60 [00:00<00:00, 37.83it/s]
Animation 26: Create(DashedLine), etc.:  53%|#####3    | 32/60 [00:00<00:00, 37.69it/s]
Animation 26: Create(DashedLine), etc.:  60%|######    | 36/60 [00:00<00:00, 37.24it/s]
Animation 26: Create(DashedLine), etc.:  67%|######6   | 40/60 [00:01<00:00, 36.98it/s]
Animation 26: Create(DashedLine), etc.:  73%|#######3  | 44/60 [00:01<00:00, 32.06it/s]
Animation 26: Create(DashedLine), etc.:  80%|########  | 48/60 [00:01<00:00, 30.48it/s]
Animation 26: Create(DashedLine), etc.:  87%|########6 | 52/60 [00:01<00:00, 29.75it/s]
Animation 26: Create(DashedLine), etc.:  93%|#########3| 56/60 [00:01<00:00, 30.75it/s]
Animation 26: Create(DashedLine), etc.: 100%|##########| 60/60 [00:01<00:00, 31.53it/s]
[09/11/26 11:01:22] INFO     Animation 26 : Partial    scene_file_writer.py:192
                             movie file written in                             
                             'C:\Users\Nacho\Documents                         
                             \Animaciones\Capitulo                             
                             13\media\videos\s04_filtr                         
                             o_adaptado\1080p60\partia                         
                             l_movie_files\FiltroAdapt                         
                             ado\2932440949_1829414762                         
                             _1711789623.mp4'                                  
                                                                                       

Animation 27: FadeIn(Text('máximo en n=0: la contribución de la señal es máxima ahí')):   0%|          | 0/60 
[00:00<?, ?it/s]
Animation 27: FadeIn(Text('máximo en n=0: la contribución de la señal es máxima ahí')):   5%|5         | 3/60 
[00:00<00:02, 26.88it/s]
Animation 27: FadeIn(Text('máximo en n=0: la contribución de la señal es máxima ahí')):  10%|#         | 6/60 
[00:00<00:02, 23.77it/s]
Animation 27: FadeIn(Text('máximo en n=0: la contribución de la señal es máxima ahí')):  15%|#5        | 9/60 
[00:00<00:02, 23.56it/s]
Animation 27: FadeIn(Text('máximo en n=0: la contribución de la señal es máxima ahí')):  20%|##        | 12/60 
[00:00<00:02, 23.24it/s]
Animation 27: FadeIn(Text('máximo en n=0: la contribución de la señal es máxima ahí')):  25%|##5       | 15/60 
[00:00<00:01, 23.28it/s]
Animation 27: FadeIn(Text('máximo en n=0: la contribución de la señal es máxima ahí')):  30%|###       | 18/60 
[00:00<00:01, 23.23it/s]
Animation 27: FadeIn(Text('máximo en n=0: la contribución de la señal es máxima ahí')):  35%|###5      | 21/60 
[00:00<00:01, 23.32it/s]
Animation 27: FadeIn(Text('máximo en n=0: la contribución de la señal es máxima ahí')):  40%|####      | 24/60 
[00:01<00:01, 23.41it/s]
Animation 27: FadeIn(Text('máximo en n=0: la contribución de la señal es máxima ahí')):  45%|####5     | 27/60 
[00:01<00:01, 23.22it/s]
Animation 27: FadeIn(Text('máximo en n=0: la contribución de la señal es máxima ahí')):  50%|#####     | 30/60 
[00:01<00:01, 22.92it/s]
Animation 27: FadeIn(Text('máximo en n=0: la contribución de la señal es máxima ahí')):  55%|#####5    | 33/60 
[00:01<00:01, 22.95it/s]
Animation 27: FadeIn(Text('máximo en n=0: la contribución de la señal es máxima ahí')):  60%|######    | 36/60 
[00:01<00:01, 23.03it/s]
Animation 27: FadeIn(Text('máximo en n=0: la contribución de la señal es máxima ahí')):  65%|######5   | 39/60 
[00:01<00:00, 23.09it/s]
Animation 27: FadeIn(Text('máximo en n=0: la contribución de la señal es máxima ahí')):  70%|#######   | 42/60 
[00:01<00:00, 23.27it/s]
Animation 27: FadeIn(Text('máximo en n=0: la contribución de la señal es máxima ahí')):  75%|#######5  | 45/60 
[00:01<00:00, 20.57it/s]
Animation 27: FadeIn(Text('máximo en n=0: la contribución de la señal es máxima ahí')):  80%|########  | 48/60 
[00:02<00:00, 20.58it/s]
Animation 27: FadeIn(Text('máximo en n=0: la contribución de la señal es máxima ahí')):  85%|########5 | 51/60 
[00:02<00:00, 20.44it/s]
Animation 27: FadeIn(Text('máximo en n=0: la contribución de la señal es máxima ahí')):  90%|######### | 54/60 
[00:02<00:00, 20.40it/s]
Animation 27: FadeIn(Text('máximo en n=0: la contribución de la señal es máxima ahí')):  95%|#########5| 57/60 
[00:02<00:00, 20.58it/s]
Animation 27: FadeIn(Text('máximo en n=0: la contribución de la señal es máxima ahí')): 100%|##########| 60/60 
[00:02<00:00, 20.68it/s]
[09/11/26 11:01:26] INFO     Animation 27 : Partial    scene_file_writer.py:192
                             movie file written in                             
                             'C:\Users\Nacho\Documents                         
                             \Animaciones\Capitulo                             
                             13\media\videos\s04_filtr                         
                             o_adaptado\1080p60\partia                         
                             l_movie_files\FiltroAdapt                         
                             ado\2932440949_2505232174                         
                             _79805254.mp4'                                    
[09/11/26 11:01:30] INFO     Animation 28 : Partial    scene_file_writer.py:192
                             movie file written in                             
                             'C:\Users\Nacho\Documents                         
                             \Animaciones\Capitulo                             
                             13\media\videos\s04_filtr                         
                             o_adaptado\1080p60\partia                         
                             l_movie_files\FiltroAdapt                         
                             ado\2932440949_499328632_                         
                             1280648302.mp4'                                   
                                                                                                                       
                

Animation 29: FadeOut(VGroup of 9 submobjects):   0%|          | 0/60 [00:00<?, ?it/s]
Animation 29: FadeOut(VGroup of 9 submobjects):   3%|3         | 2/60 [00:00<00:03, 16.06it/s]
Animation 29: FadeOut(VGroup of 9 submobjects):   7%|6         | 4/60 [00:00<00:03, 15.60it/s]
Animation 29: FadeOut(VGroup of 9 submobjects):  10%|#         | 6/60 [00:00<00:03, 15.41it/s]
Animation 29: FadeOut(VGroup of 9 submobjects):  13%|#3        | 8/60 [00:00<00:03, 15.42it/s]
Animation 29: FadeOut(VGroup of 9 submobjects):  17%|#6        | 10/60 [00:00<00:03, 15.22it/s]
Animation 29: FadeOut(VGroup of 9 submobjects):  20%|##        | 12/60 [00:00<00:03, 15.25it/s]
Animation 29: FadeOut(VGroup of 9 submobjects):  23%|##3       | 14/60 [00:00<00:02, 15.38it/s]
Animation 29: FadeOut(VGroup of 9 submobjects):  27%|##6       | 16/60 [00:01<00:02, 15.44it/s]
Animation 29: FadeOut(VGroup of 9 submobjects):  30%|###       | 18/60 [00:01<00:02, 15.28it/s]
Animation 29: FadeOut(VGroup of 9 submobjects):  33%|###3      | 20/60 [00:01<00:02, 15.27it/s]
Animation 29: FadeOut(VGroup of 9 submobjects):  37%|###6      | 22/60 [00:01<00:02, 15.37it/s]
Animation 29: FadeOut(VGroup of 9 submobjects):  40%|####      | 24/60 [00:01<00:02, 15.37it/s]
Animation 29: FadeOut(VGroup of 9 submobjects):  43%|####3     | 26/60 [00:01<00:02, 15.32it/s]
Animation 29: FadeOut(VGroup of 9 submobjects):  47%|####6     | 28/60 [00:01<00:02, 15.45it/s]
Animation 29: FadeOut(VGroup of 9 submobjects):  50%|#####     | 30/60 [00:01<00:01, 15.35it/s]
Animation 29: FadeOut(VGroup of 9 submobjects):  53%|#####3    | 32/60 [00:02<00:01, 15.32it/s]
Animation 29: FadeOut(VGroup of 9 submobjects):  57%|#####6    | 34/60 [00:02<00:01, 15.38it/s]
Animation 29: FadeOut(VGroup of 9 submobjects):  60%|######    | 36/60 [00:02<00:01, 15.39it/s]
Animation 29: FadeOut(VGroup of 9 submobjects):  63%|######3   | 38/60 [00:02<00:01, 15.44it/s]
Animation 29: FadeOut(VGroup of 9 submobjects):  67%|######6   | 40/60 [00:02<00:01, 15.36it/s]
Animation 29: FadeOut(VGroup of 9 submobjects):  70%|#######   | 42/60 [00:02<00:01, 15.11it/s]
Animation 29: FadeOut(VGroup of 9 submobjects):  73%|#######3  | 44/60 [00:02<00:01, 12.72it/s]
Animation 29: FadeOut(VGroup of 9 submobjects):  77%|#######6  | 46/60 [00:03<00:01, 13.24it/s]
Animation 29: FadeOut(VGroup of 9 submobjects):  80%|########  | 48/60 [00:03<00:00, 13.56it/s]
Animation 29: FadeOut(VGroup of 9 submobjects):  83%|########3 | 50/60 [00:03<00:00, 13.87it/s]
Animation 29: FadeOut(VGroup of 9 submobjects):  87%|########6 | 52/60 [00:03<00:00, 13.82it/s]
Animation 29: FadeOut(VGroup of 9 submobjects):  90%|######### | 54/60 [00:03<00:00, 14.18it/s]
Animation 29: FadeOut(VGroup of 9 submobjects):  93%|#########3| 56/60 [00:03<00:00, 13.76it/s]
Animation 29: FadeOut(VGroup of 9 submobjects):  97%|#########6| 58/60 [00:03<00:00, 13.91it/s]
Animation 29: FadeOut(VGroup of 9 submobjects): 100%|##########| 60/60 [00:04<00:00, 14.39it/s]
[09/11/26 11:01:36] INFO     Animation 29 : Partial    scene_file_writer.py:192
                             movie file written in                             
                             'C:\Users\Nacho\Documents                         
                             \Animaciones\Capitulo                             
                             13\media\videos\s04_filtr                         
                             o_adaptado\1080p60\partia                         
                             l_movie_files\FiltroAdapt                         
                             ado\2932440949_4145443646                         
                             _3269783106.mp4'                                  
                                                                                               

Animation 30: FadeIn(Text('El detector completo')):   0%|          | 0/60 [00:00<?, ?it/s]
Animation 30: FadeIn(Text('El detector completo')):  10%|#         | 6/60 [00:00<00:01, 47.64it/s]
Animation 30: FadeIn(Text('El detector completo')):  18%|#8        | 11/60 [00:00<00:01, 40.23it/s]
Animation 30: FadeIn(Text('El detector completo')):  27%|##6       | 16/60 [00:00<00:01, 41.20it/s]
Animation 30: FadeIn(Text('El detector completo')):  35%|###5      | 21/60 [00:00<00:00, 42.65it/s]
Animation 30: FadeIn(Text('El detector completo')):  43%|####3     | 26/60 [00:00<00:00, 42.90it/s]
Animation 30: FadeIn(Text('El detector completo')):  52%|#####1    | 31/60 [00:00<00:00, 43.10it/s]
Animation 30: FadeIn(Text('El detector completo')):  60%|######    | 36/60 [00:00<00:00, 42.61it/s]
Animation 30: FadeIn(Text('El detector completo')):  68%|######8   | 41/60 [00:00<00:00, 42.37it/s]
Animation 30: FadeIn(Text('El detector completo')):  77%|#######6  | 46/60 [00:01<00:00, 39.86it/s]
Animation 30: FadeIn(Text('El detector completo')):  85%|########5 | 51/60 [00:01<00:00, 37.12it/s]
Animation 30: FadeIn(Text('El detector completo')):  92%|#########1| 55/60 [00:01<00:00, 37.21it/s]
Animation 30: FadeIn(Text('El detector completo')):  98%|#########8| 59/60 [00:01<00:00, 35.30it/s]
[09/11/26 11:01:38] INFO     Animation 30 : Partial    scene_file_writer.py:192
                             movie file written in                             
                             'C:\Users\Nacho\Documents                         
                             \Animaciones\Capitulo                             
                             13\media\videos\s04_filtr                         
                             o_adaptado\1080p60\partia                         
                             l_movie_files\FiltroAdapt                         
                             ado\2932440949_576942044_                         
                             575638503.mp4'                                    
                                                                                                   

Animation 31: FadeIn(MathTex('r[n]')), etc.:   0%|          | 0/60 [00:00<?, ?it/s]
Animation 31: FadeIn(MathTex('r[n]')), etc.:  10%|#         | 6/60 [00:00<00:01, 52.67it/s]
Animation 31: FadeIn(MathTex('r[n]')), etc.:  20%|##        | 12/60 [00:00<00:01, 44.29it/s]
Animation 31: FadeIn(MathTex('r[n]')), etc.:  28%|##8       | 17/60 [00:00<00:00, 44.17it/s]
Animation 31: FadeIn(MathTex('r[n]')), etc.:  37%|###6      | 22/60 [00:00<00:00, 44.91it/s]
Animation 31: FadeIn(MathTex('r[n]')), etc.:  45%|####5     | 27/60 [00:00<00:00, 45.09it/s]
Animation 31: FadeIn(MathTex('r[n]')), etc.:  53%|#####3    | 32/60 [00:00<00:00, 42.92it/s]
Animation 31: FadeIn(MathTex('r[n]')), etc.:  62%|######1   | 37/60 [00:00<00:00, 43.63it/s]
Animation 31: FadeIn(MathTex('r[n]')), etc.:  70%|#######   | 42/60 [00:00<00:00, 44.44it/s]
Animation 31: FadeIn(MathTex('r[n]')), etc.:  78%|#######8  | 47/60 [00:01<00:00, 41.27it/s]
Animation 31: FadeIn(MathTex('r[n]')), etc.:  87%|########6 | 52/60 [00:01<00:00, 38.46it/s]
Animation 31: FadeIn(MathTex('r[n]')), etc.:  93%|#########3| 56/60 [00:01<00:00, 38.65it/s]
Animation 31: FadeIn(MathTex('r[n]')), etc.: 100%|##########| 60/60 [00:01<00:00, 38.19it/s]
[09/11/26 11:01:40] INFO     Animation 31 : Partial    scene_file_writer.py:192
                             movie file written in                             
                             'C:\Users\Nacho\Documents                         
                             \Animaciones\Capitulo                             
                             13\media\videos\s04_filtr                         
                             o_adaptado\1080p60\partia                         
                             l_movie_files\FiltroAdapt                         
                             ado\2932440949_1364842337                         
                             _2336416218.mp4'                                  
                                                                                            

Animation 32: GrowArrow(Arrow):   0%|          | 0/60 [00:00<?, ?it/s]
Animation 32: GrowArrow(Arrow):  15%|#5        | 9/60 [00:00<00:00, 89.38it/s]
Animation 32: GrowArrow(Arrow):  30%|###       | 18/60 [00:00<00:00, 73.45it/s]
Animation 32: GrowArrow(Arrow):  43%|####3     | 26/60 [00:00<00:00, 73.19it/s]
Animation 32: GrowArrow(Arrow):  57%|#####6    | 34/60 [00:00<00:00, 71.57it/s]
Animation 32: GrowArrow(Arrow):  70%|#######   | 42/60 [00:00<00:00, 73.05it/s]
Animation 32: GrowArrow(Arrow):  85%|########5 | 51/60 [00:00<00:00, 74.37it/s]
Animation 32: GrowArrow(Arrow):  98%|#########8| 59/60 [00:00<00:00, 70.50it/s]
[09/11/26 11:01:42] INFO     Animation 32 : Partial    scene_file_writer.py:192
                             movie file written in                             
                             'C:\Users\Nacho\Documents                         
                             \Animaciones\Capitulo                             
                             13\media\videos\s04_filtr                         
                             o_adaptado\1080p60\partia                         
                             l_movie_files\FiltroAdapt                         
                             ado\2932440949_519624471_                         
                             2176958923.mp4'                                   
                                                                               

Animation 33: FadeIn(VGroup of 2 submobjects):   0%|          | 0/60 [00:00<?, ?it/s]
Animation 33: FadeIn(VGroup of 2 submobjects):  13%|#3        | 8/60 [00:00<00:00, 73.52it/s]
Animation 33: FadeIn(VGroup of 2 submobjects):  27%|##6       | 16/60 [00:00<00:00, 56.04it/s]
Animation 33: FadeIn(VGroup of 2 submobjects):  37%|###6      | 22/60 [00:00<00:00, 53.33it/s]
Animation 33: FadeIn(VGroup of 2 submobjects):  47%|####6     | 28/60 [00:00<00:00, 51.82it/s]
Animation 33: FadeIn(VGroup of 2 submobjects):  57%|#####6    | 34/60 [00:00<00:00, 53.05it/s]
Animation 33: FadeIn(VGroup of 2 submobjects):  67%|######6   | 40/60 [00:00<00:00, 52.39it/s]
Animation 33: FadeIn(VGroup of 2 submobjects):  77%|#######6  | 46/60 [00:00<00:00, 51.67it/s]
Animation 33: FadeIn(VGroup of 2 submobjects):  87%|########6 | 52/60 [00:00<00:00, 49.46it/s]
Animation 33: FadeIn(VGroup of 2 submobjects):  97%|#########6| 58/60 [00:01<00:00, 50.02it/s]
[09/11/26 11:01:44] INFO     Animation 33 : Partial    scene_file_writer.py:192
                             movie file written in                             
                             'C:\Users\Nacho\Documents                         
                             \Animaciones\Capitulo                             
                             13\media\videos\s04_filtr                         
                             o_adaptado\1080p60\partia                         
                             l_movie_files\FiltroAdapt                         
                             ado\2932440949_1831090494                         
                             _3490376880.mp4'                                  
                                                                                              

Animation 34: GrowArrow(Arrow):   0%|          | 0/60 [00:00<?, ?it/s]
Animation 34: GrowArrow(Arrow):  17%|#6        | 10/60 [00:00<00:00, 92.18it/s]
Animation 34: GrowArrow(Arrow):  33%|###3      | 20/60 [00:00<00:00, 76.10it/s]
Animation 34: GrowArrow(Arrow):  47%|####6     | 28/60 [00:00<00:00, 73.40it/s]
Animation 34: GrowArrow(Arrow):  60%|######    | 36/60 [00:00<00:00, 69.89it/s]
Animation 34: GrowArrow(Arrow):  73%|#######3  | 44/60 [00:00<00:00, 68.56it/s]
Animation 34: GrowArrow(Arrow):  85%|########5 | 51/60 [00:00<00:00, 68.50it/s]
Animation 34: GrowArrow(Arrow):  97%|#########6| 58/60 [00:00<00:00, 68.57it/s]
[09/11/26 11:01:46] INFO     Animation 34 : Partial    scene_file_writer.py:192
                             movie file written in                             
                             'C:\Users\Nacho\Documents                         
                             \Animaciones\Capitulo                             
                             13\media\videos\s04_filtr                         
                             o_adaptado\1080p60\partia                         
                             l_movie_files\FiltroAdapt                         
                             ado\2932440949_3945172420                         
                             _3364342192.mp4'                                  
                                                                               

Animation 35: FadeIn(VGroup of 2 submobjects):   0%|          | 0/60 [00:00<?, ?it/s]
Animation 35: FadeIn(VGroup of 2 submobjects):  13%|#3        | 8/60 [00:00<00:00, 75.01it/s]
Animation 35: FadeIn(VGroup of 2 submobjects):  27%|##6       | 16/60 [00:00<00:00, 58.14it/s]
Animation 35: FadeIn(VGroup of 2 submobjects):  38%|###8      | 23/60 [00:00<00:00, 53.59it/s]
Animation 35: FadeIn(VGroup of 2 submobjects):  48%|####8     | 29/60 [00:00<00:00, 52.64it/s]
Animation 35: FadeIn(VGroup of 2 submobjects):  58%|#####8    | 35/60 [00:00<00:00, 52.75it/s]
Animation 35: FadeIn(VGroup of 2 submobjects):  68%|######8   | 41/60 [00:00<00:00, 54.79it/s]
Animation 35: FadeIn(VGroup of 2 submobjects):  78%|#######8  | 47/60 [00:00<00:00, 53.82it/s]
Animation 35: FadeIn(VGroup of 2 submobjects):  88%|########8 | 53/60 [00:00<00:00, 52.96it/s]
Animation 35: FadeIn(VGroup of 2 submobjects):  98%|#########8| 59/60 [00:01<00:00, 50.31it/s]
[09/11/26 11:01:48] INFO     Animation 35 : Partial    scene_file_writer.py:192
                             movie file written in                             
                             'C:\Users\Nacho\Documents                         
                             \Animaciones\Capitulo                             
                             13\media\videos\s04_filtr                         
                             o_adaptado\1080p60\partia                         
                             l_movie_files\FiltroAdapt                         
                             ado\2932440949_2527728514                         
                             _719301023.mp4'                                   
                                                                                              

Animation 36: GrowArrow(Arrow):   0%|          | 0/60 [00:00<?, ?it/s]
Animation 36: GrowArrow(Arrow):  15%|#5        | 9/60 [00:00<00:00, 85.20it/s]
Animation 36: GrowArrow(Arrow):  30%|###       | 18/60 [00:00<00:00, 76.80it/s]
Animation 36: GrowArrow(Arrow):  43%|####3     | 26/60 [00:00<00:00, 72.92it/s]
Animation 36: GrowArrow(Arrow):  57%|#####6    | 34/60 [00:00<00:00, 73.14it/s]
Animation 36: GrowArrow(Arrow):  70%|#######   | 42/60 [00:00<00:00, 68.08it/s]
Animation 36: GrowArrow(Arrow):  82%|########1 | 49/60 [00:00<00:00, 68.17it/s]
Animation 36: GrowArrow(Arrow):  95%|#########5| 57/60 [00:00<00:00, 68.66it/s]
[09/11/26 11:01:50] INFO     Animation 36 : Partial    scene_file_writer.py:192
                             movie file written in                             
                             'C:\Users\Nacho\Documents                         
                             \Animaciones\Capitulo                             
                             13\media\videos\s04_filtr                         
                             o_adaptado\1080p60\partia                         
                             l_movie_files\FiltroAdapt                         
                             ado\2932440949_826828658_                         
                             650131027.mp4'                                    
                                                                               

Animation 37: FadeIn(MathTex("\\text{`}H_1\\text{'}\\ /\\ \\text{`}H_0\\text{'}")):   0%|          | 0/60 [00:00<?, 
?it/s]
Animation 37: FadeIn(MathTex("\\text{`}H_1\\text{'}\\ /\\ \\text{`}H_0\\text{'}")):  12%|#1        | 7/60 
[00:00<00:00, 66.29it/s]
Animation 37: FadeIn(MathTex("\\text{`}H_1\\text{'}\\ /\\ \\text{`}H_0\\text{'}")):  23%|##3       | 14/60 
[00:00<00:00, 58.39it/s]
Animation 37: FadeIn(MathTex("\\text{`}H_1\\text{'}\\ /\\ \\text{`}H_0\\text{'}")):  33%|###3      | 20/60 
[00:00<00:00, 54.62it/s]
Animation 37: FadeIn(MathTex("\\text{`}H_1\\text{'}\\ /\\ \\text{`}H_0\\text{'}")):  43%|####3     | 26/60 
[00:00<00:00, 52.74it/s]
Animation 37: FadeIn(MathTex("\\text{`}H_1\\text{'}\\ /\\ \\text{`}H_0\\text{'}")):  53%|#####3    | 32/60 
[00:00<00:00, 51.31it/s]
Animation 37: FadeIn(MathTex("\\text{`}H_1\\text{'}\\ /\\ \\text{`}H_0\\text{'}")):  63%|######3   | 38/60 
[00:00<00:00, 50.39it/s]
Animation 37: FadeIn(MathTex("\\text{`}H_1\\text{'}\\ /\\ \\text{`}H_0\\text{'}")):  73%|#######3  | 44/60 
[00:00<00:00, 49.17it/s]
Animation 37: FadeIn(MathTex("\\text{`}H_1\\text{'}\\ /\\ \\text{`}H_0\\text{'}")):  82%|########1 | 49/60 
[00:00<00:00, 45.38it/s]
Animation 37: FadeIn(MathTex("\\text{`}H_1\\text{'}\\ /\\ \\text{`}H_0\\text{'}")):  92%|#########1| 55/60 
[00:01<00:00, 47.25it/s]
[09/11/26 11:01:52] INFO     Animation 37 : Partial    scene_file_writer.py:192
                             movie file written in                             
                             'C:\Users\Nacho\Documents                         
                             \Animaciones\Capitulo                             
                             13\media\videos\s04_filtr                         
                             o_adaptado\1080p60\partia                         
                             l_movie_files\FiltroAdapt                         
                             ado\2932440949_295502455_                         
                             3756318676.mp4'                                   
                                                                                                                       
            

Animation 38: GrowArrow(Arrow):   0%|          | 0/60 [00:00<?, ?it/s]
Animation 38: GrowArrow(Arrow):  17%|#6        | 10/60 [00:00<00:00, 96.94it/s]
Animation 38: GrowArrow(Arrow):  33%|###3      | 20/60 [00:00<00:00, 80.33it/s]
Animation 38: GrowArrow(Arrow):  48%|####8     | 29/60 [00:00<00:00, 78.63it/s]
Animation 38: GrowArrow(Arrow):  62%|######1   | 37/60 [00:00<00:00, 78.41it/s]
Animation 38: GrowArrow(Arrow):  77%|#######6  | 46/60 [00:00<00:00, 80.07it/s]
Animation 38: GrowArrow(Arrow):  93%|#########3| 56/60 [00:00<00:00, 84.29it/s]
[09/11/26 11:01:53] INFO     Animation 38 : Partial    scene_file_writer.py:192
                             movie file written in                             
                             'C:\Users\Nacho\Documents                         
                             \Animaciones\Capitulo                             
                             13\media\videos\s04_filtr                         
                             o_adaptado\1080p60\partia                         
                             l_movie_files\FiltroAdapt                         
                             ado\2932440949_218091763_                         
                             228383462.mp4'                                    
[09/11/26 11:01:56] INFO     Animation 39 : Partial    scene_file_writer.py:192
                             movie file written in                             
                             'C:\Users\Nacho\Documents                         
                             \Animaciones\Capitulo                             
                             13\media\videos\s04_filtr                         
                             o_adaptado\1080p60\partia                         
                             l_movie_files\FiltroAdapt                         
                             ado\2932440949_499328632_                         
                             2277420466.mp4'                                   
                                                                               

Animation 40: FadeOut(VGroup of 3 submobjects):   0%|          | 0/60 [00:00<?, ?it/s]
Animation 40: FadeOut(VGroup of 3 submobjects):   7%|6         | 4/60 [00:00<00:01, 30.26it/s]
Animation 40: FadeOut(VGroup of 3 submobjects):  13%|#3        | 8/60 [00:00<00:01, 28.06it/s]
Animation 40: FadeOut(VGroup of 3 submobjects):  18%|#8        | 11/60 [00:00<00:01, 27.43it/s]
Animation 40: FadeOut(VGroup of 3 submobjects):  23%|##3       | 14/60 [00:00<00:01, 27.29it/s]
Animation 40: FadeOut(VGroup of 3 submobjects):  28%|##8       | 17/60 [00:00<00:01, 27.28it/s]
Animation 40: FadeOut(VGroup of 3 submobjects):  33%|###3      | 20/60 [00:00<00:01, 26.89it/s]
Animation 40: FadeOut(VGroup of 3 submobjects):  38%|###8      | 23/60 [00:00<00:01, 27.10it/s]
Animation 40: FadeOut(VGroup of 3 submobjects):  45%|####5     | 27/60 [00:00<00:01, 28.55it/s]
Animation 40: FadeOut(VGroup of 3 submobjects):  52%|#####1    | 31/60 [00:01<00:01, 28.96it/s]
Animation 40: FadeOut(VGroup of 3 submobjects):  57%|#####6    | 34/60 [00:01<00:00, 28.83it/s]
Animation 40: FadeOut(VGroup of 3 submobjects):  62%|######1   | 37/60 [00:01<00:00, 28.61it/s]
Animation 40: FadeOut(VGroup of 3 submobjects):  67%|######6   | 40/60 [00:01<00:00, 28.80it/s]
Animation 40: FadeOut(VGroup of 3 submobjects):  72%|#######1  | 43/60 [00:01<00:00, 27.02it/s]
Animation 40: FadeOut(VGroup of 3 submobjects):  77%|#######6  | 46/60 [00:01<00:00, 24.79it/s]
Animation 40: FadeOut(VGroup of 3 submobjects):  82%|########1 | 49/60 [00:01<00:00, 25.59it/s]
Animation 40: FadeOut(VGroup of 3 submobjects):  87%|########6 | 52/60 [00:01<00:00, 26.00it/s]
Animation 40: FadeOut(VGroup of 3 submobjects):  92%|#########1| 55/60 [00:02<00:00, 26.63it/s]
Animation 40: FadeOut(VGroup of 3 submobjects):  97%|#########6| 58/60 [00:02<00:00, 25.92it/s]
[09/11/26 11:01:59] INFO     Animation 40 : Partial    scene_file_writer.py:192
                             movie file written in                             
                             'C:\Users\Nacho\Documents                         
                             \Animaciones\Capitulo                             
                             13\media\videos\s04_filtr                         
                             o_adaptado\1080p60\partia                         
                             l_movie_files\FiltroAdapt                         
                             ado\2932440949_2386775006                         
                             _1603168662.mp4'                                  
                                                                                               

Animation 41: FadeIn(Text('El test óptimo es un filtro LTI:')):   0%|          | 0/60 [00:00<?, ?it/s]
Animation 41: FadeIn(Text('El test óptimo es un filtro LTI:')):   8%|8         | 5/60 [00:00<00:01, 40.39it/s]
Animation 41: FadeIn(Text('El test óptimo es un filtro LTI:')):  17%|#6        | 10/60 [00:00<00:01, 38.87it/s]
Animation 41: FadeIn(Text('El test óptimo es un filtro LTI:')):  23%|##3       | 14/60 [00:00<00:01, 38.12it/s]
Animation 41: FadeIn(Text('El test óptimo es un filtro LTI:')):  30%|###       | 18/60 [00:00<00:01, 38.44it/s]
Animation 41: FadeIn(Text('El test óptimo es un filtro LTI:')):  37%|###6      | 22/60 [00:00<00:01, 38.00it/s]
Animation 41: FadeIn(Text('El test óptimo es un filtro LTI:')):  43%|####3     | 26/60 [00:00<00:00, 37.13it/s]
Animation 41: FadeIn(Text('El test óptimo es un filtro LTI:')):  50%|#####     | 30/60 [00:00<00:00, 37.15it/s]
Animation 41: FadeIn(Text('El test óptimo es un filtro LTI:')):  57%|#####6    | 34/60 [00:00<00:00, 36.88it/s]
Animation 41: FadeIn(Text('El test óptimo es un filtro LTI:')):  63%|######3   | 38/60 [00:01<00:00, 37.13it/s]
Animation 41: FadeIn(Text('El test óptimo es un filtro LTI:')):  70%|#######   | 42/60 [00:01<00:00, 37.13it/s]
Animation 41: FadeIn(Text('El test óptimo es un filtro LTI:')):  77%|#######6  | 46/60 [00:01<00:00, 33.70it/s]
Animation 41: FadeIn(Text('El test óptimo es un filtro LTI:')):  83%|########3 | 50/60 [00:01<00:00, 31.72it/s]
Animation 41: FadeIn(Text('El test óptimo es un filtro LTI:')):  90%|######### | 54/60 [00:01<00:00, 29.93it/s]
Animation 41: FadeIn(Text('El test óptimo es un filtro LTI:')):  97%|#########6| 58/60 [00:01<00:00, 30.71it/s]
[09/11/26 11:02:02] INFO     Animation 41 : Partial    scene_file_writer.py:192
                             movie file written in                             
                             'C:\Users\Nacho\Documents                         
                             \Animaciones\Capitulo                             
                             13\media\videos\s04_filtr                         
                             o_adaptado\1080p60\partia                         
                             l_movie_files\FiltroAdapt                         
                             ado\2932440949_611244433_                         
                             1583790879.mp4'                                   
                                                                                                               

Animation 42: FadeIn(Text('correlacionar con la señal buscada.')):   0%|          | 0/60 [00:00<?, ?it/s]
Animation 42: FadeIn(Text('correlacionar con la señal buscada.')):   7%|6         | 4/60 [00:00<00:01, 37.72it/s]
Animation 42: FadeIn(Text('correlacionar con la señal buscada.')):  13%|#3        | 8/60 [00:00<00:01, 34.83it/s]
Animation 42: FadeIn(Text('correlacionar con la señal buscada.')):  20%|##        | 12/60 [00:00<00:01, 34.21it/s]
Animation 42: FadeIn(Text('correlacionar con la señal buscada.')):  27%|##6       | 16/60 [00:00<00:01, 34.14it/s]
Animation 42: FadeIn(Text('correlacionar con la señal buscada.')):  33%|###3      | 20/60 [00:00<00:01, 33.66it/s]
Animation 42: FadeIn(Text('correlacionar con la señal buscada.')):  40%|####      | 24/60 [00:00<00:01, 33.82it/s]
Animation 42: FadeIn(Text('correlacionar con la señal buscada.')):  47%|####6     | 28/60 [00:00<00:00, 34.04it/s]
Animation 42: FadeIn(Text('correlacionar con la señal buscada.')):  53%|#####3    | 32/60 [00:00<00:00, 34.18it/s]
Animation 42: FadeIn(Text('correlacionar con la señal buscada.')):  60%|######    | 36/60 [00:01<00:00, 33.82it/s]
Animation 42: FadeIn(Text('correlacionar con la señal buscada.')):  67%|######6   | 40/60 [00:01<00:00, 33.43it/s]
Animation 42: FadeIn(Text('correlacionar con la señal buscada.')):  73%|#######3  | 44/60 [00:01<00:00, 29.20it/s]
Animation 42: FadeIn(Text('correlacionar con la señal buscada.')):  80%|########  | 48/60 [00:01<00:00, 28.02it/s]
Animation 42: FadeIn(Text('correlacionar con la señal buscada.')):  87%|########6 | 52/60 [00:01<00:00, 28.86it/s]
Animation 42: FadeIn(Text('correlacionar con la señal buscada.')):  93%|#########3| 56/60 [00:01<00:00, 29.43it/s]
Animation 42: FadeIn(Text('correlacionar con la señal buscada.')): 100%|##########| 60/60 [00:01<00:00, 29.66it/s]
[09/11/26 11:02:05] INFO     Animation 42 : Partial    scene_file_writer.py:192
                             movie file written in                             
                             'C:\Users\Nacho\Documents                         
                             \Animaciones\Capitulo                             
                             13\media\videos\s04_filtr                         
                             o_adaptado\1080p60\partia                         
                             l_movie_files\FiltroAdapt                         
                             ado\2932440949_2810485106                         
                             _3696876483.mp4'                                  
[09/11/26 11:02:06] INFO     Animation 43 : Partial    scene_file_writer.py:192
                             movie file written in                             
                             'C:\Users\Nacho\Documents                         
                             \Animaciones\Capitulo                             
                             13\media\videos\s04_filtr                         
                             o_adaptado\1080p60\partia                         
                             l_movie_files\FiltroAdapt                         
                             ado\2932440949_241228271_                         
                             1007793777.mp4'                                   
                                                                                                                  

Animation 44: FadeIn(Text('filtrar, muestrear en n=0, comparar con γ')):   0%|          | 0/60 [00:00<?, ?it/s]
Animation 44: FadeIn(Text('filtrar, muestrear en n=0, comparar con γ')):   7%|6         | 4/60 [00:00<00:01, 36.95it/s]
Animation 44: FadeIn(Text('filtrar, muestrear en n=0, comparar con γ')):  13%|#3        | 8/60 [00:00<00:01, 33.40it/s]
Animation 44: FadeIn(Text('filtrar, muestrear en n=0, comparar con γ')):  20%|##        | 12/60 [00:00<00:01, 
33.37it/s]
Animation 44: FadeIn(Text('filtrar, muestrear en n=0, comparar con γ')):  27%|##6       | 16/60 [00:00<00:01, 
33.53it/s]
Animation 44: FadeIn(Text('filtrar, muestrear en n=0, comparar con γ')):  33%|###3      | 20/60 [00:00<00:01, 
33.17it/s]
Animation 44: FadeIn(Text('filtrar, muestrear en n=0, comparar con γ')):  40%|####      | 24/60 [00:00<00:01, 
32.97it/s]
Animation 44: FadeIn(Text('filtrar, muestrear en n=0, comparar con γ')):  47%|####6     | 28/60 [00:00<00:00, 
32.65it/s]
Animation 44: FadeIn(Text('filtrar, muestrear en n=0, comparar con γ')):  53%|#####3    | 32/60 [00:00<00:00, 
32.82it/s]
Animation 44: FadeIn(Text('filtrar, muestrear en n=0, comparar con γ')):  60%|######    | 36/60 [00:01<00:00, 
32.32it/s]
Animation 44: FadeIn(Text('filtrar, muestrear en n=0, comparar con γ')):  67%|######6   | 40/60 [00:01<00:00, 
32.40it/s]
Animation 44: FadeIn(Text('filtrar, muestrear en n=0, comparar con γ')):  73%|#######3  | 44/60 [00:01<00:00, 
28.79it/s]
Animation 44: FadeIn(Text('filtrar, muestrear en n=0, comparar con γ')):  78%|#######8  | 47/60 [00:01<00:00, 
27.59it/s]
Animation 44: FadeIn(Text('filtrar, muestrear en n=0, comparar con γ')):  83%|########3 | 50/60 [00:01<00:00, 
27.82it/s]
Animation 44: FadeIn(Text('filtrar, muestrear en n=0, comparar con γ')):  90%|######### | 54/60 [00:01<00:00, 
28.69it/s]
Animation 44: FadeIn(Text('filtrar, muestrear en n=0, comparar con γ')):  95%|#########5| 57/60 [00:01<00:00, 
28.52it/s]
Animation 44: FadeIn(Text('filtrar, muestrear en n=0, comparar con γ')): 100%|##########| 60/60 [00:01<00:00, 
28.86it/s]
[09/11/26 11:02:09] INFO     Animation 44 : Partial    scene_file_writer.py:192
                             movie file written in                             
                             'C:\Users\Nacho\Documents                         
                             \Animaciones\Capitulo                             
                             13\media\videos\s04_filtr                         
                             o_adaptado\1080p60\partia                         
                             l_movie_files\FiltroAdapt                         
                             ado\2932440949_2555120178                         
                             _4252432759.mp4'                                  
[09/11/26 11:02:12] INFO     Animation 45 : Partial    scene_file_writer.py:192
                             movie file written in                             
                             'C:\Users\Nacho\Documents                         
                             \Animaciones\Capitulo                             
                             13\media\videos\s04_filtr                         
                             o_adaptado\1080p60\partia                         
                             l_movie_files\FiltroAdapt                         
                             ado\2932440949_349589963_                         
                             58296186.mp4'                                     
                                                                                                                       
 

Animation 46: FadeOut(VGroup of 2 submobjects):   0%|          | 0/60 [00:00<?, ?it/s]
Animation 46: FadeOut(VGroup of 2 submobjects):   3%|3         | 2/60 [00:00<00:03, 16.46it/s]
Animation 46: FadeOut(VGroup of 2 submobjects):   7%|6         | 4/60 [00:00<00:03, 15.85it/s]
Animation 46: FadeOut(VGroup of 2 submobjects):  10%|#         | 6/60 [00:00<00:03, 15.84it/s]
Animation 46: FadeOut(VGroup of 2 submobjects):  13%|#3        | 8/60 [00:00<00:03, 16.09it/s]
Animation 46: FadeOut(VGroup of 2 submobjects):  17%|#6        | 10/60 [00:00<00:03, 16.31it/s]
Animation 46: FadeOut(VGroup of 2 submobjects):  20%|##        | 12/60 [00:00<00:02, 16.38it/s]
Animation 46: FadeOut(VGroup of 2 submobjects):  23%|##3       | 14/60 [00:00<00:02, 16.24it/s]
Animation 46: FadeOut(VGroup of 2 submobjects):  27%|##6       | 16/60 [00:00<00:02, 16.41it/s]
Animation 46: FadeOut(VGroup of 2 submobjects):  30%|###       | 18/60 [00:01<00:02, 16.50it/s]
Animation 46: FadeOut(VGroup of 2 submobjects):  33%|###3      | 20/60 [00:01<00:02, 16.70it/s]
Animation 46: FadeOut(VGroup of 2 submobjects):  37%|###6      | 22/60 [00:01<00:02, 16.96it/s]
Animation 46: FadeOut(VGroup of 2 submobjects):  40%|####      | 24/60 [00:01<00:02, 17.04it/s]
Animation 46: FadeOut(VGroup of 2 submobjects):  43%|####3     | 26/60 [00:01<00:02, 16.90it/s]
Animation 46: FadeOut(VGroup of 2 submobjects):  47%|####6     | 28/60 [00:01<00:01, 16.98it/s]
Animation 46: FadeOut(VGroup of 2 submobjects):  50%|#####     | 30/60 [00:01<00:01, 16.90it/s]
Animation 46: FadeOut(VGroup of 2 submobjects):  53%|#####3    | 32/60 [00:01<00:01, 17.13it/s]
Animation 46: FadeOut(VGroup of 2 submobjects):  57%|#####6    | 34/60 [00:02<00:01, 17.45it/s]
Animation 46: FadeOut(VGroup of 2 submobjects):  60%|######    | 36/60 [00:02<00:01, 17.64it/s]
Animation 46: FadeOut(VGroup of 2 submobjects):  63%|######3   | 38/60 [00:02<00:01, 17.94it/s]
Animation 46: FadeOut(VGroup of 2 submobjects):  67%|######6   | 40/60 [00:02<00:01, 17.42it/s]
Animation 46: FadeOut(VGroup of 2 submobjects):  70%|#######   | 42/60 [00:02<00:00, 18.01it/s]
Animation 46: FadeOut(VGroup of 2 submobjects):  73%|#######3  | 44/60 [00:02<00:00, 16.72it/s]
Animation 46: FadeOut(VGroup of 2 submobjects):  77%|#######6  | 46/60 [00:02<00:00, 16.15it/s]
Animation 46: FadeOut(VGroup of 2 submobjects):  80%|########  | 48/60 [00:02<00:00, 15.97it/s]
Animation 46: FadeOut(VGroup of 2 submobjects):  83%|########3 | 50/60 [00:02<00:00, 16.25it/s]
Animation 46: FadeOut(VGroup of 2 submobjects):  87%|########6 | 52/60 [00:03<00:00, 15.75it/s]
Animation 46: FadeOut(VGroup of 2 submobjects):  90%|######### | 54/60 [00:03<00:00, 15.97it/s]
Animation 46: FadeOut(VGroup of 2 submobjects):  93%|#########3| 56/60 [00:03<00:00, 15.34it/s]
Animation 46: FadeOut(VGroup of 2 submobjects):  97%|#########6| 58/60 [00:03<00:00, 15.65it/s]
Animation 46: FadeOut(VGroup of 2 submobjects): 100%|##########| 60/60 [00:03<00:00, 16.51it/s]
[09/11/26 11:02:18] INFO     Animation 46 : Partial    scene_file_writer.py:192
                             movie file written in                             
                             'C:\Users\Nacho\Documents                         
                             \Animaciones\Capitulo                             
                             13\media\videos\s04_filtr                         
                             o_adaptado\1080p60\partia                         
                             l_movie_files\FiltroAdapt                         
                             ado\2932440949_793594040_                         
                             1119560106.mp4'                                   
                    INFO     Animation 47 : Partial    scene_file_writer.py:192
                             movie file written in                             
                             'C:\Users\Nacho\Documents                         
                             \Animaciones\Capitulo                             
                             13\media\videos\s04_filtr                         
                             o_adaptado\1080p60\partia                         
                             l_movie_files\FiltroAdapt                         
                             ado\2932440949_4235033027                         
                             _1765756574.mp4'                                  
                    INFO     Combining to Movie file.  scene_file_writer.py:952
[09/11/26 11:02:19] INFO                              scene_file_writer.py:1103
                             File ready at                                     
                             'C:\Users\Nacho\Document                          
                             s\Animaciones\Capitulo                            
                             13\media\videos\s04_filt                          
                             ro_adaptado\1080p60\Filt                          
                             roAdaptado.mp4'                                   
                                                                               
                    INFO     Rendered FiltroAdaptado               scene.py:290
                             Played 48 animations                              
                                                                                               
Manim Community v0.21.0

manim.exe : 
En C:\Users\Nacho\Documents\Animaciones\Capitulo 13\render.ps1: 49 Carácter: 9
+         & manim "-$Calidad" $e.archivo $e.escena *>> $log
+         ~~~~~~~~~~~~~~~~~~~~~~~~~~~~~~~~~~~~~~~~~~~~~~~~~
    + CategoryInfo          : NotSpecified: (:String) [], RemoteException
    + FullyQualifiedErrorId : NativeCommandError
 
Animation 0: FadeIn(Text('¿Por qué funciona? Dos lecturas')):   0%|          | 0/60 [00:00<?, ?it/s]
Animation 0: FadeIn(Text('¿Por qué funciona? Dos lecturas')):  20%|##        | 12/60 [00:00<00:00, 114.25it/s]
Animation 0: FadeIn(Text('¿Por qué funciona? Dos lecturas')):  40%|####      | 24/60 [00:00<00:00, 115.62it/s]
Animation 0: FadeIn(Text('¿Por qué funciona? Dos lecturas')):  60%|######    | 36/60 [00:00<00:00, 115.50it/s]
Animation 0: FadeIn(Text('¿Por qué funciona? Dos lecturas')):  82%|########1 | 49/60 [00:00<00:00, 120.10it/s]
[09/11/26 11:02:21] INFO     Animation 0 : Partial     scene_file_writer.py:192
                             movie file written in                             
                             'C:\Users\Nacho\Documents                         
                             \Animaciones\Capitulo                             
                             13\media\videos\s05_por_q                         
                             ue\1080p60\partial_movie_                         
                             files\PorQueFunciona\3010                         
                             004561_105837185_22313245                         
                             7.mp4'                                            
[09/11/26 11:02:22] INFO     Animation 1 : Partial     scene_file_writer.py:192
                             movie file written in                             
                             'C:\Users\Nacho\Documents                         
                             \Animaciones\Capitulo                             
                             13\media\videos\s05_por_q                         
                             ue\1080p60\partial_movie_                         
                             files\PorQueFunciona\2932                         
                             440949_4235033027_3088660                         
                             7.mp4'                                            
                                                                                                              

Animation 2: Write(MathTex('H(e^{j\\Omega})=S(e^{-j\\Omega})=|S(e^{j\\Omega})|\\,e^{-j\\angle S(e^{j\\Omega})}')):   
0%|          | 0/120 [00:00<?, ?it/s]
Animation 2: Write(MathTex('H(e^{j\\Omega})=S(e^{-j\\Omega})=|S(e^{j\\Omega})|\\,e^{-j\\angle S(e^{j\\Omega})}')):  
12%|#1        | 14/120 [00:00<00:00, 135.66it/s]
Animation 2: Write(MathTex('H(e^{j\\Omega})=S(e^{-j\\Omega})=|S(e^{j\\Omega})|\\,e^{-j\\angle S(e^{j\\Omega})}')):  
23%|##3       | 28/120 [00:00<00:00, 126.98it/s]
Animation 2: Write(MathTex('H(e^{j\\Omega})=S(e^{-j\\Omega})=|S(e^{j\\Omega})|\\,e^{-j\\angle S(e^{j\\Omega})}')):  
34%|###4      | 41/120 [00:00<00:00, 118.61it/s]
Animation 2: Write(MathTex('H(e^{j\\Omega})=S(e^{-j\\Omega})=|S(e^{j\\Omega})|\\,e^{-j\\angle S(e^{j\\Omega})}')):  
45%|####5     | 54/120 [00:00<00:00, 119.53it/s]
Animation 2: Write(MathTex('H(e^{j\\Omega})=S(e^{-j\\Omega})=|S(e^{j\\Omega})|\\,e^{-j\\angle S(e^{j\\Omega})}')):  
55%|#####5    | 66/120 [00:00<00:00, 73.08it/s] 
Animation 2: Write(MathTex('H(e^{j\\Omega})=S(e^{-j\\Omega})=|S(e^{j\\Omega})|\\,e^{-j\\angle S(e^{j\\Omega})}')):  
63%|######3   | 76/120 [00:01<00:00, 52.36it/s]
Animation 2: Write(MathTex('H(e^{j\\Omega})=S(e^{-j\\Omega})=|S(e^{j\\Omega})|\\,e^{-j\\angle S(e^{j\\Omega})}')):  
70%|#######   | 84/120 [00:01<00:00, 45.18it/s]
Animation 2: Write(MathTex('H(e^{j\\Omega})=S(e^{-j\\Omega})=|S(e^{j\\Omega})|\\,e^{-j\\angle S(e^{j\\Omega})}')):  
75%|#######5  | 90/120 [00:01<00:00, 41.23it/s]
Animation 2: Write(MathTex('H(e^{j\\Omega})=S(e^{-j\\Omega})=|S(e^{j\\Omega})|\\,e^{-j\\angle S(e^{j\\Omega})}')):  
79%|#######9  | 95/120 [00:01<00:00, 39.32it/s]
Animation 2: Write(MathTex('H(e^{j\\Omega})=S(e^{-j\\Omega})=|S(e^{j\\Omega})|\\,e^{-j\\angle S(e^{j\\Omega})}')):  
83%|########3 | 100/120 [00:01<00:00, 37.17it/s]
Animation 2: Write(MathTex('H(e^{j\\Omega})=S(e^{-j\\Omega})=|S(e^{j\\Omega})|\\,e^{-j\\angle S(e^{j\\Omega})}')):  
88%|########7 | 105/120 [00:01<00:00, 35.23it/s]
Animation 2: Write(MathTex('H(e^{j\\Omega})=S(e^{-j\\Omega})=|S(e^{j\\Omega})|\\,e^{-j\\angle S(e^{j\\Omega})}')):  
91%|######### | 109/120 [00:02<00:00, 34.43it/s]
Animation 2: Write(MathTex('H(e^{j\\Omega})=S(e^{-j\\Omega})=|S(e^{j\\Omega})|\\,e^{-j\\angle S(e^{j\\Omega})}')):  
94%|#########4| 113/120 [00:02<00:00, 33.77it/s]
Animation 2: Write(MathTex('H(e^{j\\Omega})=S(e^{-j\\Omega})=|S(e^{j\\Omega})|\\,e^{-j\\angle S(e^{j\\Omega})}')):  
98%|#########7| 117/120 [00:02<00:00, 33.16it/s]
[09/11/26 11:02:25] INFO     Animation 2 : Partial     scene_file_writer.py:192
                             movie file written in                             
                             'C:\Users\Nacho\Documents                         
                             \Animaciones\Capitulo                             
                             13\media\videos\s05_por_q                         
                             ue\1080p60\partial_movie_                         
                             files\PorQueFunciona\2932                         
                             440949_2212265003_2569168                         
                             238.mp4'                                          
[09/11/26 11:02:26] INFO     Animation 3 : Partial     scene_file_writer.py:192
                             movie file written in                             
                             'C:\Users\Nacho\Documents                         
                             \Animaciones\Capitulo                             
                             13\media\videos\s05_por_q                         
                             ue\1080p60\partial_movie_                         
                             files\PorQueFunciona\2932                         
                             440949_4163062370_3997990                         
                             877.mp4'                                          
                                                                                                                       
                                             

Animation 4: FadeIn(Text('el módulo: acentúa donde hay señal')):   0%|          | 0/60 [00:00<?, ?it/s]
Animation 4: FadeIn(Text('el módulo: acentúa donde hay señal')):   7%|6         | 4/60 [00:00<00:01, 39.31it/s]
Animation 4: FadeIn(Text('el módulo: acentúa donde hay señal')):  13%|#3        | 8/60 [00:00<00:01, 35.75it/s]
Animation 4: FadeIn(Text('el módulo: acentúa donde hay señal')):  20%|##        | 12/60 [00:00<00:01, 34.60it/s]
Animation 4: FadeIn(Text('el módulo: acentúa donde hay señal')):  27%|##6       | 16/60 [00:00<00:01, 34.33it/s]
Animation 4: FadeIn(Text('el módulo: acentúa donde hay señal')):  33%|###3      | 20/60 [00:00<00:01, 34.29it/s]
Animation 4: FadeIn(Text('el módulo: acentúa donde hay señal')):  40%|####      | 24/60 [00:00<00:01, 34.42it/s]
Animation 4: FadeIn(Text('el módulo: acentúa donde hay señal')):  47%|####6     | 28/60 [00:00<00:00, 34.69it/s]
Animation 4: FadeIn(Text('el módulo: acentúa donde hay señal')):  53%|#####3    | 32/60 [00:00<00:00, 35.06it/s]
Animation 4: FadeIn(Text('el módulo: acentúa donde hay señal')):  60%|######    | 36/60 [00:01<00:00, 34.76it/s]
Animation 4: FadeIn(Text('el módulo: acentúa donde hay señal')):  67%|######6   | 40/60 [00:01<00:00, 34.56it/s]
Animation 4: FadeIn(Text('el módulo: acentúa donde hay señal')):  73%|#######3  | 44/60 [00:01<00:00, 31.32it/s]
Animation 4: FadeIn(Text('el módulo: acentúa donde hay señal')):  80%|########  | 48/60 [00:01<00:00, 29.47it/s]
Animation 4: FadeIn(Text('el módulo: acentúa donde hay señal')):  87%|########6 | 52/60 [00:01<00:00, 29.85it/s]
Animation 4: FadeIn(Text('el módulo: acentúa donde hay señal')):  93%|#########3| 56/60 [00:01<00:00, 30.45it/s]
Animation 4: FadeIn(Text('el módulo: acentúa donde hay señal')): 100%|##########| 60/60 [00:01<00:00, 30.56it/s]
[09/11/26 11:02:29] INFO     Animation 4 : Partial     scene_file_writer.py:192
                             movie file written in                             
                             'C:\Users\Nacho\Documents                         
                             \Animaciones\Capitulo                             
                             13\media\videos\s05_por_q                         
                             ue\1080p60\partial_movie_                         
                             files\PorQueFunciona\2932                         
                             440949_3764295130_3191858                         
                             162.mp4'                                          
                                                                                                                

Animation 5: Create(Axes of 2 submobjects), etc.:   0%|          | 0/60 [00:00<?, ?it/s]
Animation 5: Create(Axes of 2 submobjects), etc.:   8%|8         | 5/60 [00:00<00:01, 40.24it/s]
Animation 5: Create(Axes of 2 submobjects), etc.:  17%|#6        | 10/60 [00:00<00:01, 39.09it/s]
Animation 5: Create(Axes of 2 submobjects), etc.:  23%|##3       | 14/60 [00:00<00:01, 39.26it/s]
Animation 5: Create(Axes of 2 submobjects), etc.:  30%|###       | 18/60 [00:00<00:01, 38.70it/s]
Animation 5: Create(Axes of 2 submobjects), etc.:  37%|###6      | 22/60 [00:00<00:00, 38.10it/s]
Animation 5: Create(Axes of 2 submobjects), etc.:  43%|####3     | 26/60 [00:00<00:00, 38.03it/s]
Animation 5: Create(Axes of 2 submobjects), etc.:  50%|#####     | 30/60 [00:00<00:00, 37.58it/s]
Animation 5: Create(Axes of 2 submobjects), etc.:  57%|#####6    | 34/60 [00:00<00:00, 36.97it/s]
Animation 5: Create(Axes of 2 submobjects), etc.:  63%|######3   | 38/60 [00:01<00:00, 36.60it/s]
Animation 5: Create(Axes of 2 submobjects), etc.:  70%|#######   | 42/60 [00:01<00:00, 35.54it/s]
Animation 5: Create(Axes of 2 submobjects), etc.:  77%|#######6  | 46/60 [00:01<00:00, 29.27it/s]
Animation 5: Create(Axes of 2 submobjects), etc.:  83%|########3 | 50/60 [00:01<00:00, 28.67it/s]
Animation 5: Create(Axes of 2 submobjects), etc.:  90%|######### | 54/60 [00:01<00:00, 29.36it/s]
Animation 5: Create(Axes of 2 submobjects), etc.:  97%|#########6| 58/60 [00:01<00:00, 29.89it/s]
[09/11/26 11:02:32] INFO     Animation 5 : Partial     scene_file_writer.py:192
                             movie file written in                             
                             'C:\Users\Nacho\Documents                         
                             \Animaciones\Capitulo                             
                             13\media\videos\s05_por_q                         
                             ue\1080p60\partial_movie_                         
                             files\PorQueFunciona\2932                         
                             440949_2420635036_8226299                         
                             48.mp4'                                           
                                                                                                 

Animation 6: FadeIn(VGroup of 3 submobjects):   0%|          | 0/60 [00:00<?, ?it/s]
Animation 6: FadeIn(VGroup of 3 submobjects):   7%|6         | 4/60 [00:00<00:01, 31.23it/s]
Animation 6: FadeIn(VGroup of 3 submobjects):  13%|#3        | 8/60 [00:00<00:01, 28.16it/s]
Animation 6: FadeIn(VGroup of 3 submobjects):  18%|#8        | 11/60 [00:00<00:01, 26.91it/s]
Animation 6: FadeIn(VGroup of 3 submobjects):  23%|##3       | 14/60 [00:00<00:01, 26.73it/s]
Animation 6: FadeIn(VGroup of 3 submobjects):  28%|##8       | 17/60 [00:00<00:01, 27.42it/s]
Animation 6: FadeIn(VGroup of 3 submobjects):  33%|###3      | 20/60 [00:00<00:01, 27.37it/s]
Animation 6: FadeIn(VGroup of 3 submobjects):  38%|###8      | 23/60 [00:00<00:01, 27.51it/s]
Animation 6: FadeIn(VGroup of 3 submobjects):  43%|####3     | 26/60 [00:00<00:01, 27.37it/s]
Animation 6: FadeIn(VGroup of 3 submobjects):  48%|####8     | 29/60 [00:01<00:01, 27.36it/s]
Animation 6: FadeIn(VGroup of 3 submobjects):  53%|#####3    | 32/60 [00:01<00:01, 27.32it/s]
Animation 6: FadeIn(VGroup of 3 submobjects):  58%|#####8    | 35/60 [00:01<00:00, 27.56it/s]
Animation 6: FadeIn(VGroup of 3 submobjects):  63%|######3   | 38/60 [00:01<00:00, 27.59it/s]
Animation 6: FadeIn(VGroup of 3 submobjects):  68%|######8   | 41/60 [00:01<00:00, 27.26it/s]
Animation 6: FadeIn(VGroup of 3 submobjects):  73%|#######3  | 44/60 [00:01<00:00, 23.45it/s]
Animation 6: FadeIn(VGroup of 3 submobjects):  78%|#######8  | 47/60 [00:01<00:00, 23.47it/s]
Animation 6: FadeIn(VGroup of 3 submobjects):  83%|########3 | 50/60 [00:01<00:00, 23.66it/s]
Animation 6: FadeIn(VGroup of 3 submobjects):  88%|########8 | 53/60 [00:02<00:00, 23.97it/s]
Animation 6: FadeIn(VGroup of 3 submobjects):  93%|#########3| 56/60 [00:02<00:00, 24.39it/s]
Animation 6: FadeIn(VGroup of 3 submobjects):  98%|#########8| 59/60 [00:02<00:00, 24.82it/s]
[09/11/26 11:02:36] INFO     Animation 6 : Partial     scene_file_writer.py:192
                             movie file written in                             
                             'C:\Users\Nacho\Documents                         
                             \Animaciones\Capitulo                             
                             13\media\videos\s05_por_q                         
                             ue\1080p60\partial_movie_                         
                             files\PorQueFunciona\2932                         
                             440949_1372062772_4162920                         
                             444.mp4'                                          
[09/11/26 11:02:39] INFO     Animation 7 : Partial     scene_file_writer.py:192
                             movie file written in                             
                             'C:\Users\Nacho\Documents                         
                             \Animaciones\Capitulo                             
                             13\media\videos\s05_por_q                         
                             ue\1080p60\partial_movie_                         
                             files\PorQueFunciona\2932                         
                             440949_3580093213_6764297                         
                             15.mp4'                                           
                                                                                             

Animation 8: FadeOut(VGroup of 6 submobjects):   0%|          | 0/60 [00:00<?, ?it/s]
Animation 8: FadeOut(VGroup of 6 submobjects):   3%|3         | 2/60 [00:00<00:03, 18.06it/s]
Animation 8: FadeOut(VGroup of 6 submobjects):   7%|6         | 4/60 [00:00<00:03, 17.48it/s]
Animation 8: FadeOut(VGroup of 6 submobjects):  10%|#         | 6/60 [00:00<00:03, 17.55it/s]
Animation 8: FadeOut(VGroup of 6 submobjects):  13%|#3        | 8/60 [00:00<00:02, 18.04it/s]
Animation 8: FadeOut(VGroup of 6 submobjects):  17%|#6        | 10/60 [00:00<00:02, 18.62it/s]
Animation 8: FadeOut(VGroup of 6 submobjects):  20%|##        | 12/60 [00:00<00:02, 18.46it/s]
Animation 8: FadeOut(VGroup of 6 submobjects):  23%|##3       | 14/60 [00:00<00:02, 18.64it/s]
Animation 8: FadeOut(VGroup of 6 submobjects):  27%|##6       | 16/60 [00:00<00:02, 19.04it/s]
Animation 8: FadeOut(VGroup of 6 submobjects):  30%|###       | 18/60 [00:00<00:02, 18.72it/s]
Animation 8: FadeOut(VGroup of 6 submobjects):  33%|###3      | 20/60 [00:01<00:02, 18.39it/s]
Animation 8: FadeOut(VGroup of 6 submobjects):  37%|###6      | 22/60 [00:01<00:02, 18.07it/s]
Animation 8: FadeOut(VGroup of 6 submobjects):  40%|####      | 24/60 [00:01<00:02, 17.63it/s]
Animation 8: FadeOut(VGroup of 6 submobjects):  43%|####3     | 26/60 [00:01<00:01, 17.49it/s]
Animation 8: FadeOut(VGroup of 6 submobjects):  47%|####6     | 28/60 [00:01<00:01, 17.52it/s]
Animation 8: FadeOut(VGroup of 6 submobjects):  50%|#####     | 30/60 [00:01<00:01, 17.49it/s]
Animation 8: FadeOut(VGroup of 6 submobjects):  53%|#####3    | 32/60 [00:01<00:01, 17.24it/s]
Animation 8: FadeOut(VGroup of 6 submobjects):  57%|#####6    | 34/60 [00:01<00:01, 17.17it/s]
Animation 8: FadeOut(VGroup of 6 submobjects):  60%|######    | 36/60 [00:02<00:01, 17.30it/s]
Animation 8: FadeOut(VGroup of 6 submobjects):  63%|######3   | 38/60 [00:02<00:01, 17.18it/s]
Animation 8: FadeOut(VGroup of 6 submobjects):  67%|######6   | 40/60 [00:02<00:01, 17.13it/s]
Animation 8: FadeOut(VGroup of 6 submobjects):  70%|#######   | 42/60 [00:02<00:01, 17.04it/s]
Animation 8: FadeOut(VGroup of 6 submobjects):  73%|#######3  | 44/60 [00:02<00:01, 14.85it/s]
Animation 8: FadeOut(VGroup of 6 submobjects):  77%|#######6  | 46/60 [00:02<00:00, 14.43it/s]
Animation 8: FadeOut(VGroup of 6 submobjects):  80%|########  | 48/60 [00:02<00:00, 14.69it/s]
Animation 8: FadeOut(VGroup of 6 submobjects):  83%|########3 | 50/60 [00:02<00:00, 14.98it/s]
Animation 8: FadeOut(VGroup of 6 submobjects):  87%|########6 | 52/60 [00:03<00:00, 15.26it/s]
Animation 8: FadeOut(VGroup of 6 submobjects):  90%|######### | 54/60 [00:03<00:00, 15.60it/s]
Animation 8: FadeOut(VGroup of 6 submobjects):  93%|#########3| 56/60 [00:03<00:00, 15.60it/s]
Animation 8: FadeOut(VGroup of 6 submobjects):  97%|#########6| 58/60 [00:03<00:00, 15.81it/s]
Animation 8: FadeOut(VGroup of 6 submobjects): 100%|##########| 60/60 [00:03<00:00, 16.41it/s]
[09/11/26 11:02:45] INFO     Animation 8 : Partial     scene_file_writer.py:192
                             movie file written in                             
                             'C:\Users\Nacho\Documents                         
                             \Animaciones\Capitulo                             
                             13\media\videos\s05_por_q                         
                             ue\1080p60\partial_movie_                         
                             files\PorQueFunciona\2932                         
                             440949_2950164134_2760011                         
                             316.mp4'                                          
                                                                                              

Animation 9: FadeIn(Text('la fase: alinea todo en n = 0')):   0%|          | 0/60 [00:00<?, ?it/s]
Animation 9: FadeIn(Text('la fase: alinea todo en n = 0')):   8%|8         | 5/60 [00:00<00:01, 44.11it/s]
Animation 9: FadeIn(Text('la fase: alinea todo en n = 0')):  17%|#6        | 10/60 [00:00<00:01, 41.81it/s]
Animation 9: FadeIn(Text('la fase: alinea todo en n = 0')):  25%|##5       | 15/60 [00:00<00:01, 40.40it/s]
Animation 9: FadeIn(Text('la fase: alinea todo en n = 0')):  33%|###3      | 20/60 [00:00<00:01, 39.80it/s]
Animation 9: FadeIn(Text('la fase: alinea todo en n = 0')):  40%|####      | 24/60 [00:00<00:00, 39.20it/s]
Animation 9: FadeIn(Text('la fase: alinea todo en n = 0')):  47%|####6     | 28/60 [00:00<00:00, 38.96it/s]
Animation 9: FadeIn(Text('la fase: alinea todo en n = 0')):  53%|#####3    | 32/60 [00:00<00:00, 38.88it/s]
Animation 9: FadeIn(Text('la fase: alinea todo en n = 0')):  60%|######    | 36/60 [00:00<00:00, 39.18it/s]
Animation 9: FadeIn(Text('la fase: alinea todo en n = 0')):  67%|######6   | 40/60 [00:01<00:00, 39.11it/s]
Animation 9: FadeIn(Text('la fase: alinea todo en n = 0')):  73%|#######3  | 44/60 [00:01<00:00, 34.84it/s]
Animation 9: FadeIn(Text('la fase: alinea todo en n = 0')):  80%|########  | 48/60 [00:01<00:00, 32.50it/s]
Animation 9: FadeIn(Text('la fase: alinea todo en n = 0')):  87%|########6 | 52/60 [00:01<00:00, 31.77it/s]
Animation 9: FadeIn(Text('la fase: alinea todo en n = 0')):  93%|#########3| 56/60 [00:01<00:00, 31.78it/s]
Animation 9: FadeIn(Text('la fase: alinea todo en n = 0')): 100%|##########| 60/60 [00:01<00:00, 32.94it/s]
[09/11/26 11:02:47] INFO     Animation 9 : Partial     scene_file_writer.py:192
                             movie file written in                             
                             'C:\Users\Nacho\Documents                         
                             \Animaciones\Capitulo                             
                             13\media\videos\s05_por_q                         
                             ue\1080p60\partial_movie_                         
                             files\PorQueFunciona\2932                         
                             440949_2111838943_3156244                         
                             523.mp4'                                          
                                                                                                           

Animation 10: Create(Axes of 2 submobjects), etc.:   0%|          | 0/60 [00:00<?, ?it/s]
Animation 10: Create(Axes of 2 submobjects), etc.:  15%|#5        | 9/60 [00:00<00:00, 83.06it/s]
Animation 10: Create(Axes of 2 submobjects), etc.:  30%|###       | 18/60 [00:00<00:00, 66.41it/s]
Animation 10: Create(Axes of 2 submobjects), etc.:  42%|####1     | 25/60 [00:00<00:00, 62.71it/s]
Animation 10: Create(Axes of 2 submobjects), etc.:  53%|#####3    | 32/60 [00:00<00:00, 63.59it/s]
Animation 10: Create(Axes of 2 submobjects), etc.:  65%|######5   | 39/60 [00:00<00:00, 64.28it/s]
Animation 10: Create(Axes of 2 submobjects), etc.:  77%|#######6  | 46/60 [00:00<00:00, 65.46it/s]
Animation 10: Create(Axes of 2 submobjects), etc.:  88%|########8 | 53/60 [00:00<00:00, 63.08it/s]
Animation 10: Create(Axes of 2 submobjects), etc.: 100%|##########| 60/60 [00:00<00:00, 64.68it/s]
[09/11/26 11:02:49] INFO     Animation 10 : Partial    scene_file_writer.py:192
                             movie file written in                             
                             'C:\Users\Nacho\Documents                         
                             \Animaciones\Capitulo                             
                             13\media\videos\s05_por_q                         
                             ue\1080p60\partial_movie_                         
                             files\PorQueFunciona\2932                         
                             440949_1012856529_2856785                         
                             191.mp4'                                          
                                                                                                  

Animation 11: Create(ParametricFunction), etc.:   0%|          | 0/60 [00:00<?, ?it/s]
Animation 11: Create(ParametricFunction), etc.:  15%|#5        | 9/60 [00:00<00:00, 82.92it/s]
Animation 11: Create(ParametricFunction), etc.:  30%|###       | 18/60 [00:00<00:00, 61.93it/s]
Animation 11: Create(ParametricFunction), etc.:  43%|####3     | 26/60 [00:00<00:00, 64.96it/s]
Animation 11: Create(ParametricFunction), etc.:  55%|#####5    | 33/60 [00:00<00:00, 62.44it/s]
Animation 11: Create(ParametricFunction), etc.:  67%|######6   | 40/60 [00:00<00:00, 60.49it/s]
Animation 11: Create(ParametricFunction), etc.:  78%|#######8  | 47/60 [00:00<00:00, 54.56it/s]
Animation 11: Create(ParametricFunction), etc.:  88%|########8 | 53/60 [00:00<00:00, 48.44it/s]
Animation 11: Create(ParametricFunction), etc.:  97%|#########6| 58/60 [00:01<00:00, 44.98it/s]
[09/11/26 11:02:51] INFO     Animation 11 : Partial    scene_file_writer.py:192
                             movie file written in                             
                             'C:\Users\Nacho\Documents                         
                             \Animaciones\Capitulo                             
                             13\media\videos\s05_por_q                         
                             ue\1080p60\partial_movie_                         
                             files\PorQueFunciona\2932                         
                             440949_203516985_45340359                         
                             0.mp4'                                            
                                                                                               

Animation 12: FadeIn(Text('cada componente de frecuencia llega con su propia fase')):   0%|          | 0/60 [00:00<?, 
?it/s]
Animation 12: FadeIn(Text('cada componente de frecuencia llega con su propia fase')):   7%|6         | 4/60 
[00:00<00:01, 33.60it/s]
Animation 12: FadeIn(Text('cada componente de frecuencia llega con su propia fase')):  13%|#3        | 8/60 
[00:00<00:01, 31.20it/s]
Animation 12: FadeIn(Text('cada componente de frecuencia llega con su propia fase')):  20%|##        | 12/60 
[00:00<00:01, 30.08it/s]
Animation 12: FadeIn(Text('cada componente de frecuencia llega con su propia fase')):  27%|##6       | 16/60 
[00:00<00:01, 31.02it/s]
Animation 12: FadeIn(Text('cada componente de frecuencia llega con su propia fase')):  33%|###3      | 20/60 
[00:00<00:01, 30.78it/s]
Animation 12: FadeIn(Text('cada componente de frecuencia llega con su propia fase')):  40%|####      | 24/60 
[00:00<00:01, 30.26it/s]
Animation 12: FadeIn(Text('cada componente de frecuencia llega con su propia fase')):  47%|####6     | 28/60 
[00:00<00:01, 30.09it/s]
Animation 12: FadeIn(Text('cada componente de frecuencia llega con su propia fase')):  53%|#####3    | 32/60 
[00:01<00:00, 29.42it/s]
Animation 12: FadeIn(Text('cada componente de frecuencia llega con su propia fase')):  58%|#####8    | 35/60 
[00:01<00:00, 29.05it/s]
Animation 12: FadeIn(Text('cada componente de frecuencia llega con su propia fase')):  63%|######3   | 38/60 
[00:01<00:00, 28.81it/s]
Animation 12: FadeIn(Text('cada componente de frecuencia llega con su propia fase')):  68%|######8   | 41/60 
[00:01<00:00, 29.01it/s]
Animation 12: FadeIn(Text('cada componente de frecuencia llega con su propia fase')):  73%|#######3  | 44/60 
[00:01<00:00, 25.29it/s]
Animation 12: FadeIn(Text('cada componente de frecuencia llega con su propia fase')):  78%|#######8  | 47/60 
[00:01<00:00, 24.30it/s]
Animation 12: FadeIn(Text('cada componente de frecuencia llega con su propia fase')):  83%|########3 | 50/60 
[00:01<00:00, 24.66it/s]
Animation 12: FadeIn(Text('cada componente de frecuencia llega con su propia fase')):  88%|########8 | 53/60 
[00:01<00:00, 25.27it/s]
Animation 12: FadeIn(Text('cada componente de frecuencia llega con su propia fase')):  93%|#########3| 56/60 
[00:02<00:00, 25.67it/s]
Animation 12: FadeIn(Text('cada componente de frecuencia llega con su propia fase')):  98%|#########8| 59/60 
[00:02<00:00, 26.19it/s]
[09/11/26 11:02:55] INFO     Animation 12 : Partial    scene_file_writer.py:192
                             movie file written in                             
                             'C:\Users\Nacho\Documents                         
                             \Animaciones\Capitulo                             
                             13\media\videos\s05_por_q                         
                             ue\1080p60\partial_movie_                         
                             files\PorQueFunciona\2932                         
                             440949_3536146644_4262415                         
                             11.mp4'                                           
[09/11/26 11:02:57] INFO     Animation 13 : Partial    scene_file_writer.py:192
                             movie file written in                             
                             'C:\Users\Nacho\Documents                         
                             \Animaciones\Capitulo                             
                             13\media\videos\s05_por_q                         
                             ue\1080p60\partial_movie_                         
                             files\PorQueFunciona\2932                         
                             440949_4163062370_4164955                         
                             962.mp4'                                          
                                                                                                                       
              

Animation 14: Transform(ParametricFunction), etc.:   0%|          | 0/96 [00:00<?, ?it/s]
Animation 14: Transform(ParametricFunction), etc.:   3%|3         | 3/96 [00:00<00:03, 27.87it/s]
Animation 14: Transform(ParametricFunction), etc.:   6%|6         | 6/96 [00:00<00:03, 28.01it/s]
Animation 14: Transform(ParametricFunction), etc.:   9%|9         | 9/96 [00:00<00:03, 27.80it/s]
Animation 14: Transform(ParametricFunction), etc.:  12%|#2        | 12/96 [00:00<00:03, 27.73it/s]
Animation 14: Transform(ParametricFunction), etc.:  16%|#5        | 15/96 [00:00<00:02, 27.73it/s]
Animation 14: Transform(ParametricFunction), etc.:  19%|#8        | 18/96 [00:00<00:02, 27.69it/s]
Animation 14: Transform(ParametricFunction), etc.:  22%|##1       | 21/96 [00:00<00:02, 27.68it/s]
Animation 14: Transform(ParametricFunction), etc.:  25%|##5       | 24/96 [00:00<00:02, 27.74it/s]
Animation 14: Transform(ParametricFunction), etc.:  28%|##8       | 27/96 [00:00<00:02, 27.91it/s]
Animation 14: Transform(ParametricFunction), etc.:  31%|###1      | 30/96 [00:01<00:02, 28.06it/s]
Animation 14: Transform(ParametricFunction), etc.:  34%|###4      | 33/96 [00:01<00:02, 28.05it/s]
Animation 14: Transform(ParametricFunction), etc.:  38%|###7      | 36/96 [00:01<00:02, 28.05it/s]
Animation 14: Transform(ParametricFunction), etc.:  41%|####      | 39/96 [00:01<00:02, 28.12it/s]
Animation 14: Transform(ParametricFunction), etc.:  44%|####3     | 42/96 [00:01<00:01, 28.04it/s]
Animation 14: Transform(ParametricFunction), etc.:  47%|####6     | 45/96 [00:01<00:02, 21.91it/s]
Animation 14: Transform(ParametricFunction), etc.:  50%|#####     | 48/96 [00:01<00:02, 22.60it/s]
Animation 14: Transform(ParametricFunction), etc.:  53%|#####3    | 51/96 [00:01<00:01, 23.53it/s]
Animation 14: Transform(ParametricFunction), etc.:  56%|#####6    | 54/96 [00:02<00:01, 23.85it/s]
Animation 14: Transform(ParametricFunction), etc.:  59%|#####9    | 57/96 [00:02<00:01, 23.09it/s]
Animation 14: Transform(ParametricFunction), etc.:  62%|######2   | 60/96 [00:02<00:01, 23.41it/s]
Animation 14: Transform(ParametricFunction), etc.:  66%|######5   | 63/96 [00:02<00:01, 24.31it/s]
Animation 14: Transform(ParametricFunction), etc.:  69%|######8   | 66/96 [00:02<00:01, 24.50it/s]
Animation 14: Transform(ParametricFunction), etc.:  72%|#######1  | 69/96 [00:02<00:01, 24.01it/s]
Animation 14: Transform(ParametricFunction), etc.:  75%|#######5  | 72/96 [00:02<00:00, 24.65it/s]
Animation 14: Transform(ParametricFunction), etc.:  78%|#######8  | 75/96 [00:02<00:00, 24.64it/s]
Animation 14: Transform(ParametricFunction), etc.:  81%|########1 | 78/96 [00:03<00:00, 24.71it/s]
Animation 14: Transform(ParametricFunction), etc.:  84%|########4 | 81/96 [00:03<00:00, 24.46it/s]
Animation 14: Transform(ParametricFunction), etc.:  88%|########7 | 84/96 [00:03<00:00, 24.68it/s]
Animation 14: Transform(ParametricFunction), etc.:  91%|######### | 87/96 [00:03<00:00, 24.94it/s]
Animation 14: Transform(ParametricFunction), etc.:  94%|#########3| 90/96 [00:03<00:00, 25.10it/s]
Animation 14: Transform(ParametricFunction), etc.:  97%|#########6| 93/96 [00:03<00:00, 25.59it/s]
Animation 14: Transform(ParametricFunction), etc.: 100%|##########| 96/96 [00:03<00:00, 25.27it/s]
[09/11/26 11:03:02] INFO     Animation 14 : Partial    scene_file_writer.py:192
                             movie file written in                             
                             'C:\Users\Nacho\Documents                         
                             \Animaciones\Capitulo                             
                             13\media\videos\s05_por_q                         
                             ue\1080p60\partial_movie_                         
                             files\PorQueFunciona\2932                         
                             440949_1912945392_2490459                         
                             8.mp4'                                            
                                                                                                  

Animation 15: Create(ParametricFunction):   0%|          | 0/60 [00:00<?, ?it/s]
Animation 15: Create(ParametricFunction):  17%|#6        | 10/60 [00:00<00:00, 90.64it/s]
Animation 15: Create(ParametricFunction):  33%|###3      | 20/60 [00:00<00:00, 75.20it/s]
Animation 15: Create(ParametricFunction):  47%|####6     | 28/60 [00:00<00:00, 68.83it/s]
Animation 15: Create(ParametricFunction):  58%|#####8    | 35/60 [00:00<00:00, 63.62it/s]
Animation 15: Create(ParametricFunction):  70%|#######   | 42/60 [00:00<00:00, 61.57it/s]
Animation 15: Create(ParametricFunction):  82%|########1 | 49/60 [00:00<00:00, 58.08it/s]
Animation 15: Create(ParametricFunction):  92%|#########1| 55/60 [00:00<00:00, 57.64it/s]
[09/11/26 11:03:04] INFO     Animation 15 : Partial    scene_file_writer.py:192
                             movie file written in                             
                             'C:\Users\Nacho\Documents                         
                             \Animaciones\Capitulo                             
                             13\media\videos\s05_por_q                         
                             ue\1080p60\partial_movie_                         
                             files\PorQueFunciona\2932                         
                             440949_2524059504_3590551                         
                             156.mp4'                                          
                                                                                         

Animation 16: FadeIn(Dot):   0%|          | 0/60 [00:00<?, ?it/s]
Animation 16: FadeIn(Dot):  17%|#6        | 10/60 [00:00<00:00, 95.64it/s]
Animation 16: FadeIn(Dot):  33%|###3      | 20/60 [00:00<00:00, 76.81it/s]
Animation 16: FadeIn(Dot):  47%|####6     | 28/60 [00:00<00:00, 73.50it/s]
Animation 16: FadeIn(Dot):  60%|######    | 36/60 [00:00<00:00, 72.77it/s]
Animation 16: FadeIn(Dot):  73%|#######3  | 44/60 [00:00<00:00, 73.77it/s]
Animation 16: FadeIn(Dot):  87%|########6 | 52/60 [00:00<00:00, 73.87it/s]
Animation 16: FadeIn(Dot): 100%|##########| 60/60 [00:00<00:00, 70.76it/s]
[09/11/26 11:03:06] INFO     Animation 16 : Partial    scene_file_writer.py:192
                             movie file written in                             
                             'C:\Users\Nacho\Documents                         
                             \Animaciones\Capitulo                             
                             13\media\videos\s05_por_q                         
                             ue\1080p60\partial_movie_                         
                             files\PorQueFunciona\2932                         
                             440949_1301736052_8471562                         
                             91.mp4'                                           
                                                                          

Animation 17: FadeOut(Text('cada componente de frecuencia llega con su propia fase')), etc.:   0%|          | 0/60 
[00:00<?, ?it/s]
Animation 17: FadeOut(Text('cada componente de frecuencia llega con su propia fase')), etc.:   5%|5         | 3/60 
[00:00<00:02, 19.58it/s]
Animation 17: FadeOut(Text('cada componente de frecuencia llega con su propia fase')), etc.:   8%|8         | 5/60 
[00:00<00:02, 18.90it/s]
Animation 17: FadeOut(Text('cada componente de frecuencia llega con su propia fase')), etc.:  12%|#1        | 7/60 
[00:00<00:02, 18.72it/s]
Animation 17: FadeOut(Text('cada componente de frecuencia llega con su propia fase')), etc.:  15%|#5        | 9/60 
[00:00<00:02, 18.46it/s]
Animation 17: FadeOut(Text('cada componente de frecuencia llega con su propia fase')), etc.:  18%|#8        | 11/60 
[00:00<00:02, 18.43it/s]
Animation 17: FadeOut(Text('cada componente de frecuencia llega con su propia fase')), etc.:  22%|##1       | 13/60 
[00:00<00:02, 18.35it/s]
Animation 17: FadeOut(Text('cada componente de frecuencia llega con su propia fase')), etc.:  27%|##6       | 16/60 
[00:00<00:02, 18.83it/s]
Animation 17: FadeOut(Text('cada componente de frecuencia llega con su propia fase')), etc.:  30%|###       | 18/60 
[00:00<00:02, 18.36it/s]
Animation 17: FadeOut(Text('cada componente de frecuencia llega con su propia fase')), etc.:  33%|###3      | 20/60 
[00:01<00:02, 18.25it/s]
Animation 17: FadeOut(Text('cada componente de frecuencia llega con su propia fase')), etc.:  37%|###6      | 22/60 
[00:01<00:02, 17.88it/s]
Animation 17: FadeOut(Text('cada componente de frecuencia llega con su propia fase')), etc.:  40%|####      | 24/60 
[00:01<00:02, 17.81it/s]
Animation 17: FadeOut(Text('cada componente de frecuencia llega con su propia fase')), etc.:  43%|####3     | 26/60 
[00:01<00:01, 17.39it/s]
Animation 17: FadeOut(Text('cada componente de frecuencia llega con su propia fase')), etc.:  47%|####6     | 28/60 
[00:01<00:01, 17.15it/s]
Animation 17: FadeOut(Text('cada componente de frecuencia llega con su propia fase')), etc.:  50%|#####     | 30/60 
[00:01<00:01, 17.35it/s]
Animation 17: FadeOut(Text('cada componente de frecuencia llega con su propia fase')), etc.:  53%|#####3    | 32/60 
[00:01<00:01, 17.74it/s]
Animation 17: FadeOut(Text('cada componente de frecuencia llega con su propia fase')), etc.:  57%|#####6    | 34/60 
[00:01<00:01, 17.59it/s]
Animation 17: FadeOut(Text('cada componente de frecuencia llega con su propia fase')), etc.:  60%|######    | 36/60 
[00:02<00:01, 17.60it/s]
Animation 17: FadeOut(Text('cada componente de frecuencia llega con su propia fase')), etc.:  63%|######3   | 38/60 
[00:02<00:01, 17.36it/s]
Animation 17: FadeOut(Text('cada componente de frecuencia llega con su propia fase')), etc.:  67%|######6   | 40/60 
[00:02<00:01, 17.43it/s]
Animation 17: FadeOut(Text('cada componente de frecuencia llega con su propia fase')), etc.:  70%|#######   | 42/60 
[00:02<00:01, 17.53it/s]
Animation 17: FadeOut(Text('cada componente de frecuencia llega con su propia fase')), etc.:  73%|#######3  | 44/60 
[00:02<00:01, 14.24it/s]
Animation 17: FadeOut(Text('cada componente de frecuencia llega con su propia fase')), etc.:  77%|#######6  | 46/60 
[00:02<00:00, 15.04it/s]
Animation 17: FadeOut(Text('cada componente de frecuencia llega con su propia fase')), etc.:  80%|########  | 48/60 
[00:02<00:00, 15.42it/s]
Animation 17: FadeOut(Text('cada componente de frecuencia llega con su propia fase')), etc.:  83%|########3 | 50/60 
[00:02<00:00, 15.80it/s]
Animation 17: FadeOut(Text('cada componente de frecuencia llega con su propia fase')), etc.:  87%|########6 | 52/60 
[00:03<00:00, 15.85it/s]
Animation 17: FadeOut(Text('cada componente de frecuencia llega con su propia fase')), etc.:  90%|######### | 54/60 
[00:03<00:00, 15.98it/s]
Animation 17: FadeOut(Text('cada componente de frecuencia llega con su propia fase')), etc.:  93%|#########3| 56/60 
[00:03<00:00, 15.81it/s]
Animation 17: FadeOut(Text('cada componente de frecuencia llega con su propia fase')), etc.:  97%|#########6| 58/60 
[00:03<00:00, 15.95it/s]
Animation 17: FadeOut(Text('cada componente de frecuencia llega con su propia fase')), etc.: 100%|##########| 60/60 
[00:03<00:00, 16.12it/s]
[09/11/26 11:03:11] INFO     Animation 17 : Partial    scene_file_writer.py:192
                             movie file written in                             
                             'C:\Users\Nacho\Documents                         
                             \Animaciones\Capitulo                             
                             13\media\videos\s05_por_q                         
                             ue\1080p60\partial_movie_                         
                             files\PorQueFunciona\2932                         
                             440949_1382583395_3258103                         
                             744.mp4'                                          
[09/11/26 11:03:15] INFO     Animation 18 : Partial    scene_file_writer.py:192
                             movie file written in                             
                             'C:\Users\Nacho\Documents                         
                             \Animaciones\Capitulo                             
                             13\media\videos\s05_por_q                         
                             ue\1080p60\partial_movie_                         
                             files\PorQueFunciona\2932                         
                             440949_499328632_16728082                         
                             41.mp4'                                           
                                                                                                                       
                     

Animation 19: FadeOut(VGroup of 8 submobjects):   0%|          | 0/60 [00:00<?, ?it/s]
Animation 19: FadeOut(VGroup of 8 submobjects):   3%|3         | 2/60 [00:00<00:03, 16.03it/s]
Animation 19: FadeOut(VGroup of 8 submobjects):   7%|6         | 4/60 [00:00<00:03, 16.04it/s]
Animation 19: FadeOut(VGroup of 8 submobjects):  10%|#         | 6/60 [00:00<00:03, 15.51it/s]
Animation 19: FadeOut(VGroup of 8 submobjects):  13%|#3        | 8/60 [00:00<00:03, 15.45it/s]
Animation 19: FadeOut(VGroup of 8 submobjects):  17%|#6        | 10/60 [00:00<00:03, 15.14it/s]
Animation 19: FadeOut(VGroup of 8 submobjects):  20%|##        | 12/60 [00:00<00:03, 15.03it/s]
Animation 19: FadeOut(VGroup of 8 submobjects):  23%|##3       | 14/60 [00:00<00:03, 15.23it/s]
Animation 19: FadeOut(VGroup of 8 submobjects):  27%|##6       | 16/60 [00:01<00:02, 15.08it/s]
Animation 19: FadeOut(VGroup of 8 submobjects):  30%|###       | 18/60 [00:01<00:02, 14.98it/s]
Animation 19: FadeOut(VGroup of 8 submobjects):  33%|###3      | 20/60 [00:01<00:02, 14.99it/s]
Animation 19: FadeOut(VGroup of 8 submobjects):  37%|###6      | 22/60 [00:01<00:02, 15.08it/s]
Animation 19: FadeOut(VGroup of 8 submobjects):  40%|####      | 24/60 [00:01<00:02, 15.07it/s]
Animation 19: FadeOut(VGroup of 8 submobjects):  43%|####3     | 26/60 [00:01<00:02, 15.09it/s]
Animation 19: FadeOut(VGroup of 8 submobjects):  47%|####6     | 28/60 [00:01<00:02, 14.91it/s]
Animation 19: FadeOut(VGroup of 8 submobjects):  50%|#####     | 30/60 [00:01<00:02, 14.78it/s]
Animation 19: FadeOut(VGroup of 8 submobjects):  53%|#####3    | 32/60 [00:02<00:01, 15.02it/s]
Animation 19: FadeOut(VGroup of 8 submobjects):  57%|#####6    | 34/60 [00:02<00:01, 15.09it/s]
Animation 19: FadeOut(VGroup of 8 submobjects):  60%|######    | 36/60 [00:02<00:01, 15.27it/s]
Animation 19: FadeOut(VGroup of 8 submobjects):  63%|######3   | 38/60 [00:02<00:01, 15.16it/s]
Animation 19: FadeOut(VGroup of 8 submobjects):  67%|######6   | 40/60 [00:02<00:01, 15.21it/s]
Animation 19: FadeOut(VGroup of 8 submobjects):  70%|#######   | 42/60 [00:02<00:01, 15.00it/s]
Animation 19: FadeOut(VGroup of 8 submobjects):  73%|#######3  | 44/60 [00:02<00:01, 12.66it/s]
Animation 19: FadeOut(VGroup of 8 submobjects):  77%|#######6  | 46/60 [00:03<00:01, 12.90it/s]
Animation 19: FadeOut(VGroup of 8 submobjects):  80%|########  | 48/60 [00:03<00:00, 12.90it/s]
Animation 19: FadeOut(VGroup of 8 submobjects):  83%|########3 | 50/60 [00:03<00:00, 13.30it/s]
Animation 19: FadeOut(VGroup of 8 submobjects):  87%|########6 | 52/60 [00:03<00:00, 13.38it/s]
Animation 19: FadeOut(VGroup of 8 submobjects):  90%|######### | 54/60 [00:03<00:00, 13.83it/s]
Animation 19: FadeOut(VGroup of 8 submobjects):  93%|#########3| 56/60 [00:03<00:00, 13.95it/s]
Animation 19: FadeOut(VGroup of 8 submobjects):  97%|#########6| 58/60 [00:03<00:00, 14.01it/s]
Animation 19: FadeOut(VGroup of 8 submobjects): 100%|##########| 60/60 [00:04<00:00, 14.83it/s]
[09/11/26 11:03:21] INFO     Animation 19 : Partial    scene_file_writer.py:192
                             movie file written in                             
                             'C:\Users\Nacho\Documents                         
                             \Animaciones\Capitulo                             
                             13\media\videos\s05_por_q                         
                             ue\1080p60\partial_movie_                         
                             files\PorQueFunciona\2932                         
                             440949_475474731_34499558                         
                             18.mp4'                                           
                                                                                               

Animation 20: FadeIn(Text('¿Y sin suponer que el ruido es gaussiano?')):   0%|          | 0/60 [00:00<?, ?it/s]
Animation 20: FadeIn(Text('¿Y sin suponer que el ruido es gaussiano?')):   7%|6         | 4/60 [00:00<00:01, 36.70it/s]
Animation 20: FadeIn(Text('¿Y sin suponer que el ruido es gaussiano?')):  13%|#3        | 8/60 [00:00<00:01, 33.24it/s]
Animation 20: FadeIn(Text('¿Y sin suponer que el ruido es gaussiano?')):  20%|##        | 12/60 [00:00<00:01, 
32.33it/s]
Animation 20: FadeIn(Text('¿Y sin suponer que el ruido es gaussiano?')):  27%|##6       | 16/60 [00:00<00:01, 
32.41it/s]
Animation 20: FadeIn(Text('¿Y sin suponer que el ruido es gaussiano?')):  33%|###3      | 20/60 [00:00<00:01, 
32.43it/s]
Animation 20: FadeIn(Text('¿Y sin suponer que el ruido es gaussiano?')):  40%|####      | 24/60 [00:00<00:01, 
31.81it/s]
Animation 20: FadeIn(Text('¿Y sin suponer que el ruido es gaussiano?')):  47%|####6     | 28/60 [00:00<00:00, 
32.87it/s]
Animation 20: FadeIn(Text('¿Y sin suponer que el ruido es gaussiano?')):  53%|#####3    | 32/60 [00:00<00:00, 
33.56it/s]
Animation 20: FadeIn(Text('¿Y sin suponer que el ruido es gaussiano?')):  60%|######    | 36/60 [00:01<00:00, 
33.21it/s]
Animation 20: FadeIn(Text('¿Y sin suponer que el ruido es gaussiano?')):  67%|######6   | 40/60 [00:01<00:00, 
32.37it/s]
Animation 20: FadeIn(Text('¿Y sin suponer que el ruido es gaussiano?')):  73%|#######3  | 44/60 [00:01<00:00, 
28.19it/s]
Animation 20: FadeIn(Text('¿Y sin suponer que el ruido es gaussiano?')):  78%|#######8  | 47/60 [00:01<00:00, 
27.19it/s]
Animation 20: FadeIn(Text('¿Y sin suponer que el ruido es gaussiano?')):  83%|########3 | 50/60 [00:01<00:00, 
26.44it/s]
Animation 20: FadeIn(Text('¿Y sin suponer que el ruido es gaussiano?')):  88%|########8 | 53/60 [00:01<00:00, 
27.21it/s]
Animation 20: FadeIn(Text('¿Y sin suponer que el ruido es gaussiano?')):  93%|#########3| 56/60 [00:01<00:00, 
27.83it/s]
Animation 20: FadeIn(Text('¿Y sin suponer que el ruido es gaussiano?')): 100%|##########| 60/60 [00:01<00:00, 
28.54it/s]
[09/11/26 11:03:24] INFO     Animation 20 : Partial    scene_file_writer.py:192
                             movie file written in                             
                             'C:\Users\Nacho\Documents                         
                             \Animaciones\Capitulo                             
                             13\media\videos\s05_por_q                         
                             ue\1080p60\partial_movie_                         
                             files\PorQueFunciona\2932                         
                             440949_3628027429_2858980                         
                             695.mp4'                                          
                                                                                                                       
 

Animation 21: FadeIn(Text('¿qué filtro LTI maximiza el SNR de salida?')):   0%|          | 0/60 [00:00<?, ?it/s]
Animation 21: FadeIn(Text('¿qué filtro LTI maximiza el SNR de salida?')):   7%|6         | 4/60 [00:00<00:01, 
36.52it/s]
Animation 21: FadeIn(Text('¿qué filtro LTI maximiza el SNR de salida?')):  13%|#3        | 8/60 [00:00<00:01, 
33.55it/s]
Animation 21: FadeIn(Text('¿qué filtro LTI maximiza el SNR de salida?')):  20%|##        | 12/60 [00:00<00:01, 
32.50it/s]
Animation 21: FadeIn(Text('¿qué filtro LTI maximiza el SNR de salida?')):  27%|##6       | 16/60 [00:00<00:01, 
32.50it/s]
Animation 21: FadeIn(Text('¿qué filtro LTI maximiza el SNR de salida?')):  33%|###3      | 20/60 [00:00<00:01, 
32.28it/s]
Animation 21: FadeIn(Text('¿qué filtro LTI maximiza el SNR de salida?')):  40%|####      | 24/60 [00:00<00:01, 
32.35it/s]
Animation 21: FadeIn(Text('¿qué filtro LTI maximiza el SNR de salida?')):  47%|####6     | 28/60 [00:00<00:00, 
34.26it/s]
Animation 21: FadeIn(Text('¿qué filtro LTI maximiza el SNR de salida?')):  53%|#####3    | 32/60 [00:00<00:00, 
33.73it/s]
Animation 21: FadeIn(Text('¿qué filtro LTI maximiza el SNR de salida?')):  60%|######    | 36/60 [00:01<00:00, 
33.03it/s]
Animation 21: FadeIn(Text('¿qué filtro LTI maximiza el SNR de salida?')):  67%|######6   | 40/60 [00:01<00:00, 
32.74it/s]
Animation 21: FadeIn(Text('¿qué filtro LTI maximiza el SNR de salida?')):  73%|#######3  | 44/60 [00:01<00:00, 
29.05it/s]
Animation 21: FadeIn(Text('¿qué filtro LTI maximiza el SNR de salida?')):  78%|#######8  | 47/60 [00:01<00:00, 
27.79it/s]
Animation 21: FadeIn(Text('¿qué filtro LTI maximiza el SNR de salida?')):  83%|########3 | 50/60 [00:01<00:00, 
27.62it/s]
Animation 21: FadeIn(Text('¿qué filtro LTI maximiza el SNR de salida?')):  88%|########8 | 53/60 [00:01<00:00, 
27.84it/s]
Animation 21: FadeIn(Text('¿qué filtro LTI maximiza el SNR de salida?')):  93%|#########3| 56/60 [00:01<00:00, 
27.78it/s]
Animation 21: FadeIn(Text('¿qué filtro LTI maximiza el SNR de salida?')):  98%|#########8| 59/60 [00:01<00:00, 
28.36it/s]
[09/11/26 11:03:27] INFO     Animation 21 : Partial    scene_file_writer.py:192
                             movie file written in                             
                             'C:\Users\Nacho\Documents                         
                             \Animaciones\Capitulo                             
                             13\media\videos\s05_por_q                         
                             ue\1080p60\partial_movie_                         
                             files\PorQueFunciona\2932                         
                             440949_4123403753_2208951                         
                             436.mp4'                                          
[09/11/26 11:03:29] INFO     Animation 22 : Partial    scene_file_writer.py:192
                             movie file written in                             
                             'C:\Users\Nacho\Documents                         
                             \Animaciones\Capitulo                             
                             13\media\videos\s05_por_q                         
                             ue\1080p60\partial_movie_                         
                             files\PorQueFunciona\2932                         
                             440949_3810316983_8781084                         
                             07.mp4'                                           
                                                                                                                       
  

Animation 23: Write(MathTex('\\text{SNR}_{out}=\\frac{\\big(\\sum s[n]h[-n]\\big)^2}{\\sigma^2\\sum h^2[-n]}')):   0%| 
         | 0/120 [00:00<?, ?it/s]
Animation 23: Write(MathTex('\\text{SNR}_{out}=\\frac{\\big(\\sum s[n]h[-n]\\big)^2}{\\sigma^2\\sum h^2[-n]}')):   
4%|4         | 5/120 [00:00<00:03, 35.38it/s]
Animation 23: Write(MathTex('\\text{SNR}_{out}=\\frac{\\big(\\sum s[n]h[-n]\\big)^2}{\\sigma^2\\sum h^2[-n]}')):   
8%|7         | 9/120 [00:00<00:03, 29.87it/s]
Animation 23: Write(MathTex('\\text{SNR}_{out}=\\frac{\\big(\\sum s[n]h[-n]\\big)^2}{\\sigma^2\\sum h^2[-n]}')):  
11%|#         | 13/120 [00:00<00:03, 30.24it/s]
Animation 23: Write(MathTex('\\text{SNR}_{out}=\\frac{\\big(\\sum s[n]h[-n]\\big)^2}{\\sigma^2\\sum h^2[-n]}')):  
14%|#4        | 17/120 [00:00<00:03, 31.96it/s]
Animation 23: Write(MathTex('\\text{SNR}_{out}=\\frac{\\big(\\sum s[n]h[-n]\\big)^2}{\\sigma^2\\sum h^2[-n]}')):  
18%|#7        | 21/120 [00:00<00:02, 33.01it/s]
Animation 23: Write(MathTex('\\text{SNR}_{out}=\\frac{\\big(\\sum s[n]h[-n]\\big)^2}{\\sigma^2\\sum h^2[-n]}')):  
21%|##        | 25/120 [00:00<00:02, 33.34it/s]
Animation 23: Write(MathTex('\\text{SNR}_{out}=\\frac{\\big(\\sum s[n]h[-n]\\big)^2}{\\sigma^2\\sum h^2[-n]}')):  
24%|##4       | 29/120 [00:00<00:02, 32.92it/s]
Animation 23: Write(MathTex('\\text{SNR}_{out}=\\frac{\\big(\\sum s[n]h[-n]\\big)^2}{\\sigma^2\\sum h^2[-n]}')):  
28%|##7       | 33/120 [00:01<00:02, 31.82it/s]
Animation 23: Write(MathTex('\\text{SNR}_{out}=\\frac{\\big(\\sum s[n]h[-n]\\big)^2}{\\sigma^2\\sum h^2[-n]}')):  
31%|###       | 37/120 [00:01<00:02, 33.17it/s]
Animation 23: Write(MathTex('\\text{SNR}_{out}=\\frac{\\big(\\sum s[n]h[-n]\\big)^2}{\\sigma^2\\sum h^2[-n]}')):  
34%|###4      | 41/120 [00:01<00:02, 33.51it/s]
Animation 23: Write(MathTex('\\text{SNR}_{out}=\\frac{\\big(\\sum s[n]h[-n]\\big)^2}{\\sigma^2\\sum h^2[-n]}')):  
38%|###7      | 45/120 [00:01<00:02, 29.12it/s]
Animation 23: Write(MathTex('\\text{SNR}_{out}=\\frac{\\big(\\sum s[n]h[-n]\\big)^2}{\\sigma^2\\sum h^2[-n]}')):  
41%|####      | 49/120 [00:01<00:02, 28.93it/s]
Animation 23: Write(MathTex('\\text{SNR}_{out}=\\frac{\\big(\\sum s[n]h[-n]\\big)^2}{\\sigma^2\\sum h^2[-n]}')):  
43%|####3     | 52/120 [00:01<00:02, 28.49it/s]
Animation 23: Write(MathTex('\\text{SNR}_{out}=\\frac{\\big(\\sum s[n]h[-n]\\big)^2}{\\sigma^2\\sum h^2[-n]}')):  
47%|####6     | 56/120 [00:01<00:02, 30.22it/s]
Animation 23: Write(MathTex('\\text{SNR}_{out}=\\frac{\\big(\\sum s[n]h[-n]\\big)^2}{\\sigma^2\\sum h^2[-n]}')):  
50%|#####     | 60/120 [00:01<00:01, 30.49it/s]
Animation 23: Write(MathTex('\\text{SNR}_{out}=\\frac{\\big(\\sum s[n]h[-n]\\big)^2}{\\sigma^2\\sum h^2[-n]}')):  
53%|#####3    | 64/120 [00:02<00:01, 30.29it/s]
Animation 23: Write(MathTex('\\text{SNR}_{out}=\\frac{\\big(\\sum s[n]h[-n]\\big)^2}{\\sigma^2\\sum h^2[-n]}')):  
57%|#####6    | 68/120 [00:02<00:01, 29.77it/s]
Animation 23: Write(MathTex('\\text{SNR}_{out}=\\frac{\\big(\\sum s[n]h[-n]\\big)^2}{\\sigma^2\\sum h^2[-n]}')):  
60%|######    | 72/120 [00:02<00:01, 29.68it/s]
Animation 23: Write(MathTex('\\text{SNR}_{out}=\\frac{\\big(\\sum s[n]h[-n]\\big)^2}{\\sigma^2\\sum h^2[-n]}')):  
63%|######3   | 76/120 [00:02<00:01, 29.81it/s]
Animation 23: Write(MathTex('\\text{SNR}_{out}=\\frac{\\big(\\sum s[n]h[-n]\\big)^2}{\\sigma^2\\sum h^2[-n]}')):  
66%|######5   | 79/120 [00:02<00:01, 29.84it/s]
Animation 23: Write(MathTex('\\text{SNR}_{out}=\\frac{\\big(\\sum s[n]h[-n]\\big)^2}{\\sigma^2\\sum h^2[-n]}')):  
68%|######8   | 82/120 [00:02<00:01, 29.72it/s]
Animation 23: Write(MathTex('\\text{SNR}_{out}=\\frac{\\big(\\sum s[n]h[-n]\\big)^2}{\\sigma^2\\sum h^2[-n]}')):  
71%|#######   | 85/120 [00:02<00:01, 29.49it/s]
Animation 23: Write(MathTex('\\text{SNR}_{out}=\\frac{\\big(\\sum s[n]h[-n]\\big)^2}{\\sigma^2\\sum h^2[-n]}')):  
74%|#######4  | 89/120 [00:02<00:01, 29.63it/s]
Animation 23: Write(MathTex('\\text{SNR}_{out}=\\frac{\\big(\\sum s[n]h[-n]\\big)^2}{\\sigma^2\\sum h^2[-n]}')):  
78%|#######7  | 93/120 [00:03<00:00, 30.10it/s]
Animation 23: Write(MathTex('\\text{SNR}_{out}=\\frac{\\big(\\sum s[n]h[-n]\\big)^2}{\\sigma^2\\sum h^2[-n]}')):  
81%|########  | 97/120 [00:03<00:00, 30.42it/s]
Animation 23: Write(MathTex('\\text{SNR}_{out}=\\frac{\\big(\\sum s[n]h[-n]\\big)^2}{\\sigma^2\\sum h^2[-n]}')):  
84%|########4 | 101/120 [00:03<00:00, 29.27it/s]
Animation 23: Write(MathTex('\\text{SNR}_{out}=\\frac{\\big(\\sum s[n]h[-n]\\big)^2}{\\sigma^2\\sum h^2[-n]}')):  
88%|########7 | 105/120 [00:03<00:00, 29.68it/s]
Animation 23: Write(MathTex('\\text{SNR}_{out}=\\frac{\\big(\\sum s[n]h[-n]\\big)^2}{\\sigma^2\\sum h^2[-n]}')):  
91%|######### | 109/120 [00:03<00:00, 30.20it/s]
Animation 23: Write(MathTex('\\text{SNR}_{out}=\\frac{\\big(\\sum s[n]h[-n]\\big)^2}{\\sigma^2\\sum h^2[-n]}')):  
94%|#########4| 113/120 [00:03<00:00, 30.40it/s]
Animation 23: Write(MathTex('\\text{SNR}_{out}=\\frac{\\big(\\sum s[n]h[-n]\\big)^2}{\\sigma^2\\sum h^2[-n]}')):  
98%|#########7| 117/120 [00:03<00:00, 30.19it/s]
[09/11/26 11:03:34] INFO     Animation 23 : Partial    scene_file_writer.py:192
                             movie file written in                             
                             'C:\Users\Nacho\Documents                         
                             \Animaciones\Capitulo                             
                             13\media\videos\s05_por_q                         
                             ue\1080p60\partial_movie_                         
                             files\PorQueFunciona\2932                         
                             440949_2518191726_1256202                         
                             119.mp4'                                          
[09/11/26 11:03:36] INFO     Animation 24 : Partial    scene_file_writer.py:192
                             movie file written in                             
                             'C:\Users\Nacho\Documents                         
                             \Animaciones\Capitulo                             
                             13\media\videos\s05_por_q                         
                             ue\1080p60\partial_movie_                         
                             files\PorQueFunciona\2932                         
                             440949_4163062370_2338206                         
                             791.mp4'                                          
                                                                                                                       
                                           

Animation 25: FadeOut(VGroup of 2 submobjects), etc.:   0%|          | 0/60 [00:00<?, ?it/s]
Animation 25: FadeOut(VGroup of 2 submobjects), etc.:   3%|3         | 2/60 [00:00<00:03, 18.48it/s]
Animation 25: FadeOut(VGroup of 2 submobjects), etc.:   7%|6         | 4/60 [00:00<00:02, 18.90it/s]
Animation 25: FadeOut(VGroup of 2 submobjects), etc.:  10%|#         | 6/60 [00:00<00:02, 18.75it/s]
Animation 25: FadeOut(VGroup of 2 submobjects), etc.:  13%|#3        | 8/60 [00:00<00:02, 18.93it/s]
Animation 25: FadeOut(VGroup of 2 submobjects), etc.:  17%|#6        | 10/60 [00:00<00:02, 18.83it/s]
Animation 25: FadeOut(VGroup of 2 submobjects), etc.:  20%|##        | 12/60 [00:00<00:02, 18.89it/s]
Animation 25: FadeOut(VGroup of 2 submobjects), etc.:  23%|##3       | 14/60 [00:00<00:02, 18.65it/s]
Animation 25: FadeOut(VGroup of 2 submobjects), etc.:  27%|##6       | 16/60 [00:00<00:02, 18.76it/s]
Animation 25: FadeOut(VGroup of 2 submobjects), etc.:  30%|###       | 18/60 [00:00<00:02, 18.76it/s]
Animation 25: FadeOut(VGroup of 2 submobjects), etc.:  33%|###3      | 20/60 [00:01<00:02, 18.76it/s]
Animation 25: FadeOut(VGroup of 2 submobjects), etc.:  37%|###6      | 22/60 [00:01<00:02, 18.99it/s]
Animation 25: FadeOut(VGroup of 2 submobjects), etc.:  40%|####      | 24/60 [00:01<00:01, 18.92it/s]
Animation 25: FadeOut(VGroup of 2 submobjects), etc.:  43%|####3     | 26/60 [00:01<00:01, 19.02it/s]
Animation 25: FadeOut(VGroup of 2 submobjects), etc.:  47%|####6     | 28/60 [00:01<00:01, 19.12it/s]
Animation 25: FadeOut(VGroup of 2 submobjects), etc.:  50%|#####     | 30/60 [00:01<00:01, 19.26it/s]
Animation 25: FadeOut(VGroup of 2 submobjects), etc.:  53%|#####3    | 32/60 [00:01<00:01, 19.13it/s]
Animation 25: FadeOut(VGroup of 2 submobjects), etc.:  57%|#####6    | 34/60 [00:01<00:01, 18.91it/s]
Animation 25: FadeOut(VGroup of 2 submobjects), etc.:  60%|######    | 36/60 [00:01<00:01, 19.08it/s]
Animation 25: FadeOut(VGroup of 2 submobjects), etc.:  63%|######3   | 38/60 [00:02<00:01, 18.95it/s]
Animation 25: FadeOut(VGroup of 2 submobjects), etc.:  67%|######6   | 40/60 [00:02<00:01, 19.00it/s]
Animation 25: FadeOut(VGroup of 2 submobjects), etc.:  70%|#######   | 42/60 [00:02<00:00, 19.05it/s]
Animation 25: FadeOut(VGroup of 2 submobjects), etc.:  73%|#######3  | 44/60 [00:02<00:01, 15.96it/s]
Animation 25: FadeOut(VGroup of 2 submobjects), etc.:  77%|#######6  | 46/60 [00:02<00:00, 16.15it/s]
Animation 25: FadeOut(VGroup of 2 submobjects), etc.:  80%|########  | 48/60 [00:02<00:00, 16.30it/s]
Animation 25: FadeOut(VGroup of 2 submobjects), etc.:  83%|########3 | 50/60 [00:02<00:00, 16.72it/s]
Animation 25: FadeOut(VGroup of 2 submobjects), etc.:  87%|########6 | 52/60 [00:02<00:00, 16.51it/s]
Animation 25: FadeOut(VGroup of 2 submobjects), etc.:  90%|######### | 54/60 [00:02<00:00, 16.89it/s]
Animation 25: FadeOut(VGroup of 2 submobjects), etc.:  93%|#########3| 56/60 [00:03<00:00, 17.04it/s]
Animation 25: FadeOut(VGroup of 2 submobjects), etc.:  97%|#########6| 58/60 [00:03<00:00, 17.17it/s]
Animation 25: FadeOut(VGroup of 2 submobjects), etc.: 100%|##########| 60/60 [00:03<00:00, 17.49it/s]
[09/11/26 11:03:42] INFO     Animation 25 : Partial    scene_file_writer.py:192
                             movie file written in                             
                             'C:\Users\Nacho\Documents                         
                             \Animaciones\Capitulo                             
                             13\media\videos\s05_por_q                         
                             ue\1080p60\partial_movie_                         
                             files\PorQueFunciona\2932                         
                             440949_3106552682_3562575                         
                             701.mp4'                                          
                                                                                                     

Animation 26: Write(MathTex('\\Big(\\sum x[n]y[n]\\Big)^2\\leq\\Big(\\sum x^2[n]\\Big)\\Big(\\sum y^2[n]\\Big)')), 
etc.:   0%|          | 0/120 [00:00<?, ?it/s]
Animation 26: Write(MathTex('\\Big(\\sum x[n]y[n]\\Big)^2\\leq\\Big(\\sum x^2[n]\\Big)\\Big(\\sum y^2[n]\\Big)')), 
etc.:   4%|4         | 5/120 [00:00<00:02, 43.86it/s]
Animation 26: Write(MathTex('\\Big(\\sum x[n]y[n]\\Big)^2\\leq\\Big(\\sum x^2[n]\\Big)\\Big(\\sum y^2[n]\\Big)')), 
etc.:   8%|8         | 10/120 [00:00<00:03, 36.55it/s]
Animation 26: Write(MathTex('\\Big(\\sum x[n]y[n]\\Big)^2\\leq\\Big(\\sum x^2[n]\\Big)\\Big(\\sum y^2[n]\\Big)')), 
etc.:  12%|#1        | 14/120 [00:00<00:02, 35.66it/s]
Animation 26: Write(MathTex('\\Big(\\sum x[n]y[n]\\Big)^2\\leq\\Big(\\sum x^2[n]\\Big)\\Big(\\sum y^2[n]\\Big)')), 
etc.:  15%|#5        | 18/120 [00:00<00:02, 34.96it/s]
Animation 26: Write(MathTex('\\Big(\\sum x[n]y[n]\\Big)^2\\leq\\Big(\\sum x^2[n]\\Big)\\Big(\\sum y^2[n]\\Big)')), 
etc.:  18%|#8        | 22/120 [00:00<00:02, 35.23it/s]
Animation 26: Write(MathTex('\\Big(\\sum x[n]y[n]\\Big)^2\\leq\\Big(\\sum x^2[n]\\Big)\\Big(\\sum y^2[n]\\Big)')), 
etc.:  22%|##1       | 26/120 [00:00<00:02, 35.36it/s]
Animation 26: Write(MathTex('\\Big(\\sum x[n]y[n]\\Big)^2\\leq\\Big(\\sum x^2[n]\\Big)\\Big(\\sum y^2[n]\\Big)')), 
etc.:  25%|##5       | 30/120 [00:00<00:02, 35.40it/s]
Animation 26: Write(MathTex('\\Big(\\sum x[n]y[n]\\Big)^2\\leq\\Big(\\sum x^2[n]\\Big)\\Big(\\sum y^2[n]\\Big)')), 
etc.:  28%|##8       | 34/120 [00:00<00:02, 35.53it/s]
Animation 26: Write(MathTex('\\Big(\\sum x[n]y[n]\\Big)^2\\leq\\Big(\\sum x^2[n]\\Big)\\Big(\\sum y^2[n]\\Big)')), 
etc.:  32%|###1      | 38/120 [00:01<00:02, 34.92it/s]
Animation 26: Write(MathTex('\\Big(\\sum x[n]y[n]\\Big)^2\\leq\\Big(\\sum x^2[n]\\Big)\\Big(\\sum y^2[n]\\Big)')), 
etc.:  35%|###5      | 42/120 [00:01<00:02, 35.40it/s]
Animation 26: Write(MathTex('\\Big(\\sum x[n]y[n]\\Big)^2\\leq\\Big(\\sum x^2[n]\\Big)\\Big(\\sum y^2[n]\\Big)')), 
etc.:  38%|###8      | 46/120 [00:01<00:02, 30.87it/s]
Animation 26: Write(MathTex('\\Big(\\sum x[n]y[n]\\Big)^2\\leq\\Big(\\sum x^2[n]\\Big)\\Big(\\sum y^2[n]\\Big)')), 
etc.:  42%|####1     | 50/120 [00:01<00:02, 29.22it/s]
Animation 26: Write(MathTex('\\Big(\\sum x[n]y[n]\\Big)^2\\leq\\Big(\\sum x^2[n]\\Big)\\Big(\\sum y^2[n]\\Big)')), 
etc.:  45%|####5     | 54/120 [00:01<00:02, 29.48it/s]
Animation 26: Write(MathTex('\\Big(\\sum x[n]y[n]\\Big)^2\\leq\\Big(\\sum x^2[n]\\Big)\\Big(\\sum y^2[n]\\Big)')), 
etc.:  48%|####8     | 58/120 [00:01<00:02, 29.71it/s]
Animation 26: Write(MathTex('\\Big(\\sum x[n]y[n]\\Big)^2\\leq\\Big(\\sum x^2[n]\\Big)\\Big(\\sum y^2[n]\\Big)')), 
etc.:  52%|#####1    | 62/120 [00:01<00:01, 29.41it/s]
Animation 26: Write(MathTex('\\Big(\\sum x[n]y[n]\\Big)^2\\leq\\Big(\\sum x^2[n]\\Big)\\Big(\\sum y^2[n]\\Big)')), 
etc.:  54%|#####4    | 65/120 [00:02<00:01, 29.26it/s]
Animation 26: Write(MathTex('\\Big(\\sum x[n]y[n]\\Big)^2\\leq\\Big(\\sum x^2[n]\\Big)\\Big(\\sum y^2[n]\\Big)')), 
etc.:  57%|#####7    | 69/120 [00:02<00:01, 29.43it/s]
Animation 26: Write(MathTex('\\Big(\\sum x[n]y[n]\\Big)^2\\leq\\Big(\\sum x^2[n]\\Big)\\Big(\\sum y^2[n]\\Big)')), 
etc.:  61%|######    | 73/120 [00:02<00:01, 29.73it/s]
Animation 26: Write(MathTex('\\Big(\\sum x[n]y[n]\\Big)^2\\leq\\Big(\\sum x^2[n]\\Big)\\Big(\\sum y^2[n]\\Big)')), 
etc.:  63%|######3   | 76/120 [00:02<00:01, 29.78it/s]
Animation 26: Write(MathTex('\\Big(\\sum x[n]y[n]\\Big)^2\\leq\\Big(\\sum x^2[n]\\Big)\\Big(\\sum y^2[n]\\Big)')), 
etc.:  67%|######6   | 80/120 [00:02<00:01, 29.60it/s]
Animation 26: Write(MathTex('\\Big(\\sum x[n]y[n]\\Big)^2\\leq\\Big(\\sum x^2[n]\\Big)\\Big(\\sum y^2[n]\\Big)')), 
etc.:  69%|######9   | 83/120 [00:02<00:01, 29.52it/s]
Animation 26: Write(MathTex('\\Big(\\sum x[n]y[n]\\Big)^2\\leq\\Big(\\sum x^2[n]\\Big)\\Big(\\sum y^2[n]\\Big)')), 
etc.:  72%|#######1  | 86/120 [00:02<00:01, 29.12it/s]
Animation 26: Write(MathTex('\\Big(\\sum x[n]y[n]\\Big)^2\\leq\\Big(\\sum x^2[n]\\Big)\\Big(\\sum y^2[n]\\Big)')), 
etc.:  75%|#######5  | 90/120 [00:02<00:00, 30.21it/s]
Animation 26: Write(MathTex('\\Big(\\sum x[n]y[n]\\Big)^2\\leq\\Big(\\sum x^2[n]\\Big)\\Big(\\sum y^2[n]\\Big)')), 
etc.:  78%|#######8  | 94/120 [00:02<00:00, 30.00it/s]
Animation 26: Write(MathTex('\\Big(\\sum x[n]y[n]\\Big)^2\\leq\\Big(\\sum x^2[n]\\Big)\\Big(\\sum y^2[n]\\Big)')), 
etc.:  82%|########1 | 98/120 [00:03<00:00, 30.03it/s]
Animation 26: Write(MathTex('\\Big(\\sum x[n]y[n]\\Big)^2\\leq\\Big(\\sum x^2[n]\\Big)\\Big(\\sum y^2[n]\\Big)')), 
etc.:  85%|########5 | 102/120 [00:03<00:00, 29.72it/s]
Animation 26: Write(MathTex('\\Big(\\sum x[n]y[n]\\Big)^2\\leq\\Big(\\sum x^2[n]\\Big)\\Big(\\sum y^2[n]\\Big)')), 
etc.:  88%|########8 | 106/120 [00:03<00:00, 30.06it/s]
Animation 26: Write(MathTex('\\Big(\\sum x[n]y[n]\\Big)^2\\leq\\Big(\\sum x^2[n]\\Big)\\Big(\\sum y^2[n]\\Big)')), 
etc.:  92%|#########1| 110/120 [00:03<00:00, 30.51it/s]
Animation 26: Write(MathTex('\\Big(\\sum x[n]y[n]\\Big)^2\\leq\\Big(\\sum x^2[n]\\Big)\\Big(\\sum y^2[n]\\Big)')), 
etc.:  95%|#########5| 114/120 [00:03<00:00, 30.74it/s]
Animation 26: Write(MathTex('\\Big(\\sum x[n]y[n]\\Big)^2\\leq\\Big(\\sum x^2[n]\\Big)\\Big(\\sum y^2[n]\\Big)')), 
etc.:  98%|#########8| 118/120 [00:03<00:00, 31.26it/s]
[09/11/26 11:03:46] INFO     Animation 26 : Partial    scene_file_writer.py:192
                             movie file written in                             
                             'C:\Users\Nacho\Documents                         
                             \Animaciones\Capitulo                             
                             13\media\videos\s05_por_q                         
                             ue\1080p60\partial_movie_                         
                             files\PorQueFunciona\2932                         
                             440949_3342472259_7375695                         
                             31.mp4'                                           
                                                                                                                       
                                                   

Animation 27: FadeIn(VGroup of 3 submobjects):   0%|          | 0/60 [00:00<?, ?it/s]
Animation 27: FadeIn(VGroup of 3 submobjects):   5%|5         | 3/60 [00:00<00:01, 29.33it/s]
Animation 27: FadeIn(VGroup of 3 submobjects):  10%|#         | 6/60 [00:00<00:01, 27.01it/s]
Animation 27: FadeIn(VGroup of 3 submobjects):  15%|#5        | 9/60 [00:00<00:01, 26.66it/s]
Animation 27: FadeIn(VGroup of 3 submobjects):  20%|##        | 12/60 [00:00<00:01, 25.75it/s]
Animation 27: FadeIn(VGroup of 3 submobjects):  25%|##5       | 15/60 [00:00<00:01, 25.81it/s]
Animation 27: FadeIn(VGroup of 3 submobjects):  30%|###       | 18/60 [00:00<00:01, 25.63it/s]
Animation 27: FadeIn(VGroup of 3 submobjects):  35%|###5      | 21/60 [00:00<00:01, 25.76it/s]
Animation 27: FadeIn(VGroup of 3 submobjects):  40%|####      | 24/60 [00:00<00:01, 25.78it/s]
Animation 27: FadeIn(VGroup of 3 submobjects):  45%|####5     | 27/60 [00:01<00:01, 26.01it/s]
Animation 27: FadeIn(VGroup of 3 submobjects):  50%|#####     | 30/60 [00:01<00:01, 26.08it/s]
Animation 27: FadeIn(VGroup of 3 submobjects):  55%|#####5    | 33/60 [00:01<00:01, 25.84it/s]
Animation 27: FadeIn(VGroup of 3 submobjects):  60%|######    | 36/60 [00:01<00:00, 25.75it/s]
Animation 27: FadeIn(VGroup of 3 submobjects):  65%|######5   | 39/60 [00:01<00:00, 25.63it/s]
Animation 27: FadeIn(VGroup of 3 submobjects):  70%|#######   | 42/60 [00:01<00:00, 25.41it/s]
Animation 27: FadeIn(VGroup of 3 submobjects):  75%|#######5  | 45/60 [00:01<00:00, 20.89it/s]
Animation 27: FadeIn(VGroup of 3 submobjects):  80%|########  | 48/60 [00:01<00:00, 21.43it/s]
Animation 27: FadeIn(VGroup of 3 submobjects):  85%|########5 | 51/60 [00:02<00:00, 22.06it/s]
Animation 27: FadeIn(VGroup of 3 submobjects):  90%|######### | 54/60 [00:02<00:00, 22.34it/s]
Animation 27: FadeIn(VGroup of 3 submobjects):  95%|#########5| 57/60 [00:02<00:00, 22.33it/s]
Animation 27: FadeIn(VGroup of 3 submobjects): 100%|##########| 60/60 [00:02<00:00, 22.67it/s]
[09/11/26 11:03:50] INFO     Animation 27 : Partial    scene_file_writer.py:192
                             movie file written in                             
                             'C:\Users\Nacho\Documents                         
                             \Animaciones\Capitulo                             
                             13\media\videos\s05_por_q                         
                             ue\1080p60\partial_movie_                         
                             files\PorQueFunciona\2932                         
                             440949_4144135265_1102634                         
                             113.mp4'                                          
[09/11/26 11:03:54] INFO     Animation 28 : Partial    scene_file_writer.py:192
                             movie file written in                             
                             'C:\Users\Nacho\Documents                         
                             \Animaciones\Capitulo                             
                             13\media\videos\s05_por_q                         
                             ue\1080p60\partial_movie_                         
                             files\PorQueFunciona\2932                         
                             440949_3580093213_3802161                         
                             37.mp4'                                           
                                                                                              

Animation 29: FadeOut(VGroup of 3 submobjects):   0%|          | 0/60 [00:00<?, ?it/s]
Animation 29: FadeOut(VGroup of 3 submobjects):   5%|5         | 3/60 [00:00<00:02, 22.34it/s]
Animation 29: FadeOut(VGroup of 3 submobjects):  10%|#         | 6/60 [00:00<00:02, 21.38it/s]
Animation 29: FadeOut(VGroup of 3 submobjects):  15%|#5        | 9/60 [00:00<00:02, 21.53it/s]
Animation 29: FadeOut(VGroup of 3 submobjects):  20%|##        | 12/60 [00:00<00:02, 21.32it/s]
Animation 29: FadeOut(VGroup of 3 submobjects):  25%|##5       | 15/60 [00:00<00:02, 20.99it/s]
Animation 29: FadeOut(VGroup of 3 submobjects):  30%|###       | 18/60 [00:00<00:01, 21.05it/s]
Animation 29: FadeOut(VGroup of 3 submobjects):  35%|###5      | 21/60 [00:00<00:01, 20.72it/s]
Animation 29: FadeOut(VGroup of 3 submobjects):  40%|####      | 24/60 [00:01<00:01, 20.85it/s]
Animation 29: FadeOut(VGroup of 3 submobjects):  45%|####5     | 27/60 [00:01<00:01, 20.94it/s]
Animation 29: FadeOut(VGroup of 3 submobjects):  50%|#####     | 30/60 [00:01<00:01, 21.05it/s]
Animation 29: FadeOut(VGroup of 3 submobjects):  55%|#####5    | 33/60 [00:01<00:01, 20.99it/s]
Animation 29: FadeOut(VGroup of 3 submobjects):  60%|######    | 36/60 [00:01<00:01, 20.77it/s]
Animation 29: FadeOut(VGroup of 3 submobjects):  65%|######5   | 39/60 [00:01<00:01, 20.81it/s]
Animation 29: FadeOut(VGroup of 3 submobjects):  70%|#######   | 42/60 [00:01<00:00, 20.93it/s]
Animation 29: FadeOut(VGroup of 3 submobjects):  75%|#######5  | 45/60 [00:02<00:00, 19.69it/s]
Animation 29: FadeOut(VGroup of 3 submobjects):  78%|#######8  | 47/60 [00:02<00:00, 18.00it/s]
Animation 29: FadeOut(VGroup of 3 submobjects):  82%|########1 | 49/60 [00:02<00:00, 18.22it/s]
Animation 29: FadeOut(VGroup of 3 submobjects):  87%|########6 | 52/60 [00:02<00:00, 18.63it/s]
Animation 29: FadeOut(VGroup of 3 submobjects):  90%|######### | 54/60 [00:02<00:00, 18.94it/s]
Animation 29: FadeOut(VGroup of 3 submobjects):  93%|#########3| 56/60 [00:02<00:00, 18.85it/s]
Animation 29: FadeOut(VGroup of 3 submobjects):  97%|#########6| 58/60 [00:02<00:00, 18.78it/s]
Animation 29: FadeOut(VGroup of 3 submobjects): 100%|##########| 60/60 [00:02<00:00, 19.04it/s]
[09/11/26 11:03:58] INFO     Animation 29 : Partial    scene_file_writer.py:192
                             movie file written in                             
                             'C:\Users\Nacho\Documents                         
                             \Animaciones\Capitulo                             
                             13\media\videos\s05_por_q                         
                             ue\1080p60\partial_movie_                         
                             files\PorQueFunciona\2932                         
                             440949_3888987435_2487556                         
                             958.mp4'                                          
                                                                                               

Animation 30: Write(MathTex('\\text{SNR}_{out}\\leq\\frac{E}{\\sigma^2}=\\text{SNR}_{in}')):   0%|          | 0/120 
[00:00<?, ?it/s]
Animation 30: Write(MathTex('\\text{SNR}_{out}\\leq\\frac{E}{\\sigma^2}=\\text{SNR}_{in}')):   5%|5         | 6/120 
[00:00<00:02, 56.47it/s]
Animation 30: Write(MathTex('\\text{SNR}_{out}\\leq\\frac{E}{\\sigma^2}=\\text{SNR}_{in}')):  10%|#         | 12/120 
[00:00<00:02, 47.20it/s]
Animation 30: Write(MathTex('\\text{SNR}_{out}\\leq\\frac{E}{\\sigma^2}=\\text{SNR}_{in}')):  14%|#4        | 17/120 
[00:00<00:02, 44.61it/s]
Animation 30: Write(MathTex('\\text{SNR}_{out}\\leq\\frac{E}{\\sigma^2}=\\text{SNR}_{in}')):  18%|#8        | 22/120 
[00:00<00:02, 41.87it/s]
Animation 30: Write(MathTex('\\text{SNR}_{out}\\leq\\frac{E}{\\sigma^2}=\\text{SNR}_{in}')):  22%|##2       | 27/120 
[00:00<00:02, 40.05it/s]
Animation 30: Write(MathTex('\\text{SNR}_{out}\\leq\\frac{E}{\\sigma^2}=\\text{SNR}_{in}')):  27%|##6       | 32/120 
[00:00<00:02, 39.64it/s]
Animation 30: Write(MathTex('\\text{SNR}_{out}\\leq\\frac{E}{\\sigma^2}=\\text{SNR}_{in}')):  31%|###       | 37/120 
[00:00<00:02, 40.18it/s]
Animation 30: Write(MathTex('\\text{SNR}_{out}\\leq\\frac{E}{\\sigma^2}=\\text{SNR}_{in}')):  35%|###5      | 42/120 
[00:01<00:01, 40.89it/s]
Animation 30: Write(MathTex('\\text{SNR}_{out}\\leq\\frac{E}{\\sigma^2}=\\text{SNR}_{in}')):  39%|###9      | 47/120 
[00:01<00:02, 34.01it/s]
Animation 30: Write(MathTex('\\text{SNR}_{out}\\leq\\frac{E}{\\sigma^2}=\\text{SNR}_{in}')):  42%|####2     | 51/120 
[00:01<00:02, 34.07it/s]
Animation 30: Write(MathTex('\\text{SNR}_{out}\\leq\\frac{E}{\\sigma^2}=\\text{SNR}_{in}')):  46%|####5     | 55/120 
[00:01<00:01, 33.96it/s]
Animation 30: Write(MathTex('\\text{SNR}_{out}\\leq\\frac{E}{\\sigma^2}=\\text{SNR}_{in}')):  49%|####9     | 59/120 
[00:01<00:01, 34.11it/s]
Animation 30: Write(MathTex('\\text{SNR}_{out}\\leq\\frac{E}{\\sigma^2}=\\text{SNR}_{in}')):  52%|#####2    | 63/120 
[00:01<00:01, 34.11it/s]
Animation 30: Write(MathTex('\\text{SNR}_{out}\\leq\\frac{E}{\\sigma^2}=\\text{SNR}_{in}')):  56%|#####5    | 67/120 
[00:01<00:01, 35.16it/s]
Animation 30: Write(MathTex('\\text{SNR}_{out}\\leq\\frac{E}{\\sigma^2}=\\text{SNR}_{in}')):  59%|#####9    | 71/120 
[00:01<00:01, 34.11it/s]
Animation 30: Write(MathTex('\\text{SNR}_{out}\\leq\\frac{E}{\\sigma^2}=\\text{SNR}_{in}')):  62%|######2   | 75/120 
[00:02<00:01, 33.41it/s]
Animation 30: Write(MathTex('\\text{SNR}_{out}\\leq\\frac{E}{\\sigma^2}=\\text{SNR}_{in}')):  66%|######5   | 79/120 
[00:02<00:01, 34.00it/s]
Animation 30: Write(MathTex('\\text{SNR}_{out}\\leq\\frac{E}{\\sigma^2}=\\text{SNR}_{in}')):  69%|######9   | 83/120 
[00:02<00:01, 34.38it/s]
Animation 30: Write(MathTex('\\text{SNR}_{out}\\leq\\frac{E}{\\sigma^2}=\\text{SNR}_{in}')):  72%|#######2  | 87/120 
[00:02<00:00, 33.96it/s]
Animation 30: Write(MathTex('\\text{SNR}_{out}\\leq\\frac{E}{\\sigma^2}=\\text{SNR}_{in}')):  76%|#######5  | 91/120 
[00:02<00:00, 34.21it/s]
Animation 30: Write(MathTex('\\text{SNR}_{out}\\leq\\frac{E}{\\sigma^2}=\\text{SNR}_{in}')):  79%|#######9  | 95/120 
[00:02<00:00, 34.69it/s]
Animation 30: Write(MathTex('\\text{SNR}_{out}\\leq\\frac{E}{\\sigma^2}=\\text{SNR}_{in}')):  82%|########2 | 99/120 
[00:02<00:00, 35.04it/s]
Animation 30: Write(MathTex('\\text{SNR}_{out}\\leq\\frac{E}{\\sigma^2}=\\text{SNR}_{in}')):  86%|########5 | 103/120 
[00:02<00:00, 34.66it/s]
Animation 30: Write(MathTex('\\text{SNR}_{out}\\leq\\frac{E}{\\sigma^2}=\\text{SNR}_{in}')):  89%|########9 | 107/120 
[00:02<00:00, 34.57it/s]
Animation 30: Write(MathTex('\\text{SNR}_{out}\\leq\\frac{E}{\\sigma^2}=\\text{SNR}_{in}')):  92%|#########2| 111/120 
[00:03<00:00, 33.94it/s]
Animation 30: Write(MathTex('\\text{SNR}_{out}\\leq\\frac{E}{\\sigma^2}=\\text{SNR}_{in}')):  96%|#########5| 115/120 
[00:03<00:00, 33.76it/s]
Animation 30: Write(MathTex('\\text{SNR}_{out}\\leq\\frac{E}{\\sigma^2}=\\text{SNR}_{in}')):  99%|#########9| 119/120 
[00:03<00:00, 33.86it/s]
[09/11/26 11:04:02] INFO     Animation 30 : Partial    scene_file_writer.py:192
                             movie file written in                             
                             'C:\Users\Nacho\Documents                         
                             \Animaciones\Capitulo                             
                             13\media\videos\s05_por_q                         
                             ue\1080p60\partial_movie_                         
                             files\PorQueFunciona\2932                         
                             440949_4011318480_4068115                         
                             094.mp4'                                          
                                                                                                                       
                       

Animation 31: FadeIn(VGroup of 3 submobjects):   0%|          | 0/60 [00:00<?, ?it/s]
Animation 31: FadeIn(VGroup of 3 submobjects):   7%|6         | 4/60 [00:00<00:01, 31.82it/s]
Animation 31: FadeIn(VGroup of 3 submobjects):  13%|#3        | 8/60 [00:00<00:01, 29.48it/s]
Animation 31: FadeIn(VGroup of 3 submobjects):  18%|#8        | 11/60 [00:00<00:01, 29.01it/s]
Animation 31: FadeIn(VGroup of 3 submobjects):  23%|##3       | 14/60 [00:00<00:01, 28.44it/s]
Animation 31: FadeIn(VGroup of 3 submobjects):  28%|##8       | 17/60 [00:00<00:01, 27.89it/s]
Animation 31: FadeIn(VGroup of 3 submobjects):  33%|###3      | 20/60 [00:00<00:01, 28.03it/s]
Animation 31: FadeIn(VGroup of 3 submobjects):  38%|###8      | 23/60 [00:00<00:01, 27.75it/s]
Animation 31: FadeIn(VGroup of 3 submobjects):  43%|####3     | 26/60 [00:00<00:01, 27.80it/s]
Animation 31: FadeIn(VGroup of 3 submobjects):  48%|####8     | 29/60 [00:01<00:01, 27.95it/s]
Animation 31: FadeIn(VGroup of 3 submobjects):  53%|#####3    | 32/60 [00:01<00:00, 28.16it/s]
Animation 31: FadeIn(VGroup of 3 submobjects):  58%|#####8    | 35/60 [00:01<00:00, 28.31it/s]
Animation 31: FadeIn(VGroup of 3 submobjects):  63%|######3   | 38/60 [00:01<00:00, 28.30it/s]
Animation 31: FadeIn(VGroup of 3 submobjects):  68%|######8   | 41/60 [00:01<00:00, 28.23it/s]
Animation 31: FadeIn(VGroup of 3 submobjects):  73%|#######3  | 44/60 [00:01<00:00, 24.33it/s]
Animation 31: FadeIn(VGroup of 3 submobjects):  78%|#######8  | 47/60 [00:01<00:00, 23.40it/s]
Animation 31: FadeIn(VGroup of 3 submobjects):  83%|########3 | 50/60 [00:01<00:00, 23.82it/s]
Animation 31: FadeIn(VGroup of 3 submobjects):  88%|########8 | 53/60 [00:01<00:00, 24.12it/s]
Animation 31: FadeIn(VGroup of 3 submobjects):  93%|#########3| 56/60 [00:02<00:00, 24.68it/s]
Animation 31: FadeIn(VGroup of 3 submobjects):  98%|#########8| 59/60 [00:02<00:00, 25.20it/s]
[09/11/26 11:04:06] INFO     Animation 31 : Partial    scene_file_writer.py:192
                             movie file written in                             
                             'C:\Users\Nacho\Documents                         
                             \Animaciones\Capitulo                             
                             13\media\videos\s05_por_q                         
                             ue\1080p60\partial_movie_                         
                             files\PorQueFunciona\2932                         
                             440949_3479568521_3729104                         
                             103.mp4'                                          
[09/11/26 11:04:09] INFO     Animation 32 : Partial    scene_file_writer.py:192
                             movie file written in                             
                             'C:\Users\Nacho\Documents                         
                             \Animaciones\Capitulo                             
                             13\media\videos\s05_por_q                         
                             ue\1080p60\partial_movie_                         
                             files\PorQueFunciona\2932                         
                             440949_499328632_32415401                         
                             8.mp4'                                            
                                                                                              

Animation 33: FadeOut(VGroup of 3 submobjects):   0%|          | 0/60 [00:00<?, ?it/s]
Animation 33: FadeOut(VGroup of 3 submobjects):   5%|5         | 3/60 [00:00<00:02, 21.95it/s]
Animation 33: FadeOut(VGroup of 3 submobjects):  10%|#         | 6/60 [00:00<00:02, 20.67it/s]
Animation 33: FadeOut(VGroup of 3 submobjects):  15%|#5        | 9/60 [00:00<00:02, 20.41it/s]
Animation 33: FadeOut(VGroup of 3 submobjects):  20%|##        | 12/60 [00:00<00:02, 20.21it/s]
Animation 33: FadeOut(VGroup of 3 submobjects):  25%|##5       | 15/60 [00:00<00:02, 19.91it/s]
Animation 33: FadeOut(VGroup of 3 submobjects):  28%|##8       | 17/60 [00:00<00:02, 19.64it/s]
Animation 33: FadeOut(VGroup of 3 submobjects):  32%|###1      | 19/60 [00:00<00:02, 19.64it/s]
Animation 33: FadeOut(VGroup of 3 submobjects):  35%|###5      | 21/60 [00:01<00:01, 19.69it/s]
Animation 33: FadeOut(VGroup of 3 submobjects):  38%|###8      | 23/60 [00:01<00:01, 19.49it/s]
Animation 33: FadeOut(VGroup of 3 submobjects):  42%|####1     | 25/60 [00:01<00:01, 19.37it/s]
Animation 33: FadeOut(VGroup of 3 submobjects):  45%|####5     | 27/60 [00:01<00:01, 19.23it/s]
Animation 33: FadeOut(VGroup of 3 submobjects):  48%|####8     | 29/60 [00:01<00:01, 19.20it/s]
Animation 33: FadeOut(VGroup of 3 submobjects):  52%|#####1    | 31/60 [00:01<00:01, 19.11it/s]
Animation 33: FadeOut(VGroup of 3 submobjects):  55%|#####5    | 33/60 [00:01<00:01, 19.22it/s]
Animation 33: FadeOut(VGroup of 3 submobjects):  58%|#####8    | 35/60 [00:01<00:01, 19.13it/s]
Animation 33: FadeOut(VGroup of 3 submobjects):  62%|######1   | 37/60 [00:01<00:01, 19.23it/s]
Animation 33: FadeOut(VGroup of 3 submobjects):  65%|######5   | 39/60 [00:01<00:01, 19.35it/s]
Animation 33: FadeOut(VGroup of 3 submobjects):  70%|#######   | 42/60 [00:02<00:00, 19.78it/s]
Animation 33: FadeOut(VGroup of 3 submobjects):  73%|#######3  | 44/60 [00:02<00:00, 16.17it/s]
Animation 33: FadeOut(VGroup of 3 submobjects):  77%|#######6  | 46/60 [00:02<00:00, 16.37it/s]
Animation 33: FadeOut(VGroup of 3 submobjects):  80%|########  | 48/60 [00:02<00:00, 16.68it/s]
Animation 33: FadeOut(VGroup of 3 submobjects):  83%|########3 | 50/60 [00:02<00:00, 17.07it/s]
Animation 33: FadeOut(VGroup of 3 submobjects):  87%|########6 | 52/60 [00:02<00:00, 16.93it/s]
Animation 33: FadeOut(VGroup of 3 submobjects):  90%|######### | 54/60 [00:02<00:00, 17.18it/s]
Animation 33: FadeOut(VGroup of 3 submobjects):  93%|#########3| 56/60 [00:03<00:00, 17.18it/s]
Animation 33: FadeOut(VGroup of 3 submobjects):  97%|#########6| 58/60 [00:03<00:00, 17.44it/s]
Animation 33: FadeOut(VGroup of 3 submobjects): 100%|##########| 60/60 [00:03<00:00, 17.90it/s]
[09/11/26 11:04:14] INFO     Animation 33 : Partial    scene_file_writer.py:192
                             movie file written in                             
                             'C:\Users\Nacho\Documents                         
                             \Animaciones\Capitulo                             
                             13\media\videos\s05_por_q                         
                             ue\1080p60\partial_movie_                         
                             files\PorQueFunciona\2932                         
                             440949_4010265079_2201808                         
                             191.mp4'                                          
                                                                                               

Animation 34: FadeIn(Text('es un ángulo entre vectores')):   0%|          | 0/60 [00:00<?, ?it/s]
Animation 34: FadeIn(Text('es un ángulo entre vectores')):   8%|8         | 5/60 [00:00<00:01, 41.86it/s]
Animation 34: FadeIn(Text('es un ángulo entre vectores')):  17%|#6        | 10/60 [00:00<00:01, 39.04it/s]
Animation 34: FadeIn(Text('es un ángulo entre vectores')):  23%|##3       | 14/60 [00:00<00:01, 38.41it/s]
Animation 34: FadeIn(Text('es un ángulo entre vectores')):  30%|###       | 18/60 [00:00<00:01, 38.63it/s]
Animation 34: FadeIn(Text('es un ángulo entre vectores')):  37%|###6      | 22/60 [00:00<00:00, 38.58it/s]
Animation 34: FadeIn(Text('es un ángulo entre vectores')):  43%|####3     | 26/60 [00:00<00:00, 38.16it/s]
Animation 34: FadeIn(Text('es un ángulo entre vectores')):  50%|#####     | 30/60 [00:00<00:00, 37.92it/s]
Animation 34: FadeIn(Text('es un ángulo entre vectores')):  57%|#####6    | 34/60 [00:00<00:00, 38.01it/s]
Animation 34: FadeIn(Text('es un ángulo entre vectores')):  63%|######3   | 38/60 [00:00<00:00, 37.85it/s]
Animation 34: FadeIn(Text('es un ángulo entre vectores')):  70%|#######   | 42/60 [00:01<00:00, 38.22it/s]
Animation 34: FadeIn(Text('es un ángulo entre vectores')):  77%|#######6  | 46/60 [00:01<00:00, 33.98it/s]
Animation 34: FadeIn(Text('es un ángulo entre vectores')):  83%|########3 | 50/60 [00:01<00:00, 31.49it/s]
Animation 34: FadeIn(Text('es un ángulo entre vectores')):  90%|######### | 54/60 [00:01<00:00, 31.76it/s]
Animation 34: FadeIn(Text('es un ángulo entre vectores')):  97%|#########6| 58/60 [00:01<00:00, 32.19it/s]
[09/11/26 11:04:16] INFO     Animation 34 : Partial    scene_file_writer.py:192
                             movie file written in                             
                             'C:\Users\Nacho\Documents                         
                             \Animaciones\Capitulo                             
                             13\media\videos\s05_por_q                         
                             ue\1080p60\partial_movie_                         
                             files\PorQueFunciona\2932                         
                             440949_1306697036_3449541                         
                             885.mp4'                                          
                                                                                                          

Animation 35: Create(Axes of 2 submobjects), etc.:   0%|          | 0/60 [00:00<?, ?it/s]
Animation 35: Create(Axes of 2 submobjects), etc.:  13%|#3        | 8/60 [00:00<00:00, 73.68it/s]
Animation 35: Create(Axes of 2 submobjects), etc.:  27%|##6       | 16/60 [00:00<00:00, 61.59it/s]
Animation 35: Create(Axes of 2 submobjects), etc.:  38%|###8      | 23/60 [00:00<00:00, 54.52it/s]
Animation 35: Create(Axes of 2 submobjects), etc.:  48%|####8     | 29/60 [00:00<00:00, 52.68it/s]
Animation 35: Create(Axes of 2 submobjects), etc.:  58%|#####8    | 35/60 [00:00<00:00, 51.84it/s]
Animation 35: Create(Axes of 2 submobjects), etc.:  68%|######8   | 41/60 [00:00<00:00, 51.48it/s]
Animation 35: Create(Axes of 2 submobjects), etc.:  78%|#######8  | 47/60 [00:00<00:00, 51.84it/s]
Animation 35: Create(Axes of 2 submobjects), etc.:  88%|########8 | 53/60 [00:00<00:00, 51.91it/s]
Animation 35: Create(Axes of 2 submobjects), etc.: 100%|##########| 60/60 [00:01<00:00, 53.66it/s]
[09/11/26 11:04:18] INFO     Animation 35 : Partial    scene_file_writer.py:192
                             movie file written in                             
                             'C:\Users\Nacho\Documents                         
                             \Animaciones\Capitulo                             
                             13\media\videos\s05_por_q                         
                             ue\1080p60\partial_movie_                         
                             files\PorQueFunciona\2932                         
                             440949_2036122678_2482277                         
                             910.mp4'                                          
                                                                                                  

Animation 36: GrowArrow(Arrow), etc.:   0%|          | 0/60 [00:00<?, ?it/s]
Animation 36: GrowArrow(Arrow), etc.:  13%|#3        | 8/60 [00:00<00:00, 70.09it/s]
Animation 36: GrowArrow(Arrow), etc.:  27%|##6       | 16/60 [00:00<00:01, 42.07it/s]
Animation 36: GrowArrow(Arrow), etc.:  35%|###5      | 21/60 [00:00<00:00, 44.24it/s]
Animation 36: GrowArrow(Arrow), etc.:  43%|####3     | 26/60 [00:00<00:00, 45.41it/s]
Animation 36: GrowArrow(Arrow), etc.:  52%|#####1    | 31/60 [00:00<00:00, 46.35it/s]
Animation 36: GrowArrow(Arrow), etc.:  60%|######    | 36/60 [00:00<00:00, 46.66it/s]
Animation 36: GrowArrow(Arrow), etc.:  70%|#######   | 42/60 [00:00<00:00, 47.73it/s]
Animation 36: GrowArrow(Arrow), etc.:  80%|########  | 48/60 [00:01<00:00, 49.11it/s]
Animation 36: GrowArrow(Arrow), etc.:  92%|#########1| 55/60 [00:01<00:00, 53.60it/s]
[09/11/26 11:04:20] INFO     Animation 36 : Partial    scene_file_writer.py:192
                             movie file written in                             
                             'C:\Users\Nacho\Documents                         
                             \Animaciones\Capitulo                             
                             13\media\videos\s05_por_q                         
                             ue\1080p60\partial_movie_                         
                             files\PorQueFunciona\2932                         
                             440949_4235983858_5419188                         
                             64.mp4'                                           
                                                                                     

Animation 37: Write(MathTex('\\text{SNR}_{out}=\\text{SNR}_{in}\\cos^2\\theta')):   0%|          | 0/120 [00:00<?, 
?it/s]
Animation 37: Write(MathTex('\\text{SNR}_{out}=\\text{SNR}_{in}\\cos^2\\theta')):   5%|5         | 6/120 [00:00<00:02, 
56.07it/s]
Animation 37: Write(MathTex('\\text{SNR}_{out}=\\text{SNR}_{in}\\cos^2\\theta')):  10%|#         | 12/120 
[00:00<00:02, 47.50it/s]
Animation 37: Write(MathTex('\\text{SNR}_{out}=\\text{SNR}_{in}\\cos^2\\theta')):  14%|#4        | 17/120 
[00:00<00:02, 48.35it/s]
Animation 37: Write(MathTex('\\text{SNR}_{out}=\\text{SNR}_{in}\\cos^2\\theta')):  18%|#8        | 22/120 
[00:00<00:02, 43.92it/s]
Animation 37: Write(MathTex('\\text{SNR}_{out}=\\text{SNR}_{in}\\cos^2\\theta')):  22%|##2       | 27/120 
[00:00<00:02, 43.03it/s]
Animation 37: Write(MathTex('\\text{SNR}_{out}=\\text{SNR}_{in}\\cos^2\\theta')):  27%|##6       | 32/120 
[00:00<00:02, 41.41it/s]
Animation 37: Write(MathTex('\\text{SNR}_{out}=\\text{SNR}_{in}\\cos^2\\theta')):  31%|###       | 37/120 
[00:00<00:02, 40.63it/s]
Animation 37: Write(MathTex('\\text{SNR}_{out}=\\text{SNR}_{in}\\cos^2\\theta')):  35%|###5      | 42/120 
[00:00<00:01, 40.35it/s]
Animation 37: Write(MathTex('\\text{SNR}_{out}=\\text{SNR}_{in}\\cos^2\\theta')):  39%|###9      | 47/120 
[00:01<00:01, 36.95it/s]
Animation 37: Write(MathTex('\\text{SNR}_{out}=\\text{SNR}_{in}\\cos^2\\theta')):  42%|####2     | 51/120 
[00:01<00:01, 37.08it/s]
Animation 37: Write(MathTex('\\text{SNR}_{out}=\\text{SNR}_{in}\\cos^2\\theta')):  46%|####5     | 55/120 
[00:01<00:01, 36.83it/s]
Animation 37: Write(MathTex('\\text{SNR}_{out}=\\text{SNR}_{in}\\cos^2\\theta')):  49%|####9     | 59/120 
[00:01<00:01, 36.72it/s]
Animation 37: Write(MathTex('\\text{SNR}_{out}=\\text{SNR}_{in}\\cos^2\\theta')):  52%|#####2    | 63/120 
[00:01<00:01, 35.68it/s]
Animation 37: Write(MathTex('\\text{SNR}_{out}=\\text{SNR}_{in}\\cos^2\\theta')):  56%|#####5    | 67/120 
[00:01<00:01, 34.07it/s]
Animation 37: Write(MathTex('\\text{SNR}_{out}=\\text{SNR}_{in}\\cos^2\\theta')):  59%|#####9    | 71/120 
[00:01<00:01, 35.19it/s]
Animation 37: Write(MathTex('\\text{SNR}_{out}=\\text{SNR}_{in}\\cos^2\\theta')):  62%|######2   | 75/120 
[00:01<00:01, 33.75it/s]
Animation 37: Write(MathTex('\\text{SNR}_{out}=\\text{SNR}_{in}\\cos^2\\theta')):  66%|######5   | 79/120 
[00:02<00:01, 33.65it/s]
Animation 37: Write(MathTex('\\text{SNR}_{out}=\\text{SNR}_{in}\\cos^2\\theta')):  69%|######9   | 83/120 
[00:02<00:01, 33.87it/s]
Animation 37: Write(MathTex('\\text{SNR}_{out}=\\text{SNR}_{in}\\cos^2\\theta')):  72%|#######2  | 87/120 
[00:02<00:00, 35.04it/s]
Animation 37: Write(MathTex('\\text{SNR}_{out}=\\text{SNR}_{in}\\cos^2\\theta')):  76%|#######5  | 91/120 
[00:02<00:00, 34.77it/s]
Animation 37: Write(MathTex('\\text{SNR}_{out}=\\text{SNR}_{in}\\cos^2\\theta')):  79%|#######9  | 95/120 
[00:02<00:00, 35.53it/s]
Animation 37: Write(MathTex('\\text{SNR}_{out}=\\text{SNR}_{in}\\cos^2\\theta')):  82%|########2 | 99/120 
[00:02<00:00, 36.29it/s]
Animation 37: Write(MathTex('\\text{SNR}_{out}=\\text{SNR}_{in}\\cos^2\\theta')):  86%|########5 | 103/120 
[00:02<00:00, 35.99it/s]
Animation 37: Write(MathTex('\\text{SNR}_{out}=\\text{SNR}_{in}\\cos^2\\theta')):  89%|########9 | 107/120 
[00:02<00:00, 36.29it/s]
Animation 37: Write(MathTex('\\text{SNR}_{out}=\\text{SNR}_{in}\\cos^2\\theta')):  92%|#########2| 111/120 
[00:02<00:00, 37.06it/s]
Animation 37: Write(MathTex('\\text{SNR}_{out}=\\text{SNR}_{in}\\cos^2\\theta')):  96%|#########5| 115/120 
[00:03<00:00, 37.25it/s]
Animation 37: Write(MathTex('\\text{SNR}_{out}=\\text{SNR}_{in}\\cos^2\\theta')):  99%|#########9| 119/120 
[00:03<00:00, 37.76it/s]
[09/11/26 11:04:24] INFO     Animation 37 : Partial    scene_file_writer.py:192
                             movie file written in                             
                             'C:\Users\Nacho\Documents                         
                             \Animaciones\Capitulo                             
                             13\media\videos\s05_por_q                         
                             ue\1080p60\partial_movie_                         
                             files\PorQueFunciona\2932                         
                             440949_313055146_41431266                         
                             28.mp4'                                           
[09/11/26 11:04:26] INFO     Animation 38 : Partial    scene_file_writer.py:192
                             movie file written in                             
                             'C:\Users\Nacho\Documents                         
                             \Animaciones\Capitulo                             
                             13\media\videos\s05_por_q                         
                             ue\1080p60\partial_movie_                         
                             files\PorQueFunciona\2932                         
                             440949_4046863825_3520284                         
                             582.mp4'                                          
                                                                                                                       
            

Animation 39: Rotate(Arrow):   0%|          | 0/84 [00:00<?, ?it/s]
Animation 39: Rotate(Arrow):   6%|5         | 5/84 [00:00<00:01, 43.80it/s]
Animation 39: Rotate(Arrow):  12%|#1        | 10/84 [00:00<00:01, 42.30it/s]
Animation 39: Rotate(Arrow):  18%|#7        | 15/84 [00:00<00:01, 42.11it/s]
Animation 39: Rotate(Arrow):  24%|##3       | 20/84 [00:00<00:01, 44.83it/s]
Animation 39: Rotate(Arrow):  30%|##9       | 25/84 [00:00<00:01, 45.92it/s]
Animation 39: Rotate(Arrow):  36%|###5      | 30/84 [00:00<00:01, 46.75it/s]
Animation 39: Rotate(Arrow):  42%|####1     | 35/84 [00:00<00:01, 47.09it/s]
Animation 39: Rotate(Arrow):  48%|####7     | 40/84 [00:00<00:00, 47.77it/s]
Animation 39: Rotate(Arrow):  54%|#####3    | 45/84 [00:01<00:00, 40.58it/s]
Animation 39: Rotate(Arrow):  60%|#####9    | 50/84 [00:01<00:00, 37.26it/s]
Animation 39: Rotate(Arrow):  64%|######4   | 54/84 [00:01<00:00, 35.50it/s]
Animation 39: Rotate(Arrow):  69%|######9   | 58/84 [00:01<00:00, 35.29it/s]
Animation 39: Rotate(Arrow):  74%|#######3  | 62/84 [00:01<00:00, 35.44it/s]
Animation 39: Rotate(Arrow):  79%|#######8  | 66/84 [00:01<00:00, 35.63it/s]
Animation 39: Rotate(Arrow):  83%|########3 | 70/84 [00:01<00:00, 35.62it/s]
Animation 39: Rotate(Arrow):  88%|########8 | 74/84 [00:01<00:00, 35.52it/s]
Animation 39: Rotate(Arrow):  93%|#########2| 78/84 [00:01<00:00, 36.17it/s]
Animation 39: Rotate(Arrow):  98%|#########7| 82/84 [00:02<00:00, 35.32it/s]
[09/11/26 11:04:29] INFO     Animation 39 : Partial    scene_file_writer.py:192
                             movie file written in                             
                             'C:\Users\Nacho\Documents                         
                             \Animaciones\Capitulo                             
                             13\media\videos\s05_por_q                         
                             ue\1080p60\partial_movie_                         
                             files\PorQueFunciona\2932                         
                             440949_636383602_33236651                         
                             09.mp4'                                           
                                                                            

Animation 40: Transform(MathTex('h[-n]')):   0%|          | 0/60 [00:00<?, ?it/s]
Animation 40: Transform(MathTex('h[-n]')):   8%|8         | 5/60 [00:00<00:01, 41.84it/s]
Animation 40: Transform(MathTex('h[-n]')):  17%|#6        | 10/60 [00:00<00:01, 39.10it/s]
Animation 40: Transform(MathTex('h[-n]')):  23%|##3       | 14/60 [00:00<00:01, 38.75it/s]
Animation 40: Transform(MathTex('h[-n]')):  30%|###       | 18/60 [00:00<00:01, 38.31it/s]
Animation 40: Transform(MathTex('h[-n]')):  37%|###6      | 22/60 [00:00<00:01, 37.37it/s]
Animation 40: Transform(MathTex('h[-n]')):  43%|####3     | 26/60 [00:00<00:00, 38.15it/s]
Animation 40: Transform(MathTex('h[-n]')):  50%|#####     | 30/60 [00:00<00:00, 38.58it/s]
Animation 40: Transform(MathTex('h[-n]')):  57%|#####6    | 34/60 [00:00<00:00, 38.46it/s]
Animation 40: Transform(MathTex('h[-n]')):  63%|######3   | 38/60 [00:00<00:00, 38.45it/s]
Animation 40: Transform(MathTex('h[-n]')):  70%|#######   | 42/60 [00:01<00:00, 38.81it/s]
Animation 40: Transform(MathTex('h[-n]')):  77%|#######6  | 46/60 [00:01<00:00, 34.83it/s]
Animation 40: Transform(MathTex('h[-n]')):  83%|########3 | 50/60 [00:01<00:00, 33.48it/s]
Animation 40: Transform(MathTex('h[-n]')):  90%|######### | 54/60 [00:01<00:00, 32.89it/s]
Animation 40: Transform(MathTex('h[-n]')):  97%|#########6| 58/60 [00:01<00:00, 33.03it/s]
[09/11/26 11:04:31] INFO     Animation 40 : Partial    scene_file_writer.py:192
                             movie file written in                             
                             'C:\Users\Nacho\Documents                         
                             \Animaciones\Capitulo                             
                             13\media\videos\s05_por_q                         
                             ue\1080p60\partial_movie_                         
                             files\PorQueFunciona\2932                         
                             440949_1917841269_1273770                         
                             930.mp4'                                          
                                                                                          

Animation 41: FadeIn(Text('colineales → θ=0 → máximo SNR posible')):   0%|          | 0/60 [00:00<?, ?it/s]
Animation 41: FadeIn(Text('colineales → θ=0 → máximo SNR posible')):   7%|6         | 4/60 [00:00<00:01, 39.00it/s]
Animation 41: FadeIn(Text('colineales → θ=0 → máximo SNR posible')):  13%|#3        | 8/60 [00:00<00:01, 33.82it/s]
Animation 41: FadeIn(Text('colineales → θ=0 → máximo SNR posible')):  20%|##        | 12/60 [00:00<00:01, 32.77it/s]
Animation 41: FadeIn(Text('colineales → θ=0 → máximo SNR posible')):  27%|##6       | 16/60 [00:00<00:01, 32.58it/s]
Animation 41: FadeIn(Text('colineales → θ=0 → máximo SNR posible')):  33%|###3      | 20/60 [00:00<00:01, 32.49it/s]
Animation 41: FadeIn(Text('colineales → θ=0 → máximo SNR posible')):  40%|####      | 24/60 [00:00<00:01, 32.86it/s]
Animation 41: FadeIn(Text('colineales → θ=0 → máximo SNR posible')):  47%|####6     | 28/60 [00:00<00:00, 33.63it/s]
Animation 41: FadeIn(Text('colineales → θ=0 → máximo SNR posible')):  53%|#####3    | 32/60 [00:00<00:00, 33.34it/s]
Animation 41: FadeIn(Text('colineales → θ=0 → máximo SNR posible')):  60%|######    | 36/60 [00:01<00:00, 33.89it/s]
Animation 41: FadeIn(Text('colineales → θ=0 → máximo SNR posible')):  67%|######6   | 40/60 [00:01<00:00, 34.02it/s]
Animation 41: FadeIn(Text('colineales → θ=0 → máximo SNR posible')):  73%|#######3  | 44/60 [00:01<00:00, 30.60it/s]
Animation 41: FadeIn(Text('colineales → θ=0 → máximo SNR posible')):  80%|########  | 48/60 [00:01<00:00, 29.95it/s]
Animation 41: FadeIn(Text('colineales → θ=0 → máximo SNR posible')):  87%|########6 | 52/60 [00:01<00:00, 30.67it/s]
Animation 41: FadeIn(Text('colineales → θ=0 → máximo SNR posible')):  93%|#########3| 56/60 [00:01<00:00, 30.94it/s]
Animation 41: FadeIn(Text('colineales → θ=0 → máximo SNR posible')): 100%|##########| 60/60 [00:01<00:00, 30.72it/s]
[09/11/26 11:04:34] INFO     Animation 41 : Partial    scene_file_writer.py:192
                             movie file written in                             
                             'C:\Users\Nacho\Documents                         
                             \Animaciones\Capitulo                             
                             13\media\videos\s05_por_q                         
                             ue\1080p60\partial_movie_                         
                             files\PorQueFunciona\2932                         
                             440949_675225551_15981264                         
                             26.mp4'                                           
[09/11/26 11:04:37] INFO     Animation 42 : Partial    scene_file_writer.py:192
                             movie file written in                             
                             'C:\Users\Nacho\Documents                         
                             \Animaciones\Capitulo                             
                             13\media\videos\s05_por_q                         
                             ue\1080p60\partial_movie_                         
                             files\PorQueFunciona\2932                         
                             440949_499328632_11967488                         
                             18.mp4'                                           
                                                                                                                    

Animation 43: FadeOut(VGroup of 8 submobjects):   0%|          | 0/60 [00:00<?, ?it/s]
Animation 43: FadeOut(VGroup of 8 submobjects):   3%|3         | 2/60 [00:00<00:03, 18.99it/s]
Animation 43: FadeOut(VGroup of 8 submobjects):   7%|6         | 4/60 [00:00<00:02, 19.32it/s]
Animation 43: FadeOut(VGroup of 8 submobjects):  10%|#         | 6/60 [00:00<00:02, 19.52it/s]
Animation 43: FadeOut(VGroup of 8 submobjects):  15%|#5        | 9/60 [00:00<00:02, 19.83it/s]
Animation 43: FadeOut(VGroup of 8 submobjects):  18%|#8        | 11/60 [00:00<00:02, 19.87it/s]
Animation 43: FadeOut(VGroup of 8 submobjects):  22%|##1       | 13/60 [00:00<00:02, 19.76it/s]
Animation 43: FadeOut(VGroup of 8 submobjects):  25%|##5       | 15/60 [00:00<00:02, 19.83it/s]
Animation 43: FadeOut(VGroup of 8 submobjects):  30%|###       | 18/60 [00:00<00:02, 19.44it/s]
Animation 43: FadeOut(VGroup of 8 submobjects):  33%|###3      | 20/60 [00:01<00:02, 18.42it/s]
Animation 43: FadeOut(VGroup of 8 submobjects):  37%|###6      | 22/60 [00:01<00:02, 18.22it/s]
Animation 43: FadeOut(VGroup of 8 submobjects):  40%|####      | 24/60 [00:01<00:01, 18.63it/s]
Animation 43: FadeOut(VGroup of 8 submobjects):  43%|####3     | 26/60 [00:01<00:01, 18.92it/s]
Animation 43: FadeOut(VGroup of 8 submobjects):  47%|####6     | 28/60 [00:01<00:01, 19.05it/s]
Animation 43: FadeOut(VGroup of 8 submobjects):  50%|#####     | 30/60 [00:01<00:01, 19.25it/s]
Animation 43: FadeOut(VGroup of 8 submobjects):  53%|#####3    | 32/60 [00:01<00:01, 19.32it/s]
Animation 43: FadeOut(VGroup of 8 submobjects):  57%|#####6    | 34/60 [00:01<00:01, 19.40it/s]
Animation 43: FadeOut(VGroup of 8 submobjects):  60%|######    | 36/60 [00:01<00:01, 19.45it/s]
Animation 43: FadeOut(VGroup of 8 submobjects):  63%|######3   | 38/60 [00:01<00:01, 19.43it/s]
Animation 43: FadeOut(VGroup of 8 submobjects):  68%|######8   | 41/60 [00:02<00:00, 19.76it/s]
Animation 43: FadeOut(VGroup of 8 submobjects):  72%|#######1  | 43/60 [00:02<00:00, 18.69it/s]
Animation 43: FadeOut(VGroup of 8 submobjects):  75%|#######5  | 45/60 [00:02<00:00, 17.00it/s]
Animation 43: FadeOut(VGroup of 8 submobjects):  78%|#######8  | 47/60 [00:02<00:00, 16.55it/s]
Animation 43: FadeOut(VGroup of 8 submobjects):  82%|########1 | 49/60 [00:02<00:00, 16.83it/s]
Animation 43: FadeOut(VGroup of 8 submobjects):  85%|########5 | 51/60 [00:02<00:00, 17.26it/s]
Animation 43: FadeOut(VGroup of 8 submobjects):  88%|########8 | 53/60 [00:02<00:00, 16.18it/s]
Animation 43: FadeOut(VGroup of 8 submobjects):  93%|#########3| 56/60 [00:03<00:00, 17.27it/s]
Animation 43: FadeOut(VGroup of 8 submobjects):  97%|#########6| 58/60 [00:03<00:00, 17.70it/s]
[09/11/26 11:04:42] INFO     Animation 43 : Partial    scene_file_writer.py:192
                             movie file written in                             
                             'C:\Users\Nacho\Documents                         
                             \Animaciones\Capitulo                             
                             13\media\videos\s05_por_q                         
                             ue\1080p60\partial_movie_                         
                             files\PorQueFunciona\2932                         
                             440949_1507188437_1767350                         
                             689.mp4'                                          
                                                                                               

Animation 44: FadeIn(Text('El filtro adaptado tiene DOS justificaciones:')):   0%|          | 0/36 [00:00<?, ?it/s]
Animation 44: FadeIn(Text('El filtro adaptado tiene DOS justificaciones:')):  11%|#1        | 4/36 [00:00<00:00, 
32.33it/s]
Animation 44: FadeIn(Text('El filtro adaptado tiene DOS justificaciones:')):  22%|##2       | 8/36 [00:00<00:00, 
31.38it/s]
Animation 44: FadeIn(Text('El filtro adaptado tiene DOS justificaciones:')):  33%|###3      | 12/36 [00:00<00:00, 
30.82it/s]
Animation 44: FadeIn(Text('El filtro adaptado tiene DOS justificaciones:')):  44%|####4     | 16/36 [00:00<00:00, 
30.98it/s]
Animation 44: FadeIn(Text('El filtro adaptado tiene DOS justificaciones:')):  56%|#####5    | 20/36 [00:00<00:00, 
30.84it/s]
Animation 44: FadeIn(Text('El filtro adaptado tiene DOS justificaciones:')):  67%|######6   | 24/36 [00:00<00:00, 
30.77it/s]
Animation 44: FadeIn(Text('El filtro adaptado tiene DOS justificaciones:')):  78%|#######7  | 28/36 [00:00<00:00, 
29.17it/s]
Animation 44: FadeIn(Text('El filtro adaptado tiene DOS justificaciones:')):  86%|########6 | 31/36 [00:01<00:00, 
29.31it/s]
Animation 44: FadeIn(Text('El filtro adaptado tiene DOS justificaciones:')):  97%|#########7| 35/36 [00:01<00:00, 
30.01it/s]
[09/11/26 11:04:45] INFO     Animation 44 : Partial    scene_file_writer.py:192
                             movie file written in                             
                             'C:\Users\Nacho\Documents                         
                             \Animaciones\Capitulo                             
                             13\media\videos\s05_por_q                         
                             ue\1080p60\partial_movie_                         
                             files\PorQueFunciona\2932                         
                             440949_426484964_32132186                         
                             17.mp4'                                           
                                                                                                                       
     

Animation 45: FadeIn(Text('si el ruido es gaussiano, mínimo Pₑ.')):   0%|          | 0/36 [00:00<?, ?it/s]
Animation 45: FadeIn(Text('si el ruido es gaussiano, mínimo Pₑ.')):  11%|#1        | 4/36 [00:00<00:00, 37.31it/s]
Animation 45: FadeIn(Text('si el ruido es gaussiano, mínimo Pₑ.')):  22%|##2       | 8/36 [00:00<00:00, 34.88it/s]
Animation 45: FadeIn(Text('si el ruido es gaussiano, mínimo Pₑ.')):  33%|###3      | 12/36 [00:00<00:00, 33.83it/s]
Animation 45: FadeIn(Text('si el ruido es gaussiano, mínimo Pₑ.')):  44%|####4     | 16/36 [00:00<00:00, 33.82it/s]
Animation 45: FadeIn(Text('si el ruido es gaussiano, mínimo Pₑ.')):  56%|#####5    | 20/36 [00:00<00:00, 33.68it/s]
Animation 45: FadeIn(Text('si el ruido es gaussiano, mínimo Pₑ.')):  67%|######6   | 24/36 [00:00<00:00, 33.23it/s]
Animation 45: FadeIn(Text('si el ruido es gaussiano, mínimo Pₑ.')):  78%|#######7  | 28/36 [00:00<00:00, 32.68it/s]
Animation 45: FadeIn(Text('si el ruido es gaussiano, mínimo Pₑ.')):  89%|########8 | 32/36 [00:00<00:00, 32.40it/s]
Animation 45: FadeIn(Text('si el ruido es gaussiano, mínimo Pₑ.')): 100%|##########| 36/36 [00:01<00:00, 32.57it/s]
[09/11/26 11:04:47] INFO     Animation 45 : Partial    scene_file_writer.py:192
                             movie file written in                             
                             'C:\Users\Nacho\Documents                         
                             \Animaciones\Capitulo                             
                             13\media\videos\s05_por_q                         
                             ue\1080p60\partial_movie_                         
                             files\PorQueFunciona\2932                         
                             440949_4146330759_2162624                         
                             935.mp4'                                          
                                                                                                                   

Animation 46: FadeIn(Text('si solo es blanco, SNR máximo.')):   0%|          | 0/36 [00:00<?, ?it/s]
Animation 46: FadeIn(Text('si solo es blanco, SNR máximo.')):  14%|#3        | 5/36 [00:00<00:00, 39.38it/s]
Animation 46: FadeIn(Text('si solo es blanco, SNR máximo.')):  25%|##5       | 9/36 [00:00<00:00, 36.72it/s]
Animation 46: FadeIn(Text('si solo es blanco, SNR máximo.')):  36%|###6      | 13/36 [00:00<00:00, 36.59it/s]
Animation 46: FadeIn(Text('si solo es blanco, SNR máximo.')):  47%|####7     | 17/36 [00:00<00:00, 36.21it/s]
Animation 46: FadeIn(Text('si solo es blanco, SNR máximo.')):  58%|#####8    | 21/36 [00:00<00:00, 35.36it/s]
Animation 46: FadeIn(Text('si solo es blanco, SNR máximo.')):  69%|######9   | 25/36 [00:00<00:00, 35.50it/s]
Animation 46: FadeIn(Text('si solo es blanco, SNR máximo.')):  81%|########  | 29/36 [00:00<00:00, 35.38it/s]
Animation 46: FadeIn(Text('si solo es blanco, SNR máximo.')):  92%|#########1| 33/36 [00:00<00:00, 35.30it/s]
[09/11/26 11:04:49] INFO     Animation 46 : Partial    scene_file_writer.py:192
                             movie file written in                             
                             'C:\Users\Nacho\Documents                         
                             \Animaciones\Capitulo                             
                             13\media\videos\s05_por_q                         
                             ue\1080p60\partial_movie_                         
                             files\PorQueFunciona\2932                         
                             440949_930539959_23940128                         
                             44.mp4'                                           
                                                                                                             

Animation 47: FadeIn(Text('y ese SNR máximo es exactamente el SNR de entrada: no se pierde nada')):   0%|          | 
0/36 [00:00<?, ?it/s]
Animation 47: FadeIn(Text('y ese SNR máximo es exactamente el SNR de entrada: no se pierde nada')):   8%|8         | 
3/36 [00:00<00:01, 29.88it/s]
Animation 47: FadeIn(Text('y ese SNR máximo es exactamente el SNR de entrada: no se pierde nada')):  17%|#6        | 
6/36 [00:00<00:01, 27.31it/s]
Animation 47: FadeIn(Text('y ese SNR máximo es exactamente el SNR de entrada: no se pierde nada')):  25%|##5       | 
9/36 [00:00<00:01, 26.29it/s]
Animation 47: FadeIn(Text('y ese SNR máximo es exactamente el SNR de entrada: no se pierde nada')):  33%|###3      | 
12/36 [00:00<00:00, 25.78it/s]
Animation 47: FadeIn(Text('y ese SNR máximo es exactamente el SNR de entrada: no se pierde nada')):  42%|####1     | 
15/36 [00:00<00:00, 25.61it/s]
Animation 47: FadeIn(Text('y ese SNR máximo es exactamente el SNR de entrada: no se pierde nada')):  50%|#####     | 
18/36 [00:00<00:00, 25.72it/s]
Animation 47: FadeIn(Text('y ese SNR máximo es exactamente el SNR de entrada: no se pierde nada')):  58%|#####8    | 
21/36 [00:00<00:00, 25.25it/s]
Animation 47: FadeIn(Text('y ese SNR máximo es exactamente el SNR de entrada: no se pierde nada')):  67%|######6   | 
24/36 [00:00<00:00, 25.07it/s]
Animation 47: FadeIn(Text('y ese SNR máximo es exactamente el SNR de entrada: no se pierde nada')):  75%|#######5  | 
27/36 [00:01<00:00, 24.80it/s]
Animation 47: FadeIn(Text('y ese SNR máximo es exactamente el SNR de entrada: no se pierde nada')):  83%|########3 | 
30/36 [00:01<00:00, 25.32it/s]
Animation 47: FadeIn(Text('y ese SNR máximo es exactamente el SNR de entrada: no se pierde nada')):  92%|#########1| 
33/36 [00:01<00:00, 25.34it/s]
Animation 47: FadeIn(Text('y ese SNR máximo es exactamente el SNR de entrada: no se pierde nada')): 100%|##########| 
36/36 [00:01<00:00, 25.22it/s]
[09/11/26 11:04:52] INFO     Animation 47 : Partial    scene_file_writer.py:192
                             movie file written in                             
                             'C:\Users\Nacho\Documents                         
                             \Animaciones\Capitulo                             
                             13\media\videos\s05_por_q                         
                             ue\1080p60\partial_movie_                         
                             files\PorQueFunciona\2932                         
                             440949_4102564538_1023077                         
                             518.mp4'                                          
[09/11/26 11:04:56] INFO     Animation 48 : Partial    scene_file_writer.py:192
                             movie file written in                             
                             'C:\Users\Nacho\Documents                         
                             \Animaciones\Capitulo                             
                             13\media\videos\s05_por_q                         
                             ue\1080p60\partial_movie_                         
                             files\PorQueFunciona\2932                         
                             440949_349589963_42939026                         
                             83.mp4'                                           
                                                                                                                       
                            

Animation 49: FadeOut(VGroup of 2 submobjects):   0%|          | 0/60 [00:00<?, ?it/s]
Animation 49: FadeOut(VGroup of 2 submobjects):   3%|3         | 2/60 [00:00<00:05, 11.60it/s]
Animation 49: FadeOut(VGroup of 2 submobjects):   7%|6         | 4/60 [00:00<00:04, 12.19it/s]
Animation 49: FadeOut(VGroup of 2 submobjects):  10%|#         | 6/60 [00:00<00:04, 11.93it/s]
Animation 49: FadeOut(VGroup of 2 submobjects):  13%|#3        | 8/60 [00:00<00:04, 12.00it/s]
Animation 49: FadeOut(VGroup of 2 submobjects):  17%|#6        | 10/60 [00:00<00:04, 12.09it/s]
Animation 49: FadeOut(VGroup of 2 submobjects):  20%|##        | 12/60 [00:00<00:03, 12.14it/s]
Animation 49: FadeOut(VGroup of 2 submobjects):  23%|##3       | 14/60 [00:01<00:03, 12.05it/s]
Animation 49: FadeOut(VGroup of 2 submobjects):  27%|##6       | 16/60 [00:01<00:03, 12.03it/s]
Animation 49: FadeOut(VGroup of 2 submobjects):  30%|###       | 18/60 [00:01<00:03, 11.85it/s]
Animation 49: FadeOut(VGroup of 2 submobjects):  33%|###3      | 20/60 [00:01<00:03, 11.91it/s]
Animation 49: FadeOut(VGroup of 2 submobjects):  37%|###6      | 22/60 [00:01<00:03, 11.99it/s]
Animation 49: FadeOut(VGroup of 2 submobjects):  40%|####      | 24/60 [00:01<00:02, 12.06it/s]
Animation 49: FadeOut(VGroup of 2 submobjects):  43%|####3     | 26/60 [00:02<00:02, 12.02it/s]
Animation 49: FadeOut(VGroup of 2 submobjects):  47%|####6     | 28/60 [00:02<00:02, 11.95it/s]
Animation 49: FadeOut(VGroup of 2 submobjects):  50%|#####     | 30/60 [00:02<00:02, 11.81it/s]
Animation 49: FadeOut(VGroup of 2 submobjects):  53%|#####3    | 32/60 [00:02<00:02, 11.83it/s]
Animation 49: FadeOut(VGroup of 2 submobjects):  57%|#####6    | 34/60 [00:02<00:02, 11.90it/s]
Animation 49: FadeOut(VGroup of 2 submobjects):  60%|######    | 36/60 [00:03<00:02, 11.86it/s]
Animation 49: FadeOut(VGroup of 2 submobjects):  63%|######3   | 38/60 [00:03<00:01, 12.01it/s]
Animation 49: FadeOut(VGroup of 2 submobjects):  67%|######6   | 40/60 [00:03<00:01, 11.94it/s]
Animation 49: FadeOut(VGroup of 2 submobjects):  70%|#######   | 42/60 [00:03<00:01, 11.80it/s]
Animation 49: FadeOut(VGroup of 2 submobjects):  73%|#######3  | 44/60 [00:03<00:01, 10.19it/s]
Animation 49: FadeOut(VGroup of 2 submobjects):  77%|#######6  | 46/60 [00:03<00:01, 10.51it/s]
Animation 49: FadeOut(VGroup of 2 submobjects):  80%|########  | 48/60 [00:04<00:01, 10.57it/s]
Animation 49: FadeOut(VGroup of 2 submobjects):  83%|########3 | 50/60 [00:04<00:00, 10.86it/s]
Animation 49: FadeOut(VGroup of 2 submobjects):  87%|########6 | 52/60 [00:04<00:00, 10.86it/s]
Animation 49: FadeOut(VGroup of 2 submobjects):  90%|######### | 54/60 [00:04<00:00, 11.03it/s]
Animation 49: FadeOut(VGroup of 2 submobjects):  93%|#########3| 56/60 [00:04<00:00, 11.10it/s]
Animation 49: FadeOut(VGroup of 2 submobjects):  97%|#########6| 58/60 [00:05<00:00, 11.27it/s]
Animation 49: FadeOut(VGroup of 2 submobjects): 100%|##########| 60/60 [00:05<00:00, 12.03it/s]
[09/11/26 11:05:04] INFO     Animation 49 : Partial    scene_file_writer.py:192
                             movie file written in                             
                             'C:\Users\Nacho\Documents                         
                             \Animaciones\Capitulo                             
                             13\media\videos\s05_por_q                         
                             ue\1080p60\partial_movie_                         
                             files\PorQueFunciona\2932                         
                             440949_2384243078_2233937                         
                             835.mp4'                                          
                    INFO     Animation 50 : Partial    scene_file_writer.py:192
                             movie file written in                             
                             'C:\Users\Nacho\Documents                         
                             \Animaciones\Capitulo                             
                             13\media\videos\s05_por_q                         
                             ue\1080p60\partial_movie_                         
                             files\PorQueFunciona\2932                         
                             440949_4235033027_7562532                         
                             95.mp4'                                           
                    INFO     Combining to Movie file.  scene_file_writer.py:952
[09/11/26 11:05:05] INFO                              scene_file_writer.py:1103
                             File ready at                                     
                             'C:\Users\Nacho\Document                          
                             s\Animaciones\Capitulo                            
                             13\media\videos\s05_por_                          
                             que\1080p60\PorQueFuncio                          
                             na.mp4'                                           
                                                                               
                    INFO     Rendered PorQueFunciona               scene.py:290
                             Played 51 animations                              
                                                                                               
Manim Community v0.21.0

manim.exe : 
En C:\Users\Nacho\Documents\Animaciones\Capitulo 13\render.ps1: 49 Carácter: 9
+         & manim "-$Calidad" $e.archivo $e.escena *>> $log
+         ~~~~~~~~~~~~~~~~~~~~~~~~~~~~~~~~~~~~~~~~~~~~~~~~~
    + CategoryInfo          : NotSpecified: (:String) [], RemoteException
    + FullyQualifiedErrorId : NativeCommandError
 
Animation 0: FadeIn(Text('Ruido coloreado: blanquear y después adaptar')):   0%|          | 0/60 [00:00<?, ?it/s]
Animation 0: FadeIn(Text('Ruido coloreado: blanquear y después adaptar')):  18%|#8        | 11/60 [00:00<00:00, 
106.60it/s]
Animation 0: FadeIn(Text('Ruido coloreado: blanquear y después adaptar')):  37%|###6      | 22/60 [00:00<00:00, 
101.08it/s]
Animation 0: FadeIn(Text('Ruido coloreado: blanquear y después adaptar')):  55%|#####5    | 33/60 [00:00<00:00, 
100.90it/s]
Animation 0: FadeIn(Text('Ruido coloreado: blanquear y después adaptar')):  73%|#######3  | 44/60 [00:00<00:00, 
101.80it/s]
Animation 0: FadeIn(Text('Ruido coloreado: blanquear y después adaptar')):  92%|#########1| 55/60 [00:00<00:00, 
95.94it/s] 
[09/11/26 11:05:08] INFO     Animation 0 : Partial     scene_file_writer.py:192
                             movie file written in                             
                             'C:\Users\Nacho\Documents                         
                             \Animaciones\Capitulo                             
                             13\media\videos\s06_color                         
                             eado\1080p60\partial_movi                         
                             e_files\RuidoColoreado\30                         
                             10004561_3334509358_22313                         
                             2457.mp4'                                         
                    INFO     Animation 1 : Partial     scene_file_writer.py:192
                             movie file written in                             
                             'C:\Users\Nacho\Documents                         
                             \Animaciones\Capitulo                             
                             13\media\videos\s06_color                         
                             eado\1080p60\partial_movi                         
                             e_files\RuidoColoreado\29                         
                             32440949_4235033027_11657                         
                             03178.mp4'                                        
                                                                                                                       
   

Animation 2: FadeIn(Text('mismo truco del capítulo 11: pensar el ruido coloreado como blanco filtrado')):   0%|        
  | 0/60 [00:00<?, ?it/s]
Animation 2: FadeIn(Text('mismo truco del capítulo 11: pensar el ruido coloreado como blanco filtrado')):  15%|#5      
  | 9/60 [00:00<00:00, 85.19it/s]
Animation 2: FadeIn(Text('mismo truco del capítulo 11: pensar el ruido coloreado como blanco filtrado')):  30%|###     
  | 18/60 [00:00<00:00, 78.77it/s]
Animation 2: FadeIn(Text('mismo truco del capítulo 11: pensar el ruido coloreado como blanco filtrado')):  43%|####3   
  | 26/60 [00:00<00:00, 68.10it/s]
Animation 2: FadeIn(Text('mismo truco del capítulo 11: pensar el ruido coloreado como blanco filtrado')):  55%|#####5  
  | 33/60 [00:00<00:00, 57.65it/s]
Animation 2: FadeIn(Text('mismo truco del capítulo 11: pensar el ruido coloreado como blanco filtrado')):  65%|######5 
  | 39/60 [00:00<00:00, 53.73it/s]
Animation 2: FadeIn(Text('mismo truco del capítulo 11: pensar el ruido coloreado como blanco filtrado')):  
75%|#######5  | 45/60 [00:00<00:00, 47.38it/s]
Animation 2: FadeIn(Text('mismo truco del capítulo 11: pensar el ruido coloreado como blanco filtrado')):  
83%|########3 | 50/60 [00:00<00:00, 46.23it/s]
Animation 2: FadeIn(Text('mismo truco del capítulo 11: pensar el ruido coloreado como blanco filtrado')):  
92%|#########1| 55/60 [00:01<00:00, 45.04it/s]
Animation 2: FadeIn(Text('mismo truco del capítulo 11: pensar el ruido coloreado como blanco filtrado')): 
100%|##########| 60/60 [00:01<00:00, 44.52it/s]
[09/11/26 11:05:10] INFO     Animation 2 : Partial     scene_file_writer.py:192
                             movie file written in                             
                             'C:\Users\Nacho\Documents                         
                             \Animaciones\Capitulo                             
                             13\media\videos\s06_color                         
                             eado\1080p60\partial_movi                         
                             e_files\RuidoColoreado\29                         
                             32440949_1156268660_42835                         
                             89048.mp4'                                        
[09/11/26 11:05:12] INFO     Animation 3 : Partial     scene_file_writer.py:192
                             movie file written in                             
                             'C:\Users\Nacho\Documents                         
                             \Animaciones\Capitulo                             
                             13\media\videos\s06_color                         
                             eado\1080p60\partial_movi                         
                             e_files\RuidoColoreado\29                         
                             32440949_4163062370_32071                         
                             00945.mp4'                                        
                                                                                                                       
                                  

Animation 4: FadeOut(Text('mismo truco del capítulo 11: pensar el ruido coloreado como blanco filtrado')):   0%|       
   | 0/60 [00:00<?, ?it/s]
Animation 4: FadeOut(Text('mismo truco del capítulo 11: pensar el ruido coloreado como blanco filtrado')):   5%|5      
   | 3/60 [00:00<00:02, 25.25it/s]
Animation 4: FadeOut(Text('mismo truco del capítulo 11: pensar el ruido coloreado como blanco filtrado')):  10%|#      
   | 6/60 [00:00<00:02, 23.98it/s]
Animation 4: FadeOut(Text('mismo truco del capítulo 11: pensar el ruido coloreado como blanco filtrado')):  15%|#5     
   | 9/60 [00:00<00:02, 23.66it/s]
Animation 4: FadeOut(Text('mismo truco del capítulo 11: pensar el ruido coloreado como blanco filtrado')):  20%|##     
   | 12/60 [00:00<00:02, 23.63it/s]
Animation 4: FadeOut(Text('mismo truco del capítulo 11: pensar el ruido coloreado como blanco filtrado')):  25%|##5    
   | 15/60 [00:00<00:01, 23.85it/s]
Animation 4: FadeOut(Text('mismo truco del capítulo 11: pensar el ruido coloreado como blanco filtrado')):  30%|###    
   | 18/60 [00:00<00:01, 23.83it/s]
Animation 4: FadeOut(Text('mismo truco del capítulo 11: pensar el ruido coloreado como blanco filtrado')):  35%|###5   
   | 21/60 [00:00<00:01, 24.24it/s]
Animation 4: FadeOut(Text('mismo truco del capítulo 11: pensar el ruido coloreado como blanco filtrado')):  40%|####   
   | 24/60 [00:00<00:01, 24.30it/s]
Animation 4: FadeOut(Text('mismo truco del capítulo 11: pensar el ruido coloreado como blanco filtrado')):  45%|####5  
   | 27/60 [00:01<00:01, 24.04it/s]
Animation 4: FadeOut(Text('mismo truco del capítulo 11: pensar el ruido coloreado como blanco filtrado')):  50%|#####  
   | 30/60 [00:01<00:01, 24.03it/s]
Animation 4: FadeOut(Text('mismo truco del capítulo 11: pensar el ruido coloreado como blanco filtrado')):  55%|#####5 
   | 33/60 [00:01<00:01, 23.85it/s]
Animation 4: FadeOut(Text('mismo truco del capítulo 11: pensar el ruido coloreado como blanco filtrado')):  60%|###### 
   | 36/60 [00:01<00:01, 23.97it/s]
Animation 4: FadeOut(Text('mismo truco del capítulo 11: pensar el ruido coloreado como blanco filtrado')):  
65%|######5   | 39/60 [00:01<00:00, 23.79it/s]
Animation 4: FadeOut(Text('mismo truco del capítulo 11: pensar el ruido coloreado como blanco filtrado')):  
70%|#######   | 42/60 [00:01<00:00, 23.95it/s]
Animation 4: FadeOut(Text('mismo truco del capítulo 11: pensar el ruido coloreado como blanco filtrado')):  
75%|#######5  | 45/60 [00:01<00:00, 20.66it/s]
Animation 4: FadeOut(Text('mismo truco del capítulo 11: pensar el ruido coloreado como blanco filtrado')):  
80%|########  | 48/60 [00:02<00:00, 21.25it/s]
Animation 4: FadeOut(Text('mismo truco del capítulo 11: pensar el ruido coloreado como blanco filtrado')):  
85%|########5 | 51/60 [00:02<00:00, 22.06it/s]
Animation 4: FadeOut(Text('mismo truco del capítulo 11: pensar el ruido coloreado como blanco filtrado')):  
90%|######### | 54/60 [00:02<00:00, 22.13it/s]
Animation 4: FadeOut(Text('mismo truco del capítulo 11: pensar el ruido coloreado como blanco filtrado')):  
95%|#########5| 57/60 [00:02<00:00, 22.22it/s]
Animation 4: FadeOut(Text('mismo truco del capítulo 11: pensar el ruido coloreado como blanco filtrado')): 
100%|##########| 60/60 [00:02<00:00, 22.58it/s]
[09/11/26 11:05:16] INFO     Animation 4 : Partial     scene_file_writer.py:192
                             movie file written in                             
                             'C:\Users\Nacho\Documents                         
                             \Animaciones\Capitulo                             
                             13\media\videos\s06_color                         
                             eado\1080p60\partial_movi                         
                             e_files\RuidoColoreado\29                         
                             32440949_3037819084_24333                         
                             66820.mp4'                                        
                                                                                                                       
                                   

Animation 5: FadeIn(MathTex('r[n]')), etc.:   0%|          | 0/60 [00:00<?, ?it/s]
Animation 5: FadeIn(MathTex('r[n]')), etc.:  12%|#1        | 7/60 [00:00<00:00, 58.57it/s]
Animation 5: FadeIn(MathTex('r[n]')), etc.:  22%|##1       | 13/60 [00:00<00:00, 52.24it/s]
Animation 5: FadeIn(MathTex('r[n]')), etc.:  32%|###1      | 19/60 [00:00<00:00, 50.00it/s]
Animation 5: FadeIn(MathTex('r[n]')), etc.:  42%|####1     | 25/60 [00:00<00:00, 50.85it/s]
Animation 5: FadeIn(MathTex('r[n]')), etc.:  52%|#####1    | 31/60 [00:00<00:00, 48.47it/s]
Animation 5: FadeIn(MathTex('r[n]')), etc.:  60%|######    | 36/60 [00:00<00:00, 47.61it/s]
Animation 5: FadeIn(MathTex('r[n]')), etc.:  70%|#######   | 42/60 [00:00<00:00, 50.55it/s]
Animation 5: FadeIn(MathTex('r[n]')), etc.:  80%|########  | 48/60 [00:00<00:00, 46.12it/s]
Animation 5: FadeIn(MathTex('r[n]')), etc.:  92%|#########1| 55/60 [00:01<00:00, 49.30it/s]
[09/11/26 11:05:18] INFO     Animation 5 : Partial     scene_file_writer.py:192
                             movie file written in                             
                             'C:\Users\Nacho\Documents                         
                             \Animaciones\Capitulo                             
                             13\media\videos\s06_color                         
                             eado\1080p60\partial_movi                         
                             e_files\RuidoColoreado\29                         
                             32440949_2634216152_32945                         
                             09394.mp4'                                        
                                                                                           

Animation 6: GrowArrow(Arrow):   0%|          | 0/60 [00:00<?, ?it/s]
Animation 6: GrowArrow(Arrow):  17%|#6        | 10/60 [00:00<00:00, 91.77it/s]
Animation 6: GrowArrow(Arrow):  33%|###3      | 20/60 [00:00<00:00, 87.15it/s]
Animation 6: GrowArrow(Arrow):  48%|####8     | 29/60 [00:00<00:00, 76.77it/s]
Animation 6: GrowArrow(Arrow):  62%|######1   | 37/60 [00:00<00:00, 77.41it/s]
Animation 6: GrowArrow(Arrow):  75%|#######5  | 45/60 [00:00<00:00, 77.27it/s]
Animation 6: GrowArrow(Arrow):  90%|######### | 54/60 [00:00<00:00, 80.47it/s]
[09/11/26 11:05:20] INFO     Animation 6 : Partial     scene_file_writer.py:192
                             movie file written in                             
                             'C:\Users\Nacho\Documents                         
                             \Animaciones\Capitulo                             
                             13\media\videos\s06_color                         
                             eado\1080p60\partial_movi                         
                             e_files\RuidoColoreado\29                         
                             32440949_2452215018_19415                         
                             88879.mp4'                                        
                                                                              

Animation 7: FadeIn(MathTex('p[n]')):   0%|          | 0/60 [00:00<?, ?it/s]
Animation 7: FadeIn(MathTex('p[n]')):  13%|#3        | 8/60 [00:00<00:00, 77.22it/s]
Animation 7: FadeIn(MathTex('p[n]')):  27%|##6       | 16/60 [00:00<00:00, 63.12it/s]
Animation 7: FadeIn(MathTex('p[n]')):  38%|###8      | 23/60 [00:00<00:00, 61.81it/s]
Animation 7: FadeIn(MathTex('p[n]')):  50%|#####     | 30/60 [00:00<00:00, 55.23it/s]
Animation 7: FadeIn(MathTex('p[n]')):  60%|######    | 36/60 [00:00<00:00, 55.31it/s]
Animation 7: FadeIn(MathTex('p[n]')):  70%|#######   | 42/60 [00:00<00:00, 52.65it/s]
Animation 7: FadeIn(MathTex('p[n]')):  80%|########  | 48/60 [00:00<00:00, 53.84it/s]
Animation 7: FadeIn(MathTex('p[n]')):  92%|#########1| 55/60 [00:00<00:00, 56.22it/s]
[09/11/26 11:05:21] INFO     Animation 7 : Partial     scene_file_writer.py:192
                             movie file written in                             
                             'C:\Users\Nacho\Documents                         
                             \Animaciones\Capitulo                             
                             13\media\videos\s06_color                         
                             eado\1080p60\partial_movi                         
                             e_files\RuidoColoreado\29                         
                             32440949_4178961487_51338                         
                             034.mp4'                                          
                                                                                     

Animation 8: GrowArrow(Arrow):   0%|          | 0/60 [00:00<?, ?it/s]
Animation 8: GrowArrow(Arrow):  15%|#5        | 9/60 [00:00<00:00, 81.18it/s]
Animation 8: GrowArrow(Arrow):  30%|###       | 18/60 [00:00<00:00, 69.82it/s]
Animation 8: GrowArrow(Arrow):  43%|####3     | 26/60 [00:00<00:00, 65.74it/s]
Animation 8: GrowArrow(Arrow):  55%|#####5    | 33/60 [00:00<00:00, 66.45it/s]
Animation 8: GrowArrow(Arrow):  67%|######6   | 40/60 [00:00<00:00, 65.79it/s]
Animation 8: GrowArrow(Arrow):  78%|#######8  | 47/60 [00:00<00:00, 66.13it/s]
Animation 8: GrowArrow(Arrow):  90%|######### | 54/60 [00:00<00:00, 63.61it/s]
[09/11/26 11:05:23] INFO     Animation 8 : Partial     scene_file_writer.py:192
                             movie file written in                             
                             'C:\Users\Nacho\Documents                         
                             \Animaciones\Capitulo                             
                             13\media\videos\s06_color                         
                             eado\1080p60\partial_movi                         
                             e_files\RuidoColoreado\29                         
                             32440949_94197896_2007190                         
                             233.mp4'                                          
                                                                              

Animation 9: FadeIn(VGroup of 2 submobjects):   0%|          | 0/60 [00:00<?, ?it/s]
Animation 9: FadeIn(VGroup of 2 submobjects):  12%|#1        | 7/60 [00:00<00:00, 61.24it/s]
Animation 9: FadeIn(VGroup of 2 submobjects):  23%|##3       | 14/60 [00:00<00:00, 50.89it/s]
Animation 9: FadeIn(VGroup of 2 submobjects):  33%|###3      | 20/60 [00:00<00:00, 49.81it/s]
Animation 9: FadeIn(VGroup of 2 submobjects):  43%|####3     | 26/60 [00:00<00:00, 49.01it/s]
Animation 9: FadeIn(VGroup of 2 submobjects):  52%|#####1    | 31/60 [00:00<00:00, 48.93it/s]
Animation 9: FadeIn(VGroup of 2 submobjects):  62%|######1   | 37/60 [00:00<00:00, 49.81it/s]
Animation 9: FadeIn(VGroup of 2 submobjects):  70%|#######   | 42/60 [00:00<00:00, 49.06it/s]
Animation 9: FadeIn(VGroup of 2 submobjects):  78%|#######8  | 47/60 [00:00<00:00, 47.99it/s]
Animation 9: FadeIn(VGroup of 2 submobjects):  87%|########6 | 52/60 [00:01<00:00, 46.98it/s]
Animation 9: FadeIn(VGroup of 2 submobjects):  95%|#########5| 57/60 [00:01<00:00, 47.42it/s]
[09/11/26 11:05:25] INFO     Animation 9 : Partial     scene_file_writer.py:192
                             movie file written in                             
                             'C:\Users\Nacho\Documents                         
                             \Animaciones\Capitulo                             
                             13\media\videos\s06_color                         
                             eado\1080p60\partial_movi                         
                             e_files\RuidoColoreado\29                         
                             32440949_261575113_311315                         
                             9491.mp4'                                         
                                                                                             

Animation 10: GrowArrow(Arrow):   0%|          | 0/60 [00:00<?, ?it/s]
Animation 10: GrowArrow(Arrow):  17%|#6        | 10/60 [00:00<00:00, 95.50it/s]
Animation 10: GrowArrow(Arrow):  33%|###3      | 20/60 [00:00<00:00, 81.06it/s]
Animation 10: GrowArrow(Arrow):  48%|####8     | 29/60 [00:00<00:00, 77.74it/s]
Animation 10: GrowArrow(Arrow):  62%|######1   | 37/60 [00:00<00:00, 72.78it/s]
Animation 10: GrowArrow(Arrow):  75%|#######5  | 45/60 [00:00<00:00, 71.42it/s]
Animation 10: GrowArrow(Arrow):  88%|########8 | 53/60 [00:00<00:00, 71.53it/s]
[09/11/26 11:05:27] INFO     Animation 10 : Partial    scene_file_writer.py:192
                             movie file written in                             
                             'C:\Users\Nacho\Documents                         
                             \Animaciones\Capitulo                             
                             13\media\videos\s06_color                         
                             eado\1080p60\partial_movi                         
                             e_files\RuidoColoreado\29                         
                             32440949_2433524820_26283                         
                             29947.mp4'                                        
                                                                               

Animation 11: FadeIn(MathTex('g[0]')):   0%|          | 0/60 [00:00<?, ?it/s]
Animation 11: FadeIn(MathTex('g[0]')):  15%|#5        | 9/60 [00:00<00:00, 78.29it/s]
Animation 11: FadeIn(MathTex('g[0]')):  28%|##8       | 17/60 [00:00<00:00, 59.26it/s]
Animation 11: FadeIn(MathTex('g[0]')):  40%|####      | 24/60 [00:00<00:00, 54.26it/s]
Animation 11: FadeIn(MathTex('g[0]')):  50%|#####     | 30/60 [00:00<00:00, 52.31it/s]
Animation 11: FadeIn(MathTex('g[0]')):  60%|######    | 36/60 [00:00<00:00, 54.33it/s]
Animation 11: FadeIn(MathTex('g[0]')):  70%|#######   | 42/60 [00:00<00:00, 55.22it/s]
Animation 11: FadeIn(MathTex('g[0]')):  80%|########  | 48/60 [00:00<00:00, 53.14it/s]
Animation 11: FadeIn(MathTex('g[0]')):  90%|######### | 54/60 [00:00<00:00, 51.92it/s]
[09/11/26 11:05:29] INFO     Animation 11 : Partial    scene_file_writer.py:192
                             movie file written in                             
                             'C:\Users\Nacho\Documents                         
                             \Animaciones\Capitulo                             
                             13\media\videos\s06_color                         
                             eado\1080p60\partial_movi                         
                             e_files\RuidoColoreado\29                         
                             32440949_1316044691_93548                         
                             501.mp4'                                          
                                                                                      

Animation 12: GrowArrow(Arrow):   0%|          | 0/60 [00:00<?, ?it/s]
Animation 12: GrowArrow(Arrow):  17%|#6        | 10/60 [00:00<00:00, 95.79it/s]
Animation 12: GrowArrow(Arrow):  33%|###3      | 20/60 [00:00<00:00, 85.74it/s]
Animation 12: GrowArrow(Arrow):  48%|####8     | 29/60 [00:00<00:00, 75.71it/s]
Animation 12: GrowArrow(Arrow):  62%|######1   | 37/60 [00:00<00:00, 77.16it/s]
Animation 12: GrowArrow(Arrow):  77%|#######6  | 46/60 [00:00<00:00, 80.57it/s]
Animation 12: GrowArrow(Arrow):  92%|#########1| 55/60 [00:00<00:00, 79.05it/s]
[09/11/26 11:05:31] INFO     Animation 12 : Partial    scene_file_writer.py:192
                             movie file written in                             
                             'C:\Users\Nacho\Documents                         
                             \Animaciones\Capitulo                             
                             13\media\videos\s06_color                         
                             eado\1080p60\partial_movi                         
                             e_files\RuidoColoreado\29                         
                             32440949_2136717880_19398                         
                             75959.mp4'                                        
                                                                               

Animation 13: FadeIn(VGroup of 7 submobjects):   0%|          | 0/60 [00:00<?, ?it/s]
Animation 13: FadeIn(VGroup of 7 submobjects):   5%|5         | 3/60 [00:00<00:01, 29.51it/s]
Animation 13: FadeIn(VGroup of 7 submobjects):  10%|#         | 6/60 [00:00<00:02, 26.25it/s]
Animation 13: FadeIn(VGroup of 7 submobjects):  15%|#5        | 9/60 [00:00<00:02, 25.35it/s]
Animation 13: FadeIn(VGroup of 7 submobjects):  20%|##        | 12/60 [00:00<00:01, 24.39it/s]
Animation 13: FadeIn(VGroup of 7 submobjects):  25%|##5       | 15/60 [00:00<00:01, 24.35it/s]
Animation 13: FadeIn(VGroup of 7 submobjects):  30%|###       | 18/60 [00:00<00:01, 24.14it/s]
Animation 13: FadeIn(VGroup of 7 submobjects):  35%|###5      | 21/60 [00:00<00:01, 24.25it/s]
Animation 13: FadeIn(VGroup of 7 submobjects):  40%|####      | 24/60 [00:00<00:01, 24.32it/s]
Animation 13: FadeIn(VGroup of 7 submobjects):  45%|####5     | 27/60 [00:01<00:01, 24.14it/s]
Animation 13: FadeIn(VGroup of 7 submobjects):  50%|#####     | 30/60 [00:01<00:01, 24.32it/s]
Animation 13: FadeIn(VGroup of 7 submobjects):  55%|#####5    | 33/60 [00:01<00:01, 23.83it/s]
Animation 13: FadeIn(VGroup of 7 submobjects):  60%|######    | 36/60 [00:01<00:01, 23.46it/s]
Animation 13: FadeIn(VGroup of 7 submobjects):  65%|######5   | 39/60 [00:01<00:00, 23.88it/s]
Animation 13: FadeIn(VGroup of 7 submobjects):  70%|#######   | 42/60 [00:01<00:00, 24.13it/s]
Animation 13: FadeIn(VGroup of 7 submobjects):  75%|#######5  | 45/60 [00:01<00:00, 19.57it/s]
Animation 13: FadeIn(VGroup of 7 submobjects):  80%|########  | 48/60 [00:02<00:00, 19.85it/s]
Animation 13: FadeIn(VGroup of 7 submobjects):  85%|########5 | 51/60 [00:02<00:00, 21.03it/s]
Animation 13: FadeIn(VGroup of 7 submobjects):  90%|######### | 54/60 [00:02<00:00, 21.20it/s]
Animation 13: FadeIn(VGroup of 7 submobjects):  95%|#########5| 57/60 [00:02<00:00, 21.50it/s]
Animation 13: FadeIn(VGroup of 7 submobjects): 100%|##########| 60/60 [00:02<00:00, 21.55it/s]
[09/11/26 11:05:35] INFO     Animation 13 : Partial    scene_file_writer.py:192
                             movie file written in                             
                             'C:\Users\Nacho\Documents                         
                             \Animaciones\Capitulo                             
                             13\media\videos\s06_color                         
                             eado\1080p60\partial_movi                         
                             e_files\RuidoColoreado\29                         
                             32440949_3279773308_34646                         
                             96241.mp4'                                        
[09/11/26 11:05:38] INFO     Animation 14 : Partial    scene_file_writer.py:192
                             movie file written in                             
                             'C:\Users\Nacho\Documents                         
                             \Animaciones\Capitulo                             
                             13\media\videos\s06_color                         
                             eado\1080p60\partial_movi                         
                             e_files\RuidoColoreado\29                         
                             32440949_3580093213_58111                         
                             3295.mp4'                                         
                                                                                              

Animation 15: FadeOut(VGroup of 3 submobjects):   0%|          | 0/60 [00:00<?, ?it/s]
Animation 15: FadeOut(VGroup of 3 submobjects):   5%|5         | 3/60 [00:00<00:02, 19.74it/s]
Animation 15: FadeOut(VGroup of 3 submobjects):   8%|8         | 5/60 [00:00<00:02, 19.61it/s]
Animation 15: FadeOut(VGroup of 3 submobjects):  12%|#1        | 7/60 [00:00<00:02, 19.30it/s]
Animation 15: FadeOut(VGroup of 3 submobjects):  15%|#5        | 9/60 [00:00<00:02, 19.23it/s]
Animation 15: FadeOut(VGroup of 3 submobjects):  18%|#8        | 11/60 [00:00<00:02, 19.24it/s]
Animation 15: FadeOut(VGroup of 3 submobjects):  22%|##1       | 13/60 [00:00<00:02, 18.97it/s]
Animation 15: FadeOut(VGroup of 3 submobjects):  25%|##5       | 15/60 [00:00<00:02, 18.91it/s]
Animation 15: FadeOut(VGroup of 3 submobjects):  28%|##8       | 17/60 [00:00<00:02, 18.90it/s]
Animation 15: FadeOut(VGroup of 3 submobjects):  32%|###1      | 19/60 [00:00<00:02, 18.92it/s]
Animation 15: FadeOut(VGroup of 3 submobjects):  35%|###5      | 21/60 [00:01<00:02, 18.84it/s]
Animation 15: FadeOut(VGroup of 3 submobjects):  38%|###8      | 23/60 [00:01<00:01, 18.87it/s]
Animation 15: FadeOut(VGroup of 3 submobjects):  42%|####1     | 25/60 [00:01<00:01, 18.82it/s]
Animation 15: FadeOut(VGroup of 3 submobjects):  45%|####5     | 27/60 [00:01<00:01, 18.80it/s]
Animation 15: FadeOut(VGroup of 3 submobjects):  48%|####8     | 29/60 [00:01<00:01, 18.74it/s]
Animation 15: FadeOut(VGroup of 3 submobjects):  52%|#####1    | 31/60 [00:01<00:01, 18.78it/s]
Animation 15: FadeOut(VGroup of 3 submobjects):  55%|#####5    | 33/60 [00:01<00:01, 18.80it/s]
Animation 15: FadeOut(VGroup of 3 submobjects):  58%|#####8    | 35/60 [00:01<00:01, 18.72it/s]
Animation 15: FadeOut(VGroup of 3 submobjects):  62%|######1   | 37/60 [00:01<00:01, 18.74it/s]
Animation 15: FadeOut(VGroup of 3 submobjects):  65%|######5   | 39/60 [00:02<00:01, 18.82it/s]
Animation 15: FadeOut(VGroup of 3 submobjects):  68%|######8   | 41/60 [00:02<00:01, 18.86it/s]
Animation 15: FadeOut(VGroup of 3 submobjects):  72%|#######1  | 43/60 [00:02<00:01, 16.41it/s]
Animation 15: FadeOut(VGroup of 3 submobjects):  75%|#######5  | 45/60 [00:02<00:00, 15.66it/s]
Animation 15: FadeOut(VGroup of 3 submobjects):  78%|#######8  | 47/60 [00:02<00:00, 16.23it/s]
Animation 15: FadeOut(VGroup of 3 submobjects):  82%|########1 | 49/60 [00:02<00:00, 16.46it/s]
Animation 15: FadeOut(VGroup of 3 submobjects):  85%|########5 | 51/60 [00:02<00:00, 17.11it/s]
Animation 15: FadeOut(VGroup of 3 submobjects):  88%|########8 | 53/60 [00:02<00:00, 17.12it/s]
Animation 15: FadeOut(VGroup of 3 submobjects):  92%|#########1| 55/60 [00:03<00:00, 17.30it/s]
Animation 15: FadeOut(VGroup of 3 submobjects):  95%|#########5| 57/60 [00:03<00:00, 17.21it/s]
Animation 15: FadeOut(VGroup of 3 submobjects):  98%|#########8| 59/60 [00:03<00:00, 17.96it/s]
[09/11/26 11:05:43] INFO     Animation 15 : Partial    scene_file_writer.py:192
                             movie file written in                             
                             'C:\Users\Nacho\Documents                         
                             \Animaciones\Capitulo                             
                             13\media\videos\s06_color                         
                             eado\1080p60\partial_movi                         
                             e_files\RuidoColoreado\29                         
                             32440949_1010470004_21846                         
                             12656.mp4'                                        
                                                                                               

Animation 16: Write(MathTex('H(e^{j\\Omega})=\\frac{S(e^{-j\\Omega})}{D_{vv}(e^{j\\Omega})/\\sigma^2}')), etc.:   0%|  
        | 0/120 [00:00<?, ?it/s]
Animation 16: Write(MathTex('H(e^{j\\Omega})=\\frac{S(e^{-j\\Omega})}{D_{vv}(e^{j\\Omega})/\\sigma^2}')), etc.:   4%|4 
        | 5/120 [00:00<00:02, 45.01it/s]
Animation 16: Write(MathTex('H(e^{j\\Omega})=\\frac{S(e^{-j\\Omega})}{D_{vv}(e^{j\\Omega})/\\sigma^2}')), etc.:   8%|8 
        | 10/120 [00:00<00:02, 39.72it/s]
Animation 16: Write(MathTex('H(e^{j\\Omega})=\\frac{S(e^{-j\\Omega})}{D_{vv}(e^{j\\Omega})/\\sigma^2}')), etc.:  
12%|#2        | 15/120 [00:00<00:02, 38.82it/s]
Animation 16: Write(MathTex('H(e^{j\\Omega})=\\frac{S(e^{-j\\Omega})}{D_{vv}(e^{j\\Omega})/\\sigma^2}')), etc.:  
16%|#5        | 19/120 [00:00<00:02, 39.00it/s]
Animation 16: Write(MathTex('H(e^{j\\Omega})=\\frac{S(e^{-j\\Omega})}{D_{vv}(e^{j\\Omega})/\\sigma^2}')), etc.:  
20%|##        | 24/120 [00:00<00:02, 39.14it/s]
Animation 16: Write(MathTex('H(e^{j\\Omega})=\\frac{S(e^{-j\\Omega})}{D_{vv}(e^{j\\Omega})/\\sigma^2}')), etc.:  
24%|##4       | 29/120 [00:00<00:02, 39.83it/s]
Animation 16: Write(MathTex('H(e^{j\\Omega})=\\frac{S(e^{-j\\Omega})}{D_{vv}(e^{j\\Omega})/\\sigma^2}')), etc.:  
28%|##7       | 33/120 [00:00<00:02, 39.78it/s]
Animation 16: Write(MathTex('H(e^{j\\Omega})=\\frac{S(e^{-j\\Omega})}{D_{vv}(e^{j\\Omega})/\\sigma^2}')), etc.:  
31%|###       | 37/120 [00:00<00:02, 39.08it/s]
Animation 16: Write(MathTex('H(e^{j\\Omega})=\\frac{S(e^{-j\\Omega})}{D_{vv}(e^{j\\Omega})/\\sigma^2}')), etc.:  
34%|###4      | 41/120 [00:01<00:02, 39.34it/s]
Animation 16: Write(MathTex('H(e^{j\\Omega})=\\frac{S(e^{-j\\Omega})}{D_{vv}(e^{j\\Omega})/\\sigma^2}')), etc.:  
38%|###7      | 45/120 [00:01<00:02, 34.13it/s]
Animation 16: Write(MathTex('H(e^{j\\Omega})=\\frac{S(e^{-j\\Omega})}{D_{vv}(e^{j\\Omega})/\\sigma^2}')), etc.:  
41%|####      | 49/120 [00:01<00:02, 33.95it/s]
Animation 16: Write(MathTex('H(e^{j\\Omega})=\\frac{S(e^{-j\\Omega})}{D_{vv}(e^{j\\Omega})/\\sigma^2}')), etc.:  
44%|####4     | 53/120 [00:01<00:02, 32.05it/s]
Animation 16: Write(MathTex('H(e^{j\\Omega})=\\frac{S(e^{-j\\Omega})}{D_{vv}(e^{j\\Omega})/\\sigma^2}')), etc.:  
48%|####7     | 57/120 [00:01<00:01, 32.84it/s]
Animation 16: Write(MathTex('H(e^{j\\Omega})=\\frac{S(e^{-j\\Omega})}{D_{vv}(e^{j\\Omega})/\\sigma^2}')), etc.:  
51%|#####     | 61/120 [00:01<00:01, 32.78it/s]
Animation 16: Write(MathTex('H(e^{j\\Omega})=\\frac{S(e^{-j\\Omega})}{D_{vv}(e^{j\\Omega})/\\sigma^2}')), etc.:  
54%|#####4    | 65/120 [00:01<00:01, 33.42it/s]
Animation 16: Write(MathTex('H(e^{j\\Omega})=\\frac{S(e^{-j\\Omega})}{D_{vv}(e^{j\\Omega})/\\sigma^2}')), etc.:  
57%|#####7    | 69/120 [00:01<00:01, 34.18it/s]
Animation 16: Write(MathTex('H(e^{j\\Omega})=\\frac{S(e^{-j\\Omega})}{D_{vv}(e^{j\\Omega})/\\sigma^2}')), etc.:  
61%|######    | 73/120 [00:02<00:01, 34.40it/s]
Animation 16: Write(MathTex('H(e^{j\\Omega})=\\frac{S(e^{-j\\Omega})}{D_{vv}(e^{j\\Omega})/\\sigma^2}')), etc.:  
64%|######4   | 77/120 [00:02<00:01, 34.25it/s]
Animation 16: Write(MathTex('H(e^{j\\Omega})=\\frac{S(e^{-j\\Omega})}{D_{vv}(e^{j\\Omega})/\\sigma^2}')), etc.:  
68%|######7   | 81/120 [00:02<00:01, 34.18it/s]
Animation 16: Write(MathTex('H(e^{j\\Omega})=\\frac{S(e^{-j\\Omega})}{D_{vv}(e^{j\\Omega})/\\sigma^2}')), etc.:  
71%|#######   | 85/120 [00:02<00:01, 33.86it/s]
Animation 16: Write(MathTex('H(e^{j\\Omega})=\\frac{S(e^{-j\\Omega})}{D_{vv}(e^{j\\Omega})/\\sigma^2}')), etc.:  
74%|#######4  | 89/120 [00:02<00:00, 33.20it/s]
Animation 16: Write(MathTex('H(e^{j\\Omega})=\\frac{S(e^{-j\\Omega})}{D_{vv}(e^{j\\Omega})/\\sigma^2}')), etc.:  
78%|#######7  | 93/120 [00:02<00:00, 32.62it/s]
Animation 16: Write(MathTex('H(e^{j\\Omega})=\\frac{S(e^{-j\\Omega})}{D_{vv}(e^{j\\Omega})/\\sigma^2}')), etc.:  
81%|########  | 97/120 [00:02<00:00, 32.73it/s]
Animation 16: Write(MathTex('H(e^{j\\Omega})=\\frac{S(e^{-j\\Omega})}{D_{vv}(e^{j\\Omega})/\\sigma^2}')), etc.:  
84%|########4 | 101/120 [00:02<00:00, 32.64it/s]
Animation 16: Write(MathTex('H(e^{j\\Omega})=\\frac{S(e^{-j\\Omega})}{D_{vv}(e^{j\\Omega})/\\sigma^2}')), etc.:  
88%|########7 | 105/120 [00:03<00:00, 32.61it/s]
Animation 16: Write(MathTex('H(e^{j\\Omega})=\\frac{S(e^{-j\\Omega})}{D_{vv}(e^{j\\Omega})/\\sigma^2}')), etc.:  
91%|######### | 109/120 [00:03<00:00, 32.82it/s]
Animation 16: Write(MathTex('H(e^{j\\Omega})=\\frac{S(e^{-j\\Omega})}{D_{vv}(e^{j\\Omega})/\\sigma^2}')), etc.:  
94%|#########4| 113/120 [00:03<00:00, 32.97it/s]
Animation 16: Write(MathTex('H(e^{j\\Omega})=\\frac{S(e^{-j\\Omega})}{D_{vv}(e^{j\\Omega})/\\sigma^2}')), etc.:  
98%|#########7| 117/120 [00:03<00:00, 33.35it/s]
[09/11/26 11:05:47] INFO     Animation 16 : Partial    scene_file_writer.py:192
                             movie file written in                             
                             'C:\Users\Nacho\Documents                         
                             \Animaciones\Capitulo                             
                             13\media\videos\s06_color                         
                             eado\1080p60\partial_movi                         
                             e_files\RuidoColoreado\29                         
                             32440949_2702698204_22182                         
                             47690.mp4'                                        
[09/11/26 11:05:49] INFO     Animation 17 : Partial    scene_file_writer.py:192
                             movie file written in                             
                             'C:\Users\Nacho\Documents                         
                             \Animaciones\Capitulo                             
                             13\media\videos\s06_color                         
                             eado\1080p60\partial_movi                         
                             e_files\RuidoColoreado\29                         
                             32440949_3810316983_11459                         
                             46747.mp4'                                        
                                                                                                                       
                                          

Animation 18: _MethodAnimation(VGroup of 2 submobjects):   0%|          | 0/60 [00:00<?, ?it/s]
Animation 18: _MethodAnimation(VGroup of 2 submobjects):   8%|8         | 5/60 [00:00<00:01, 39.33it/s]
Animation 18: _MethodAnimation(VGroup of 2 submobjects):  15%|#5        | 9/60 [00:00<00:01, 37.72it/s]
Animation 18: _MethodAnimation(VGroup of 2 submobjects):  22%|##1       | 13/60 [00:00<00:01, 37.61it/s]
Animation 18: _MethodAnimation(VGroup of 2 submobjects):  28%|##8       | 17/60 [00:00<00:01, 37.18it/s]
Animation 18: _MethodAnimation(VGroup of 2 submobjects):  35%|###5      | 21/60 [00:00<00:01, 37.61it/s]
Animation 18: _MethodAnimation(VGroup of 2 submobjects):  42%|####1     | 25/60 [00:00<00:00, 37.84it/s]
Animation 18: _MethodAnimation(VGroup of 2 submobjects):  48%|####8     | 29/60 [00:00<00:00, 37.85it/s]
Animation 18: _MethodAnimation(VGroup of 2 submobjects):  55%|#####5    | 33/60 [00:00<00:00, 37.66it/s]
Animation 18: _MethodAnimation(VGroup of 2 submobjects):  62%|######1   | 37/60 [00:00<00:00, 37.60it/s]
Animation 18: _MethodAnimation(VGroup of 2 submobjects):  68%|######8   | 41/60 [00:01<00:00, 37.55it/s]
Animation 18: _MethodAnimation(VGroup of 2 submobjects):  75%|#######5  | 45/60 [00:01<00:00, 32.75it/s]
Animation 18: _MethodAnimation(VGroup of 2 submobjects):  82%|########1 | 49/60 [00:01<00:00, 28.77it/s]
Animation 18: _MethodAnimation(VGroup of 2 submobjects):  88%|########8 | 53/60 [00:01<00:00, 29.36it/s]
Animation 18: _MethodAnimation(VGroup of 2 submobjects):  95%|#########5| 57/60 [00:01<00:00, 30.34it/s]
[09/11/26 11:05:52] INFO     Animation 18 : Partial    scene_file_writer.py:192
                             movie file written in                             
                             'C:\Users\Nacho\Documents                         
                             \Animaciones\Capitulo                             
                             13\media\videos\s06_color                         
                             eado\1080p60\partial_movi                         
                             e_files\RuidoColoreado\29                         
                             32440949_3394050716_34303                         
                             39242.mp4'                                        
                                                                                                        

Animation 19: Create(Axes of 2 submobjects), etc.:   0%|          | 0/60 [00:00<?, ?it/s]
Animation 19: Create(Axes of 2 submobjects), etc.:  13%|#3        | 8/60 [00:00<00:00, 77.05it/s]
Animation 19: Create(Axes of 2 submobjects), etc.:  27%|##6       | 16/60 [00:00<00:00, 62.56it/s]
Animation 19: Create(Axes of 2 submobjects), etc.:  38%|###8      | 23/60 [00:00<00:00, 60.35it/s]
Animation 19: Create(Axes of 2 submobjects), etc.:  50%|#####     | 30/60 [00:00<00:00, 57.57it/s]
Animation 19: Create(Axes of 2 submobjects), etc.:  62%|######1   | 37/60 [00:00<00:00, 57.87it/s]
Animation 19: Create(Axes of 2 submobjects), etc.:  72%|#######1  | 43/60 [00:00<00:00, 57.99it/s]
Animation 19: Create(Axes of 2 submobjects), etc.:  82%|########1 | 49/60 [00:00<00:00, 58.02it/s]
Animation 19: Create(Axes of 2 submobjects), etc.:  93%|#########3| 56/60 [00:00<00:00, 58.40it/s]
[09/11/26 11:05:54] INFO     Animation 19 : Partial    scene_file_writer.py:192
                             movie file written in                             
                             'C:\Users\Nacho\Documents                         
                             \Animaciones\Capitulo                             
                             13\media\videos\s06_color                         
                             eado\1080p60\partial_movi                         
                             e_files\RuidoColoreado\29                         
                             32440949_537329297_271146                         
                             4323.mp4'                                         
                                                                                                  

Animation 20: Create(ParametricFunction), etc.:   0%|          | 0/60 [00:00<?, ?it/s]
Animation 20: Create(ParametricFunction), etc.:  13%|#3        | 8/60 [00:00<00:00, 71.54it/s]
Animation 20: Create(ParametricFunction), etc.:  27%|##6       | 16/60 [00:00<00:00, 56.64it/s]
Animation 20: Create(ParametricFunction), etc.:  37%|###6      | 22/60 [00:00<00:00, 53.73it/s]
Animation 20: Create(ParametricFunction), etc.:  47%|####6     | 28/60 [00:00<00:00, 52.28it/s]
Animation 20: Create(ParametricFunction), etc.:  57%|#####6    | 34/60 [00:00<00:00, 51.00it/s]
Animation 20: Create(ParametricFunction), etc.:  67%|######6   | 40/60 [00:00<00:00, 46.23it/s]
Animation 20: Create(ParametricFunction), etc.:  75%|#######5  | 45/60 [00:00<00:00, 45.63it/s]
Animation 20: Create(ParametricFunction), etc.:  83%|########3 | 50/60 [00:01<00:00, 44.69it/s]
Animation 20: Create(ParametricFunction), etc.:  92%|#########1| 55/60 [00:01<00:00, 43.52it/s]
Animation 20: Create(ParametricFunction), etc.: 100%|##########| 60/60 [00:01<00:00, 43.37it/s]
[09/11/26 11:05:56] INFO     Animation 20 : Partial    scene_file_writer.py:192
                             movie file written in                             
                             'C:\Users\Nacho\Documents                         
                             \Animaciones\Capitulo                             
                             13\media\videos\s06_color                         
                             eado\1080p60\partial_movi                         
                             e_files\RuidoColoreado\29                         
                             32440949_1130825717_31825                         
                             08216.mp4'                                        
                                                                                               

Animation 21: Create(ParametricFunction), etc.:   0%|          | 0/60 [00:00<?, ?it/s]
Animation 21: Create(ParametricFunction), etc.:  13%|#3        | 8/60 [00:00<00:00, 69.38it/s]
Animation 21: Create(ParametricFunction), etc.:  25%|##5       | 15/60 [00:00<00:00, 57.55it/s]
Animation 21: Create(ParametricFunction), etc.:  35%|###5      | 21/60 [00:00<00:00, 54.07it/s]
Animation 21: Create(ParametricFunction), etc.:  45%|####5     | 27/60 [00:00<00:00, 52.43it/s]
Animation 21: Create(ParametricFunction), etc.:  55%|#####5    | 33/60 [00:00<00:00, 51.48it/s]
Animation 21: Create(ParametricFunction), etc.:  65%|######5   | 39/60 [00:00<00:00, 48.38it/s]
Animation 21: Create(ParametricFunction), etc.:  73%|#######3  | 44/60 [00:00<00:00, 47.20it/s]
Animation 21: Create(ParametricFunction), etc.:  82%|########1 | 49/60 [00:00<00:00, 46.88it/s]
Animation 21: Create(ParametricFunction), etc.:  90%|######### | 54/60 [00:01<00:00, 46.05it/s]
Animation 21: Create(ParametricFunction), etc.:  98%|#########8| 59/60 [00:01<00:00, 45.16it/s]
[09/11/26 11:05:58] INFO     Animation 21 : Partial    scene_file_writer.py:192
                             movie file written in                             
                             'C:\Users\Nacho\Documents                         
                             \Animaciones\Capitulo                             
                             13\media\videos\s06_color                         
                             eado\1080p60\partial_movi                         
                             e_files\RuidoColoreado\29                         
                             32440949_1215297801_15461                         
                             0639.mp4'                                         
                                                                                               

Animation 22: Create(ParametricFunction), etc.:   0%|          | 0/60 [00:00<?, ?it/s]
Animation 22: Create(ParametricFunction), etc.:  13%|#3        | 8/60 [00:00<00:00, 69.87it/s]
Animation 22: Create(ParametricFunction), etc.:  25%|##5       | 15/60 [00:00<00:00, 56.33it/s]
Animation 22: Create(ParametricFunction), etc.:  35%|###5      | 21/60 [00:00<00:00, 53.43it/s]
Animation 22: Create(ParametricFunction), etc.:  45%|####5     | 27/60 [00:00<00:00, 51.47it/s]
Animation 22: Create(ParametricFunction), etc.:  55%|#####5    | 33/60 [00:00<00:00, 50.19it/s]
Animation 22: Create(ParametricFunction), etc.:  65%|######5   | 39/60 [00:00<00:00, 45.90it/s]
Animation 22: Create(ParametricFunction), etc.:  73%|#######3  | 44/60 [00:00<00:00, 43.87it/s]
Animation 22: Create(ParametricFunction), etc.:  82%|########1 | 49/60 [00:01<00:00, 45.30it/s]
Animation 22: Create(ParametricFunction), etc.:  90%|######### | 54/60 [00:01<00:00, 40.47it/s]
Animation 22: Create(ParametricFunction), etc.:  98%|#########8| 59/60 [00:01<00:00, 40.76it/s]
[09/11/26 11:06:00] INFO     Animation 22 : Partial    scene_file_writer.py:192
                             movie file written in                             
                             'C:\Users\Nacho\Documents                         
                             \Animaciones\Capitulo                             
                             13\media\videos\s06_color                         
                             eado\1080p60\partial_movi                         
                             e_files\RuidoColoreado\29                         
                             32440949_439786700_318498                         
                             0806.mp4'                                         
                                                                                               

Animation 23: FadeIn(VGroup of 2 submobjects):   0%|          | 0/60 [00:00<?, ?it/s]
Animation 23: FadeIn(VGroup of 2 submobjects):   5%|5         | 3/60 [00:00<00:02, 26.97it/s]
Animation 23: FadeIn(VGroup of 2 submobjects):  10%|#         | 6/60 [00:00<00:02, 23.78it/s]
Animation 23: FadeIn(VGroup of 2 submobjects):  15%|#5        | 9/60 [00:00<00:02, 23.39it/s]
Animation 23: FadeIn(VGroup of 2 submobjects):  20%|##        | 12/60 [00:00<00:02, 23.44it/s]
Animation 23: FadeIn(VGroup of 2 submobjects):  25%|##5       | 15/60 [00:00<00:01, 23.24it/s]
Animation 23: FadeIn(VGroup of 2 submobjects):  30%|###       | 18/60 [00:00<00:01, 23.14it/s]
Animation 23: FadeIn(VGroup of 2 submobjects):  35%|###5      | 21/60 [00:00<00:01, 22.83it/s]
Animation 23: FadeIn(VGroup of 2 submobjects):  40%|####      | 24/60 [00:01<00:01, 22.82it/s]
Animation 23: FadeIn(VGroup of 2 submobjects):  45%|####5     | 27/60 [00:01<00:01, 22.64it/s]
Animation 23: FadeIn(VGroup of 2 submobjects):  50%|#####     | 30/60 [00:01<00:01, 22.68it/s]
Animation 23: FadeIn(VGroup of 2 submobjects):  55%|#####5    | 33/60 [00:01<00:01, 22.65it/s]
Animation 23: FadeIn(VGroup of 2 submobjects):  60%|######    | 36/60 [00:01<00:01, 22.68it/s]
Animation 23: FadeIn(VGroup of 2 submobjects):  65%|######5   | 39/60 [00:01<00:00, 22.82it/s]
Animation 23: FadeIn(VGroup of 2 submobjects):  70%|#######   | 42/60 [00:01<00:00, 22.77it/s]
Animation 23: FadeIn(VGroup of 2 submobjects):  75%|#######5  | 45/60 [00:02<00:00, 19.56it/s]
Animation 23: FadeIn(VGroup of 2 submobjects):  80%|########  | 48/60 [00:02<00:00, 19.89it/s]
Animation 23: FadeIn(VGroup of 2 submobjects):  85%|########5 | 51/60 [00:02<00:00, 20.32it/s]
Animation 23: FadeIn(VGroup of 2 submobjects):  90%|######### | 54/60 [00:02<00:00, 20.37it/s]
Animation 23: FadeIn(VGroup of 2 submobjects):  95%|#########5| 57/60 [00:02<00:00, 20.69it/s]
Animation 23: FadeIn(VGroup of 2 submobjects): 100%|##########| 60/60 [00:02<00:00, 20.78it/s]
[09/11/26 11:06:05] INFO     Animation 23 : Partial    scene_file_writer.py:192
                             movie file written in                             
                             'C:\Users\Nacho\Documents                         
                             \Animaciones\Capitulo                             
                             13\media\videos\s06_color                         
                             eado\1080p60\partial_movi                         
                             e_files\RuidoColoreado\29                         
                             32440949_1360350067_40115                         
                             23596.mp4'                                        
[09/11/26 11:06:08] INFO     Animation 24 : Partial    scene_file_writer.py:192
                             movie file written in                             
                             'C:\Users\Nacho\Documents                         
                             \Animaciones\Capitulo                             
                             13\media\videos\s06_color                         
                             eado\1080p60\partial_movi                         
                             e_files\RuidoColoreado\29                         
                             32440949_499328632_395798                         
                             159.mp4'                                          
                                                                                              

Animation 25: FadeOut(VGroup of 11 submobjects):   0%|          | 0/60 [00:00<?, ?it/s]
Animation 25: FadeOut(VGroup of 11 submobjects):   3%|3         | 2/60 [00:00<00:03, 16.18it/s]
Animation 25: FadeOut(VGroup of 11 submobjects):   7%|6         | 4/60 [00:00<00:03, 15.64it/s]
Animation 25: FadeOut(VGroup of 11 submobjects):  10%|#         | 6/60 [00:00<00:03, 15.44it/s]
Animation 25: FadeOut(VGroup of 11 submobjects):  13%|#3        | 8/60 [00:00<00:03, 15.25it/s]
Animation 25: FadeOut(VGroup of 11 submobjects):  17%|#6        | 10/60 [00:00<00:03, 15.22it/s]
Animation 25: FadeOut(VGroup of 11 submobjects):  20%|##        | 12/60 [00:00<00:03, 15.27it/s]
Animation 25: FadeOut(VGroup of 11 submobjects):  23%|##3       | 14/60 [00:00<00:03, 15.31it/s]
Animation 25: FadeOut(VGroup of 11 submobjects):  27%|##6       | 16/60 [00:01<00:02, 15.38it/s]
Animation 25: FadeOut(VGroup of 11 submobjects):  30%|###       | 18/60 [00:01<00:02, 15.19it/s]
Animation 25: FadeOut(VGroup of 11 submobjects):  33%|###3      | 20/60 [00:01<00:02, 15.14it/s]
Animation 25: FadeOut(VGroup of 11 submobjects):  37%|###6      | 22/60 [00:01<00:02, 14.79it/s]
Animation 25: FadeOut(VGroup of 11 submobjects):  40%|####      | 24/60 [00:01<00:02, 14.76it/s]
Animation 25: FadeOut(VGroup of 11 submobjects):  43%|####3     | 26/60 [00:01<00:02, 15.07it/s]
Animation 25: FadeOut(VGroup of 11 submobjects):  47%|####6     | 28/60 [00:01<00:02, 15.04it/s]
Animation 25: FadeOut(VGroup of 11 submobjects):  50%|#####     | 30/60 [00:01<00:01, 15.24it/s]
Animation 25: FadeOut(VGroup of 11 submobjects):  53%|#####3    | 32/60 [00:02<00:01, 15.17it/s]
Animation 25: FadeOut(VGroup of 11 submobjects):  57%|#####6    | 34/60 [00:02<00:01, 15.17it/s]
Animation 25: FadeOut(VGroup of 11 submobjects):  60%|######    | 36/60 [00:02<00:01, 15.18it/s]
Animation 25: FadeOut(VGroup of 11 submobjects):  63%|######3   | 38/60 [00:02<00:01, 14.98it/s]
Animation 25: FadeOut(VGroup of 11 submobjects):  67%|######6   | 40/60 [00:02<00:01, 15.01it/s]
Animation 25: FadeOut(VGroup of 11 submobjects):  70%|#######   | 42/60 [00:02<00:01, 15.19it/s]
Animation 25: FadeOut(VGroup of 11 submobjects):  73%|#######3  | 44/60 [00:02<00:01, 12.92it/s]
Animation 25: FadeOut(VGroup of 11 submobjects):  77%|#######6  | 46/60 [00:03<00:01, 13.18it/s]
Animation 25: FadeOut(VGroup of 11 submobjects):  80%|########  | 48/60 [00:03<00:00, 13.31it/s]
Animation 25: FadeOut(VGroup of 11 submobjects):  83%|########3 | 50/60 [00:03<00:00, 13.50it/s]
Animation 25: FadeOut(VGroup of 11 submobjects):  87%|########6 | 52/60 [00:03<00:00, 13.68it/s]
Animation 25: FadeOut(VGroup of 11 submobjects):  90%|######### | 54/60 [00:03<00:00, 13.84it/s]
Animation 25: FadeOut(VGroup of 11 submobjects):  93%|#########3| 56/60 [00:03<00:00, 13.18it/s]
Animation 25: FadeOut(VGroup of 11 submobjects):  97%|#########6| 58/60 [00:04<00:00, 13.34it/s]
Animation 25: FadeOut(VGroup of 11 submobjects): 100%|##########| 60/60 [00:04<00:00, 14.17it/s]
[09/11/26 11:06:14] INFO     Animation 25 : Partial    scene_file_writer.py:192
                             movie file written in                             
                             'C:\Users\Nacho\Documents                         
                             \Animaciones\Capitulo                             
                             13\media\videos\s06_color                         
                             eado\1080p60\partial_movi                         
                             e_files\RuidoColoreado\29                         
                             32440949_3978387347_37527                         
                             02956.mp4'                                        
                                                                                                

Animation 26: Write(MathTex('\\frac{E_p}{\\sigma^2}=\\frac{1}{2\\pi}\\int_{-\\pi}^{\\pi}\\frac{|S(e^{j\\Omega})|^2}{D_{
vv}(e^{j\\Omega})}\\,d\\Omega')):   0%|          | 0/120 [00:00<?, ?it/s]
Animation 26: Write(MathTex('\\frac{E_p}{\\sigma^2}=\\frac{1}{2\\pi}\\int_{-\\pi}^{\\pi}\\frac{|S(e^{j\\Omega})|^2}{D_{
vv}(e^{j\\Omega})}\\,d\\Omega')):   4%|4         | 5/120 [00:00<00:02, 38.48it/s]
Animation 26: Write(MathTex('\\frac{E_p}{\\sigma^2}=\\frac{1}{2\\pi}\\int_{-\\pi}^{\\pi}\\frac{|S(e^{j\\Omega})|^2}{D_{
vv}(e^{j\\Omega})}\\,d\\Omega')):   8%|7         | 9/120 [00:00<00:03, 34.55it/s]
Animation 26: Write(MathTex('\\frac{E_p}{\\sigma^2}=\\frac{1}{2\\pi}\\int_{-\\pi}^{\\pi}\\frac{|S(e^{j\\Omega})|^2}{D_{
vv}(e^{j\\Omega})}\\,d\\Omega')):  11%|#         | 13/120 [00:00<00:03, 33.95it/s]
Animation 26: Write(MathTex('\\frac{E_p}{\\sigma^2}=\\frac{1}{2\\pi}\\int_{-\\pi}^{\\pi}\\frac{|S(e^{j\\Omega})|^2}{D_{
vv}(e^{j\\Omega})}\\,d\\Omega')):  14%|#4        | 17/120 [00:00<00:03, 34.09it/s]
Animation 26: Write(MathTex('\\frac{E_p}{\\sigma^2}=\\frac{1}{2\\pi}\\int_{-\\pi}^{\\pi}\\frac{|S(e^{j\\Omega})|^2}{D_{
vv}(e^{j\\Omega})}\\,d\\Omega')):  18%|#7        | 21/120 [00:00<00:02, 33.37it/s]
Animation 26: Write(MathTex('\\frac{E_p}{\\sigma^2}=\\frac{1}{2\\pi}\\int_{-\\pi}^{\\pi}\\frac{|S(e^{j\\Omega})|^2}{D_{
vv}(e^{j\\Omega})}\\,d\\Omega')):  21%|##        | 25/120 [00:00<00:02, 33.19it/s]
Animation 26: Write(MathTex('\\frac{E_p}{\\sigma^2}=\\frac{1}{2\\pi}\\int_{-\\pi}^{\\pi}\\frac{|S(e^{j\\Omega})|^2}{D_{
vv}(e^{j\\Omega})}\\,d\\Omega')):  24%|##4       | 29/120 [00:00<00:02, 33.95it/s]
Animation 26: Write(MathTex('\\frac{E_p}{\\sigma^2}=\\frac{1}{2\\pi}\\int_{-\\pi}^{\\pi}\\frac{|S(e^{j\\Omega})|^2}{D_{
vv}(e^{j\\Omega})}\\,d\\Omega')):  28%|##7       | 33/120 [00:00<00:02, 33.87it/s]
Animation 26: Write(MathTex('\\frac{E_p}{\\sigma^2}=\\frac{1}{2\\pi}\\int_{-\\pi}^{\\pi}\\frac{|S(e^{j\\Omega})|^2}{D_{
vv}(e^{j\\Omega})}\\,d\\Omega')):  31%|###       | 37/120 [00:01<00:02, 34.04it/s]
Animation 26: Write(MathTex('\\frac{E_p}{\\sigma^2}=\\frac{1}{2\\pi}\\int_{-\\pi}^{\\pi}\\frac{|S(e^{j\\Omega})|^2}{D_{
vv}(e^{j\\Omega})}\\,d\\Omega')):  34%|###4      | 41/120 [00:01<00:02, 34.02it/s]
Animation 26: Write(MathTex('\\frac{E_p}{\\sigma^2}=\\frac{1}{2\\pi}\\int_{-\\pi}^{\\pi}\\frac{|S(e^{j\\Omega})|^2}{D_{
vv}(e^{j\\Omega})}\\,d\\Omega')):  38%|###7      | 45/120 [00:01<00:02, 29.02it/s]
Animation 26: Write(MathTex('\\frac{E_p}{\\sigma^2}=\\frac{1}{2\\pi}\\int_{-\\pi}^{\\pi}\\frac{|S(e^{j\\Omega})|^2}{D_{
vv}(e^{j\\Omega})}\\,d\\Omega')):  41%|####      | 49/120 [00:01<00:02, 29.06it/s]
Animation 26: Write(MathTex('\\frac{E_p}{\\sigma^2}=\\frac{1}{2\\pi}\\int_{-\\pi}^{\\pi}\\frac{|S(e^{j\\Omega})|^2}{D_{
vv}(e^{j\\Omega})}\\,d\\Omega')):  43%|####3     | 52/120 [00:01<00:02, 28.34it/s]
Animation 26: Write(MathTex('\\frac{E_p}{\\sigma^2}=\\frac{1}{2\\pi}\\int_{-\\pi}^{\\pi}\\frac{|S(e^{j\\Omega})|^2}{D_{
vv}(e^{j\\Omega})}\\,d\\Omega')):  47%|####6     | 56/120 [00:01<00:02, 29.07it/s]
Animation 26: Write(MathTex('\\frac{E_p}{\\sigma^2}=\\frac{1}{2\\pi}\\int_{-\\pi}^{\\pi}\\frac{|S(e^{j\\Omega})|^2}{D_{
vv}(e^{j\\Omega})}\\,d\\Omega')):  50%|#####     | 60/120 [00:01<00:02, 29.61it/s]
Animation 26: Write(MathTex('\\frac{E_p}{\\sigma^2}=\\frac{1}{2\\pi}\\int_{-\\pi}^{\\pi}\\frac{|S(e^{j\\Omega})|^2}{D_{
vv}(e^{j\\Omega})}\\,d\\Omega')):  53%|#####3    | 64/120 [00:02<00:01, 29.77it/s]
Animation 26: Write(MathTex('\\frac{E_p}{\\sigma^2}=\\frac{1}{2\\pi}\\int_{-\\pi}^{\\pi}\\frac{|S(e^{j\\Omega})|^2}{D_{
vv}(e^{j\\Omega})}\\,d\\Omega')):  57%|#####6    | 68/120 [00:02<00:01, 29.89it/s]
Animation 26: Write(MathTex('\\frac{E_p}{\\sigma^2}=\\frac{1}{2\\pi}\\int_{-\\pi}^{\\pi}\\frac{|S(e^{j\\Omega})|^2}{D_{
vv}(e^{j\\Omega})}\\,d\\Omega')):  60%|######    | 72/120 [00:02<00:01, 29.59it/s]
Animation 26: Write(MathTex('\\frac{E_p}{\\sigma^2}=\\frac{1}{2\\pi}\\int_{-\\pi}^{\\pi}\\frac{|S(e^{j\\Omega})|^2}{D_{
vv}(e^{j\\Omega})}\\,d\\Omega')):  62%|######2   | 75/120 [00:02<00:01, 29.38it/s]
Animation 26: Write(MathTex('\\frac{E_p}{\\sigma^2}=\\frac{1}{2\\pi}\\int_{-\\pi}^{\\pi}\\frac{|S(e^{j\\Omega})|^2}{D_{
vv}(e^{j\\Omega})}\\,d\\Omega')):  65%|######5   | 78/120 [00:02<00:01, 29.06it/s]
Animation 26: Write(MathTex('\\frac{E_p}{\\sigma^2}=\\frac{1}{2\\pi}\\int_{-\\pi}^{\\pi}\\frac{|S(e^{j\\Omega})|^2}{D_{
vv}(e^{j\\Omega})}\\,d\\Omega')):  68%|######7   | 81/120 [00:02<00:01, 28.05it/s]
Animation 26: Write(MathTex('\\frac{E_p}{\\sigma^2}=\\frac{1}{2\\pi}\\int_{-\\pi}^{\\pi}\\frac{|S(e^{j\\Omega})|^2}{D_{
vv}(e^{j\\Omega})}\\,d\\Omega')):  70%|#######   | 84/120 [00:02<00:01, 28.22it/s]
Animation 26: Write(MathTex('\\frac{E_p}{\\sigma^2}=\\frac{1}{2\\pi}\\int_{-\\pi}^{\\pi}\\frac{|S(e^{j\\Omega})|^2}{D_{
vv}(e^{j\\Omega})}\\,d\\Omega')):  73%|#######3  | 88/120 [00:02<00:01, 28.51it/s]
Animation 26: Write(MathTex('\\frac{E_p}{\\sigma^2}=\\frac{1}{2\\pi}\\int_{-\\pi}^{\\pi}\\frac{|S(e^{j\\Omega})|^2}{D_{
vv}(e^{j\\Omega})}\\,d\\Omega')):  76%|#######5  | 91/120 [00:02<00:01, 28.75it/s]
Animation 26: Write(MathTex('\\frac{E_p}{\\sigma^2}=\\frac{1}{2\\pi}\\int_{-\\pi}^{\\pi}\\frac{|S(e^{j\\Omega})|^2}{D_{
vv}(e^{j\\Omega})}\\,d\\Omega')):  78%|#######8  | 94/120 [00:03<00:00, 28.48it/s]
Animation 26: Write(MathTex('\\frac{E_p}{\\sigma^2}=\\frac{1}{2\\pi}\\int_{-\\pi}^{\\pi}\\frac{|S(e^{j\\Omega})|^2}{D_{
vv}(e^{j\\Omega})}\\,d\\Omega')):  81%|########  | 97/120 [00:03<00:00, 28.63it/s]
Animation 26: Write(MathTex('\\frac{E_p}{\\sigma^2}=\\frac{1}{2\\pi}\\int_{-\\pi}^{\\pi}\\frac{|S(e^{j\\Omega})|^2}{D_{
vv}(e^{j\\Omega})}\\,d\\Omega')):  84%|########4 | 101/120 [00:03<00:00, 29.07it/s]
Animation 26: Write(MathTex('\\frac{E_p}{\\sigma^2}=\\frac{1}{2\\pi}\\int_{-\\pi}^{\\pi}\\frac{|S(e^{j\\Omega})|^2}{D_{
vv}(e^{j\\Omega})}\\,d\\Omega')):  87%|########6 | 104/120 [00:03<00:00, 28.88it/s]
Animation 26: Write(MathTex('\\frac{E_p}{\\sigma^2}=\\frac{1}{2\\pi}\\int_{-\\pi}^{\\pi}\\frac{|S(e^{j\\Omega})|^2}{D_{
vv}(e^{j\\Omega})}\\,d\\Omega')):  90%|######### | 108/120 [00:03<00:00, 28.90it/s]
Animation 26: Write(MathTex('\\frac{E_p}{\\sigma^2}=\\frac{1}{2\\pi}\\int_{-\\pi}^{\\pi}\\frac{|S(e^{j\\Omega})|^2}{D_{
vv}(e^{j\\Omega})}\\,d\\Omega')):  93%|#########3| 112/120 [00:03<00:00, 28.93it/s]
Animation 26: Write(MathTex('\\frac{E_p}{\\sigma^2}=\\frac{1}{2\\pi}\\int_{-\\pi}^{\\pi}\\frac{|S(e^{j\\Omega})|^2}{D_{
vv}(e^{j\\Omega})}\\,d\\Omega')):  96%|#########5| 115/120 [00:03<00:00, 27.53it/s]
Animation 26: Write(MathTex('\\frac{E_p}{\\sigma^2}=\\frac{1}{2\\pi}\\int_{-\\pi}^{\\pi}\\frac{|S(e^{j\\Omega})|^2}{D_{
vv}(e^{j\\Omega})}\\,d\\Omega')):  98%|#########8| 118/120 [00:03<00:00, 27.61it/s]
[09/11/26 11:06:19] INFO     Animation 26 : Partial    scene_file_writer.py:192
                             movie file written in                             
                             'C:\Users\Nacho\Documents                         
                             \Animaciones\Capitulo                             
                             13\media\videos\s06_color                         
                             eado\1080p60\partial_movi                         
                             e_files\RuidoColoreado\29                         
                             32440949_2847367336_38724                         
                             22812.mp4'                                        
                                                                                                                       
                                                                                   

Animation 27: FadeIn(VGroup of 2 submobjects):   0%|          | 0/60 [00:00<?, ?it/s]
Animation 27: FadeIn(VGroup of 2 submobjects):   5%|5         | 3/60 [00:00<00:02, 22.20it/s]
Animation 27: FadeIn(VGroup of 2 submobjects):  10%|#         | 6/60 [00:00<00:02, 21.07it/s]
Animation 27: FadeIn(VGroup of 2 submobjects):  15%|#5        | 9/60 [00:00<00:02, 20.63it/s]
Animation 27: FadeIn(VGroup of 2 submobjects):  20%|##        | 12/60 [00:00<00:02, 20.31it/s]
Animation 27: FadeIn(VGroup of 2 submobjects):  25%|##5       | 15/60 [00:00<00:02, 19.98it/s]
Animation 27: FadeIn(VGroup of 2 submobjects):  30%|###       | 18/60 [00:00<00:02, 19.89it/s]
Animation 27: FadeIn(VGroup of 2 submobjects):  35%|###5      | 21/60 [00:01<00:01, 19.98it/s]
Animation 27: FadeIn(VGroup of 2 submobjects):  38%|###8      | 23/60 [00:01<00:01, 19.84it/s]
Animation 27: FadeIn(VGroup of 2 submobjects):  42%|####1     | 25/60 [00:01<00:01, 19.78it/s]
Animation 27: FadeIn(VGroup of 2 submobjects):  45%|####5     | 27/60 [00:01<00:01, 19.83it/s]
Animation 27: FadeIn(VGroup of 2 submobjects):  48%|####8     | 29/60 [00:01<00:01, 19.81it/s]
Animation 27: FadeIn(VGroup of 2 submobjects):  52%|#####1    | 31/60 [00:01<00:01, 19.86it/s]
Animation 27: FadeIn(VGroup of 2 submobjects):  55%|#####5    | 33/60 [00:01<00:01, 19.74it/s]
Animation 27: FadeIn(VGroup of 2 submobjects):  58%|#####8    | 35/60 [00:01<00:01, 19.68it/s]
Animation 27: FadeIn(VGroup of 2 submobjects):  62%|######1   | 37/60 [00:01<00:01, 19.57it/s]
Animation 27: FadeIn(VGroup of 2 submobjects):  65%|######5   | 39/60 [00:01<00:01, 19.60it/s]
Animation 27: FadeIn(VGroup of 2 submobjects):  70%|#######   | 42/60 [00:02<00:00, 19.64it/s]
Animation 27: FadeIn(VGroup of 2 submobjects):  73%|#######3  | 44/60 [00:02<00:00, 17.04it/s]
Animation 27: FadeIn(VGroup of 2 submobjects):  77%|#######6  | 46/60 [00:02<00:00, 17.34it/s]
Animation 27: FadeIn(VGroup of 2 submobjects):  80%|########  | 48/60 [00:02<00:00, 17.47it/s]
Animation 27: FadeIn(VGroup of 2 submobjects):  83%|########3 | 50/60 [00:02<00:00, 17.81it/s]
Animation 27: FadeIn(VGroup of 2 submobjects):  87%|########6 | 52/60 [00:02<00:00, 17.65it/s]
Animation 27: FadeIn(VGroup of 2 submobjects):  90%|######### | 54/60 [00:02<00:00, 17.89it/s]
Animation 27: FadeIn(VGroup of 2 submobjects):  93%|#########3| 56/60 [00:02<00:00, 17.60it/s]
Animation 27: FadeIn(VGroup of 2 submobjects):  97%|#########6| 58/60 [00:03<00:00, 17.83it/s]
Animation 27: FadeIn(VGroup of 2 submobjects): 100%|##########| 60/60 [00:03<00:00, 17.74it/s]
[09/11/26 11:06:24] INFO     Animation 27 : Partial    scene_file_writer.py:192
                             movie file written in                             
                             'C:\Users\Nacho\Documents                         
                             \Animaciones\Capitulo                             
                             13\media\videos\s06_color                         
                             eado\1080p60\partial_movi                         
                             e_files\RuidoColoreado\29                         
                             32440949_2219678858_17281                         
                             77164.mp4'                                        
[09/11/26 11:06:28] INFO     Animation 28 : Partial    scene_file_writer.py:192
                             movie file written in                             
                             'C:\Users\Nacho\Documents                         
                             \Animaciones\Capitulo                             
                             13\media\videos\s06_color                         
                             eado\1080p60\partial_movi                         
                             e_files\RuidoColoreado\29                         
                             32440949_349589963_161321                         
                             6546.mp4'                                         
                                                                                              

Animation 29: FadeOut(VGroup of 2 submobjects):   0%|          | 0/60 [00:00<?, ?it/s]
Animation 29: FadeOut(VGroup of 2 submobjects):   3%|3         | 2/60 [00:00<00:03, 16.83it/s]
Animation 29: FadeOut(VGroup of 2 submobjects):   7%|6         | 4/60 [00:00<00:03, 15.98it/s]
Animation 29: FadeOut(VGroup of 2 submobjects):  10%|#         | 6/60 [00:00<00:03, 15.97it/s]
Animation 29: FadeOut(VGroup of 2 submobjects):  13%|#3        | 8/60 [00:00<00:03, 15.93it/s]
Animation 29: FadeOut(VGroup of 2 submobjects):  17%|#6        | 10/60 [00:00<00:03, 16.10it/s]
Animation 29: FadeOut(VGroup of 2 submobjects):  20%|##        | 12/60 [00:00<00:02, 16.06it/s]
Animation 29: FadeOut(VGroup of 2 submobjects):  23%|##3       | 14/60 [00:00<00:02, 16.41it/s]
Animation 29: FadeOut(VGroup of 2 submobjects):  27%|##6       | 16/60 [00:00<00:02, 16.35it/s]
Animation 29: FadeOut(VGroup of 2 submobjects):  30%|###       | 18/60 [00:01<00:02, 16.50it/s]
Animation 29: FadeOut(VGroup of 2 submobjects):  33%|###3      | 20/60 [00:01<00:02, 16.57it/s]
Animation 29: FadeOut(VGroup of 2 submobjects):  37%|###6      | 22/60 [00:01<00:02, 16.17it/s]
Animation 29: FadeOut(VGroup of 2 submobjects):  40%|####      | 24/60 [00:01<00:02, 16.08it/s]
Animation 29: FadeOut(VGroup of 2 submobjects):  43%|####3     | 26/60 [00:01<00:02, 16.37it/s]
Animation 29: FadeOut(VGroup of 2 submobjects):  47%|####6     | 28/60 [00:01<00:01, 16.23it/s]
Animation 29: FadeOut(VGroup of 2 submobjects):  50%|#####     | 30/60 [00:01<00:01, 16.56it/s]
Animation 29: FadeOut(VGroup of 2 submobjects):  53%|#####3    | 32/60 [00:01<00:01, 16.56it/s]
Animation 29: FadeOut(VGroup of 2 submobjects):  57%|#####6    | 34/60 [00:02<00:01, 16.49it/s]
Animation 29: FadeOut(VGroup of 2 submobjects):  60%|######    | 36/60 [00:02<00:01, 16.64it/s]
Animation 29: FadeOut(VGroup of 2 submobjects):  63%|######3   | 38/60 [00:02<00:01, 16.25it/s]
Animation 29: FadeOut(VGroup of 2 submobjects):  67%|######6   | 40/60 [00:02<00:01, 16.03it/s]
Animation 29: FadeOut(VGroup of 2 submobjects):  70%|#######   | 42/60 [00:02<00:01, 16.16it/s]
Animation 29: FadeOut(VGroup of 2 submobjects):  73%|#######3  | 44/60 [00:02<00:01, 13.35it/s]
Animation 29: FadeOut(VGroup of 2 submobjects):  77%|#######6  | 46/60 [00:02<00:01, 13.74it/s]
Animation 29: FadeOut(VGroup of 2 submobjects):  80%|########  | 48/60 [00:03<00:00, 14.02it/s]
Animation 29: FadeOut(VGroup of 2 submobjects):  83%|########3 | 50/60 [00:03<00:00, 14.40it/s]
Animation 29: FadeOut(VGroup of 2 submobjects):  87%|########6 | 52/60 [00:03<00:00, 14.36it/s]
Animation 29: FadeOut(VGroup of 2 submobjects):  90%|######### | 54/60 [00:03<00:00, 14.58it/s]
Animation 29: FadeOut(VGroup of 2 submobjects):  93%|#########3| 56/60 [00:03<00:00, 14.73it/s]
Animation 29: FadeOut(VGroup of 2 submobjects):  97%|#########6| 58/60 [00:03<00:00, 14.71it/s]
Animation 29: FadeOut(VGroup of 2 submobjects): 100%|##########| 60/60 [00:03<00:00, 14.88it/s]
[09/11/26 11:06:34] INFO     Animation 29 : Partial    scene_file_writer.py:192
                             movie file written in                             
                             'C:\Users\Nacho\Documents                         
                             \Animaciones\Capitulo                             
                             13\media\videos\s06_color                         
                             eado\1080p60\partial_movi                         
                             e_files\RuidoColoreado\29                         
                             32440949_4288260613_40776                         
                             62742.mp4'                                        
                                                                                               

Animation 30: FadeIn(Text('De paso: diseño de pulsos de Nyquist')):   0%|          | 0/60 [00:00<?, ?it/s]
Animation 30: FadeIn(Text('De paso: diseño de pulsos de Nyquist')):   7%|6         | 4/60 [00:00<00:01, 35.88it/s]
Animation 30: FadeIn(Text('De paso: diseño de pulsos de Nyquist')):  13%|#3        | 8/60 [00:00<00:01, 33.40it/s]
Animation 30: FadeIn(Text('De paso: diseño de pulsos de Nyquist')):  20%|##        | 12/60 [00:00<00:01, 32.53it/s]
Animation 30: FadeIn(Text('De paso: diseño de pulsos de Nyquist')):  27%|##6       | 16/60 [00:00<00:01, 32.40it/s]
Animation 30: FadeIn(Text('De paso: diseño de pulsos de Nyquist')):  33%|###3      | 20/60 [00:00<00:01, 32.70it/s]
Animation 30: FadeIn(Text('De paso: diseño de pulsos de Nyquist')):  40%|####      | 24/60 [00:00<00:01, 33.29it/s]
Animation 30: FadeIn(Text('De paso: diseño de pulsos de Nyquist')):  47%|####6     | 28/60 [00:00<00:00, 33.03it/s]
Animation 30: FadeIn(Text('De paso: diseño de pulsos de Nyquist')):  53%|#####3    | 32/60 [00:00<00:00, 33.06it/s]
Animation 30: FadeIn(Text('De paso: diseño de pulsos de Nyquist')):  60%|######    | 36/60 [00:01<00:00, 33.16it/s]
Animation 30: FadeIn(Text('De paso: diseño de pulsos de Nyquist')):  67%|######6   | 40/60 [00:01<00:00, 32.93it/s]
Animation 30: FadeIn(Text('De paso: diseño de pulsos de Nyquist')):  73%|#######3  | 44/60 [00:01<00:00, 29.12it/s]
Animation 30: FadeIn(Text('De paso: diseño de pulsos de Nyquist')):  78%|#######8  | 47/60 [00:01<00:00, 27.85it/s]
Animation 30: FadeIn(Text('De paso: diseño de pulsos de Nyquist')):  83%|########3 | 50/60 [00:01<00:00, 28.33it/s]
Animation 30: FadeIn(Text('De paso: diseño de pulsos de Nyquist')):  90%|######### | 54/60 [00:01<00:00, 28.95it/s]
Animation 30: FadeIn(Text('De paso: diseño de pulsos de Nyquist')):  95%|#########5| 57/60 [00:01<00:00, 29.18it/s]
[09/11/26 11:06:37] INFO     Animation 30 : Partial    scene_file_writer.py:192
                             movie file written in                             
                             'C:\Users\Nacho\Documents                         
                             \Animaciones\Capitulo                             
                             13\media\videos\s06_color                         
                             eado\1080p60\partial_movi                         
                             e_files\RuidoColoreado\29                         
                             32440949_246175156_321666                         
                             3772.mp4'                                         
                                                                                                                   

Animation 31: Write(MathTex('P(j\\omega)H_c(j\\omega)H_c(-j\\omega)P(-j\\omega)=|P(j\\omega)|^2|H_c(j\\omega)|^2')):   
0%|          | 0/120 [00:00<?, ?it/s]
Animation 31: Write(MathTex('P(j\\omega)H_c(j\\omega)H_c(-j\\omega)P(-j\\omega)=|P(j\\omega)|^2|H_c(j\\omega)|^2')):   
6%|5         | 7/120 [00:00<00:01, 61.21it/s]
Animation 31: Write(MathTex('P(j\\omega)H_c(j\\omega)H_c(-j\\omega)P(-j\\omega)=|P(j\\omega)|^2|H_c(j\\omega)|^2')):  
12%|#1        | 14/120 [00:00<00:01, 60.20it/s]
Animation 31: Write(MathTex('P(j\\omega)H_c(j\\omega)H_c(-j\\omega)P(-j\\omega)=|P(j\\omega)|^2|H_c(j\\omega)|^2')):  
18%|#7        | 21/120 [00:00<00:01, 62.34it/s]
Animation 31: Write(MathTex('P(j\\omega)H_c(j\\omega)H_c(-j\\omega)P(-j\\omega)=|P(j\\omega)|^2|H_c(j\\omega)|^2')):  
23%|##3       | 28/120 [00:00<00:01, 60.70it/s]
Animation 31: Write(MathTex('P(j\\omega)H_c(j\\omega)H_c(-j\\omega)P(-j\\omega)=|P(j\\omega)|^2|H_c(j\\omega)|^2')):  
29%|##9       | 35/120 [00:00<00:01, 61.02it/s]
Animation 31: Write(MathTex('P(j\\omega)H_c(j\\omega)H_c(-j\\omega)P(-j\\omega)=|P(j\\omega)|^2|H_c(j\\omega)|^2')):  
35%|###5      | 42/120 [00:00<00:01, 61.76it/s]
Animation 31: Write(MathTex('P(j\\omega)H_c(j\\omega)H_c(-j\\omega)P(-j\\omega)=|P(j\\omega)|^2|H_c(j\\omega)|^2')):  
41%|####      | 49/120 [00:00<00:01, 55.55it/s]
Animation 31: Write(MathTex('P(j\\omega)H_c(j\\omega)H_c(-j\\omega)P(-j\\omega)=|P(j\\omega)|^2|H_c(j\\omega)|^2')):  
46%|####5     | 55/120 [00:00<00:01, 55.29it/s]
Animation 31: Write(MathTex('P(j\\omega)H_c(j\\omega)H_c(-j\\omega)P(-j\\omega)=|P(j\\omega)|^2|H_c(j\\omega)|^2')):  
51%|#####     | 61/120 [00:01<00:01, 55.05it/s]
Animation 31: Write(MathTex('P(j\\omega)H_c(j\\omega)H_c(-j\\omega)P(-j\\omega)=|P(j\\omega)|^2|H_c(j\\omega)|^2')):  
56%|#####5    | 67/120 [00:01<00:00, 55.33it/s]
Animation 31: Write(MathTex('P(j\\omega)H_c(j\\omega)H_c(-j\\omega)P(-j\\omega)=|P(j\\omega)|^2|H_c(j\\omega)|^2')):  
61%|######    | 73/120 [00:01<00:00, 55.20it/s]
Animation 31: Write(MathTex('P(j\\omega)H_c(j\\omega)H_c(-j\\omega)P(-j\\omega)=|P(j\\omega)|^2|H_c(j\\omega)|^2')):  
66%|######5   | 79/120 [00:01<00:00, 55.32it/s]
Animation 31: Write(MathTex('P(j\\omega)H_c(j\\omega)H_c(-j\\omega)P(-j\\omega)=|P(j\\omega)|^2|H_c(j\\omega)|^2')):  
71%|#######   | 85/120 [00:01<00:00, 54.56it/s]
Animation 31: Write(MathTex('P(j\\omega)H_c(j\\omega)H_c(-j\\omega)P(-j\\omega)=|P(j\\omega)|^2|H_c(j\\omega)|^2')):  
76%|#######5  | 91/120 [00:01<00:00, 55.11it/s]
Animation 31: Write(MathTex('P(j\\omega)H_c(j\\omega)H_c(-j\\omega)P(-j\\omega)=|P(j\\omega)|^2|H_c(j\\omega)|^2')):  
81%|########  | 97/120 [00:01<00:00, 55.07it/s]
Animation 31: Write(MathTex('P(j\\omega)H_c(j\\omega)H_c(-j\\omega)P(-j\\omega)=|P(j\\omega)|^2|H_c(j\\omega)|^2')):  
86%|########5 | 103/120 [00:01<00:00, 55.64it/s]
Animation 31: Write(MathTex('P(j\\omega)H_c(j\\omega)H_c(-j\\omega)P(-j\\omega)=|P(j\\omega)|^2|H_c(j\\omega)|^2')):  
91%|######### | 109/120 [00:01<00:00, 55.28it/s]
Animation 31: Write(MathTex('P(j\\omega)H_c(j\\omega)H_c(-j\\omega)P(-j\\omega)=|P(j\\omega)|^2|H_c(j\\omega)|^2')):  
96%|#########5| 115/120 [00:02<00:00, 56.02it/s]
[09/11/26 11:06:40] INFO     Animation 31 : Partial    scene_file_writer.py:192
                             movie file written in                             
                             'C:\Users\Nacho\Documents                         
                             \Animaciones\Capitulo                             
                             13\media\videos\s06_color                         
                             eado\1080p60\partial_movi                         
                             e_files\RuidoColoreado\29                         
                             32440949_3236865728_13458                         
                             71500.mp4'                                        
                                                                                                                       
                                               

Animation 32: FadeIn(VGroup of 2 submobjects):   0%|          | 0/60 [00:00<?, ?it/s]
Animation 32: FadeIn(VGroup of 2 submobjects):   5%|5         | 3/60 [00:00<00:02, 24.89it/s]
Animation 32: FadeIn(VGroup of 2 submobjects):  10%|#         | 6/60 [00:00<00:02, 24.12it/s]
Animation 32: FadeIn(VGroup of 2 submobjects):  15%|#5        | 9/60 [00:00<00:02, 22.05it/s]
Animation 32: FadeIn(VGroup of 2 submobjects):  20%|##        | 12/60 [00:00<00:02, 23.21it/s]
Animation 32: FadeIn(VGroup of 2 submobjects):  25%|##5       | 15/60 [00:00<00:01, 24.65it/s]
Animation 32: FadeIn(VGroup of 2 submobjects):  30%|###       | 18/60 [00:00<00:01, 26.03it/s]
Animation 32: FadeIn(VGroup of 2 submobjects):  37%|###6      | 22/60 [00:00<00:01, 28.02it/s]
Animation 32: FadeIn(VGroup of 2 submobjects):  43%|####3     | 26/60 [00:00<00:01, 28.92it/s]
Animation 32: FadeIn(VGroup of 2 submobjects):  48%|####8     | 29/60 [00:01<00:01, 26.57it/s]
Animation 32: FadeIn(VGroup of 2 submobjects):  53%|#####3    | 32/60 [00:01<00:01, 24.11it/s]
Animation 32: FadeIn(VGroup of 2 submobjects):  58%|#####8    | 35/60 [00:01<00:01, 22.42it/s]
Animation 32: FadeIn(VGroup of 2 submobjects):  63%|######3   | 38/60 [00:01<00:01, 21.44it/s]
Animation 32: FadeIn(VGroup of 2 submobjects):  68%|######8   | 41/60 [00:01<00:00, 20.74it/s]
Animation 32: FadeIn(VGroup of 2 submobjects):  73%|#######3  | 44/60 [00:01<00:00, 18.94it/s]
Animation 32: FadeIn(VGroup of 2 submobjects):  78%|#######8  | 47/60 [00:02<00:00, 19.45it/s]
Animation 32: FadeIn(VGroup of 2 submobjects):  82%|########1 | 49/60 [00:02<00:00, 18.82it/s]
Animation 32: FadeIn(VGroup of 2 submobjects):  85%|########5 | 51/60 [00:02<00:00, 18.25it/s]
Animation 32: FadeIn(VGroup of 2 submobjects):  88%|########8 | 53/60 [00:02<00:00, 17.91it/s]
Animation 32: FadeIn(VGroup of 2 submobjects):  92%|#########1| 55/60 [00:02<00:00, 18.11it/s]
Animation 32: FadeIn(VGroup of 2 submobjects):  95%|#########5| 57/60 [00:02<00:00, 17.84it/s]
Animation 32: FadeIn(VGroup of 2 submobjects):  98%|#########8| 59/60 [00:02<00:00, 18.22it/s]
[09/11/26 11:06:44] INFO     Animation 32 : Partial    scene_file_writer.py:192
                             movie file written in                             
                             'C:\Users\Nacho\Documents                         
                             \Animaciones\Capitulo                             
                             13\media\videos\s06_color                         
                             eado\1080p60\partial_movi                         
                             e_files\RuidoColoreado\29                         
                             32440949_726628259_410376                         
                             6113.mp4'                                         
[09/11/26 11:06:48] INFO     Animation 33 : Partial    scene_file_writer.py:192
                             movie file written in                             
                             'C:\Users\Nacho\Documents                         
                             \Animaciones\Capitulo                             
                             13\media\videos\s06_color                         
                             eado\1080p60\partial_movi                         
                             e_files\RuidoColoreado\29                         
                             32440949_349589963_337799                         
                             4310.mp4'                                         
                                                                                              

Animation 34: FadeOut(VGroup of 3 submobjects):   0%|          | 0/60 [00:00<?, ?it/s]
Animation 34: FadeOut(VGroup of 3 submobjects):   3%|3         | 2/60 [00:00<00:04, 13.26it/s]
Animation 34: FadeOut(VGroup of 3 submobjects):   7%|6         | 4/60 [00:00<00:04, 13.00it/s]
Animation 34: FadeOut(VGroup of 3 submobjects):  10%|#         | 6/60 [00:00<00:04, 12.97it/s]
Animation 34: FadeOut(VGroup of 3 submobjects):  13%|#3        | 8/60 [00:00<00:04, 12.99it/s]
Animation 34: FadeOut(VGroup of 3 submobjects):  17%|#6        | 10/60 [00:00<00:03, 12.70it/s]
Animation 34: FadeOut(VGroup of 3 submobjects):  20%|##        | 12/60 [00:00<00:03, 12.69it/s]
Animation 34: FadeOut(VGroup of 3 submobjects):  23%|##3       | 14/60 [00:01<00:03, 12.60it/s]
Animation 34: FadeOut(VGroup of 3 submobjects):  27%|##6       | 16/60 [00:01<00:03, 12.83it/s]
Animation 34: FadeOut(VGroup of 3 submobjects):  30%|###       | 18/60 [00:01<00:03, 12.86it/s]
Animation 34: FadeOut(VGroup of 3 submobjects):  33%|###3      | 20/60 [00:01<00:03, 12.80it/s]
Animation 34: FadeOut(VGroup of 3 submobjects):  37%|###6      | 22/60 [00:01<00:03, 12.62it/s]
Animation 34: FadeOut(VGroup of 3 submobjects):  40%|####      | 24/60 [00:01<00:02, 12.64it/s]
Animation 34: FadeOut(VGroup of 3 submobjects):  43%|####3     | 26/60 [00:02<00:02, 12.54it/s]
Animation 34: FadeOut(VGroup of 3 submobjects):  47%|####6     | 28/60 [00:02<00:02, 12.69it/s]
Animation 34: FadeOut(VGroup of 3 submobjects):  50%|#####     | 30/60 [00:02<00:02, 12.61it/s]
Animation 34: FadeOut(VGroup of 3 submobjects):  53%|#####3    | 32/60 [00:02<00:02, 12.55it/s]
Animation 34: FadeOut(VGroup of 3 submobjects):  57%|#####6    | 34/60 [00:02<00:02, 12.48it/s]
Animation 34: FadeOut(VGroup of 3 submobjects):  60%|######    | 36/60 [00:02<00:01, 12.58it/s]
Animation 34: FadeOut(VGroup of 3 submobjects):  63%|######3   | 38/60 [00:02<00:01, 12.77it/s]
Animation 34: FadeOut(VGroup of 3 submobjects):  67%|######6   | 40/60 [00:03<00:01, 12.72it/s]
Animation 34: FadeOut(VGroup of 3 submobjects):  70%|#######   | 42/60 [00:03<00:01, 12.51it/s]
Animation 34: FadeOut(VGroup of 3 submobjects):  73%|#######3  | 44/60 [00:03<00:01, 11.36it/s]
Animation 34: FadeOut(VGroup of 3 submobjects):  77%|#######6  | 46/60 [00:03<00:01, 11.73it/s]
Animation 34: FadeOut(VGroup of 3 submobjects):  80%|########  | 48/60 [00:03<00:01, 11.50it/s]
Animation 34: FadeOut(VGroup of 3 submobjects):  83%|########3 | 50/60 [00:04<00:00, 11.56it/s]
Animation 34: FadeOut(VGroup of 3 submobjects):  87%|########6 | 52/60 [00:04<00:00, 11.49it/s]
Animation 34: FadeOut(VGroup of 3 submobjects):  90%|######### | 54/60 [00:04<00:00, 11.86it/s]
Animation 34: FadeOut(VGroup of 3 submobjects):  93%|#########3| 56/60 [00:04<00:00, 11.79it/s]
Animation 34: FadeOut(VGroup of 3 submobjects):  97%|#########6| 58/60 [00:04<00:00, 11.88it/s]
Animation 34: FadeOut(VGroup of 3 submobjects): 100%|##########| 60/60 [00:04<00:00, 12.26it/s]
[09/11/26 11:06:55] INFO     Animation 34 : Partial    scene_file_writer.py:192
                             movie file written in                             
                             'C:\Users\Nacho\Documents                         
                             \Animaciones\Capitulo                             
                             13\media\videos\s06_color                         
                             eado\1080p60\partial_movi                         
                             e_files\RuidoColoreado\29                         
                             32440949_2665809984_31611                         
                             29776.mp4'                                        
                                                                                               

Animation 35: FadeIn(Text('Blanquear no es un caso especial:')):   0%|          | 0/60 [00:00<?, ?it/s]
Animation 35: FadeIn(Text('Blanquear no es un caso especial:')):   7%|6         | 4/60 [00:00<00:01, 38.09it/s]
Animation 35: FadeIn(Text('Blanquear no es un caso especial:')):  13%|#3        | 8/60 [00:00<00:01, 36.31it/s]
Animation 35: FadeIn(Text('Blanquear no es un caso especial:')):  20%|##        | 12/60 [00:00<00:01, 36.18it/s]
Animation 35: FadeIn(Text('Blanquear no es un caso especial:')):  27%|##6       | 16/60 [00:00<00:01, 35.63it/s]
Animation 35: FadeIn(Text('Blanquear no es un caso especial:')):  33%|###3      | 20/60 [00:00<00:01, 35.58it/s]
Animation 35: FadeIn(Text('Blanquear no es un caso especial:')):  40%|####      | 24/60 [00:00<00:01, 34.79it/s]
Animation 35: FadeIn(Text('Blanquear no es un caso especial:')):  47%|####6     | 28/60 [00:00<00:00, 34.59it/s]
Animation 35: FadeIn(Text('Blanquear no es un caso especial:')):  53%|#####3    | 32/60 [00:00<00:00, 35.33it/s]
Animation 35: FadeIn(Text('Blanquear no es un caso especial:')):  60%|######    | 36/60 [00:01<00:00, 35.53it/s]
Animation 35: FadeIn(Text('Blanquear no es un caso especial:')):  67%|######6   | 40/60 [00:01<00:00, 35.95it/s]
Animation 35: FadeIn(Text('Blanquear no es un caso especial:')):  73%|#######3  | 44/60 [00:01<00:00, 33.43it/s]
Animation 35: FadeIn(Text('Blanquear no es un caso especial:')):  80%|########  | 48/60 [00:01<00:00, 33.66it/s]
Animation 35: FadeIn(Text('Blanquear no es un caso especial:')):  87%|########6 | 52/60 [00:01<00:00, 32.35it/s]
Animation 35: FadeIn(Text('Blanquear no es un caso especial:')):  93%|#########3| 56/60 [00:01<00:00, 33.11it/s]
Animation 35: FadeIn(Text('Blanquear no es un caso especial:')): 100%|##########| 60/60 [00:01<00:00, 33.81it/s]
[09/11/26 11:06:59] INFO     Animation 35 : Partial    scene_file_writer.py:192
                             movie file written in                             
                             'C:\Users\Nacho\Documents                         
                             \Animaciones\Capitulo                             
                             13\media\videos\s06_color                         
                             eado\1080p60\partial_movi                         
                             e_files\RuidoColoreado\29                         
                             32440949_731752042_207216                         
                             0948.mp4'                                         
                                                                                                                

Animation 36: FadeIn(Text('es la receta general del capítulo 11, otra vez.')):   0%|          | 0/60 [00:00<?, ?it/s]
Animation 36: FadeIn(Text('es la receta general del capítulo 11, otra vez.')):   7%|6         | 4/60 [00:00<00:01, 
35.96it/s]
Animation 36: FadeIn(Text('es la receta general del capítulo 11, otra vez.')):  13%|#3        | 8/60 [00:00<00:01, 
31.89it/s]
Animation 36: FadeIn(Text('es la receta general del capítulo 11, otra vez.')):  20%|##        | 12/60 [00:00<00:01, 
30.37it/s]
Animation 36: FadeIn(Text('es la receta general del capítulo 11, otra vez.')):  27%|##6       | 16/60 [00:00<00:01, 
30.87it/s]
Animation 36: FadeIn(Text('es la receta general del capítulo 11, otra vez.')):  33%|###3      | 20/60 [00:00<00:01, 
31.16it/s]
Animation 36: FadeIn(Text('es la receta general del capítulo 11, otra vez.')):  40%|####      | 24/60 [00:00<00:01, 
31.42it/s]
Animation 36: FadeIn(Text('es la receta general del capítulo 11, otra vez.')):  47%|####6     | 28/60 [00:00<00:01, 
31.62it/s]
Animation 36: FadeIn(Text('es la receta general del capítulo 11, otra vez.')):  53%|#####3    | 32/60 [00:01<00:00, 
32.30it/s]
Animation 36: FadeIn(Text('es la receta general del capítulo 11, otra vez.')):  60%|######    | 36/60 [00:01<00:00, 
32.53it/s]
Animation 36: FadeIn(Text('es la receta general del capítulo 11, otra vez.')):  67%|######6   | 40/60 [00:01<00:00, 
32.14it/s]
Animation 36: FadeIn(Text('es la receta general del capítulo 11, otra vez.')):  73%|#######3  | 44/60 [00:01<00:00, 
28.10it/s]
Animation 36: FadeIn(Text('es la receta general del capítulo 11, otra vez.')):  78%|#######8  | 47/60 [00:01<00:00, 
27.60it/s]
Animation 36: FadeIn(Text('es la receta general del capítulo 11, otra vez.')):  83%|########3 | 50/60 [00:01<00:00, 
27.97it/s]
Animation 36: FadeIn(Text('es la receta general del capítulo 11, otra vez.')):  88%|########8 | 53/60 [00:01<00:00, 
27.81it/s]
Animation 36: FadeIn(Text('es la receta general del capítulo 11, otra vez.')):  95%|#########5| 57/60 [00:01<00:00, 
29.78it/s]
[09/11/26 11:07:02] INFO     Animation 36 : Partial    scene_file_writer.py:192
                             movie file written in                             
                             'C:\Users\Nacho\Documents                         
                             \Animaciones\Capitulo                             
                             13\media\videos\s06_color                         
                             eado\1080p60\partial_movi                         
                             e_files\RuidoColoreado\29                         
                             32440949_1064310395_33105                         
                             00418.mp4'                                        
[09/11/26 11:07:03] INFO     Animation 37 : Partial    scene_file_writer.py:192
                             movie file written in                             
                             'C:\Users\Nacho\Documents                         
                             \Animaciones\Capitulo                             
                             13\media\videos\s06_color                         
                             eado\1080p60\partial_movi                         
                             e_files\RuidoColoreado\29                         
                             32440949_241228271_368988                         
                             8850.mp4'                                         
                                                                                                                       
       

Animation 38: FadeIn(Text('y esta vez sí importa dónde pusiste la energía')):   0%|          | 0/60 [00:00<?, ?it/s]
Animation 38: FadeIn(Text('y esta vez sí importa dónde pusiste la energía')):   7%|6         | 4/60 [00:00<00:01, 
36.96it/s]
Animation 38: FadeIn(Text('y esta vez sí importa dónde pusiste la energía')):  13%|#3        | 8/60 [00:00<00:01, 
32.49it/s]
Animation 38: FadeIn(Text('y esta vez sí importa dónde pusiste la energía')):  20%|##        | 12/60 [00:00<00:01, 
31.90it/s]
Animation 38: FadeIn(Text('y esta vez sí importa dónde pusiste la energía')):  27%|##6       | 16/60 [00:00<00:01, 
31.60it/s]
Animation 38: FadeIn(Text('y esta vez sí importa dónde pusiste la energía')):  33%|###3      | 20/60 [00:00<00:01, 
31.14it/s]
Animation 38: FadeIn(Text('y esta vez sí importa dónde pusiste la energía')):  40%|####      | 24/60 [00:00<00:01, 
30.24it/s]
Animation 38: FadeIn(Text('y esta vez sí importa dónde pusiste la energía')):  47%|####6     | 28/60 [00:00<00:01, 
30.33it/s]
Animation 38: FadeIn(Text('y esta vez sí importa dónde pusiste la energía')):  53%|#####3    | 32/60 [00:01<00:00, 
30.69it/s]
Animation 38: FadeIn(Text('y esta vez sí importa dónde pusiste la energía')):  60%|######    | 36/60 [00:01<00:00, 
30.55it/s]
Animation 38: FadeIn(Text('y esta vez sí importa dónde pusiste la energía')):  67%|######6   | 40/60 [00:01<00:00, 
30.41it/s]
Animation 38: FadeIn(Text('y esta vez sí importa dónde pusiste la energía')):  73%|#######3  | 44/60 [00:01<00:00, 
27.96it/s]
Animation 38: FadeIn(Text('y esta vez sí importa dónde pusiste la energía')):  78%|#######8  | 47/60 [00:01<00:00, 
26.26it/s]
Animation 38: FadeIn(Text('y esta vez sí importa dónde pusiste la energía')):  85%|########5 | 51/60 [00:01<00:00, 
27.76it/s]
Animation 38: FadeIn(Text('y esta vez sí importa dónde pusiste la energía')):  92%|#########1| 55/60 [00:01<00:00, 
28.50it/s]
Animation 38: FadeIn(Text('y esta vez sí importa dónde pusiste la energía')):  97%|#########6| 58/60 [00:01<00:00, 
28.63it/s]
[09/11/26 11:07:05] INFO     Animation 38 : Partial    scene_file_writer.py:192
                             movie file written in                             
                             'C:\Users\Nacho\Documents                         
                             \Animaciones\Capitulo                             
                             13\media\videos\s06_color                         
                             eado\1080p60\partial_movi                         
                             e_files\RuidoColoreado\29                         
                             32440949_1205507612_37212                         
                             22615.mp4'                                        
[09/11/26 11:07:09] INFO     Animation 39 : Partial    scene_file_writer.py:192
                             movie file written in                             
                             'C:\Users\Nacho\Documents                         
                             \Animaciones\Capitulo                             
                             13\media\videos\s06_color                         
                             eado\1080p60\partial_movi                         
                             e_files\RuidoColoreado\29                         
                             32440949_349589963_265532                         
                             9684.mp4'                                         
                                                                                                                       
      

Animation 40: FadeOut(VGroup of 2 submobjects):   0%|          | 0/60 [00:00<?, ?it/s]
Animation 40: FadeOut(VGroup of 2 submobjects):   3%|3         | 2/60 [00:00<00:03, 17.87it/s]
Animation 40: FadeOut(VGroup of 2 submobjects):   7%|6         | 4/60 [00:00<00:03, 15.57it/s]
Animation 40: FadeOut(VGroup of 2 submobjects):  10%|#         | 6/60 [00:00<00:03, 14.93it/s]
Animation 40: FadeOut(VGroup of 2 submobjects):  13%|#3        | 8/60 [00:00<00:03, 14.53it/s]
Animation 40: FadeOut(VGroup of 2 submobjects):  17%|#6        | 10/60 [00:00<00:03, 14.23it/s]
Animation 40: FadeOut(VGroup of 2 submobjects):  20%|##        | 12/60 [00:00<00:03, 14.18it/s]
Animation 40: FadeOut(VGroup of 2 submobjects):  23%|##3       | 14/60 [00:00<00:03, 14.13it/s]
Animation 40: FadeOut(VGroup of 2 submobjects):  27%|##6       | 16/60 [00:01<00:03, 14.34it/s]
Animation 40: FadeOut(VGroup of 2 submobjects):  30%|###       | 18/60 [00:01<00:02, 14.32it/s]
Animation 40: FadeOut(VGroup of 2 submobjects):  33%|###3      | 20/60 [00:01<00:02, 14.27it/s]
Animation 40: FadeOut(VGroup of 2 submobjects):  37%|###6      | 22/60 [00:01<00:02, 14.22it/s]
Animation 40: FadeOut(VGroup of 2 submobjects):  40%|####      | 24/60 [00:01<00:02, 14.26it/s]
Animation 40: FadeOut(VGroup of 2 submobjects):  43%|####3     | 26/60 [00:01<00:02, 14.27it/s]
Animation 40: FadeOut(VGroup of 2 submobjects):  47%|####6     | 28/60 [00:01<00:02, 14.10it/s]
Animation 40: FadeOut(VGroup of 2 submobjects):  50%|#####     | 30/60 [00:02<00:02, 14.13it/s]
Animation 40: FadeOut(VGroup of 2 submobjects):  53%|#####3    | 32/60 [00:02<00:02, 13.95it/s]
Animation 40: FadeOut(VGroup of 2 submobjects):  57%|#####6    | 34/60 [00:02<00:01, 14.09it/s]
Animation 40: FadeOut(VGroup of 2 submobjects):  60%|######    | 36/60 [00:02<00:01, 14.31it/s]
Animation 40: FadeOut(VGroup of 2 submobjects):  63%|######3   | 38/60 [00:02<00:01, 14.19it/s]
Animation 40: FadeOut(VGroup of 2 submobjects):  67%|######6   | 40/60 [00:02<00:01, 13.73it/s]
Animation 40: FadeOut(VGroup of 2 submobjects):  70%|#######   | 42/60 [00:02<00:01, 13.79it/s]
Animation 40: FadeOut(VGroup of 2 submobjects):  73%|#######3  | 44/60 [00:03<00:01, 12.83it/s]
Animation 40: FadeOut(VGroup of 2 submobjects):  77%|#######6  | 46/60 [00:03<00:01, 12.55it/s]
Animation 40: FadeOut(VGroup of 2 submobjects):  80%|########  | 48/60 [00:03<00:00, 12.68it/s]
Animation 40: FadeOut(VGroup of 2 submobjects):  83%|########3 | 50/60 [00:03<00:00, 13.00it/s]
Animation 40: FadeOut(VGroup of 2 submobjects):  87%|########6 | 52/60 [00:03<00:00, 13.20it/s]
Animation 40: FadeOut(VGroup of 2 submobjects):  90%|######### | 54/60 [00:03<00:00, 13.28it/s]
Animation 40: FadeOut(VGroup of 2 submobjects):  93%|#########3| 56/60 [00:04<00:00, 13.08it/s]
Animation 40: FadeOut(VGroup of 2 submobjects):  97%|#########6| 58/60 [00:04<00:00, 13.46it/s]
Animation 40: FadeOut(VGroup of 2 submobjects): 100%|##########| 60/60 [00:04<00:00, 13.72it/s]
[09/11/26 11:07:16] INFO     Animation 40 : Partial    scene_file_writer.py:192
                             movie file written in                             
                             'C:\Users\Nacho\Documents                         
                             \Animaciones\Capitulo                             
                             13\media\videos\s06_color                         
                             eado\1080p60\partial_movi                         
                             e_files\RuidoColoreado\29                         
                             32440949_3769927488_89551                         
                             558.mp4'                                          
                    INFO     Animation 41 : Partial    scene_file_writer.py:192
                             movie file written in                             
                             'C:\Users\Nacho\Documents                         
                             \Animaciones\Capitulo                             
                             13\media\videos\s06_color                         
                             eado\1080p60\partial_movi                         
                             e_files\RuidoColoreado\29                         
                             32440949_4235033027_12358                         
                             04913.mp4'                                        
[09/11/26 11:07:17] INFO     Combining to Movie file.  scene_file_writer.py:952
                    INFO                              scene_file_writer.py:1103
                             File ready at                                     
                             'C:\Users\Nacho\Document                          
                             s\Animaciones\Capitulo                            
                             13\media\videos\s06_colo                          
                             reado\1080p60\RuidoColor                          
                             eado.mp4'                                         
                                                                               
                    INFO     Rendered RuidoColoreado               scene.py:290
                             Played 42 animations                              
                                                                                               
Manim Community v0.21.0

manim.exe : 
En C:\Users\Nacho\Documents\Animaciones\Capitulo 13\render.ps1: 49 Carácter: 9
+         & manim "-$Calidad" $e.archivo $e.escena *>> $log
+         ~~~~~~~~~~~~~~~~~~~~~~~~~~~~~~~~~~~~~~~~~~~~~~~~~
    + CategoryInfo          : NotSpecified: (:String) [], RemoteException
    + FullyQualifiedErrorId : NativeCommandError
 
Animation 0: FadeIn(Text('Compresión de pulso: leer el retardo del máximo')):   0%|          | 0/60 [00:00<?, ?it/s]
Animation 0: FadeIn(Text('Compresión de pulso: leer el retardo del máximo')):  18%|#8        | 11/60 [00:00<00:00, 
101.46it/s]
Animation 0: FadeIn(Text('Compresión de pulso: leer el retardo del máximo')):  37%|###6      | 22/60 [00:00<00:00, 
100.94it/s]
Animation 0: FadeIn(Text('Compresión de pulso: leer el retardo del máximo')):  55%|#####5    | 33/60 [00:00<00:00, 
99.17it/s] 
Animation 0: FadeIn(Text('Compresión de pulso: leer el retardo del máximo')):  72%|#######1  | 43/60 [00:00<00:00, 
97.64it/s]
Animation 0: FadeIn(Text('Compresión de pulso: leer el retardo del máximo')):  88%|########8 | 53/60 [00:00<00:00, 
96.42it/s]
[09/11/26 11:07:20] INFO     Animation 0 : Partial     scene_file_writer.py:192
                             movie file written in                             
                             'C:\Users\Nacho\Documents                         
                             \Animaciones\Capitulo                             
                             13\media\videos\s07_compr                         
                             esion\1080p60\partial_mov                         
                             ie_files\CompresionPulso\                         
                             3010004561_2324659300_223                         
                             132457.mp4'                                       
                    INFO     Animation 1 : Partial     scene_file_writer.py:192
                             movie file written in                             
                             'C:\Users\Nacho\Documents                         
                             \Animaciones\Capitulo                             
                             13\media\videos\s07_compr                         
                             esion\1080p60\partial_mov                         
                             ie_files\CompresionPulso\                         
                             2932440949_4235033027_253                         
                             7812182.mp4'                                      
                                                                                                                       
      

Animation 2: Write(MathTex('g[k]=R_{ss}[k-D]')), etc.:   0%|          | 0/60 [00:00<?, ?it/s]
Animation 2: Write(MathTex('g[k]=R_{ss}[k-D]')), etc.:  15%|#5        | 9/60 [00:00<00:00, 79.34it/s]
Animation 2: Write(MathTex('g[k]=R_{ss}[k-D]')), etc.:  28%|##8       | 17/60 [00:00<00:00, 45.11it/s]
Animation 2: Write(MathTex('g[k]=R_{ss}[k-D]')), etc.:  38%|###8      | 23/60 [00:00<00:01, 30.43it/s]
Animation 2: Write(MathTex('g[k]=R_{ss}[k-D]')), etc.:  45%|####5     | 27/60 [00:00<00:01, 27.02it/s]
Animation 2: Write(MathTex('g[k]=R_{ss}[k-D]')), etc.:  52%|#####1    | 31/60 [00:01<00:01, 24.86it/s]
Animation 2: Write(MathTex('g[k]=R_{ss}[k-D]')), etc.:  57%|#####6    | 34/60 [00:01<00:01, 23.72it/s]
Animation 2: Write(MathTex('g[k]=R_{ss}[k-D]')), etc.:  62%|######1   | 37/60 [00:01<00:01, 22.79it/s]
Animation 2: Write(MathTex('g[k]=R_{ss}[k-D]')), etc.:  67%|######6   | 40/60 [00:01<00:00, 22.04it/s]
Animation 2: Write(MathTex('g[k]=R_{ss}[k-D]')), etc.:  72%|#######1  | 43/60 [00:01<00:00, 20.01it/s]
Animation 2: Write(MathTex('g[k]=R_{ss}[k-D]')), etc.:  77%|#######6  | 46/60 [00:01<00:00, 20.31it/s]
Animation 2: Write(MathTex('g[k]=R_{ss}[k-D]')), etc.:  82%|########1 | 49/60 [00:01<00:00, 20.38it/s]
Animation 2: Write(MathTex('g[k]=R_{ss}[k-D]')), etc.:  87%|########6 | 52/60 [00:02<00:00, 20.32it/s]
Animation 2: Write(MathTex('g[k]=R_{ss}[k-D]')), etc.:  92%|#########1| 55/60 [00:02<00:00, 20.33it/s]
Animation 2: Write(MathTex('g[k]=R_{ss}[k-D]')), etc.:  97%|#########6| 58/60 [00:02<00:00, 19.86it/s]
Animation 2: Write(MathTex('g[k]=R_{ss}[k-D]')), etc.: 100%|##########| 60/60 [00:02<00:00, 19.84it/s]
[09/11/26 11:07:23] INFO     Animation 2 : Partial     scene_file_writer.py:192
                             movie file written in                             
                             'C:\Users\Nacho\Documents                         
                             \Animaciones\Capitulo                             
                             13\media\videos\s07_compr                         
                             esion\1080p60\partial_mov                         
                             ie_files\CompresionPulso\                         
                             2932440949_387638562_2352                         
                             794744.mp4'                                       
[09/11/26 11:07:26] INFO     Animation 3 : Partial     scene_file_writer.py:192
                             movie file written in                             
                             'C:\Users\Nacho\Documents                         
                             \Animaciones\Capitulo                             
                             13\media\videos\s07_compr                         
                             esion\1080p60\partial_mov                         
                             ie_files\CompresionPulso\                         
                             2932440949_3580093213_925                         
                             511020.mp4'                                       
                                                                                                      

Animation 4: FadeOut(VGroup of 2 submobjects):   0%|          | 0/60 [00:00<?, ?it/s]
Animation 4: FadeOut(VGroup of 2 submobjects):   5%|5         | 3/60 [00:00<00:02, 21.74it/s]
Animation 4: FadeOut(VGroup of 2 submobjects):  10%|#         | 6/60 [00:00<00:02, 20.21it/s]
Animation 4: FadeOut(VGroup of 2 submobjects):  15%|#5        | 9/60 [00:00<00:02, 20.26it/s]
Animation 4: FadeOut(VGroup of 2 submobjects):  20%|##        | 12/60 [00:00<00:02, 20.25it/s]
Animation 4: FadeOut(VGroup of 2 submobjects):  25%|##5       | 15/60 [00:00<00:02, 20.43it/s]
Animation 4: FadeOut(VGroup of 2 submobjects):  30%|###       | 18/60 [00:00<00:02, 20.48it/s]
Animation 4: FadeOut(VGroup of 2 submobjects):  35%|###5      | 21/60 [00:01<00:01, 20.61it/s]
Animation 4: FadeOut(VGroup of 2 submobjects):  40%|####      | 24/60 [00:01<00:01, 20.53it/s]
Animation 4: FadeOut(VGroup of 2 submobjects):  45%|####5     | 27/60 [00:01<00:01, 20.73it/s]
Animation 4: FadeOut(VGroup of 2 submobjects):  50%|#####     | 30/60 [00:01<00:01, 20.42it/s]
Animation 4: FadeOut(VGroup of 2 submobjects):  55%|#####5    | 33/60 [00:01<00:01, 20.48it/s]
Animation 4: FadeOut(VGroup of 2 submobjects):  60%|######    | 36/60 [00:01<00:01, 20.51it/s]
Animation 4: FadeOut(VGroup of 2 submobjects):  65%|######5   | 39/60 [00:01<00:01, 20.23it/s]
Animation 4: FadeOut(VGroup of 2 submobjects):  70%|#######   | 42/60 [00:02<00:00, 20.33it/s]
Animation 4: FadeOut(VGroup of 2 submobjects):  75%|#######5  | 45/60 [00:02<00:00, 17.86it/s]
Animation 4: FadeOut(VGroup of 2 submobjects):  78%|#######8  | 47/60 [00:02<00:00, 18.29it/s]
Animation 4: FadeOut(VGroup of 2 submobjects):  82%|########1 | 49/60 [00:02<00:00, 18.15it/s]
Animation 4: FadeOut(VGroup of 2 submobjects):  87%|########6 | 52/60 [00:02<00:00, 18.46it/s]
Animation 4: FadeOut(VGroup of 2 submobjects):  90%|######### | 54/60 [00:02<00:00, 18.78it/s]
Animation 4: FadeOut(VGroup of 2 submobjects):  93%|#########3| 56/60 [00:02<00:00, 18.89it/s]
Animation 4: FadeOut(VGroup of 2 submobjects):  97%|#########6| 58/60 [00:02<00:00, 19.03it/s]
[09/11/26 11:07:31] INFO     Animation 4 : Partial     scene_file_writer.py:192
                             movie file written in                             
                             'C:\Users\Nacho\Documents                         
                             \Animaciones\Capitulo                             
                             13\media\videos\s07_compr                         
                             esion\1080p60\partial_mov                         
                             ie_files\CompresionPulso\                         
                             2932440949_617515767_2552                         
                             629716.mp4'                                       
                                                                                              

Animation 5: FadeIn(VGroup of 2 submobjects):   0%|          | 0/60 [00:00<?, ?it/s]
Animation 5: FadeIn(VGroup of 2 submobjects):   7%|6         | 4/60 [00:00<00:01, 29.00it/s]
Animation 5: FadeIn(VGroup of 2 submobjects):  12%|#1        | 7/60 [00:00<00:01, 27.66it/s]
Animation 5: FadeIn(VGroup of 2 submobjects):  17%|#6        | 10/60 [00:00<00:01, 26.62it/s]
Animation 5: FadeIn(VGroup of 2 submobjects):  22%|##1       | 13/60 [00:00<00:01, 26.82it/s]
Animation 5: FadeIn(VGroup of 2 submobjects):  27%|##6       | 16/60 [00:00<00:01, 26.07it/s]
Animation 5: FadeIn(VGroup of 2 submobjects):  33%|###3      | 20/60 [00:00<00:01, 27.58it/s]
Animation 5: FadeIn(VGroup of 2 submobjects):  38%|###8      | 23/60 [00:00<00:01, 28.18it/s]
Animation 5: FadeIn(VGroup of 2 submobjects):  43%|####3     | 26/60 [00:00<00:01, 27.92it/s]
Animation 5: FadeIn(VGroup of 2 submobjects):  48%|####8     | 29/60 [00:01<00:01, 28.10it/s]
Animation 5: FadeIn(VGroup of 2 submobjects):  53%|#####3    | 32/60 [00:01<00:01, 27.99it/s]
Animation 5: FadeIn(VGroup of 2 submobjects):  58%|#####8    | 35/60 [00:01<00:00, 27.78it/s]
Animation 5: FadeIn(VGroup of 2 submobjects):  63%|######3   | 38/60 [00:01<00:00, 27.91it/s]
Animation 5: FadeIn(VGroup of 2 submobjects):  68%|######8   | 41/60 [00:01<00:00, 26.84it/s]
Animation 5: FadeIn(VGroup of 2 submobjects):  73%|#######3  | 44/60 [00:01<00:00, 27.07it/s]
Animation 5: FadeIn(VGroup of 2 submobjects):  78%|#######8  | 47/60 [00:01<00:00, 25.13it/s]
Animation 5: FadeIn(VGroup of 2 submobjects):  83%|########3 | 50/60 [00:01<00:00, 25.08it/s]
Animation 5: FadeIn(VGroup of 2 submobjects):  88%|########8 | 53/60 [00:01<00:00, 24.94it/s]
Animation 5: FadeIn(VGroup of 2 submobjects):  93%|#########3| 56/60 [00:02<00:00, 23.48it/s]
Animation 5: FadeIn(VGroup of 2 submobjects):  98%|#########8| 59/60 [00:02<00:00, 23.81it/s]
[09/11/26 11:07:34] INFO     Animation 5 : Partial     scene_file_writer.py:192
                             movie file written in                             
                             'C:\Users\Nacho\Documents                         
                             \Animaciones\Capitulo                             
                             13\media\videos\s07_compr                         
                             esion\1080p60\partial_mov                         
                             ie_files\CompresionPulso\                         
                             2932440949_139745063_4154                         
                             377716.mp4'                                       
[09/11/26 11:07:37] INFO     Animation 6 : Partial     scene_file_writer.py:192
                             movie file written in                             
                             'C:\Users\Nacho\Documents                         
                             \Animaciones\Capitulo                             
                             13\media\videos\s07_compr                         
                             esion\1080p60\partial_mov                         
                             ie_files\CompresionPulso\                         
                             2932440949_3810316983_183                         
                             6766266.mp4'                                      
                                                                                             

Animation 7: FadeOut(VGroup of 2 submobjects):   0%|          | 0/60 [00:00<?, ?it/s]
Animation 7: FadeOut(VGroup of 2 submobjects):   5%|5         | 3/60 [00:00<00:02, 27.90it/s]
Animation 7: FadeOut(VGroup of 2 submobjects):  10%|#         | 6/60 [00:00<00:02, 25.74it/s]
Animation 7: FadeOut(VGroup of 2 submobjects):  15%|#5        | 9/60 [00:00<00:01, 26.54it/s]
Animation 7: FadeOut(VGroup of 2 submobjects):  20%|##        | 12/60 [00:00<00:01, 26.45it/s]
Animation 7: FadeOut(VGroup of 2 submobjects):  25%|##5       | 15/60 [00:00<00:01, 26.03it/s]
Animation 7: FadeOut(VGroup of 2 submobjects):  30%|###       | 18/60 [00:00<00:01, 26.35it/s]
Animation 7: FadeOut(VGroup of 2 submobjects):  35%|###5      | 21/60 [00:00<00:01, 26.75it/s]
Animation 7: FadeOut(VGroup of 2 submobjects):  40%|####      | 24/60 [00:00<00:01, 27.37it/s]
Animation 7: FadeOut(VGroup of 2 submobjects):  45%|####5     | 27/60 [00:01<00:01, 26.76it/s]
Animation 7: FadeOut(VGroup of 2 submobjects):  50%|#####     | 30/60 [00:01<00:01, 26.72it/s]
Animation 7: FadeOut(VGroup of 2 submobjects):  55%|#####5    | 33/60 [00:01<00:01, 26.65it/s]
Animation 7: FadeOut(VGroup of 2 submobjects):  60%|######    | 36/60 [00:01<00:00, 26.51it/s]
Animation 7: FadeOut(VGroup of 2 submobjects):  65%|######5   | 39/60 [00:01<00:00, 26.20it/s]
Animation 7: FadeOut(VGroup of 2 submobjects):  70%|#######   | 42/60 [00:01<00:00, 26.04it/s]
Animation 7: FadeOut(VGroup of 2 submobjects):  75%|#######5  | 45/60 [00:01<00:00, 21.71it/s]
Animation 7: FadeOut(VGroup of 2 submobjects):  80%|########  | 48/60 [00:01<00:00, 22.89it/s]
Animation 7: FadeOut(VGroup of 2 submobjects):  85%|########5 | 51/60 [00:02<00:00, 23.69it/s]
Animation 7: FadeOut(VGroup of 2 submobjects):  90%|######### | 54/60 [00:02<00:00, 24.03it/s]
Animation 7: FadeOut(VGroup of 2 submobjects):  95%|#########5| 57/60 [00:02<00:00, 23.70it/s]
Animation 7: FadeOut(VGroup of 2 submobjects): 100%|##########| 60/60 [00:02<00:00, 24.03it/s]
[09/11/26 11:07:40] INFO     Animation 7 : Partial     scene_file_writer.py:192
                             movie file written in                             
                             'C:\Users\Nacho\Documents                         
                             \Animaciones\Capitulo                             
                             13\media\videos\s07_compr                         
                             esion\1080p60\partial_mov                         
                             ie_files\CompresionPulso\                         
                             2932440949_2739660671_631                         
                             244862.mp4'                                       
                                                                                              

Animation 8: FadeIn(Text('pulso rectangular largo: pico ANCHO')):   0%|          | 0/60 [00:00<?, ?it/s]
Animation 8: FadeIn(Text('pulso rectangular largo: pico ANCHO')):   8%|8         | 5/60 [00:00<00:01, 38.53it/s]
Animation 8: FadeIn(Text('pulso rectangular largo: pico ANCHO')):  15%|#5        | 9/60 [00:00<00:01, 35.57it/s]
Animation 8: FadeIn(Text('pulso rectangular largo: pico ANCHO')):  22%|##1       | 13/60 [00:00<00:01, 34.62it/s]
Animation 8: FadeIn(Text('pulso rectangular largo: pico ANCHO')):  28%|##8       | 17/60 [00:00<00:01, 34.15it/s]
Animation 8: FadeIn(Text('pulso rectangular largo: pico ANCHO')):  35%|###5      | 21/60 [00:00<00:01, 33.84it/s]
Animation 8: FadeIn(Text('pulso rectangular largo: pico ANCHO')):  42%|####1     | 25/60 [00:00<00:01, 33.90it/s]
Animation 8: FadeIn(Text('pulso rectangular largo: pico ANCHO')):  48%|####8     | 29/60 [00:00<00:00, 34.12it/s]
Animation 8: FadeIn(Text('pulso rectangular largo: pico ANCHO')):  55%|#####5    | 33/60 [00:00<00:00, 34.33it/s]
Animation 8: FadeIn(Text('pulso rectangular largo: pico ANCHO')):  62%|######1   | 37/60 [00:01<00:00, 34.75it/s]
Animation 8: FadeIn(Text('pulso rectangular largo: pico ANCHO')):  68%|######8   | 41/60 [00:01<00:00, 34.70it/s]
Animation 8: FadeIn(Text('pulso rectangular largo: pico ANCHO')):  75%|#######5  | 45/60 [00:01<00:00, 31.75it/s]
Animation 8: FadeIn(Text('pulso rectangular largo: pico ANCHO')):  82%|########1 | 49/60 [00:01<00:00, 31.08it/s]
Animation 8: FadeIn(Text('pulso rectangular largo: pico ANCHO')):  88%|########8 | 53/60 [00:01<00:00, 30.24it/s]
Animation 8: FadeIn(Text('pulso rectangular largo: pico ANCHO')):  95%|#########5| 57/60 [00:01<00:00, 30.68it/s]
[09/11/26 11:07:43] INFO     Animation 8 : Partial     scene_file_writer.py:192
                             movie file written in                             
                             'C:\Users\Nacho\Documents                         
                             \Animaciones\Capitulo                             
                             13\media\videos\s07_compr                         
                             esion\1080p60\partial_mov                         
                             ie_files\CompresionPulso\                         
                             2932440949_19486052_33182                         
                             97372.mp4'                                        
                                                                                                                 

Animation 9: Create(Axes of 2 submobjects), etc.:   0%|          | 0/60 [00:00<?, ?it/s]
Animation 9: Create(Axes of 2 submobjects), etc.:  13%|#3        | 8/60 [00:00<00:00, 77.37it/s]
Animation 9: Create(Axes of 2 submobjects), etc.:  27%|##6       | 16/60 [00:00<00:00, 61.80it/s]
Animation 9: Create(Axes of 2 submobjects), etc.:  38%|###8      | 23/60 [00:00<00:00, 59.16it/s]
Animation 9: Create(Axes of 2 submobjects), etc.:  50%|#####     | 30/60 [00:00<00:00, 58.54it/s]
Animation 9: Create(Axes of 2 submobjects), etc.:  62%|######1   | 37/60 [00:00<00:00, 58.91it/s]
Animation 9: Create(Axes of 2 submobjects), etc.:  73%|#######3  | 44/60 [00:00<00:00, 59.46it/s]
Animation 9: Create(Axes of 2 submobjects), etc.:  83%|########3 | 50/60 [00:00<00:00, 59.18it/s]
Animation 9: Create(Axes of 2 submobjects), etc.:  97%|#########6| 58/60 [00:00<00:00, 64.23it/s]
[09/11/26 11:07:45] INFO     Animation 9 : Partial     scene_file_writer.py:192
                             movie file written in                             
                             'C:\Users\Nacho\Documents                         
                             \Animaciones\Capitulo                             
                             13\media\videos\s07_compr                         
                             esion\1080p60\partial_mov                         
                             ie_files\CompresionPulso\                         
                             2932440949_1093613414_380                         
                             2872823.mp4'                                      
                                                                                                 

Animation 10: Create(ParametricFunction):   0%|          | 0/60 [00:00<?, ?it/s]
Animation 10: Create(ParametricFunction):  17%|#6        | 10/60 [00:00<00:00, 98.48it/s]
Animation 10: Create(ParametricFunction):  33%|###3      | 20/60 [00:00<00:00, 85.73it/s]
Animation 10: Create(ParametricFunction):  48%|####8     | 29/60 [00:00<00:00, 77.14it/s]
Animation 10: Create(ParametricFunction):  62%|######1   | 37/60 [00:00<00:00, 72.19it/s]
Animation 10: Create(ParametricFunction):  75%|#######5  | 45/60 [00:00<00:00, 69.98it/s]
Animation 10: Create(ParametricFunction):  88%|########8 | 53/60 [00:00<00:00, 68.50it/s]
[09/11/26 11:07:47] INFO     Animation 10 : Partial    scene_file_writer.py:192
                             movie file written in                             
                             'C:\Users\Nacho\Documents                         
                             \Animaciones\Capitulo                             
                             13\media\videos\s07_compr                         
                             esion\1080p60\partial_mov                         
                             ie_files\CompresionPulso\                         
                             2932440949_1925505993_272                         
                             5386780.mp4'                                      
                                                                                         

Animation 11: FadeIn(Text('con ruido, el máximo se corre y dos ecos cercanos se confunden en uno solo')):   0%|        
  | 0/60 [00:00<?, ?it/s]
Animation 11: FadeIn(Text('con ruido, el máximo se corre y dos ecos cercanos se confunden en uno solo')):   7%|6       
  | 4/60 [00:00<00:01, 28.46it/s]
Animation 11: FadeIn(Text('con ruido, el máximo se corre y dos ecos cercanos se confunden en uno solo')):  12%|#1      
  | 7/60 [00:00<00:01, 27.25it/s]
Animation 11: FadeIn(Text('con ruido, el máximo se corre y dos ecos cercanos se confunden en uno solo')):  17%|#6      
  | 10/60 [00:00<00:01, 26.82it/s]
Animation 11: FadeIn(Text('con ruido, el máximo se corre y dos ecos cercanos se confunden en uno solo')):  22%|##1     
  | 13/60 [00:00<00:01, 26.35it/s]
Animation 11: FadeIn(Text('con ruido, el máximo se corre y dos ecos cercanos se confunden en uno solo')):  27%|##6     
  | 16/60 [00:00<00:01, 26.10it/s]
Animation 11: FadeIn(Text('con ruido, el máximo se corre y dos ecos cercanos se confunden en uno solo')):  32%|###1    
  | 19/60 [00:00<00:01, 25.94it/s]
Animation 11: FadeIn(Text('con ruido, el máximo se corre y dos ecos cercanos se confunden en uno solo')):  37%|###6    
  | 22/60 [00:00<00:01, 25.50it/s]
Animation 11: FadeIn(Text('con ruido, el máximo se corre y dos ecos cercanos se confunden en uno solo')):  42%|####1   
  | 25/60 [00:00<00:01, 25.79it/s]
Animation 11: FadeIn(Text('con ruido, el máximo se corre y dos ecos cercanos se confunden en uno solo')):  47%|####6   
  | 28/60 [00:01<00:01, 26.42it/s]
Animation 11: FadeIn(Text('con ruido, el máximo se corre y dos ecos cercanos se confunden en uno solo')):  52%|#####1  
  | 31/60 [00:01<00:01, 26.70it/s]
Animation 11: FadeIn(Text('con ruido, el máximo se corre y dos ecos cercanos se confunden en uno solo')):  57%|#####6  
  | 34/60 [00:01<00:00, 26.12it/s]
Animation 11: FadeIn(Text('con ruido, el máximo se corre y dos ecos cercanos se confunden en uno solo')):  62%|######1 
  | 37/60 [00:01<00:00, 26.28it/s]
Animation 11: FadeIn(Text('con ruido, el máximo se corre y dos ecos cercanos se confunden en uno solo')):  67%|######6 
  | 40/60 [00:01<00:00, 26.32it/s]
Animation 11: FadeIn(Text('con ruido, el máximo se corre y dos ecos cercanos se confunden en uno solo')):  
72%|#######1  | 43/60 [00:01<00:00, 24.60it/s]
Animation 11: FadeIn(Text('con ruido, el máximo se corre y dos ecos cercanos se confunden en uno solo')):  
77%|#######6  | 46/60 [00:01<00:00, 24.62it/s]
Animation 11: FadeIn(Text('con ruido, el máximo se corre y dos ecos cercanos se confunden en uno solo')):  
82%|########1 | 49/60 [00:01<00:00, 24.65it/s]
Animation 11: FadeIn(Text('con ruido, el máximo se corre y dos ecos cercanos se confunden en uno solo')):  
87%|########6 | 52/60 [00:02<00:00, 24.34it/s]
Animation 11: FadeIn(Text('con ruido, el máximo se corre y dos ecos cercanos se confunden en uno solo')):  
92%|#########1| 55/60 [00:02<00:00, 24.91it/s]
Animation 11: FadeIn(Text('con ruido, el máximo se corre y dos ecos cercanos se confunden en uno solo')):  
97%|#########6| 58/60 [00:02<00:00, 24.62it/s]
[09/11/26 11:07:51] INFO     Animation 11 : Partial    scene_file_writer.py:192
                             movie file written in                             
                             'C:\Users\Nacho\Documents                         
                             \Animaciones\Capitulo                             
                             13\media\videos\s07_compr                         
                             esion\1080p60\partial_mov                         
                             ie_files\CompresionPulso\                         
                             2932440949_1070893222_410                         
                             0365320.mp4'                                      
[09/11/26 11:07:54] INFO     Animation 12 : Partial    scene_file_writer.py:192
                             movie file written in                             
                             'C:\Users\Nacho\Documents                         
                             \Animaciones\Capitulo                             
                             13\media\videos\s07_compr                         
                             esion\1080p60\partial_mov                         
                             ie_files\CompresionPulso\                         
                             2932440949_3580093213_137                         
                             1878839.mp4'                                      
                                                                                                                       
                                  

Animation 13: FadeOut(VGroup of 5 submobjects):   0%|          | 0/60 [00:00<?, ?it/s]
Animation 13: FadeOut(VGroup of 5 submobjects):   5%|5         | 3/60 [00:00<00:02, 21.24it/s]
Animation 13: FadeOut(VGroup of 5 submobjects):  10%|#         | 6/60 [00:00<00:02, 20.22it/s]
Animation 13: FadeOut(VGroup of 5 submobjects):  15%|#5        | 9/60 [00:00<00:02, 20.37it/s]
Animation 13: FadeOut(VGroup of 5 submobjects):  20%|##        | 12/60 [00:00<00:02, 20.24it/s]
Animation 13: FadeOut(VGroup of 5 submobjects):  25%|##5       | 15/60 [00:00<00:02, 20.22it/s]
Animation 13: FadeOut(VGroup of 5 submobjects):  30%|###       | 18/60 [00:00<00:02, 20.17it/s]
Animation 13: FadeOut(VGroup of 5 submobjects):  35%|###5      | 21/60 [00:01<00:01, 19.79it/s]
Animation 13: FadeOut(VGroup of 5 submobjects):  38%|###8      | 23/60 [00:01<00:01, 19.56it/s]
Animation 13: FadeOut(VGroup of 5 submobjects):  42%|####1     | 25/60 [00:01<00:01, 19.45it/s]
Animation 13: FadeOut(VGroup of 5 submobjects):  45%|####5     | 27/60 [00:01<00:01, 19.18it/s]
Animation 13: FadeOut(VGroup of 5 submobjects):  48%|####8     | 29/60 [00:01<00:01, 19.06it/s]
Animation 13: FadeOut(VGroup of 5 submobjects):  52%|#####1    | 31/60 [00:01<00:01, 19.10it/s]
Animation 13: FadeOut(VGroup of 5 submobjects):  55%|#####5    | 33/60 [00:01<00:01, 18.90it/s]
Animation 13: FadeOut(VGroup of 5 submobjects):  58%|#####8    | 35/60 [00:01<00:01, 18.67it/s]
Animation 13: FadeOut(VGroup of 5 submobjects):  62%|######1   | 37/60 [00:01<00:01, 18.66it/s]
Animation 13: FadeOut(VGroup of 5 submobjects):  65%|######5   | 39/60 [00:02<00:01, 18.55it/s]
Animation 13: FadeOut(VGroup of 5 submobjects):  68%|######8   | 41/60 [00:02<00:01, 18.70it/s]
Animation 13: FadeOut(VGroup of 5 submobjects):  72%|#######1  | 43/60 [00:02<00:01, 16.62it/s]
Animation 13: FadeOut(VGroup of 5 submobjects):  75%|#######5  | 45/60 [00:02<00:00, 16.00it/s]
Animation 13: FadeOut(VGroup of 5 submobjects):  78%|#######8  | 47/60 [00:02<00:00, 16.44it/s]
Animation 13: FadeOut(VGroup of 5 submobjects):  82%|########1 | 49/60 [00:02<00:00, 16.56it/s]
Animation 13: FadeOut(VGroup of 5 submobjects):  85%|########5 | 51/60 [00:02<00:00, 16.66it/s]
Animation 13: FadeOut(VGroup of 5 submobjects):  88%|########8 | 53/60 [00:02<00:00, 16.33it/s]
Animation 13: FadeOut(VGroup of 5 submobjects):  92%|#########1| 55/60 [00:03<00:00, 16.47it/s]
Animation 13: FadeOut(VGroup of 5 submobjects):  95%|#########5| 57/60 [00:03<00:00, 16.43it/s]
Animation 13: FadeOut(VGroup of 5 submobjects):  98%|#########8| 59/60 [00:03<00:00, 16.59it/s]
[09/11/26 11:07:59] INFO     Animation 13 : Partial    scene_file_writer.py:192
                             movie file written in                             
                             'C:\Users\Nacho\Documents                         
                             \Animaciones\Capitulo                             
                             13\media\videos\s07_compr                         
                             esion\1080p60\partial_mov                         
                             ie_files\CompresionPulso\                         
                             2932440949_1820811143_310                         
                             2636443.mp4'                                      
                                                                                               

Animation 14: FadeIn(Text('secuencia Barker-13: mismo largo, pico NÍTIDO')):   0%|          | 0/60 [00:00<?, ?it/s]
Animation 14: FadeIn(Text('secuencia Barker-13: mismo largo, pico NÍTIDO')):   7%|6         | 4/60 [00:00<00:01, 
32.08it/s]
Animation 14: FadeIn(Text('secuencia Barker-13: mismo largo, pico NÍTIDO')):  13%|#3        | 8/60 [00:00<00:01, 
31.40it/s]
Animation 14: FadeIn(Text('secuencia Barker-13: mismo largo, pico NÍTIDO')):  20%|##        | 12/60 [00:00<00:01, 
33.14it/s]
Animation 14: FadeIn(Text('secuencia Barker-13: mismo largo, pico NÍTIDO')):  27%|##6       | 16/60 [00:00<00:01, 
33.27it/s]
Animation 14: FadeIn(Text('secuencia Barker-13: mismo largo, pico NÍTIDO')):  33%|###3      | 20/60 [00:00<00:01, 
31.52it/s]
Animation 14: FadeIn(Text('secuencia Barker-13: mismo largo, pico NÍTIDO')):  40%|####      | 24/60 [00:00<00:01, 
31.72it/s]
Animation 14: FadeIn(Text('secuencia Barker-13: mismo largo, pico NÍTIDO')):  47%|####6     | 28/60 [00:00<00:01, 
30.86it/s]
Animation 14: FadeIn(Text('secuencia Barker-13: mismo largo, pico NÍTIDO')):  53%|#####3    | 32/60 [00:01<00:00, 
30.45it/s]
Animation 14: FadeIn(Text('secuencia Barker-13: mismo largo, pico NÍTIDO')):  60%|######    | 36/60 [00:01<00:00, 
30.50it/s]
Animation 14: FadeIn(Text('secuencia Barker-13: mismo largo, pico NÍTIDO')):  67%|######6   | 40/60 [00:01<00:00, 
30.15it/s]
Animation 14: FadeIn(Text('secuencia Barker-13: mismo largo, pico NÍTIDO')):  73%|#######3  | 44/60 [00:01<00:00, 
26.93it/s]
Animation 14: FadeIn(Text('secuencia Barker-13: mismo largo, pico NÍTIDO')):  78%|#######8  | 47/60 [00:01<00:00, 
27.00it/s]
Animation 14: FadeIn(Text('secuencia Barker-13: mismo largo, pico NÍTIDO')):  85%|########5 | 51/60 [00:01<00:00, 
28.18it/s]
Animation 14: FadeIn(Text('secuencia Barker-13: mismo largo, pico NÍTIDO')):  90%|######### | 54/60 [00:01<00:00, 
27.37it/s]
Animation 14: FadeIn(Text('secuencia Barker-13: mismo largo, pico NÍTIDO')):  97%|#########6| 58/60 [00:01<00:00, 
28.92it/s]
[09/11/26 11:08:02] INFO     Animation 14 : Partial    scene_file_writer.py:192
                             movie file written in                             
                             'C:\Users\Nacho\Documents                         
                             \Animaciones\Capitulo                             
                             13\media\videos\s07_compr                         
                             esion\1080p60\partial_mov                         
                             ie_files\CompresionPulso\                         
                             2932440949_4014299152_170                         
                             6070269.mp4'                                      
                                                                                                                       
     

Animation 15: Create(Axes of 2 submobjects), etc.:   0%|          | 0/60 [00:00<?, ?it/s]
Animation 15: Create(Axes of 2 submobjects), etc.:  12%|#1        | 7/60 [00:00<00:00, 64.28it/s]
Animation 15: Create(Axes of 2 submobjects), etc.:  23%|##3       | 14/60 [00:00<00:00, 52.27it/s]
Animation 15: Create(Axes of 2 submobjects), etc.:  33%|###3      | 20/60 [00:00<00:00, 49.74it/s]
Animation 15: Create(Axes of 2 submobjects), etc.:  43%|####3     | 26/60 [00:00<00:00, 48.22it/s]
Animation 15: Create(Axes of 2 submobjects), etc.:  52%|#####1    | 31/60 [00:00<00:00, 45.96it/s]
Animation 15: Create(Axes of 2 submobjects), etc.:  60%|######    | 36/60 [00:00<00:00, 46.55it/s]
Animation 15: Create(Axes of 2 submobjects), etc.:  68%|######8   | 41/60 [00:00<00:00, 45.31it/s]
Animation 15: Create(Axes of 2 submobjects), etc.:  77%|#######6  | 46/60 [00:00<00:00, 44.10it/s]
Animation 15: Create(Axes of 2 submobjects), etc.:  85%|########5 | 51/60 [00:01<00:00, 42.97it/s]
Animation 15: Create(Axes of 2 submobjects), etc.:  93%|#########3| 56/60 [00:01<00:00, 43.94it/s]
[09/11/26 11:08:04] INFO     Animation 15 : Partial    scene_file_writer.py:192
                             movie file written in                             
                             'C:\Users\Nacho\Documents                         
                             \Animaciones\Capitulo                             
                             13\media\videos\s07_compr                         
                             esion\1080p60\partial_mov                         
                             ie_files\CompresionPulso\                         
                             2932440949_1143626695_225                         
                             2436226.mp4'                                      
[09/11/26 11:08:06] INFO     Animation 16 : Partial    scene_file_writer.py:192
                             movie file written in                             
                             'C:\Users\Nacho\Documents                         
                             \Animaciones\Capitulo                             
                             13\media\videos\s07_compr                         
                             esion\1080p60\partial_mov                         
                             ie_files\CompresionPulso\                         
                             2932440949_941615173_6644                         
                             94722.mp4'                                        
                                                                                                  

Animation 17: Create(Axes of 2 submobjects), etc.:   0%|          | 0/60 [00:00<?, ?it/s]
Animation 17: Create(Axes of 2 submobjects), etc.:  15%|#5        | 9/60 [00:00<00:00, 82.25it/s]
Animation 17: Create(Axes of 2 submobjects), etc.:  30%|###       | 18/60 [00:00<00:00, 71.67it/s]
Animation 17: Create(Axes of 2 submobjects), etc.:  43%|####3     | 26/60 [00:00<00:00, 68.97it/s]
Animation 17: Create(Axes of 2 submobjects), etc.:  57%|#####6    | 34/60 [00:00<00:00, 70.24it/s]
Animation 17: Create(Axes of 2 submobjects), etc.:  70%|#######   | 42/60 [00:00<00:00, 64.03it/s]
Animation 17: Create(Axes of 2 submobjects), etc.:  82%|########1 | 49/60 [00:00<00:00, 61.12it/s]
Animation 17: Create(Axes of 2 submobjects), etc.:  93%|#########3| 56/60 [00:00<00:00, 62.85it/s]
[09/11/26 11:08:07] INFO     Animation 17 : Partial    scene_file_writer.py:192
                             movie file written in                             
                             'C:\Users\Nacho\Documents                         
                             \Animaciones\Capitulo                             
                             13\media\videos\s07_compr                         
                             esion\1080p60\partial_mov                         
                             ie_files\CompresionPulso\                         
                             2932440949_1123315624_396                         
                             5555147.mp4'                                      
                                                                                                  

Animation 18: Create(ParametricFunction):   0%|          | 0/60 [00:00<?, ?it/s]
Animation 18: Create(ParametricFunction):  13%|#3        | 8/60 [00:00<00:00, 75.37it/s]
Animation 18: Create(ParametricFunction):  27%|##6       | 16/60 [00:00<00:00, 73.52it/s]
Animation 18: Create(ParametricFunction):  40%|####      | 24/60 [00:00<00:00, 75.88it/s]
Animation 18: Create(ParametricFunction):  53%|#####3    | 32/60 [00:00<00:00, 70.24it/s]
Animation 18: Create(ParametricFunction):  67%|######6   | 40/60 [00:00<00:00, 67.74it/s]
Animation 18: Create(ParametricFunction):  78%|#######8  | 47/60 [00:00<00:00, 64.91it/s]
Animation 18: Create(ParametricFunction):  90%|######### | 54/60 [00:00<00:00, 63.68it/s]
[09/11/26 11:08:09] INFO     Animation 18 : Partial    scene_file_writer.py:192
                             movie file written in                             
                             'C:\Users\Nacho\Documents                         
                             \Animaciones\Capitulo                             
                             13\media\videos\s07_compr                         
                             esion\1080p60\partial_mov                         
                             ie_files\CompresionPulso\                         
                             2932440949_4213484542_326                         
                             6191415.mp4'                                      
                                                                                         

Animation 19: FadeIn(MathTex('13A^2')):   0%|          | 0/60 [00:00<?, ?it/s]
Animation 19: FadeIn(MathTex('13A^2')):  13%|#3        | 8/60 [00:00<00:00, 73.35it/s]
Animation 19: FadeIn(MathTex('13A^2')):  27%|##6       | 16/60 [00:00<00:00, 63.39it/s]
Animation 19: FadeIn(MathTex('13A^2')):  38%|###8      | 23/60 [00:00<00:00, 55.89it/s]
Animation 19: FadeIn(MathTex('13A^2')):  48%|####8     | 29/60 [00:00<00:00, 53.26it/s]
Animation 19: FadeIn(MathTex('13A^2')):  58%|#####8    | 35/60 [00:00<00:00, 53.72it/s]
Animation 19: FadeIn(MathTex('13A^2')):  68%|######8   | 41/60 [00:00<00:00, 50.92it/s]
Animation 19: FadeIn(MathTex('13A^2')):  78%|#######8  | 47/60 [00:00<00:00, 45.81it/s]
Animation 19: FadeIn(MathTex('13A^2')):  90%|######### | 54/60 [00:01<00:00, 51.92it/s]
[09/11/26 11:08:11] INFO     Animation 19 : Partial    scene_file_writer.py:192
                             movie file written in                             
                             'C:\Users\Nacho\Documents                         
                             \Animaciones\Capitulo                             
                             13\media\videos\s07_compr                         
                             esion\1080p60\partial_mov                         
                             ie_files\CompresionPulso\                         
                             2932440949_3898736688_249                         
                             665002.mp4'                                       
                                                                                       

Animation 20: FadeIn(VGroup of 4 submobjects):   0%|          | 0/60 [00:00<?, ?it/s]
Animation 20: FadeIn(VGroup of 4 submobjects):   7%|6         | 4/60 [00:00<00:01, 31.76it/s]
Animation 20: FadeIn(VGroup of 4 submobjects):  13%|#3        | 8/60 [00:00<00:01, 30.68it/s]
Animation 20: FadeIn(VGroup of 4 submobjects):  20%|##        | 12/60 [00:00<00:01, 29.98it/s]
Animation 20: FadeIn(VGroup of 4 submobjects):  27%|##6       | 16/60 [00:00<00:01, 29.80it/s]
Animation 20: FadeIn(VGroup of 4 submobjects):  32%|###1      | 19/60 [00:00<00:01, 29.63it/s]
Animation 20: FadeIn(VGroup of 4 submobjects):  37%|###6      | 22/60 [00:00<00:01, 29.46it/s]
Animation 20: FadeIn(VGroup of 4 submobjects):  42%|####1     | 25/60 [00:00<00:01, 29.15it/s]
Animation 20: FadeIn(VGroup of 4 submobjects):  47%|####6     | 28/60 [00:00<00:01, 27.39it/s]
Animation 20: FadeIn(VGroup of 4 submobjects):  53%|#####3    | 32/60 [00:01<00:00, 28.96it/s]
Animation 20: FadeIn(VGroup of 4 submobjects):  60%|######    | 36/60 [00:01<00:00, 29.73it/s]
Animation 20: FadeIn(VGroup of 4 submobjects):  65%|######5   | 39/60 [00:01<00:00, 29.43it/s]
Animation 20: FadeIn(VGroup of 4 submobjects):  70%|#######   | 42/60 [00:01<00:00, 27.79it/s]
Animation 20: FadeIn(VGroup of 4 submobjects):  75%|#######5  | 45/60 [00:01<00:00, 25.76it/s]
Animation 20: FadeIn(VGroup of 4 submobjects):  80%|########  | 48/60 [00:01<00:00, 24.91it/s]
Animation 20: FadeIn(VGroup of 4 submobjects):  85%|########5 | 51/60 [00:01<00:00, 26.07it/s]
Animation 20: FadeIn(VGroup of 4 submobjects):  90%|######### | 54/60 [00:01<00:00, 26.66it/s]
Animation 20: FadeIn(VGroup of 4 submobjects):  95%|#########5| 57/60 [00:02<00:00, 27.38it/s]
Animation 20: FadeIn(VGroup of 4 submobjects): 100%|##########| 60/60 [00:02<00:00, 27.90it/s]
[09/11/26 11:08:15] INFO     Animation 20 : Partial    scene_file_writer.py:192
                             movie file written in                             
                             'C:\Users\Nacho\Documents                         
                             \Animaciones\Capitulo                             
                             13\media\videos\s07_compr                         
                             esion\1080p60\partial_mov                         
                             ie_files\CompresionPulso\                         
                             2932440949_239974823_5493                         
                             2899.mp4'                                         
[09/11/26 11:08:18] INFO     Animation 21 : Partial    scene_file_writer.py:192
                             movie file written in                             
                             'C:\Users\Nacho\Documents                         
                             \Animaciones\Capitulo                             
                             13\media\videos\s07_compr                         
                             esion\1080p60\partial_mov                         
                             ie_files\CompresionPulso\                         
                             2932440949_499328632_3624                         
                             827498.mp4'                                       
                                                                                              

Animation 22: FadeOut(VGroup of 8 submobjects):   0%|          | 0/60 [00:00<?, ?it/s]
Animation 22: FadeOut(VGroup of 8 submobjects):   3%|3         | 2/60 [00:00<00:03, 16.96it/s]
Animation 22: FadeOut(VGroup of 8 submobjects):   7%|6         | 4/60 [00:00<00:03, 16.18it/s]
Animation 22: FadeOut(VGroup of 8 submobjects):  10%|#         | 6/60 [00:00<00:03, 16.42it/s]
Animation 22: FadeOut(VGroup of 8 submobjects):  13%|#3        | 8/60 [00:00<00:02, 17.63it/s]
Animation 22: FadeOut(VGroup of 8 submobjects):  17%|#6        | 10/60 [00:00<00:02, 17.77it/s]
Animation 22: FadeOut(VGroup of 8 submobjects):  20%|##        | 12/60 [00:00<00:02, 17.22it/s]
Animation 22: FadeOut(VGroup of 8 submobjects):  23%|##3       | 14/60 [00:00<00:02, 17.01it/s]
Animation 22: FadeOut(VGroup of 8 submobjects):  27%|##6       | 16/60 [00:00<00:02, 17.21it/s]
Animation 22: FadeOut(VGroup of 8 submobjects):  30%|###       | 18/60 [00:01<00:02, 17.07it/s]
Animation 22: FadeOut(VGroup of 8 submobjects):  33%|###3      | 20/60 [00:01<00:02, 17.11it/s]
Animation 22: FadeOut(VGroup of 8 submobjects):  37%|###6      | 22/60 [00:01<00:02, 17.27it/s]
Animation 22: FadeOut(VGroup of 8 submobjects):  40%|####      | 24/60 [00:01<00:02, 17.45it/s]
Animation 22: FadeOut(VGroup of 8 submobjects):  43%|####3     | 26/60 [00:01<00:01, 17.60it/s]
Animation 22: FadeOut(VGroup of 8 submobjects):  47%|####6     | 28/60 [00:01<00:01, 17.37it/s]
Animation 22: FadeOut(VGroup of 8 submobjects):  50%|#####     | 30/60 [00:01<00:01, 17.30it/s]
Animation 22: FadeOut(VGroup of 8 submobjects):  53%|#####3    | 32/60 [00:01<00:01, 17.11it/s]
Animation 22: FadeOut(VGroup of 8 submobjects):  57%|#####6    | 34/60 [00:01<00:01, 16.78it/s]
Animation 22: FadeOut(VGroup of 8 submobjects):  60%|######    | 36/60 [00:02<00:01, 16.84it/s]
Animation 22: FadeOut(VGroup of 8 submobjects):  63%|######3   | 38/60 [00:02<00:01, 16.91it/s]
Animation 22: FadeOut(VGroup of 8 submobjects):  67%|######6   | 40/60 [00:02<00:01, 16.91it/s]
Animation 22: FadeOut(VGroup of 8 submobjects):  70%|#######   | 42/60 [00:02<00:01, 17.06it/s]
Animation 22: FadeOut(VGroup of 8 submobjects):  73%|#######3  | 44/60 [00:02<00:01, 14.04it/s]
Animation 22: FadeOut(VGroup of 8 submobjects):  77%|#######6  | 46/60 [00:02<00:00, 14.55it/s]
Animation 22: FadeOut(VGroup of 8 submobjects):  80%|########  | 48/60 [00:02<00:00, 15.00it/s]
Animation 22: FadeOut(VGroup of 8 submobjects):  83%|########3 | 50/60 [00:03<00:00, 15.05it/s]
Animation 22: FadeOut(VGroup of 8 submobjects):  87%|########6 | 52/60 [00:03<00:00, 15.58it/s]
Animation 22: FadeOut(VGroup of 8 submobjects):  90%|######### | 54/60 [00:03<00:00, 15.66it/s]
Animation 22: FadeOut(VGroup of 8 submobjects):  93%|#########3| 56/60 [00:03<00:00, 15.64it/s]
Animation 22: FadeOut(VGroup of 8 submobjects):  97%|#########6| 58/60 [00:03<00:00, 15.88it/s]
Animation 22: FadeOut(VGroup of 8 submobjects): 100%|##########| 60/60 [00:03<00:00, 16.25it/s]
[09/11/26 11:08:24] INFO     Animation 22 : Partial    scene_file_writer.py:192
                             movie file written in                             
                             'C:\Users\Nacho\Documents                         
                             \Animaciones\Capitulo                             
                             13\media\videos\s07_compr                         
                             esion\1080p60\partial_mov                         
                             ie_files\CompresionPulso\                         
                             2932440949_282125643_1862                         
                             725188.mp4'                                       
                                                                                               

Animation 23: FadeIn(Text('dos ecos cercanos: rectangular los funde, Barker los separa')):   0%|          | 0/60 
[00:00<?, ?it/s]
Animation 23: FadeIn(Text('dos ecos cercanos: rectangular los funde, Barker los separa')):   7%|6         | 4/60 
[00:00<00:01, 30.31it/s]
Animation 23: FadeIn(Text('dos ecos cercanos: rectangular los funde, Barker los separa')):  13%|#3        | 8/60 
[00:00<00:01, 28.74it/s]
Animation 23: FadeIn(Text('dos ecos cercanos: rectangular los funde, Barker los separa')):  18%|#8        | 11/60 
[00:00<00:01, 28.53it/s]
Animation 23: FadeIn(Text('dos ecos cercanos: rectangular los funde, Barker los separa')):  23%|##3       | 14/60 
[00:00<00:01, 28.09it/s]
Animation 23: FadeIn(Text('dos ecos cercanos: rectangular los funde, Barker los separa')):  28%|##8       | 17/60 
[00:00<00:01, 28.25it/s]
Animation 23: FadeIn(Text('dos ecos cercanos: rectangular los funde, Barker los separa')):  33%|###3      | 20/60 
[00:00<00:01, 27.58it/s]
Animation 23: FadeIn(Text('dos ecos cercanos: rectangular los funde, Barker los separa')):  38%|###8      | 23/60 
[00:00<00:01, 27.56it/s]
Animation 23: FadeIn(Text('dos ecos cercanos: rectangular los funde, Barker los separa')):  43%|####3     | 26/60 
[00:00<00:01, 27.07it/s]
Animation 23: FadeIn(Text('dos ecos cercanos: rectangular los funde, Barker los separa')):  48%|####8     | 29/60 
[00:01<00:01, 27.02it/s]
Animation 23: FadeIn(Text('dos ecos cercanos: rectangular los funde, Barker los separa')):  53%|#####3    | 32/60 
[00:01<00:01, 26.70it/s]
Animation 23: FadeIn(Text('dos ecos cercanos: rectangular los funde, Barker los separa')):  58%|#####8    | 35/60 
[00:01<00:00, 26.51it/s]
Animation 23: FadeIn(Text('dos ecos cercanos: rectangular los funde, Barker los separa')):  63%|######3   | 38/60 
[00:01<00:00, 27.45it/s]
Animation 23: FadeIn(Text('dos ecos cercanos: rectangular los funde, Barker los separa')):  68%|######8   | 41/60 
[00:01<00:00, 26.60it/s]
Animation 23: FadeIn(Text('dos ecos cercanos: rectangular los funde, Barker los separa')):  73%|#######3  | 44/60 
[00:01<00:00, 23.07it/s]
Animation 23: FadeIn(Text('dos ecos cercanos: rectangular los funde, Barker los separa')):  78%|#######8  | 47/60 
[00:01<00:00, 23.54it/s]
Animation 23: FadeIn(Text('dos ecos cercanos: rectangular los funde, Barker los separa')):  83%|########3 | 50/60 
[00:01<00:00, 24.54it/s]
Animation 23: FadeIn(Text('dos ecos cercanos: rectangular los funde, Barker los separa')):  88%|########8 | 53/60 
[00:02<00:00, 24.72it/s]
Animation 23: FadeIn(Text('dos ecos cercanos: rectangular los funde, Barker los separa')):  93%|#########3| 56/60 
[00:02<00:00, 24.50it/s]
Animation 23: FadeIn(Text('dos ecos cercanos: rectangular los funde, Barker los separa')):  98%|#########8| 59/60 
[00:02<00:00, 24.62it/s]
[09/11/26 11:08:27] INFO     Animation 23 : Partial    scene_file_writer.py:192
                             movie file written in                             
                             'C:\Users\Nacho\Documents                         
                             \Animaciones\Capitulo                             
                             13\media\videos\s07_compr                         
                             esion\1080p60\partial_mov                         
                             ie_files\CompresionPulso\                         
                             2932440949_136218200_6258                         
                             80743.mp4'                                        
                                                                                                                       
                   

Animation 24: Create(Axes of 2 submobjects), etc.:   0%|          | 0/60 [00:00<?, ?it/s]
Animation 24: Create(Axes of 2 submobjects), etc.:  15%|#5        | 9/60 [00:00<00:00, 82.39it/s]
Animation 24: Create(Axes of 2 submobjects), etc.:  30%|###       | 18/60 [00:00<00:00, 68.67it/s]
Animation 24: Create(Axes of 2 submobjects), etc.:  43%|####3     | 26/60 [00:00<00:00, 66.30it/s]
Animation 24: Create(Axes of 2 submobjects), etc.:  55%|#####5    | 33/60 [00:00<00:00, 60.95it/s]
Animation 24: Create(Axes of 2 submobjects), etc.:  67%|######6   | 40/60 [00:00<00:00, 59.16it/s]
Animation 24: Create(Axes of 2 submobjects), etc.:  77%|#######6  | 46/60 [00:00<00:00, 56.80it/s]
Animation 24: Create(Axes of 2 submobjects), etc.:  87%|########6 | 52/60 [00:00<00:00, 57.11it/s]
Animation 24: Create(Axes of 2 submobjects), etc.:  97%|#########6| 58/60 [00:00<00:00, 54.45it/s]
[09/11/26 11:08:29] INFO     Animation 24 : Partial    scene_file_writer.py:192
                             movie file written in                             
                             'C:\Users\Nacho\Documents                         
                             \Animaciones\Capitulo                             
                             13\media\videos\s07_compr                         
                             esion\1080p60\partial_mov                         
                             ie_files\CompresionPulso\                         
                             2932440949_2149023300_248                         
                             4377535.mp4'                                      
                                                                                                  

Animation 25: Create(ParametricFunction), etc.:   0%|          | 0/60 [00:00<?, ?it/s]
Animation 25: Create(ParametricFunction), etc.:   8%|8         | 5/60 [00:00<00:01, 39.13it/s]
Animation 25: Create(ParametricFunction), etc.:  15%|#5        | 9/60 [00:00<00:01, 36.02it/s]
Animation 25: Create(ParametricFunction), etc.:  23%|##3       | 14/60 [00:00<00:01, 38.29it/s]
Animation 25: Create(ParametricFunction), etc.:  32%|###1      | 19/60 [00:00<00:00, 41.30it/s]
Animation 25: Create(ParametricFunction), etc.:  40%|####      | 24/60 [00:00<00:00, 41.14it/s]
Animation 25: Create(ParametricFunction), etc.:  48%|####8     | 29/60 [00:00<00:00, 42.02it/s]
Animation 25: Create(ParametricFunction), etc.:  57%|#####6    | 34/60 [00:00<00:00, 43.32it/s]
Animation 25: Create(ParametricFunction), etc.:  65%|######5   | 39/60 [00:00<00:00, 43.48it/s]
Animation 25: Create(ParametricFunction), etc.:  73%|#######3  | 44/60 [00:01<00:00, 38.76it/s]
Animation 25: Create(ParametricFunction), etc.:  80%|########  | 48/60 [00:01<00:00, 37.74it/s]
Animation 25: Create(ParametricFunction), etc.:  87%|########6 | 52/60 [00:01<00:00, 38.19it/s]
Animation 25: Create(ParametricFunction), etc.:  95%|#########5| 57/60 [00:01<00:00, 39.78it/s]
[09/11/26 11:08:32] INFO     Animation 25 : Partial    scene_file_writer.py:192
                             movie file written in                             
                             'C:\Users\Nacho\Documents                         
                             \Animaciones\Capitulo                             
                             13\media\videos\s07_compr                         
                             esion\1080p60\partial_mov                         
                             ie_files\CompresionPulso\                         
                             2932440949_3869682900_199                         
                             5807188.mp4'                                      
[09/11/26 11:08:34] INFO     Animation 26 : Partial    scene_file_writer.py:192
                             movie file written in                             
                             'C:\Users\Nacho\Documents                         
                             \Animaciones\Capitulo                             
                             13\media\videos\s07_compr                         
                             esion\1080p60\partial_mov                         
                             ie_files\CompresionPulso\                         
                             2932440949_4163062370_132                         
                             3030613.mp4'                                      
                                                                                               

Animation 27: Create(Axes of 2 submobjects), etc.:   0%|          | 0/60 [00:00<?, ?it/s]
Animation 27: Create(Axes of 2 submobjects), etc.:  15%|#5        | 9/60 [00:00<00:00, 75.82it/s]
Animation 27: Create(Axes of 2 submobjects), etc.:  28%|##8       | 17/60 [00:00<00:00, 63.23it/s]
Animation 27: Create(Axes of 2 submobjects), etc.:  40%|####      | 24/60 [00:00<00:00, 60.57it/s]
Animation 27: Create(Axes of 2 submobjects), etc.:  52%|#####1    | 31/60 [00:00<00:00, 56.07it/s]
Animation 27: Create(Axes of 2 submobjects), etc.:  63%|######3   | 38/60 [00:00<00:00, 58.86it/s]
Animation 27: Create(Axes of 2 submobjects), etc.:  73%|#######3  | 44/60 [00:00<00:00, 55.57it/s]
Animation 27: Create(Axes of 2 submobjects), etc.:  83%|########3 | 50/60 [00:00<00:00, 56.77it/s]
Animation 27: Create(Axes of 2 submobjects), etc.:  93%|#########3| 56/60 [00:00<00:00, 57.25it/s]
[09/11/26 11:08:36] INFO     Animation 27 : Partial    scene_file_writer.py:192
                             movie file written in                             
                             'C:\Users\Nacho\Documents                         
                             \Animaciones\Capitulo                             
                             13\media\videos\s07_compr                         
                             esion\1080p60\partial_mov                         
                             ie_files\CompresionPulso\                         
                             2932440949_1882481262_130                         
                             3300082.mp4'                                      
                                                                                                  

Animation 28: Create(ParametricFunction), etc.:   0%|          | 0/60 [00:00<?, ?it/s]
Animation 28: Create(ParametricFunction), etc.:  10%|#         | 6/60 [00:00<00:00, 54.35it/s]
Animation 28: Create(ParametricFunction), etc.:  20%|##        | 12/60 [00:00<00:01, 46.83it/s]
Animation 28: Create(ParametricFunction), etc.:  28%|##8       | 17/60 [00:00<00:00, 46.09it/s]
Animation 28: Create(ParametricFunction), etc.:  37%|###6      | 22/60 [00:00<00:00, 45.24it/s]
Animation 28: Create(ParametricFunction), etc.:  45%|####5     | 27/60 [00:00<00:00, 44.02it/s]
Animation 28: Create(ParametricFunction), etc.:  53%|#####3    | 32/60 [00:00<00:00, 42.77it/s]
Animation 28: Create(ParametricFunction), etc.:  62%|######1   | 37/60 [00:00<00:00, 42.10it/s]
Animation 28: Create(ParametricFunction), etc.:  70%|#######   | 42/60 [00:00<00:00, 41.00it/s]
Animation 28: Create(ParametricFunction), etc.:  78%|#######8  | 47/60 [00:01<00:00, 36.98it/s]
Animation 28: Create(ParametricFunction), etc.:  85%|########5 | 51/60 [00:01<00:00, 37.37it/s]
Animation 28: Create(ParametricFunction), etc.:  92%|#########1| 55/60 [00:01<00:00, 35.70it/s]
Animation 28: Create(ParametricFunction), etc.:  98%|#########8| 59/60 [00:01<00:00, 35.24it/s]
[09/11/26 11:08:38] INFO     Animation 28 : Partial    scene_file_writer.py:192
                             movie file written in                             
                             'C:\Users\Nacho\Documents                         
                             \Animaciones\Capitulo                             
                             13\media\videos\s07_compr                         
                             esion\1080p60\partial_mov                         
                             ie_files\CompresionPulso\                         
                             2932440949_2992584858_171                         
                             9887028.mp4'                                      
[09/11/26 11:08:42] INFO     Animation 29 : Partial    scene_file_writer.py:192
                             movie file written in                             
                             'C:\Users\Nacho\Documents                         
                             \Animaciones\Capitulo                             
                             13\media\videos\s07_compr                         
                             esion\1080p60\partial_mov                         
                             ie_files\CompresionPulso\                         
                             2932440949_499328632_5584                         
                             41185.mp4'                                        
                                                                                               

Animation 30: FadeOut(VGroup of 9 submobjects):   0%|          | 0/60 [00:00<?, ?it/s]
Animation 30: FadeOut(VGroup of 9 submobjects):   3%|3         | 2/60 [00:00<00:02, 19.43it/s]
Animation 30: FadeOut(VGroup of 9 submobjects):   7%|6         | 4/60 [00:00<00:03, 18.37it/s]
Animation 30: FadeOut(VGroup of 9 submobjects):  10%|#         | 6/60 [00:00<00:02, 18.31it/s]
Animation 30: FadeOut(VGroup of 9 submobjects):  13%|#3        | 8/60 [00:00<00:02, 18.11it/s]
Animation 30: FadeOut(VGroup of 9 submobjects):  17%|#6        | 10/60 [00:00<00:02, 18.03it/s]
Animation 30: FadeOut(VGroup of 9 submobjects):  20%|##        | 12/60 [00:00<00:02, 17.91it/s]
Animation 30: FadeOut(VGroup of 9 submobjects):  23%|##3       | 14/60 [00:00<00:02, 17.70it/s]
Animation 30: FadeOut(VGroup of 9 submobjects):  27%|##6       | 16/60 [00:00<00:02, 18.10it/s]
Animation 30: FadeOut(VGroup of 9 submobjects):  30%|###       | 18/60 [00:00<00:02, 18.07it/s]
Animation 30: FadeOut(VGroup of 9 submobjects):  33%|###3      | 20/60 [00:01<00:02, 18.10it/s]
Animation 30: FadeOut(VGroup of 9 submobjects):  37%|###6      | 22/60 [00:01<00:02, 18.58it/s]
Animation 30: FadeOut(VGroup of 9 submobjects):  40%|####      | 24/60 [00:01<00:01, 18.09it/s]
Animation 30: FadeOut(VGroup of 9 submobjects):  43%|####3     | 26/60 [00:01<00:01, 18.02it/s]
Animation 30: FadeOut(VGroup of 9 submobjects):  47%|####6     | 28/60 [00:01<00:01, 18.07it/s]
Animation 30: FadeOut(VGroup of 9 submobjects):  50%|#####     | 30/60 [00:01<00:01, 18.01it/s]
Animation 30: FadeOut(VGroup of 9 submobjects):  53%|#####3    | 32/60 [00:01<00:01, 18.10it/s]
Animation 30: FadeOut(VGroup of 9 submobjects):  57%|#####6    | 34/60 [00:01<00:01, 18.12it/s]
Animation 30: FadeOut(VGroup of 9 submobjects):  60%|######    | 36/60 [00:01<00:01, 18.11it/s]
Animation 30: FadeOut(VGroup of 9 submobjects):  63%|######3   | 38/60 [00:02<00:01, 18.42it/s]
Animation 30: FadeOut(VGroup of 9 submobjects):  67%|######6   | 40/60 [00:02<00:01, 18.41it/s]
Animation 30: FadeOut(VGroup of 9 submobjects):  70%|#######   | 42/60 [00:02<00:00, 18.37it/s]
Animation 30: FadeOut(VGroup of 9 submobjects):  73%|#######3  | 44/60 [00:02<00:01, 15.49it/s]
Animation 30: FadeOut(VGroup of 9 submobjects):  77%|#######6  | 46/60 [00:02<00:00, 15.95it/s]
Animation 30: FadeOut(VGroup of 9 submobjects):  80%|########  | 48/60 [00:02<00:00, 15.86it/s]
Animation 30: FadeOut(VGroup of 9 submobjects):  83%|########3 | 50/60 [00:02<00:00, 16.23it/s]
Animation 30: FadeOut(VGroup of 9 submobjects):  87%|########6 | 52/60 [00:02<00:00, 16.30it/s]
Animation 30: FadeOut(VGroup of 9 submobjects):  90%|######### | 54/60 [00:03<00:00, 16.71it/s]
Animation 30: FadeOut(VGroup of 9 submobjects):  93%|#########3| 56/60 [00:03<00:00, 16.75it/s]
Animation 30: FadeOut(VGroup of 9 submobjects):  97%|#########6| 58/60 [00:03<00:00, 16.91it/s]
Animation 30: FadeOut(VGroup of 9 submobjects): 100%|##########| 60/60 [00:03<00:00, 17.70it/s]
[09/11/26 11:08:47] INFO     Animation 30 : Partial    scene_file_writer.py:192
                             movie file written in                             
                             'C:\Users\Nacho\Documents                         
                             \Animaciones\Capitulo                             
                             13\media\videos\s07_compr                         
                             esion\1080p60\partial_mov                         
                             ie_files\CompresionPulso\                         
                             2932440949_3409883526_107                         
                             1217341.mp4'                                      
                                                                                               

Animation 31: FadeIn(Text('otra forma: el chirp (frecuencia barriendo linealmente)')):   0%|          | 0/60 [00:00<?, 
?it/s]
Animation 31: FadeIn(Text('otra forma: el chirp (frecuencia barriendo linealmente)')):   7%|6         | 4/60 
[00:00<00:01, 33.21it/s]
Animation 31: FadeIn(Text('otra forma: el chirp (frecuencia barriendo linealmente)')):  13%|#3        | 8/60 
[00:00<00:01, 29.64it/s]
Animation 31: FadeIn(Text('otra forma: el chirp (frecuencia barriendo linealmente)')):  18%|#8        | 11/60 
[00:00<00:01, 28.95it/s]
Animation 31: FadeIn(Text('otra forma: el chirp (frecuencia barriendo linealmente)')):  23%|##3       | 14/60 
[00:00<00:01, 28.83it/s]
Animation 31: FadeIn(Text('otra forma: el chirp (frecuencia barriendo linealmente)')):  28%|##8       | 17/60 
[00:00<00:01, 28.80it/s]
Animation 31: FadeIn(Text('otra forma: el chirp (frecuencia barriendo linealmente)')):  33%|###3      | 20/60 
[00:00<00:01, 28.63it/s]
Animation 31: FadeIn(Text('otra forma: el chirp (frecuencia barriendo linealmente)')):  38%|###8      | 23/60 
[00:00<00:01, 28.27it/s]
Animation 31: FadeIn(Text('otra forma: el chirp (frecuencia barriendo linealmente)')):  43%|####3     | 26/60 
[00:00<00:01, 28.32it/s]
Animation 31: FadeIn(Text('otra forma: el chirp (frecuencia barriendo linealmente)')):  48%|####8     | 29/60 
[00:01<00:01, 28.58it/s]
Animation 31: FadeIn(Text('otra forma: el chirp (frecuencia barriendo linealmente)')):  53%|#####3    | 32/60 
[00:01<00:00, 28.66it/s]
Animation 31: FadeIn(Text('otra forma: el chirp (frecuencia barriendo linealmente)')):  58%|#####8    | 35/60 
[00:01<00:00, 28.55it/s]
Animation 31: FadeIn(Text('otra forma: el chirp (frecuencia barriendo linealmente)')):  63%|######3   | 38/60 
[00:01<00:00, 28.42it/s]
Animation 31: FadeIn(Text('otra forma: el chirp (frecuencia barriendo linealmente)')):  68%|######8   | 41/60 
[00:01<00:00, 28.34it/s]
Animation 31: FadeIn(Text('otra forma: el chirp (frecuencia barriendo linealmente)')):  73%|#######3  | 44/60 
[00:01<00:00, 24.43it/s]
Animation 31: FadeIn(Text('otra forma: el chirp (frecuencia barriendo linealmente)')):  78%|#######8  | 47/60 
[00:01<00:00, 24.63it/s]
Animation 31: FadeIn(Text('otra forma: el chirp (frecuencia barriendo linealmente)')):  83%|########3 | 50/60 
[00:01<00:00, 25.17it/s]
Animation 31: FadeIn(Text('otra forma: el chirp (frecuencia barriendo linealmente)')):  88%|########8 | 53/60 
[00:01<00:00, 25.90it/s]
Animation 31: FadeIn(Text('otra forma: el chirp (frecuencia barriendo linealmente)')):  93%|#########3| 56/60 
[00:02<00:00, 26.37it/s]
Animation 31: FadeIn(Text('otra forma: el chirp (frecuencia barriendo linealmente)')):  98%|#########8| 59/60 
[00:02<00:00, 26.44it/s]
[09/11/26 11:08:50] INFO     Animation 31 : Partial    scene_file_writer.py:192
                             movie file written in                             
                             'C:\Users\Nacho\Documents                         
                             \Animaciones\Capitulo                             
                             13\media\videos\s07_compr                         
                             esion\1080p60\partial_mov                         
                             ie_files\CompresionPulso\                         
                             2932440949_2430672460_221                         
                             9506732.mp4'                                      
                                                                                                                       
               

Animation 32: Create(Axes of 2 submobjects), etc.:   0%|          | 0/60 [00:00<?, ?it/s]
Animation 32: Create(Axes of 2 submobjects), etc.:  17%|#6        | 10/60 [00:00<00:00, 99.87it/s]
Animation 32: Create(Axes of 2 submobjects), etc.:  33%|###3      | 20/60 [00:00<00:00, 71.54it/s]
Animation 32: Create(Axes of 2 submobjects), etc.:  47%|####6     | 28/60 [00:00<00:00, 64.42it/s]
Animation 32: Create(Axes of 2 submobjects), etc.:  58%|#####8    | 35/60 [00:00<00:00, 61.56it/s]
Animation 32: Create(Axes of 2 submobjects), etc.:  70%|#######   | 42/60 [00:00<00:00, 58.56it/s]
Animation 32: Create(Axes of 2 submobjects), etc.:  80%|########  | 48/60 [00:00<00:00, 56.56it/s]
Animation 32: Create(Axes of 2 submobjects), etc.:  90%|######### | 54/60 [00:00<00:00, 55.92it/s]
[09/11/26 11:08:52] INFO     Animation 32 : Partial    scene_file_writer.py:192
                             movie file written in                             
                             'C:\Users\Nacho\Documents                         
                             \Animaciones\Capitulo                             
                             13\media\videos\s07_compr                         
                             esion\1080p60\partial_mov                         
                             ie_files\CompresionPulso\                         
                             2932440949_1135764876_316                         
                             079848.mp4'                                       
                                                                                                  

Animation 33: FadeIn(VGroup of 2 submobjects):   0%|          | 0/60 [00:00<?, ?it/s]
Animation 33: FadeIn(VGroup of 2 submobjects):   5%|5         | 3/60 [00:00<00:02, 25.47it/s]
Animation 33: FadeIn(VGroup of 2 submobjects):  10%|#         | 6/60 [00:00<00:02, 24.17it/s]
Animation 33: FadeIn(VGroup of 2 submobjects):  15%|#5        | 9/60 [00:00<00:02, 22.96it/s]
Animation 33: FadeIn(VGroup of 2 submobjects):  20%|##        | 12/60 [00:00<00:02, 22.75it/s]
Animation 33: FadeIn(VGroup of 2 submobjects):  25%|##5       | 15/60 [00:00<00:02, 22.50it/s]
Animation 33: FadeIn(VGroup of 2 submobjects):  30%|###       | 18/60 [00:00<00:01, 21.74it/s]
Animation 33: FadeIn(VGroup of 2 submobjects):  35%|###5      | 21/60 [00:00<00:01, 21.96it/s]
Animation 33: FadeIn(VGroup of 2 submobjects):  40%|####      | 24/60 [00:01<00:01, 22.23it/s]
Animation 33: FadeIn(VGroup of 2 submobjects):  45%|####5     | 27/60 [00:01<00:01, 22.46it/s]
Animation 33: FadeIn(VGroup of 2 submobjects):  50%|#####     | 30/60 [00:01<00:01, 21.91it/s]
Animation 33: FadeIn(VGroup of 2 submobjects):  55%|#####5    | 33/60 [00:01<00:01, 21.80it/s]
Animation 33: FadeIn(VGroup of 2 submobjects):  60%|######    | 36/60 [00:01<00:01, 21.56it/s]
Animation 33: FadeIn(VGroup of 2 submobjects):  65%|######5   | 39/60 [00:01<00:00, 21.85it/s]
Animation 33: FadeIn(VGroup of 2 submobjects):  70%|#######   | 42/60 [00:01<00:00, 22.03it/s]
Animation 33: FadeIn(VGroup of 2 submobjects):  75%|#######5  | 45/60 [00:02<00:00, 19.59it/s]
Animation 33: FadeIn(VGroup of 2 submobjects):  80%|########  | 48/60 [00:02<00:00, 19.72it/s]
Animation 33: FadeIn(VGroup of 2 submobjects):  85%|########5 | 51/60 [00:02<00:00, 20.41it/s]
Animation 33: FadeIn(VGroup of 2 submobjects):  90%|######### | 54/60 [00:02<00:00, 20.23it/s]
Animation 33: FadeIn(VGroup of 2 submobjects):  95%|#########5| 57/60 [00:02<00:00, 20.03it/s]
Animation 33: FadeIn(VGroup of 2 submobjects): 100%|##########| 60/60 [00:02<00:00, 20.15it/s]
[09/11/26 11:08:57] INFO     Animation 33 : Partial    scene_file_writer.py:192
                             movie file written in                             
                             'C:\Users\Nacho\Documents                         
                             \Animaciones\Capitulo                             
                             13\media\videos\s07_compr                         
                             esion\1080p60\partial_mov                         
                             ie_files\CompresionPulso\                         
                             2932440949_2658197949_302                         
                             9088517.mp4'                                      
[09/11/26 11:09:00] INFO     Animation 34 : Partial    scene_file_writer.py:192
                             movie file written in                             
                             'C:\Users\Nacho\Documents                         
                             \Animaciones\Capitulo                             
                             13\media\videos\s07_compr                         
                             esion\1080p60\partial_mov                         
                             ie_files\CompresionPulso\                         
                             2932440949_349589963_1295                         
                             597654.mp4'                                       
                                                                                              

Animation 35: FadeOut(VGroup of 4 submobjects):   0%|          | 0/60 [00:00<?, ?it/s]
Animation 35: FadeOut(VGroup of 4 submobjects):   3%|3         | 2/60 [00:00<00:03, 16.09it/s]
Animation 35: FadeOut(VGroup of 4 submobjects):   7%|6         | 4/60 [00:00<00:03, 14.99it/s]
Animation 35: FadeOut(VGroup of 4 submobjects):  10%|#         | 6/60 [00:00<00:03, 14.83it/s]
Animation 35: FadeOut(VGroup of 4 submobjects):  13%|#3        | 8/60 [00:00<00:03, 14.83it/s]
Animation 35: FadeOut(VGroup of 4 submobjects):  17%|#6        | 10/60 [00:00<00:03, 14.80it/s]
Animation 35: FadeOut(VGroup of 4 submobjects):  20%|##        | 12/60 [00:00<00:03, 14.72it/s]
Animation 35: FadeOut(VGroup of 4 submobjects):  23%|##3       | 14/60 [00:00<00:03, 14.85it/s]
Animation 35: FadeOut(VGroup of 4 submobjects):  27%|##6       | 16/60 [00:01<00:02, 14.74it/s]
Animation 35: FadeOut(VGroup of 4 submobjects):  30%|###       | 18/60 [00:01<00:02, 14.70it/s]
Animation 35: FadeOut(VGroup of 4 submobjects):  33%|###3      | 20/60 [00:01<00:02, 14.73it/s]
Animation 35: FadeOut(VGroup of 4 submobjects):  37%|###6      | 22/60 [00:01<00:02, 14.70it/s]
Animation 35: FadeOut(VGroup of 4 submobjects):  40%|####      | 24/60 [00:01<00:02, 14.67it/s]
Animation 35: FadeOut(VGroup of 4 submobjects):  43%|####3     | 26/60 [00:01<00:02, 14.66it/s]
Animation 35: FadeOut(VGroup of 4 submobjects):  47%|####6     | 28/60 [00:01<00:02, 14.52it/s]
Animation 35: FadeOut(VGroup of 4 submobjects):  50%|#####     | 30/60 [00:02<00:02, 14.69it/s]
Animation 35: FadeOut(VGroup of 4 submobjects):  53%|#####3    | 32/60 [00:02<00:01, 14.94it/s]
Animation 35: FadeOut(VGroup of 4 submobjects):  57%|#####6    | 34/60 [00:02<00:01, 14.77it/s]
Animation 35: FadeOut(VGroup of 4 submobjects):  60%|######    | 36/60 [00:02<00:01, 14.85it/s]
Animation 35: FadeOut(VGroup of 4 submobjects):  63%|######3   | 38/60 [00:02<00:01, 14.71it/s]
Animation 35: FadeOut(VGroup of 4 submobjects):  67%|######6   | 40/60 [00:02<00:01, 14.67it/s]
Animation 35: FadeOut(VGroup of 4 submobjects):  70%|#######   | 42/60 [00:02<00:01, 14.81it/s]
Animation 35: FadeOut(VGroup of 4 submobjects):  73%|#######3  | 44/60 [00:03<00:01, 12.74it/s]
Animation 35: FadeOut(VGroup of 4 submobjects):  77%|#######6  | 46/60 [00:03<00:01, 13.16it/s]
Animation 35: FadeOut(VGroup of 4 submobjects):  80%|########  | 48/60 [00:03<00:00, 13.11it/s]
Animation 35: FadeOut(VGroup of 4 submobjects):  83%|########3 | 50/60 [00:03<00:00, 13.35it/s]
Animation 35: FadeOut(VGroup of 4 submobjects):  87%|########6 | 52/60 [00:03<00:00, 13.52it/s]
Animation 35: FadeOut(VGroup of 4 submobjects):  90%|######### | 54/60 [00:03<00:00, 13.87it/s]
Animation 35: FadeOut(VGroup of 4 submobjects):  93%|#########3| 56/60 [00:03<00:00, 13.69it/s]
Animation 35: FadeOut(VGroup of 4 submobjects):  97%|#########6| 58/60 [00:04<00:00, 13.91it/s]
Animation 35: FadeOut(VGroup of 4 submobjects): 100%|##########| 60/60 [00:04<00:00, 14.70it/s]
[09/11/26 11:09:07] INFO     Animation 35 : Partial    scene_file_writer.py:192
                             movie file written in                             
                             'C:\Users\Nacho\Documents                         
                             \Animaciones\Capitulo                             
                             13\media\videos\s07_compr                         
                             esion\1080p60\partial_mov                         
                             ie_files\CompresionPulso\                         
                             2932440949_3259806184_127                         
                             3720934.mp4'                                      
                                                                                               

Animation 36: FadeIn(Text('Energía = largo × amplitud, y la amplitud está limitada.')):   0%|          | 0/60 
[00:00<?, ?it/s]
Animation 36: FadeIn(Text('Energía = largo × amplitud, y la amplitud está limitada.')):   7%|6         | 4/60 
[00:00<00:01, 30.62it/s]
Animation 36: FadeIn(Text('Energía = largo × amplitud, y la amplitud está limitada.')):  13%|#3        | 8/60 
[00:00<00:01, 29.36it/s]
Animation 36: FadeIn(Text('Energía = largo × amplitud, y la amplitud está limitada.')):  18%|#8        | 11/60 
[00:00<00:01, 27.62it/s]
Animation 36: FadeIn(Text('Energía = largo × amplitud, y la amplitud está limitada.')):  23%|##3       | 14/60 
[00:00<00:01, 27.64it/s]
Animation 36: FadeIn(Text('Energía = largo × amplitud, y la amplitud está limitada.')):  28%|##8       | 17/60 
[00:00<00:01, 27.29it/s]
Animation 36: FadeIn(Text('Energía = largo × amplitud, y la amplitud está limitada.')):  33%|###3      | 20/60 
[00:00<00:01, 27.32it/s]
Animation 36: FadeIn(Text('Energía = largo × amplitud, y la amplitud está limitada.')):  38%|###8      | 23/60 
[00:00<00:01, 27.48it/s]
Animation 36: FadeIn(Text('Energía = largo × amplitud, y la amplitud está limitada.')):  43%|####3     | 26/60 
[00:00<00:01, 27.36it/s]
Animation 36: FadeIn(Text('Energía = largo × amplitud, y la amplitud está limitada.')):  48%|####8     | 29/60 
[00:01<00:01, 27.89it/s]
Animation 36: FadeIn(Text('Energía = largo × amplitud, y la amplitud está limitada.')):  53%|#####3    | 32/60 
[00:01<00:00, 28.17it/s]
Animation 36: FadeIn(Text('Energía = largo × amplitud, y la amplitud está limitada.')):  58%|#####8    | 35/60 
[00:01<00:00, 28.26it/s]
Animation 36: FadeIn(Text('Energía = largo × amplitud, y la amplitud está limitada.')):  65%|######5   | 39/60 
[00:01<00:00, 28.93it/s]
Animation 36: FadeIn(Text('Energía = largo × amplitud, y la amplitud está limitada.')):  70%|#######   | 42/60 
[00:01<00:00, 28.61it/s]
Animation 36: FadeIn(Text('Energía = largo × amplitud, y la amplitud está limitada.')):  75%|#######5  | 45/60 
[00:01<00:00, 25.42it/s]
Animation 36: FadeIn(Text('Energía = largo × amplitud, y la amplitud está limitada.')):  80%|########  | 48/60 
[00:01<00:00, 24.41it/s]
Animation 36: FadeIn(Text('Energía = largo × amplitud, y la amplitud está limitada.')):  85%|########5 | 51/60 
[00:01<00:00, 24.70it/s]
Animation 36: FadeIn(Text('Energía = largo × amplitud, y la amplitud está limitada.')):  90%|######### | 54/60 
[00:02<00:00, 24.80it/s]
Animation 36: FadeIn(Text('Energía = largo × amplitud, y la amplitud está limitada.')):  95%|#########5| 57/60 
[00:02<00:00, 24.80it/s]
Animation 36: FadeIn(Text('Energía = largo × amplitud, y la amplitud está limitada.')): 100%|##########| 60/60 
[00:02<00:00, 25.07it/s]
[09/11/26 11:09:11] INFO     Animation 36 : Partial    scene_file_writer.py:192
                             movie file written in                             
                             'C:\Users\Nacho\Documents                         
                             \Animaciones\Capitulo                             
                             13\media\videos\s07_compr                         
                             esion\1080p60\partial_mov                         
                             ie_files\CompresionPulso\                         
                             2932440949_573752813_1994                         
                             537047.mp4'                                       
                                                                                                                       
                

Animation 37: FadeIn(Text('Diseñar bien la FORMA compra resolución gratis.')):   0%|          | 0/60 [00:00<?, ?it/s]
Animation 37: FadeIn(Text('Diseñar bien la FORMA compra resolución gratis.')):   7%|6         | 4/60 [00:00<00:01, 
33.77it/s]
Animation 37: FadeIn(Text('Diseñar bien la FORMA compra resolución gratis.')):  13%|#3        | 8/60 [00:00<00:01, 
32.14it/s]
Animation 37: FadeIn(Text('Diseñar bien la FORMA compra resolución gratis.')):  20%|##        | 12/60 [00:00<00:01, 
31.37it/s]
Animation 37: FadeIn(Text('Diseñar bien la FORMA compra resolución gratis.')):  27%|##6       | 16/60 [00:00<00:01, 
30.78it/s]
Animation 37: FadeIn(Text('Diseñar bien la FORMA compra resolución gratis.')):  33%|###3      | 20/60 [00:00<00:01, 
30.77it/s]
Animation 37: FadeIn(Text('Diseñar bien la FORMA compra resolución gratis.')):  40%|####      | 24/60 [00:00<00:01, 
30.31it/s]
Animation 37: FadeIn(Text('Diseñar bien la FORMA compra resolución gratis.')):  47%|####6     | 28/60 [00:00<00:01, 
30.17it/s]
Animation 37: FadeIn(Text('Diseñar bien la FORMA compra resolución gratis.')):  53%|#####3    | 32/60 [00:01<00:00, 
30.13it/s]
Animation 37: FadeIn(Text('Diseñar bien la FORMA compra resolución gratis.')):  60%|######    | 36/60 [00:01<00:00, 
30.10it/s]
Animation 37: FadeIn(Text('Diseñar bien la FORMA compra resolución gratis.')):  67%|######6   | 40/60 [00:01<00:00, 
29.59it/s]
Animation 37: FadeIn(Text('Diseñar bien la FORMA compra resolución gratis.')):  72%|#######1  | 43/60 [00:01<00:00, 
28.47it/s]
Animation 37: FadeIn(Text('Diseñar bien la FORMA compra resolución gratis.')):  77%|#######6  | 46/60 [00:01<00:00, 
27.63it/s]
Animation 37: FadeIn(Text('Diseñar bien la FORMA compra resolución gratis.')):  82%|########1 | 49/60 [00:01<00:00, 
26.00it/s]
Animation 37: FadeIn(Text('Diseñar bien la FORMA compra resolución gratis.')):  88%|########8 | 53/60 [00:01<00:00, 
27.28it/s]
Animation 37: FadeIn(Text('Diseñar bien la FORMA compra resolución gratis.')):  93%|#########3| 56/60 [00:01<00:00, 
27.84it/s]
Animation 37: FadeIn(Text('Diseñar bien la FORMA compra resolución gratis.')): 100%|##########| 60/60 [00:02<00:00, 
28.35it/s]
[09/11/26 11:09:14] INFO     Animation 37 : Partial    scene_file_writer.py:192
                             movie file written in                             
                             'C:\Users\Nacho\Documents                         
                             \Animaciones\Capitulo                             
                             13\media\videos\s07_compr                         
                             esion\1080p60\partial_mov                         
                             ie_files\CompresionPulso\                         
                             2932440949_1184275630_426                         
                             8549705.mp4'                                      
[09/11/26 11:09:17] INFO     Animation 38 : Partial    scene_file_writer.py:192
                             movie file written in                             
                             'C:\Users\Nacho\Documents                         
                             \Animaciones\Capitulo                             
                             13\media\videos\s07_compr                         
                             esion\1080p60\partial_mov                         
                             ie_files\CompresionPulso\                         
                             2932440949_349589963_3452                         
                             686021.mp4'                                       
                                                                                                                       
       

Animation 39: FadeOut(VGroup of 2 submobjects):   0%|          | 0/60 [00:00<?, ?it/s]
Animation 39: FadeOut(VGroup of 2 submobjects):   3%|3         | 2/60 [00:00<00:03, 15.66it/s]
Animation 39: FadeOut(VGroup of 2 submobjects):   7%|6         | 4/60 [00:00<00:03, 15.59it/s]
Animation 39: FadeOut(VGroup of 2 submobjects):  10%|#         | 6/60 [00:00<00:03, 15.67it/s]
Animation 39: FadeOut(VGroup of 2 submobjects):  13%|#3        | 8/60 [00:00<00:03, 15.51it/s]
Animation 39: FadeOut(VGroup of 2 submobjects):  17%|#6        | 10/60 [00:00<00:03, 15.24it/s]
Animation 39: FadeOut(VGroup of 2 submobjects):  20%|##        | 12/60 [00:00<00:03, 15.06it/s]
Animation 39: FadeOut(VGroup of 2 submobjects):  23%|##3       | 14/60 [00:00<00:03, 14.99it/s]
Animation 39: FadeOut(VGroup of 2 submobjects):  27%|##6       | 16/60 [00:01<00:02, 15.07it/s]
Animation 39: FadeOut(VGroup of 2 submobjects):  30%|###       | 18/60 [00:01<00:02, 15.07it/s]
Animation 39: FadeOut(VGroup of 2 submobjects):  33%|###3      | 20/60 [00:01<00:02, 15.04it/s]
Animation 39: FadeOut(VGroup of 2 submobjects):  37%|###6      | 22/60 [00:01<00:02, 15.11it/s]
Animation 39: FadeOut(VGroup of 2 submobjects):  40%|####      | 24/60 [00:01<00:02, 15.12it/s]
Animation 39: FadeOut(VGroup of 2 submobjects):  43%|####3     | 26/60 [00:01<00:02, 15.13it/s]
Animation 39: FadeOut(VGroup of 2 submobjects):  47%|####6     | 28/60 [00:01<00:02, 15.21it/s]
Animation 39: FadeOut(VGroup of 2 submobjects):  50%|#####     | 30/60 [00:01<00:01, 15.16it/s]
Animation 39: FadeOut(VGroup of 2 submobjects):  53%|#####3    | 32/60 [00:02<00:01, 15.16it/s]
Animation 39: FadeOut(VGroup of 2 submobjects):  57%|#####6    | 34/60 [00:02<00:01, 15.07it/s]
Animation 39: FadeOut(VGroup of 2 submobjects):  60%|######    | 36/60 [00:02<00:01, 15.13it/s]
Animation 39: FadeOut(VGroup of 2 submobjects):  63%|######3   | 38/60 [00:02<00:01, 15.03it/s]
Animation 39: FadeOut(VGroup of 2 submobjects):  67%|######6   | 40/60 [00:02<00:01, 15.13it/s]
Animation 39: FadeOut(VGroup of 2 submobjects):  70%|#######   | 42/60 [00:02<00:01, 15.42it/s]
Animation 39: FadeOut(VGroup of 2 submobjects):  73%|#######3  | 44/60 [00:02<00:01, 13.73it/s]
Animation 39: FadeOut(VGroup of 2 submobjects):  77%|#######6  | 46/60 [00:03<00:00, 14.09it/s]
Animation 39: FadeOut(VGroup of 2 submobjects):  80%|########  | 48/60 [00:03<00:00, 14.12it/s]
Animation 39: FadeOut(VGroup of 2 submobjects):  83%|########3 | 50/60 [00:03<00:00, 14.22it/s]
Animation 39: FadeOut(VGroup of 2 submobjects):  87%|########6 | 52/60 [00:03<00:00, 14.09it/s]
Animation 39: FadeOut(VGroup of 2 submobjects):  90%|######### | 54/60 [00:03<00:00, 14.37it/s]
Animation 39: FadeOut(VGroup of 2 submobjects):  93%|#########3| 56/60 [00:03<00:00, 13.97it/s]
Animation 39: FadeOut(VGroup of 2 submobjects):  97%|#########6| 58/60 [00:03<00:00, 14.18it/s]
Animation 39: FadeOut(VGroup of 2 submobjects): 100%|##########| 60/60 [00:04<00:00, 14.64it/s]
[09/11/26 11:09:24] INFO     Animation 39 : Partial    scene_file_writer.py:192
                             movie file written in                             
                             'C:\Users\Nacho\Documents                         
                             \Animaciones\Capitulo                             
                             13\media\videos\s07_compr                         
                             esion\1080p60\partial_mov                         
                             ie_files\CompresionPulso\                         
                             2932440949_2487515625_270                         
                             8544082.mp4'                                      
                    INFO     Animation 40 : Partial    scene_file_writer.py:192
                             movie file written in                             
                             'C:\Users\Nacho\Documents                         
                             \Animaciones\Capitulo                             
                             13\media\videos\s07_compr                         
                             esion\1080p60\partial_mov                         
                             ie_files\CompresionPulso\                         
                             2932440949_4235033027_290                         
                             6662526.mp4'                                      
                    INFO     Combining to Movie file.  scene_file_writer.py:952
[09/11/26 11:09:25] INFO                              scene_file_writer.py:1103
                             File ready at                                     
                             'C:\Users\Nacho\Document                          
                             s\Animaciones\Capitulo                            
                             13\media\videos\s07_comp                          
                             resion\1080p60\Compresio                          
                             nPulso.mp4'                                       
                                                                               
                    INFO     Rendered CompresionPulso              scene.py:290
                             Played 41 animations                              
                                                                                               
Manim Community v0.21.0

manim.exe : 
En C:\Users\Nacho\Documents\Animaciones\Capitulo 13\render.ps1: 49 Carácter: 9
+         & manim "-$Calidad" $e.archivo $e.escena *>> $log
+         ~~~~~~~~~~~~~~~~~~~~~~~~~~~~~~~~~~~~~~~~~~~~~~~~~
    + CategoryInfo          : NotSpecified: (:String) [], RemoteException
    + FullyQualifiedErrorId : NativeCommandError
 
Animation 0: FadeIn(Text('Discriminación entre señales')):   0%|          | 0/60 [00:00<?, ?it/s]
Animation 0: FadeIn(Text('Discriminación entre señales')):  20%|##        | 12/60 [00:00<00:00, 110.61it/s]
Animation 0: FadeIn(Text('Discriminación entre señales')):  40%|####      | 24/60 [00:00<00:00, 108.49it/s]
Animation 0: FadeIn(Text('Discriminación entre señales')):  60%|######    | 36/60 [00:00<00:00, 112.59it/s]
Animation 0: FadeIn(Text('Discriminación entre señales')):  82%|########1 | 49/60 [00:00<00:00, 118.94it/s]
[09/11/26 11:09:27] INFO     Animation 0 : Partial     scene_file_writer.py:192
                             movie file written in                             
                             'C:\Users\Nacho\Documents                         
                             \Animaciones\Capitulo                             
                             13\media\videos\s08_antip                         
                             odal\1080p60\partial_movi                         
                             e_files\OnOffAntipodal\30                         
                             10004561_1058546162_22313                         
                             2457.mp4'                                         
[09/11/26 11:09:28] INFO     Animation 1 : Partial     scene_file_writer.py:192
                             movie file written in                             
                             'C:\Users\Nacho\Documents                         
                             \Animaciones\Capitulo                             
                             13\media\videos\s08_antip                         
                             odal\1080p60\partial_movi                         
                             e_files\OnOffAntipodal\29                         
                             32440949_4235033027_38826                         
                             12819.mp4'                                        
                                                                                                           

Animation 2: Write(MathTex('H_i:\\ R[n]=s_i[n]+W[n],\\quad i=0,1,\\dots,M-1')):   0%|          | 0/120 [00:00<?, ?it/s]
Animation 2: Write(MathTex('H_i:\\ R[n]=s_i[n]+W[n],\\quad i=0,1,\\dots,M-1')):  11%|#         | 13/120 [00:00<00:00, 
127.32it/s]
Animation 2: Write(MathTex('H_i:\\ R[n]=s_i[n]+W[n],\\quad i=0,1,\\dots,M-1')):  22%|##1       | 26/120 [00:00<00:00, 
119.14it/s]
Animation 2: Write(MathTex('H_i:\\ R[n]=s_i[n]+W[n],\\quad i=0,1,\\dots,M-1')):  32%|###2      | 39/120 [00:00<00:00, 
120.28it/s]
Animation 2: Write(MathTex('H_i:\\ R[n]=s_i[n]+W[n],\\quad i=0,1,\\dots,M-1')):  43%|####3     | 52/120 [00:00<00:00, 
122.84it/s]
Animation 2: Write(MathTex('H_i:\\ R[n]=s_i[n]+W[n],\\quad i=0,1,\\dots,M-1')):  54%|#####4    | 65/120 [00:00<00:00, 
82.77it/s] 
Animation 2: Write(MathTex('H_i:\\ R[n]=s_i[n]+W[n],\\quad i=0,1,\\dots,M-1')):  62%|######2   | 75/120 [00:01<00:00, 
53.97it/s]
Animation 2: Write(MathTex('H_i:\\ R[n]=s_i[n]+W[n],\\quad i=0,1,\\dots,M-1')):  69%|######9   | 83/120 [00:01<00:00, 
47.29it/s]
Animation 2: Write(MathTex('H_i:\\ R[n]=s_i[n]+W[n],\\quad i=0,1,\\dots,M-1')):  75%|#######5  | 90/120 [00:01<00:00, 
43.14it/s]
Animation 2: Write(MathTex('H_i:\\ R[n]=s_i[n]+W[n],\\quad i=0,1,\\dots,M-1')):  80%|########  | 96/120 [00:01<00:00, 
40.59it/s]
Animation 2: Write(MathTex('H_i:\\ R[n]=s_i[n]+W[n],\\quad i=0,1,\\dots,M-1')):  84%|########4 | 101/120 [00:01<00:00, 
39.34it/s]
Animation 2: Write(MathTex('H_i:\\ R[n]=s_i[n]+W[n],\\quad i=0,1,\\dots,M-1')):  88%|########8 | 106/120 [00:01<00:00, 
38.16it/s]
Animation 2: Write(MathTex('H_i:\\ R[n]=s_i[n]+W[n],\\quad i=0,1,\\dots,M-1')):  92%|#########2| 111/120 [00:02<00:00, 
37.91it/s]
Animation 2: Write(MathTex('H_i:\\ R[n]=s_i[n]+W[n],\\quad i=0,1,\\dots,M-1')):  96%|#########5| 115/120 [00:02<00:00, 
37.89it/s]
Animation 2: Write(MathTex('H_i:\\ R[n]=s_i[n]+W[n],\\quad i=0,1,\\dots,M-1')):  99%|#########9| 119/120 [00:02<00:00, 
37.28it/s]
[09/11/26 11:09:30] INFO     Animation 2 : Partial     scene_file_writer.py:192
                             movie file written in                             
                             'C:\Users\Nacho\Documents                         
                             \Animaciones\Capitulo                             
                             13\media\videos\s08_antip                         
                             odal\1080p60\partial_movi                         
                             e_files\OnOffAntipodal\29                         
                             32440949_253959564_147204                         
                             1739.mp4'                                         
[09/11/26 11:09:32] INFO     Animation 3 : Partial     scene_file_writer.py:192
                             movie file written in                             
                             'C:\Users\Nacho\Documents                         
                             \Animaciones\Capitulo                             
                             13\media\videos\s08_antip                         
                             odal\1080p60\partial_movi                         
                             e_files\OnOffAntipodal\29                         
                             32440949_4046863825_22465                         
                             74537.mp4'                                        
                                                                                                                       
          

Animation 4: Write(MathTex('\\text{elegir }i\\text{ que maximiza }\\ \\sum_n r[n]s_i[n]+\\sigma^2\\ln 
P(H_i)-\\frac{E_i}{2}')):   0%|          | 0/120 [00:00<?, ?it/s]
Animation 4: Write(MathTex('\\text{elegir }i\\text{ que maximiza }\\ \\sum_n r[n]s_i[n]+\\sigma^2\\ln 
P(H_i)-\\frac{E_i}{2}')):   3%|3         | 4/120 [00:00<00:03, 37.34it/s]
Animation 4: Write(MathTex('\\text{elegir }i\\text{ que maximiza }\\ \\sum_n r[n]s_i[n]+\\sigma^2\\ln 
P(H_i)-\\frac{E_i}{2}')):   7%|6         | 8/120 [00:00<00:03, 34.33it/s]
Animation 4: Write(MathTex('\\text{elegir }i\\text{ que maximiza }\\ \\sum_n r[n]s_i[n]+\\sigma^2\\ln 
P(H_i)-\\frac{E_i}{2}')):  10%|#         | 12/120 [00:00<00:03, 34.16it/s]
Animation 4: Write(MathTex('\\text{elegir }i\\text{ que maximiza }\\ \\sum_n r[n]s_i[n]+\\sigma^2\\ln 
P(H_i)-\\frac{E_i}{2}')):  13%|#3        | 16/120 [00:00<00:03, 33.63it/s]
Animation 4: Write(MathTex('\\text{elegir }i\\text{ que maximiza }\\ \\sum_n r[n]s_i[n]+\\sigma^2\\ln 
P(H_i)-\\frac{E_i}{2}')):  17%|#6        | 20/120 [00:00<00:03, 33.31it/s]
Animation 4: Write(MathTex('\\text{elegir }i\\text{ que maximiza }\\ \\sum_n r[n]s_i[n]+\\sigma^2\\ln 
P(H_i)-\\frac{E_i}{2}')):  20%|##        | 24/120 [00:00<00:02, 33.77it/s]
Animation 4: Write(MathTex('\\text{elegir }i\\text{ que maximiza }\\ \\sum_n r[n]s_i[n]+\\sigma^2\\ln 
P(H_i)-\\frac{E_i}{2}')):  23%|##3       | 28/120 [00:00<00:02, 33.67it/s]
Animation 4: Write(MathTex('\\text{elegir }i\\text{ que maximiza }\\ \\sum_n r[n]s_i[n]+\\sigma^2\\ln 
P(H_i)-\\frac{E_i}{2}')):  27%|##6       | 32/120 [00:00<00:02, 34.90it/s]
Animation 4: Write(MathTex('\\text{elegir }i\\text{ que maximiza }\\ \\sum_n r[n]s_i[n]+\\sigma^2\\ln 
P(H_i)-\\frac{E_i}{2}')):  30%|###       | 36/120 [00:01<00:02, 31.62it/s]
Animation 4: Write(MathTex('\\text{elegir }i\\text{ que maximiza }\\ \\sum_n r[n]s_i[n]+\\sigma^2\\ln 
P(H_i)-\\frac{E_i}{2}')):  33%|###3      | 40/120 [00:01<00:02, 31.76it/s]
Animation 4: Write(MathTex('\\text{elegir }i\\text{ que maximiza }\\ \\sum_n r[n]s_i[n]+\\sigma^2\\ln 
P(H_i)-\\frac{E_i}{2}')):  37%|###6      | 44/120 [00:01<00:02, 28.51it/s]
Animation 4: Write(MathTex('\\text{elegir }i\\text{ que maximiza }\\ \\sum_n r[n]s_i[n]+\\sigma^2\\ln 
P(H_i)-\\frac{E_i}{2}')):  39%|###9      | 47/120 [00:01<00:02, 28.42it/s]
Animation 4: Write(MathTex('\\text{elegir }i\\text{ que maximiza }\\ \\sum_n r[n]s_i[n]+\\sigma^2\\ln 
P(H_i)-\\frac{E_i}{2}')):  42%|####2     | 51/120 [00:01<00:02, 29.27it/s]
Animation 4: Write(MathTex('\\text{elegir }i\\text{ que maximiza }\\ \\sum_n r[n]s_i[n]+\\sigma^2\\ln 
P(H_i)-\\frac{E_i}{2}')):  45%|####5     | 54/120 [00:01<00:02, 29.45it/s]
Animation 4: Write(MathTex('\\text{elegir }i\\text{ que maximiza }\\ \\sum_n r[n]s_i[n]+\\sigma^2\\ln 
P(H_i)-\\frac{E_i}{2}')):  48%|####7     | 57/120 [00:01<00:02, 28.95it/s]
Animation 4: Write(MathTex('\\text{elegir }i\\text{ que maximiza }\\ \\sum_n r[n]s_i[n]+\\sigma^2\\ln 
P(H_i)-\\frac{E_i}{2}')):  50%|#####     | 60/120 [00:01<00:02, 29.20it/s]
Animation 4: Write(MathTex('\\text{elegir }i\\text{ que maximiza }\\ \\sum_n r[n]s_i[n]+\\sigma^2\\ln 
P(H_i)-\\frac{E_i}{2}')):  53%|#####3    | 64/120 [00:02<00:01, 29.50it/s]
Animation 4: Write(MathTex('\\text{elegir }i\\text{ que maximiza }\\ \\sum_n r[n]s_i[n]+\\sigma^2\\ln 
P(H_i)-\\frac{E_i}{2}')):  56%|#####5    | 67/120 [00:02<00:01, 29.20it/s]
Animation 4: Write(MathTex('\\text{elegir }i\\text{ que maximiza }\\ \\sum_n r[n]s_i[n]+\\sigma^2\\ln 
P(H_i)-\\frac{E_i}{2}')):  58%|#####8    | 70/120 [00:02<00:01, 29.23it/s]
Animation 4: Write(MathTex('\\text{elegir }i\\text{ que maximiza }\\ \\sum_n r[n]s_i[n]+\\sigma^2\\ln 
P(H_i)-\\frac{E_i}{2}')):  61%|######    | 73/120 [00:02<00:01, 29.31it/s]
Animation 4: Write(MathTex('\\text{elegir }i\\text{ que maximiza }\\ \\sum_n r[n]s_i[n]+\\sigma^2\\ln 
P(H_i)-\\frac{E_i}{2}')):  63%|######3   | 76/120 [00:02<00:01, 29.37it/s]
Animation 4: Write(MathTex('\\text{elegir }i\\text{ que maximiza }\\ \\sum_n r[n]s_i[n]+\\sigma^2\\ln 
P(H_i)-\\frac{E_i}{2}')):  67%|######6   | 80/120 [00:02<00:01, 29.99it/s]
Animation 4: Write(MathTex('\\text{elegir }i\\text{ que maximiza }\\ \\sum_n r[n]s_i[n]+\\sigma^2\\ln 
P(H_i)-\\frac{E_i}{2}')):  69%|######9   | 83/120 [00:02<00:01, 29.64it/s]
Animation 4: Write(MathTex('\\text{elegir }i\\text{ que maximiza }\\ \\sum_n r[n]s_i[n]+\\sigma^2\\ln 
P(H_i)-\\frac{E_i}{2}')):  72%|#######1  | 86/120 [00:02<00:01, 29.07it/s]
Animation 4: Write(MathTex('\\text{elegir }i\\text{ que maximiza }\\ \\sum_n r[n]s_i[n]+\\sigma^2\\ln 
P(H_i)-\\frac{E_i}{2}')):  74%|#######4  | 89/120 [00:02<00:01, 29.12it/s]
Animation 4: Write(MathTex('\\text{elegir }i\\text{ que maximiza }\\ \\sum_n r[n]s_i[n]+\\sigma^2\\ln 
P(H_i)-\\frac{E_i}{2}')):  77%|#######6  | 92/120 [00:03<00:00, 28.91it/s]
Animation 4: Write(MathTex('\\text{elegir }i\\text{ que maximiza }\\ \\sum_n r[n]s_i[n]+\\sigma^2\\ln 
P(H_i)-\\frac{E_i}{2}')):  80%|########  | 96/120 [00:03<00:00, 29.00it/s]
Animation 4: Write(MathTex('\\text{elegir }i\\text{ que maximiza }\\ \\sum_n r[n]s_i[n]+\\sigma^2\\ln 
P(H_i)-\\frac{E_i}{2}')):  82%|########2 | 99/120 [00:03<00:00, 28.72it/s]
Animation 4: Write(MathTex('\\text{elegir }i\\text{ que maximiza }\\ \\sum_n r[n]s_i[n]+\\sigma^2\\ln 
P(H_i)-\\frac{E_i}{2}')):  85%|########5 | 102/120 [00:03<00:00, 28.59it/s]
Animation 4: Write(MathTex('\\text{elegir }i\\text{ que maximiza }\\ \\sum_n r[n]s_i[n]+\\sigma^2\\ln 
P(H_i)-\\frac{E_i}{2}')):  88%|########7 | 105/120 [00:03<00:00, 28.90it/s]
Animation 4: Write(MathTex('\\text{elegir }i\\text{ que maximiza }\\ \\sum_n r[n]s_i[n]+\\sigma^2\\ln 
P(H_i)-\\frac{E_i}{2}')):  91%|######### | 109/120 [00:03<00:00, 29.24it/s]
Animation 4: Write(MathTex('\\text{elegir }i\\text{ que maximiza }\\ \\sum_n r[n]s_i[n]+\\sigma^2\\ln 
P(H_i)-\\frac{E_i}{2}')):  93%|#########3| 112/120 [00:03<00:00, 29.21it/s]
Animation 4: Write(MathTex('\\text{elegir }i\\text{ que maximiza }\\ \\sum_n r[n]s_i[n]+\\sigma^2\\ln 
P(H_i)-\\frac{E_i}{2}')):  97%|#########6| 116/120 [00:03<00:00, 29.70it/s]
Animation 4: Write(MathTex('\\text{elegir }i\\text{ que maximiza }\\ \\sum_n r[n]s_i[n]+\\sigma^2\\ln 
P(H_i)-\\frac{E_i}{2}')): 100%|##########| 120/120 [00:03<00:00, 30.10it/s]
[09/11/26 11:09:37] INFO     Animation 4 : Partial     scene_file_writer.py:192
                             movie file written in                             
                             'C:\Users\Nacho\Documents                         
                             \Animaciones\Capitulo                             
                             13\media\videos\s08_antip                         
                             odal\1080p60\partial_movi                         
                             e_files\OnOffAntipodal\29                         
                             32440949_2956689374_31640                         
                             34997.mp4'                                        
[09/11/26 11:09:39] INFO     Animation 5 : Partial     scene_file_writer.py:192
                             movie file written in                             
                             'C:\Users\Nacho\Documents                         
                             \Animaciones\Capitulo                             
                             13\media\videos\s08_antip                         
                             odal\1080p60\partial_movi                         
                             e_files\OnOffAntipodal\29                         
                             32440949_3810316983_84875                         
                             0669.mp4'                                         
                                                                                                                       
                                                          

Animation 6: FadeIn(MathTex('r[n]')), etc.:   0%|          | 0/60 [00:00<?, ?it/s]
Animation 6: FadeIn(MathTex('r[n]')), etc.:   8%|8         | 5/60 [00:00<00:01, 40.50it/s]
Animation 6: FadeIn(MathTex('r[n]')), etc.:  17%|#6        | 10/60 [00:00<00:01, 37.93it/s]
Animation 6: FadeIn(MathTex('r[n]')), etc.:  23%|##3       | 14/60 [00:00<00:01, 37.33it/s]
Animation 6: FadeIn(MathTex('r[n]')), etc.:  30%|###       | 18/60 [00:00<00:01, 37.73it/s]
Animation 6: FadeIn(MathTex('r[n]')), etc.:  37%|###6      | 22/60 [00:00<00:01, 37.94it/s]
Animation 6: FadeIn(MathTex('r[n]')), etc.:  43%|####3     | 26/60 [00:00<00:00, 36.93it/s]
Animation 6: FadeIn(MathTex('r[n]')), etc.:  50%|#####     | 30/60 [00:00<00:00, 36.84it/s]
Animation 6: FadeIn(MathTex('r[n]')), etc.:  57%|#####6    | 34/60 [00:00<00:00, 36.39it/s]
Animation 6: FadeIn(MathTex('r[n]')), etc.:  63%|######3   | 38/60 [00:01<00:00, 36.35it/s]
Animation 6: FadeIn(MathTex('r[n]')), etc.:  70%|#######   | 42/60 [00:01<00:00, 36.47it/s]
Animation 6: FadeIn(MathTex('r[n]')), etc.:  77%|#######6  | 46/60 [00:01<00:00, 32.39it/s]
Animation 6: FadeIn(MathTex('r[n]')), etc.:  83%|########3 | 50/60 [00:01<00:00, 29.56it/s]
Animation 6: FadeIn(MathTex('r[n]')), etc.:  90%|######### | 54/60 [00:01<00:00, 30.10it/s]
Animation 6: FadeIn(MathTex('r[n]')), etc.:  97%|#########6| 58/60 [00:01<00:00, 31.03it/s]
[09/11/26 11:09:42] INFO     Animation 6 : Partial     scene_file_writer.py:192
                             movie file written in                             
                             'C:\Users\Nacho\Documents                         
                             \Animaciones\Capitulo                             
                             13\media\videos\s08_antip                         
                             odal\1080p60\partial_movi                         
                             e_files\OnOffAntipodal\29                         
                             32440949_1911051322_84797                         
                             9289.mp4'                                         
                                                                                           

Animation 7: FadeIn(VGroup of 2 submobjects):   0%|          | 0/60 [00:00<?, ?it/s]
Animation 7: FadeIn(VGroup of 2 submobjects):  13%|#3        | 8/60 [00:00<00:00, 74.86it/s]
Animation 7: FadeIn(VGroup of 2 submobjects):  27%|##6       | 16/60 [00:00<00:00, 58.83it/s]
Animation 7: FadeIn(VGroup of 2 submobjects):  38%|###8      | 23/60 [00:00<00:00, 55.89it/s]
Animation 7: FadeIn(VGroup of 2 submobjects):  48%|####8     | 29/60 [00:00<00:00, 55.37it/s]
Animation 7: FadeIn(VGroup of 2 submobjects):  58%|#####8    | 35/60 [00:00<00:00, 54.84it/s]
Animation 7: FadeIn(VGroup of 2 submobjects):  68%|######8   | 41/60 [00:00<00:00, 54.05it/s]
Animation 7: FadeIn(VGroup of 2 submobjects):  78%|#######8  | 47/60 [00:00<00:00, 55.13it/s]
Animation 7: FadeIn(VGroup of 2 submobjects):  90%|######### | 54/60 [00:00<00:00, 58.58it/s]
Animation 7: FadeIn(VGroup of 2 submobjects): 100%|##########| 60/60 [00:01<00:00, 57.79it/s]
[09/11/26 11:09:44] INFO     Animation 7 : Partial     scene_file_writer.py:192
                             movie file written in                             
                             'C:\Users\Nacho\Documents                         
                             \Animaciones\Capitulo                             
                             13\media\videos\s08_antip                         
                             odal\1080p60\partial_movi                         
                             e_files\OnOffAntipodal\29                         
                             32440949_3756491571_14511                         
                             04735.mp4'                                        
                                                                                             

Animation 8: FadeIn(VGroup of 2 submobjects):   0%|          | 0/60 [00:00<?, ?it/s]
Animation 8: FadeIn(VGroup of 2 submobjects):   5%|5         | 3/60 [00:00<00:02, 26.47it/s]
Animation 8: FadeIn(VGroup of 2 submobjects):  10%|#         | 6/60 [00:00<00:02, 24.44it/s]
Animation 8: FadeIn(VGroup of 2 submobjects):  15%|#5        | 9/60 [00:00<00:02, 24.43it/s]
Animation 8: FadeIn(VGroup of 2 submobjects):  20%|##        | 12/60 [00:00<00:02, 23.95it/s]
Animation 8: FadeIn(VGroup of 2 submobjects):  25%|##5       | 15/60 [00:00<00:01, 23.57it/s]
Animation 8: FadeIn(VGroup of 2 submobjects):  30%|###       | 18/60 [00:00<00:01, 23.17it/s]
Animation 8: FadeIn(VGroup of 2 submobjects):  35%|###5      | 21/60 [00:00<00:01, 23.57it/s]
Animation 8: FadeIn(VGroup of 2 submobjects):  40%|####      | 24/60 [00:01<00:01, 23.74it/s]
Animation 8: FadeIn(VGroup of 2 submobjects):  45%|####5     | 27/60 [00:01<00:01, 23.72it/s]
Animation 8: FadeIn(VGroup of 2 submobjects):  50%|#####     | 30/60 [00:01<00:01, 23.55it/s]
Animation 8: FadeIn(VGroup of 2 submobjects):  55%|#####5    | 33/60 [00:01<00:01, 23.32it/s]
Animation 8: FadeIn(VGroup of 2 submobjects):  60%|######    | 36/60 [00:01<00:01, 22.85it/s]
Animation 8: FadeIn(VGroup of 2 submobjects):  65%|######5   | 39/60 [00:01<00:00, 22.70it/s]
Animation 8: FadeIn(VGroup of 2 submobjects):  70%|#######   | 42/60 [00:01<00:00, 22.56it/s]
Animation 8: FadeIn(VGroup of 2 submobjects):  75%|#######5  | 45/60 [00:02<00:00, 18.68it/s]
Animation 8: FadeIn(VGroup of 2 submobjects):  80%|########  | 48/60 [00:02<00:00, 19.35it/s]
Animation 8: FadeIn(VGroup of 2 submobjects):  85%|########5 | 51/60 [00:02<00:00, 19.62it/s]
Animation 8: FadeIn(VGroup of 2 submobjects):  90%|######### | 54/60 [00:02<00:00, 20.09it/s]
Animation 8: FadeIn(VGroup of 2 submobjects):  95%|#########5| 57/60 [00:02<00:00, 20.11it/s]
Animation 8: FadeIn(VGroup of 2 submobjects): 100%|##########| 60/60 [00:02<00:00, 19.92it/s]
[09/11/26 11:09:49] INFO     Animation 8 : Partial     scene_file_writer.py:192
                             movie file written in                             
                             'C:\Users\Nacho\Documents                         
                             \Animaciones\Capitulo                             
                             13\media\videos\s08_antip                         
                             odal\1080p60\partial_movi                         
                             e_files\OnOffAntipodal\29                         
                             32440949_4201750540_34873                         
                             8967.mp4'                                         
[09/11/26 11:09:52] INFO     Animation 9 : Partial     scene_file_writer.py:192
                             movie file written in                             
                             'C:\Users\Nacho\Documents                         
                             \Animaciones\Capitulo                             
                             13\media\videos\s08_antip                         
                             odal\1080p60\partial_movi                         
                             e_files\OnOffAntipodal\29                         
                             32440949_499328632_868595                         
                             280.mp4'                                          
                                                                                             

Animation 10: FadeOut(VGroup of 4 submobjects):   0%|          | 0/60 [00:00<?, ?it/s]
Animation 10: FadeOut(VGroup of 4 submobjects):   3%|3         | 2/60 [00:00<00:04, 13.41it/s]
Animation 10: FadeOut(VGroup of 4 submobjects):   7%|6         | 4/60 [00:00<00:04, 12.47it/s]
Animation 10: FadeOut(VGroup of 4 submobjects):  10%|#         | 6/60 [00:00<00:04, 12.53it/s]
Animation 10: FadeOut(VGroup of 4 submobjects):  13%|#3        | 8/60 [00:00<00:04, 12.68it/s]
Animation 10: FadeOut(VGroup of 4 submobjects):  17%|#6        | 10/60 [00:00<00:03, 12.82it/s]
Animation 10: FadeOut(VGroup of 4 submobjects):  20%|##        | 12/60 [00:00<00:03, 12.77it/s]
Animation 10: FadeOut(VGroup of 4 submobjects):  23%|##3       | 14/60 [00:01<00:03, 12.69it/s]
Animation 10: FadeOut(VGroup of 4 submobjects):  27%|##6       | 16/60 [00:01<00:03, 12.55it/s]
Animation 10: FadeOut(VGroup of 4 submobjects):  30%|###       | 18/60 [00:01<00:03, 12.47it/s]
Animation 10: FadeOut(VGroup of 4 submobjects):  33%|###3      | 20/60 [00:01<00:03, 11.81it/s]
Animation 10: FadeOut(VGroup of 4 submobjects):  37%|###6      | 22/60 [00:01<00:03, 12.02it/s]
Animation 10: FadeOut(VGroup of 4 submobjects):  40%|####      | 24/60 [00:01<00:03, 11.91it/s]
Animation 10: FadeOut(VGroup of 4 submobjects):  43%|####3     | 26/60 [00:02<00:02, 11.87it/s]
Animation 10: FadeOut(VGroup of 4 submobjects):  47%|####6     | 28/60 [00:02<00:02, 11.80it/s]
Animation 10: FadeOut(VGroup of 4 submobjects):  50%|#####     | 30/60 [00:02<00:02, 11.73it/s]
Animation 10: FadeOut(VGroup of 4 submobjects):  53%|#####3    | 32/60 [00:02<00:02, 11.78it/s]
Animation 10: FadeOut(VGroup of 4 submobjects):  57%|#####6    | 34/60 [00:02<00:02, 11.75it/s]
Animation 10: FadeOut(VGroup of 4 submobjects):  60%|######    | 36/60 [00:02<00:02, 11.83it/s]
Animation 10: FadeOut(VGroup of 4 submobjects):  63%|######3   | 38/60 [00:03<00:01, 11.90it/s]
Animation 10: FadeOut(VGroup of 4 submobjects):  67%|######6   | 40/60 [00:03<00:01, 11.86it/s]
Animation 10: FadeOut(VGroup of 4 submobjects):  70%|#######   | 42/60 [00:03<00:01, 12.01it/s]
Animation 10: FadeOut(VGroup of 4 submobjects):  73%|#######3  | 44/60 [00:03<00:01, 10.44it/s]
Animation 10: FadeOut(VGroup of 4 submobjects):  77%|#######6  | 46/60 [00:03<00:01, 10.72it/s]
Animation 10: FadeOut(VGroup of 4 submobjects):  80%|########  | 48/60 [00:04<00:01, 10.78it/s]
Animation 10: FadeOut(VGroup of 4 submobjects):  83%|########3 | 50/60 [00:04<00:00, 10.91it/s]
Animation 10: FadeOut(VGroup of 4 submobjects):  87%|########6 | 52/60 [00:04<00:00, 10.98it/s]
Animation 10: FadeOut(VGroup of 4 submobjects):  90%|######### | 54/60 [00:04<00:00, 11.14it/s]
Animation 10: FadeOut(VGroup of 4 submobjects):  93%|#########3| 56/60 [00:04<00:00, 11.04it/s]
Animation 10: FadeOut(VGroup of 4 submobjects):  97%|#########6| 58/60 [00:04<00:00, 11.22it/s]
Animation 10: FadeOut(VGroup of 4 submobjects): 100%|##########| 60/60 [00:05<00:00, 11.65it/s]
[09/11/26 11:10:00] INFO     Animation 10 : Partial    scene_file_writer.py:192
                             movie file written in                             
                             'C:\Users\Nacho\Documents                         
                             \Animaciones\Capitulo                             
                             13\media\videos\s08_antip                         
                             odal\1080p60\partial_movi                         
                             e_files\OnOffAntipodal\29                         
                             32440949_1383833182_40475                         
                             30998.mp4'                                        
                                                                                               

Animation 11: FadeIn(Text('El caso binario: un único filtro')):   0%|          | 0/60 [00:00<?, ?it/s]
Animation 11: FadeIn(Text('El caso binario: un único filtro')):   8%|8         | 5/60 [00:00<00:01, 38.41it/s]
Animation 11: FadeIn(Text('El caso binario: un único filtro')):  15%|#5        | 9/60 [00:00<00:01, 38.30it/s]
Animation 11: FadeIn(Text('El caso binario: un único filtro')):  22%|##1       | 13/60 [00:00<00:01, 39.01it/s]
Animation 11: FadeIn(Text('El caso binario: un único filtro')):  28%|##8       | 17/60 [00:00<00:01, 37.62it/s]
Animation 11: FadeIn(Text('El caso binario: un único filtro')):  35%|###5      | 21/60 [00:00<00:01, 36.98it/s]
Animation 11: FadeIn(Text('El caso binario: un único filtro')):  42%|####1     | 25/60 [00:00<00:00, 36.52it/s]
Animation 11: FadeIn(Text('El caso binario: un único filtro')):  48%|####8     | 29/60 [00:00<00:00, 36.06it/s]
Animation 11: FadeIn(Text('El caso binario: un único filtro')):  55%|#####5    | 33/60 [00:00<00:00, 35.32it/s]
Animation 11: FadeIn(Text('El caso binario: un único filtro')):  62%|######1   | 37/60 [00:01<00:00, 35.04it/s]
Animation 11: FadeIn(Text('El caso binario: un único filtro')):  68%|######8   | 41/60 [00:01<00:00, 35.09it/s]
Animation 11: FadeIn(Text('El caso binario: un único filtro')):  75%|#######5  | 45/60 [00:01<00:00, 31.96it/s]
Animation 11: FadeIn(Text('El caso binario: un único filtro')):  82%|########1 | 49/60 [00:01<00:00, 29.82it/s]
Animation 11: FadeIn(Text('El caso binario: un único filtro')):  88%|########8 | 53/60 [00:01<00:00, 29.22it/s]
Animation 11: FadeIn(Text('El caso binario: un único filtro')):  95%|#########5| 57/60 [00:01<00:00, 29.83it/s]
[09/11/26 11:10:02] INFO     Animation 11 : Partial    scene_file_writer.py:192
                             movie file written in                             
                             'C:\Users\Nacho\Documents                         
                             \Animaciones\Capitulo                             
                             13\media\videos\s08_antip                         
                             odal\1080p60\partial_movi                         
                             e_files\OnOffAntipodal\29                         
                             32440949_3933052673_10867                         
                             12554.mp4'                                        
                                                                                                               

Animation 12: Write(MathTex('g=\\sum_n r[n]\\big(s_1[n]-s_0[n]\\big)\\underset{H_0}{\\overset{H_1}{\\gtrless}}\\sigma^2
\\ln\\frac{p_0}{p_1}+\\frac{E_1-E_0}{2}')):   0%|          | 0/120 [00:00<?, ?it/s]
Animation 12: Write(MathTex('g=\\sum_n r[n]\\big(s_1[n]-s_0[n]\\big)\\underset{H_0}{\\overset{H_1}{\\gtrless}}\\sigma^2
\\ln\\frac{p_0}{p_1}+\\frac{E_1-E_0}{2}')):   3%|3         | 4/120 [00:00<00:03, 33.29it/s]
Animation 12: Write(MathTex('g=\\sum_n r[n]\\big(s_1[n]-s_0[n]\\big)\\underset{H_0}{\\overset{H_1}{\\gtrless}}\\sigma^2
\\ln\\frac{p_0}{p_1}+\\frac{E_1-E_0}{2}')):   7%|6         | 8/120 [00:00<00:03, 31.40it/s]
Animation 12: Write(MathTex('g=\\sum_n r[n]\\big(s_1[n]-s_0[n]\\big)\\underset{H_0}{\\overset{H_1}{\\gtrless}}\\sigma^2
\\ln\\frac{p_0}{p_1}+\\frac{E_1-E_0}{2}')):  10%|#         | 12/120 [00:00<00:03, 31.43it/s]
Animation 12: Write(MathTex('g=\\sum_n r[n]\\big(s_1[n]-s_0[n]\\big)\\underset{H_0}{\\overset{H_1}{\\gtrless}}\\sigma^2
\\ln\\frac{p_0}{p_1}+\\frac{E_1-E_0}{2}')):  13%|#3        | 16/120 [00:00<00:03, 31.74it/s]
Animation 12: Write(MathTex('g=\\sum_n r[n]\\big(s_1[n]-s_0[n]\\big)\\underset{H_0}{\\overset{H_1}{\\gtrless}}\\sigma^2
\\ln\\frac{p_0}{p_1}+\\frac{E_1-E_0}{2}')):  17%|#6        | 20/120 [00:00<00:03, 31.34it/s]
Animation 12: Write(MathTex('g=\\sum_n r[n]\\big(s_1[n]-s_0[n]\\big)\\underset{H_0}{\\overset{H_1}{\\gtrless}}\\sigma^2
\\ln\\frac{p_0}{p_1}+\\frac{E_1-E_0}{2}')):  20%|##        | 24/120 [00:00<00:03, 30.57it/s]
Animation 12: Write(MathTex('g=\\sum_n r[n]\\big(s_1[n]-s_0[n]\\big)\\underset{H_0}{\\overset{H_1}{\\gtrless}}\\sigma^2
\\ln\\frac{p_0}{p_1}+\\frac{E_1-E_0}{2}')):  23%|##3       | 28/120 [00:00<00:03, 29.64it/s]
Animation 12: Write(MathTex('g=\\sum_n r[n]\\big(s_1[n]-s_0[n]\\big)\\underset{H_0}{\\overset{H_1}{\\gtrless}}\\sigma^2
\\ln\\frac{p_0}{p_1}+\\frac{E_1-E_0}{2}')):  27%|##6       | 32/120 [00:01<00:02, 29.73it/s]
Animation 12: Write(MathTex('g=\\sum_n r[n]\\big(s_1[n]-s_0[n]\\big)\\underset{H_0}{\\overset{H_1}{\\gtrless}}\\sigma^2
\\ln\\frac{p_0}{p_1}+\\frac{E_1-E_0}{2}')):  29%|##9       | 35/120 [00:01<00:02, 29.72it/s]
Animation 12: Write(MathTex('g=\\sum_n r[n]\\big(s_1[n]-s_0[n]\\big)\\underset{H_0}{\\overset{H_1}{\\gtrless}}\\sigma^2
\\ln\\frac{p_0}{p_1}+\\frac{E_1-E_0}{2}')):  32%|###1      | 38/120 [00:01<00:02, 29.61it/s]
Animation 12: Write(MathTex('g=\\sum_n r[n]\\big(s_1[n]-s_0[n]\\big)\\underset{H_0}{\\overset{H_1}{\\gtrless}}\\sigma^2
\\ln\\frac{p_0}{p_1}+\\frac{E_1-E_0}{2}')):  34%|###4      | 41/120 [00:01<00:02, 29.27it/s]
Animation 12: Write(MathTex('g=\\sum_n r[n]\\big(s_1[n]-s_0[n]\\big)\\underset{H_0}{\\overset{H_1}{\\gtrless}}\\sigma^2
\\ln\\frac{p_0}{p_1}+\\frac{E_1-E_0}{2}')):  37%|###6      | 44/120 [00:01<00:02, 27.89it/s]
Animation 12: Write(MathTex('g=\\sum_n r[n]\\big(s_1[n]-s_0[n]\\big)\\underset{H_0}{\\overset{H_1}{\\gtrless}}\\sigma^2
\\ln\\frac{p_0}{p_1}+\\frac{E_1-E_0}{2}')):  39%|###9      | 47/120 [00:01<00:02, 26.73it/s]
Animation 12: Write(MathTex('g=\\sum_n r[n]\\big(s_1[n]-s_0[n]\\big)\\underset{H_0}{\\overset{H_1}{\\gtrless}}\\sigma^2
\\ln\\frac{p_0}{p_1}+\\frac{E_1-E_0}{2}')):  42%|####1     | 50/120 [00:01<00:02, 25.34it/s]
Animation 12: Write(MathTex('g=\\sum_n r[n]\\big(s_1[n]-s_0[n]\\big)\\underset{H_0}{\\overset{H_1}{\\gtrless}}\\sigma^2
\\ln\\frac{p_0}{p_1}+\\frac{E_1-E_0}{2}')):  44%|####4     | 53/120 [00:01<00:02, 25.51it/s]
Animation 12: Write(MathTex('g=\\sum_n r[n]\\big(s_1[n]-s_0[n]\\big)\\underset{H_0}{\\overset{H_1}{\\gtrless}}\\sigma^2
\\ln\\frac{p_0}{p_1}+\\frac{E_1-E_0}{2}')):  47%|####6     | 56/120 [00:01<00:02, 26.00it/s]
Animation 12: Write(MathTex('g=\\sum_n r[n]\\big(s_1[n]-s_0[n]\\big)\\underset{H_0}{\\overset{H_1}{\\gtrless}}\\sigma^2
\\ln\\frac{p_0}{p_1}+\\frac{E_1-E_0}{2}')):  49%|####9     | 59/120 [00:02<00:02, 26.18it/s]
Animation 12: Write(MathTex('g=\\sum_n r[n]\\big(s_1[n]-s_0[n]\\big)\\underset{H_0}{\\overset{H_1}{\\gtrless}}\\sigma^2
\\ln\\frac{p_0}{p_1}+\\frac{E_1-E_0}{2}')):  52%|#####1    | 62/120 [00:02<00:02, 26.21it/s]
Animation 12: Write(MathTex('g=\\sum_n r[n]\\big(s_1[n]-s_0[n]\\big)\\underset{H_0}{\\overset{H_1}{\\gtrless}}\\sigma^2
\\ln\\frac{p_0}{p_1}+\\frac{E_1-E_0}{2}')):  54%|#####4    | 65/120 [00:02<00:02, 25.88it/s]
Animation 12: Write(MathTex('g=\\sum_n r[n]\\big(s_1[n]-s_0[n]\\big)\\underset{H_0}{\\overset{H_1}{\\gtrless}}\\sigma^2
\\ln\\frac{p_0}{p_1}+\\frac{E_1-E_0}{2}')):  57%|#####6    | 68/120 [00:02<00:02, 25.64it/s]
Animation 12: Write(MathTex('g=\\sum_n r[n]\\big(s_1[n]-s_0[n]\\big)\\underset{H_0}{\\overset{H_1}{\\gtrless}}\\sigma^2
\\ln\\frac{p_0}{p_1}+\\frac{E_1-E_0}{2}')):  59%|#####9    | 71/120 [00:02<00:01, 25.75it/s]
Animation 12: Write(MathTex('g=\\sum_n r[n]\\big(s_1[n]-s_0[n]\\big)\\underset{H_0}{\\overset{H_1}{\\gtrless}}\\sigma^2
\\ln\\frac{p_0}{p_1}+\\frac{E_1-E_0}{2}')):  62%|######1   | 74/120 [00:02<00:01, 25.99it/s]
Animation 12: Write(MathTex('g=\\sum_n r[n]\\big(s_1[n]-s_0[n]\\big)\\underset{H_0}{\\overset{H_1}{\\gtrless}}\\sigma^2
\\ln\\frac{p_0}{p_1}+\\frac{E_1-E_0}{2}')):  64%|######4   | 77/120 [00:02<00:01, 26.35it/s]
Animation 12: Write(MathTex('g=\\sum_n r[n]\\big(s_1[n]-s_0[n]\\big)\\underset{H_0}{\\overset{H_1}{\\gtrless}}\\sigma^2
\\ln\\frac{p_0}{p_1}+\\frac{E_1-E_0}{2}')):  67%|######6   | 80/120 [00:02<00:01, 26.39it/s]
Animation 12: Write(MathTex('g=\\sum_n r[n]\\big(s_1[n]-s_0[n]\\big)\\underset{H_0}{\\overset{H_1}{\\gtrless}}\\sigma^2
\\ln\\frac{p_0}{p_1}+\\frac{E_1-E_0}{2}')):  69%|######9   | 83/120 [00:02<00:01, 26.87it/s]
Animation 12: Write(MathTex('g=\\sum_n r[n]\\big(s_1[n]-s_0[n]\\big)\\underset{H_0}{\\overset{H_1}{\\gtrless}}\\sigma^2
\\ln\\frac{p_0}{p_1}+\\frac{E_1-E_0}{2}')):  72%|#######1  | 86/120 [00:03<00:01, 27.21it/s]
Animation 12: Write(MathTex('g=\\sum_n r[n]\\big(s_1[n]-s_0[n]\\big)\\underset{H_0}{\\overset{H_1}{\\gtrless}}\\sigma^2
\\ln\\frac{p_0}{p_1}+\\frac{E_1-E_0}{2}')):  74%|#######4  | 89/120 [00:03<00:01, 26.85it/s]
Animation 12: Write(MathTex('g=\\sum_n r[n]\\big(s_1[n]-s_0[n]\\big)\\underset{H_0}{\\overset{H_1}{\\gtrless}}\\sigma^2
\\ln\\frac{p_0}{p_1}+\\frac{E_1-E_0}{2}')):  77%|#######6  | 92/120 [00:03<00:01, 26.93it/s]
Animation 12: Write(MathTex('g=\\sum_n r[n]\\big(s_1[n]-s_0[n]\\big)\\underset{H_0}{\\overset{H_1}{\\gtrless}}\\sigma^2
\\ln\\frac{p_0}{p_1}+\\frac{E_1-E_0}{2}')):  79%|#######9  | 95/120 [00:03<00:00, 27.29it/s]
Animation 12: Write(MathTex('g=\\sum_n r[n]\\big(s_1[n]-s_0[n]\\big)\\underset{H_0}{\\overset{H_1}{\\gtrless}}\\sigma^2
\\ln\\frac{p_0}{p_1}+\\frac{E_1-E_0}{2}')):  82%|########1 | 98/120 [00:03<00:00, 26.51it/s]
Animation 12: Write(MathTex('g=\\sum_n r[n]\\big(s_1[n]-s_0[n]\\big)\\underset{H_0}{\\overset{H_1}{\\gtrless}}\\sigma^2
\\ln\\frac{p_0}{p_1}+\\frac{E_1-E_0}{2}')):  84%|########4 | 101/120 [00:03<00:00, 26.36it/s]
Animation 12: Write(MathTex('g=\\sum_n r[n]\\big(s_1[n]-s_0[n]\\big)\\underset{H_0}{\\overset{H_1}{\\gtrless}}\\sigma^2
\\ln\\frac{p_0}{p_1}+\\frac{E_1-E_0}{2}')):  87%|########6 | 104/120 [00:03<00:00, 26.65it/s]
Animation 12: Write(MathTex('g=\\sum_n r[n]\\big(s_1[n]-s_0[n]\\big)\\underset{H_0}{\\overset{H_1}{\\gtrless}}\\sigma^2
\\ln\\frac{p_0}{p_1}+\\frac{E_1-E_0}{2}')):  89%|########9 | 107/120 [00:03<00:00, 27.02it/s]
Animation 12: Write(MathTex('g=\\sum_n r[n]\\big(s_1[n]-s_0[n]\\big)\\underset{H_0}{\\overset{H_1}{\\gtrless}}\\sigma^2
\\ln\\frac{p_0}{p_1}+\\frac{E_1-E_0}{2}')):  92%|#########1| 110/120 [00:03<00:00, 27.57it/s]
Animation 12: Write(MathTex('g=\\sum_n r[n]\\big(s_1[n]-s_0[n]\\big)\\underset{H_0}{\\overset{H_1}{\\gtrless}}\\sigma^2
\\ln\\frac{p_0}{p_1}+\\frac{E_1-E_0}{2}')):  94%|#########4| 113/120 [00:04<00:00, 27.92it/s]
Animation 12: Write(MathTex('g=\\sum_n r[n]\\big(s_1[n]-s_0[n]\\big)\\underset{H_0}{\\overset{H_1}{\\gtrless}}\\sigma^2
\\ln\\frac{p_0}{p_1}+\\frac{E_1-E_0}{2}')):  97%|#########6| 116/120 [00:04<00:00, 28.07it/s]
Animation 12: Write(MathTex('g=\\sum_n r[n]\\big(s_1[n]-s_0[n]\\big)\\underset{H_0}{\\overset{H_1}{\\gtrless}}\\sigma^2
\\ln\\frac{p_0}{p_1}+\\frac{E_1-E_0}{2}')):  99%|#########9| 119/120 [00:04<00:00, 28.60it/s]
[09/11/26 11:10:08] INFO     Animation 12 : Partial    scene_file_writer.py:192
                             movie file written in                             
                             'C:\Users\Nacho\Documents                         
                             \Animaciones\Capitulo                             
                             13\media\videos\s08_antip                         
                             odal\1080p60\partial_movi                         
                             e_files\OnOffAntipodal\29                         
                             32440949_3269763546_51254                         
                             6899.mp4'                                         
                                                                                                                       
                                                                                             

Animation 13: FadeIn(Text('adaptado a la señal DIFERENCIA: lo que importa no es cada señal, es en qué se 
distinguen')):   0%|          | 0/60 [00:00<?, ?it/s]
Animation 13: FadeIn(Text('adaptado a la señal DIFERENCIA: lo que importa no es cada señal, es en qué se 
distinguen')):   5%|5         | 3/60 [00:00<00:02, 24.91it/s]
Animation 13: FadeIn(Text('adaptado a la señal DIFERENCIA: lo que importa no es cada señal, es en qué se 
distinguen')):  10%|#         | 6/60 [00:00<00:02, 22.90it/s]
Animation 13: FadeIn(Text('adaptado a la señal DIFERENCIA: lo que importa no es cada señal, es en qué se 
distinguen')):  15%|#5        | 9/60 [00:00<00:02, 22.57it/s]
Animation 13: FadeIn(Text('adaptado a la señal DIFERENCIA: lo que importa no es cada señal, es en qué se 
distinguen')):  20%|##        | 12/60 [00:00<00:02, 22.61it/s]
Animation 13: FadeIn(Text('adaptado a la señal DIFERENCIA: lo que importa no es cada señal, es en qué se 
distinguen')):  25%|##5       | 15/60 [00:00<00:01, 22.59it/s]
Animation 13: FadeIn(Text('adaptado a la señal DIFERENCIA: lo que importa no es cada señal, es en qué se 
distinguen')):  30%|###       | 18/60 [00:00<00:01, 22.45it/s]
Animation 13: FadeIn(Text('adaptado a la señal DIFERENCIA: lo que importa no es cada señal, es en qué se 
distinguen')):  35%|###5      | 21/60 [00:00<00:01, 22.18it/s]
Animation 13: FadeIn(Text('adaptado a la señal DIFERENCIA: lo que importa no es cada señal, es en qué se 
distinguen')):  40%|####      | 24/60 [00:01<00:01, 21.99it/s]
Animation 13: FadeIn(Text('adaptado a la señal DIFERENCIA: lo que importa no es cada señal, es en qué se 
distinguen')):  45%|####5     | 27/60 [00:01<00:01, 22.05it/s]
Animation 13: FadeIn(Text('adaptado a la señal DIFERENCIA: lo que importa no es cada señal, es en qué se 
distinguen')):  50%|#####     | 30/60 [00:01<00:01, 22.11it/s]
Animation 13: FadeIn(Text('adaptado a la señal DIFERENCIA: lo que importa no es cada señal, es en qué se 
distinguen')):  55%|#####5    | 33/60 [00:01<00:01, 21.89it/s]
Animation 13: FadeIn(Text('adaptado a la señal DIFERENCIA: lo que importa no es cada señal, es en qué se 
distinguen')):  60%|######    | 36/60 [00:01<00:01, 22.16it/s]
Animation 13: FadeIn(Text('adaptado a la señal DIFERENCIA: lo que importa no es cada señal, es en qué se 
distinguen')):  65%|######5   | 39/60 [00:01<00:00, 22.11it/s]
Animation 13: FadeIn(Text('adaptado a la señal DIFERENCIA: lo que importa no es cada señal, es en qué se 
distinguen')):  70%|#######   | 42/60 [00:01<00:00, 22.27it/s]
Animation 13: FadeIn(Text('adaptado a la señal DIFERENCIA: lo que importa no es cada señal, es en qué se 
distinguen')):  75%|#######5  | 45/60 [00:02<00:00, 19.14it/s]
Animation 13: FadeIn(Text('adaptado a la señal DIFERENCIA: lo que importa no es cada señal, es en qué se 
distinguen')):  80%|########  | 48/60 [00:02<00:00, 19.28it/s]
Animation 13: FadeIn(Text('adaptado a la señal DIFERENCIA: lo que importa no es cada señal, es en qué se 
distinguen')):  85%|########5 | 51/60 [00:02<00:00, 19.70it/s]
Animation 13: FadeIn(Text('adaptado a la señal DIFERENCIA: lo que importa no es cada señal, es en qué se 
distinguen')):  90%|######### | 54/60 [00:02<00:00, 19.80it/s]
Animation 13: FadeIn(Text('adaptado a la señal DIFERENCIA: lo que importa no es cada señal, es en qué se 
distinguen')):  95%|#########5| 57/60 [00:02<00:00, 19.54it/s]
Animation 13: FadeIn(Text('adaptado a la señal DIFERENCIA: lo que importa no es cada señal, es en qué se 
distinguen')): 100%|##########| 60/60 [00:02<00:00, 19.79it/s]
[09/11/26 11:10:12] INFO     Animation 13 : Partial    scene_file_writer.py:192
                             movie file written in                             
                             'C:\Users\Nacho\Documents                         
                             \Animaciones\Capitulo                             
                             13\media\videos\s08_antip                         
                             odal\1080p60\partial_movi                         
                             e_files\OnOffAntipodal\29                         
                             32440949_3807467686_29913                         
                             92217.mp4'                                        
[09/11/26 11:10:16] INFO     Animation 14 : Partial    scene_file_writer.py:192
                             movie file written in                             
                             'C:\Users\Nacho\Documents                         
                             \Animaciones\Capitulo                             
                             13\media\videos\s08_antip                         
                             odal\1080p60\partial_movi                         
                             e_files\OnOffAntipodal\29                         
                             32440949_499328632_109837                         
                             911.mp4'                                          
                                                                                                                       
                                                

Animation 15: FadeOut(VGroup of 3 submobjects):   0%|          | 0/60 [00:00<?, ?it/s]
Animation 15: FadeOut(VGroup of 3 submobjects):   3%|3         | 2/60 [00:00<00:03, 15.25it/s]
Animation 15: FadeOut(VGroup of 3 submobjects):   7%|6         | 4/60 [00:00<00:03, 15.05it/s]
Animation 15: FadeOut(VGroup of 3 submobjects):  10%|#         | 6/60 [00:00<00:03, 15.05it/s]
Animation 15: FadeOut(VGroup of 3 submobjects):  13%|#3        | 8/60 [00:00<00:03, 14.74it/s]
Animation 15: FadeOut(VGroup of 3 submobjects):  17%|#6        | 10/60 [00:00<00:03, 14.88it/s]
Animation 15: FadeOut(VGroup of 3 submobjects):  20%|##        | 12/60 [00:00<00:03, 14.83it/s]
Animation 15: FadeOut(VGroup of 3 submobjects):  23%|##3       | 14/60 [00:00<00:03, 14.94it/s]
Animation 15: FadeOut(VGroup of 3 submobjects):  27%|##6       | 16/60 [00:01<00:03, 14.65it/s]
Animation 15: FadeOut(VGroup of 3 submobjects):  30%|###       | 18/60 [00:01<00:02, 14.71it/s]
Animation 15: FadeOut(VGroup of 3 submobjects):  33%|###3      | 20/60 [00:01<00:02, 14.86it/s]
Animation 15: FadeOut(VGroup of 3 submobjects):  37%|###6      | 22/60 [00:01<00:02, 14.81it/s]
Animation 15: FadeOut(VGroup of 3 submobjects):  40%|####      | 24/60 [00:01<00:02, 14.73it/s]
Animation 15: FadeOut(VGroup of 3 submobjects):  43%|####3     | 26/60 [00:01<00:02, 14.95it/s]
Animation 15: FadeOut(VGroup of 3 submobjects):  47%|####6     | 28/60 [00:01<00:02, 15.27it/s]
Animation 15: FadeOut(VGroup of 3 submobjects):  50%|#####     | 30/60 [00:02<00:01, 15.13it/s]
Animation 15: FadeOut(VGroup of 3 submobjects):  53%|#####3    | 32/60 [00:02<00:01, 15.05it/s]
Animation 15: FadeOut(VGroup of 3 submobjects):  57%|#####6    | 34/60 [00:02<00:01, 15.11it/s]
Animation 15: FadeOut(VGroup of 3 submobjects):  60%|######    | 36/60 [00:02<00:01, 15.01it/s]
Animation 15: FadeOut(VGroup of 3 submobjects):  63%|######3   | 38/60 [00:02<00:01, 14.84it/s]
Animation 15: FadeOut(VGroup of 3 submobjects):  67%|######6   | 40/60 [00:02<00:01, 14.78it/s]
Animation 15: FadeOut(VGroup of 3 submobjects):  70%|#######   | 42/60 [00:02<00:01, 14.88it/s]
Animation 15: FadeOut(VGroup of 3 submobjects):  73%|#######3  | 44/60 [00:03<00:01, 12.32it/s]
Animation 15: FadeOut(VGroup of 3 submobjects):  77%|#######6  | 46/60 [00:03<00:01, 12.83it/s]
Animation 15: FadeOut(VGroup of 3 submobjects):  80%|########  | 48/60 [00:03<00:00, 13.12it/s]
Animation 15: FadeOut(VGroup of 3 submobjects):  83%|########3 | 50/60 [00:03<00:00, 13.36it/s]
Animation 15: FadeOut(VGroup of 3 submobjects):  87%|########6 | 52/60 [00:03<00:00, 13.24it/s]
Animation 15: FadeOut(VGroup of 3 submobjects):  90%|######### | 54/60 [00:03<00:00, 13.73it/s]
Animation 15: FadeOut(VGroup of 3 submobjects):  93%|#########3| 56/60 [00:03<00:00, 13.84it/s]
Animation 15: FadeOut(VGroup of 3 submobjects):  97%|#########6| 58/60 [00:04<00:00, 14.03it/s]
Animation 15: FadeOut(VGroup of 3 submobjects): 100%|##########| 60/60 [00:04<00:00, 14.32it/s]
[09/11/26 11:10:22] INFO     Animation 15 : Partial    scene_file_writer.py:192
                             movie file written in                             
                             'C:\Users\Nacho\Documents                         
                             \Animaciones\Capitulo                             
                             13\media\videos\s08_antip                         
                             odal\1080p60\partial_movi                         
                             e_files\OnOffAntipodal\29                         
                             32440949_2949129146_48371                         
                             3842.mp4'                                         
                                                                                               

Animation 16: FadeIn(Text('Diseño óptimo: energías iguales, a priori iguales')):   0%|          | 0/60 [00:00<?, ?it/s]
Animation 16: FadeIn(Text('Diseño óptimo: energías iguales, a priori iguales')):   7%|6         | 4/60 [00:00<00:01, 
29.72it/s]
Animation 16: FadeIn(Text('Diseño óptimo: energías iguales, a priori iguales')):  12%|#1        | 7/60 [00:00<00:01, 
29.45it/s]
Animation 16: FadeIn(Text('Diseño óptimo: energías iguales, a priori iguales')):  17%|#6        | 10/60 [00:00<00:01, 
29.34it/s]
Animation 16: FadeIn(Text('Diseño óptimo: energías iguales, a priori iguales')):  22%|##1       | 13/60 [00:00<00:01, 
29.08it/s]
Animation 16: FadeIn(Text('Diseño óptimo: energías iguales, a priori iguales')):  27%|##6       | 16/60 [00:00<00:01, 
29.19it/s]
Animation 16: FadeIn(Text('Diseño óptimo: energías iguales, a priori iguales')):  32%|###1      | 19/60 [00:00<00:01, 
28.58it/s]
Animation 16: FadeIn(Text('Diseño óptimo: energías iguales, a priori iguales')):  37%|###6      | 22/60 [00:00<00:01, 
28.73it/s]
Animation 16: FadeIn(Text('Diseño óptimo: energías iguales, a priori iguales')):  43%|####3     | 26/60 [00:00<00:01, 
29.39it/s]
Animation 16: FadeIn(Text('Diseño óptimo: energías iguales, a priori iguales')):  48%|####8     | 29/60 [00:00<00:01, 
29.55it/s]
Animation 16: FadeIn(Text('Diseño óptimo: energías iguales, a priori iguales')):  53%|#####3    | 32/60 [00:01<00:00, 
29.17it/s]
Animation 16: FadeIn(Text('Diseño óptimo: energías iguales, a priori iguales')):  58%|#####8    | 35/60 [00:01<00:00, 
28.94it/s]
Animation 16: FadeIn(Text('Diseño óptimo: energías iguales, a priori iguales')):  63%|######3   | 38/60 [00:01<00:00, 
28.95it/s]
Animation 16: FadeIn(Text('Diseño óptimo: energías iguales, a priori iguales')):  68%|######8   | 41/60 [00:01<00:00, 
29.03it/s]
Animation 16: FadeIn(Text('Diseño óptimo: energías iguales, a priori iguales')):  73%|#######3  | 44/60 [00:01<00:00, 
25.81it/s]
Animation 16: FadeIn(Text('Diseño óptimo: energías iguales, a priori iguales')):  78%|#######8  | 47/60 [00:01<00:00, 
25.89it/s]
Animation 16: FadeIn(Text('Diseño óptimo: energías iguales, a priori iguales')):  83%|########3 | 50/60 [00:01<00:00, 
23.62it/s]
Animation 16: FadeIn(Text('Diseño óptimo: energías iguales, a priori iguales')):  88%|########8 | 53/60 [00:01<00:00, 
24.54it/s]
Animation 16: FadeIn(Text('Diseño óptimo: energías iguales, a priori iguales')):  93%|#########3| 56/60 [00:02<00:00, 
25.44it/s]
Animation 16: FadeIn(Text('Diseño óptimo: energías iguales, a priori iguales')):  98%|#########8| 59/60 [00:02<00:00, 
25.90it/s]
[09/11/26 11:10:26] INFO     Animation 16 : Partial    scene_file_writer.py:192
                             movie file written in                             
                             'C:\Users\Nacho\Documents                         
                             \Animaciones\Capitulo                             
                             13\media\videos\s08_antip                         
                             odal\1080p60\partial_movi                         
                             e_files\OnOffAntipodal\29                         
                             32440949_1119030837_71844                         
                             8939.mp4'                                         
                                                                                                                       
         

Animation 17: Write(MathTex('P_e=Q\\!\\left(\\sqrt{\\frac{\\mathcal E-X}{2\\sigma^2}}\\right)\\qquad X=\\sum_n 
s_0[n]s_1[n]')):   0%|          | 0/120 [00:00<?, ?it/s]
Animation 17: Write(MathTex('P_e=Q\\!\\left(\\sqrt{\\frac{\\mathcal E-X}{2\\sigma^2}}\\right)\\qquad X=\\sum_n 
s_0[n]s_1[n]')):   4%|4         | 5/120 [00:00<00:02, 44.16it/s]
Animation 17: Write(MathTex('P_e=Q\\!\\left(\\sqrt{\\frac{\\mathcal E-X}{2\\sigma^2}}\\right)\\qquad X=\\sum_n 
s_0[n]s_1[n]')):   8%|8         | 10/120 [00:00<00:03, 36.26it/s]
Animation 17: Write(MathTex('P_e=Q\\!\\left(\\sqrt{\\frac{\\mathcal E-X}{2\\sigma^2}}\\right)\\qquad X=\\sum_n 
s_0[n]s_1[n]')):  12%|#1        | 14/120 [00:00<00:02, 35.86it/s]
Animation 17: Write(MathTex('P_e=Q\\!\\left(\\sqrt{\\frac{\\mathcal E-X}{2\\sigma^2}}\\right)\\qquad X=\\sum_n 
s_0[n]s_1[n]')):  15%|#5        | 18/120 [00:00<00:02, 35.70it/s]
Animation 17: Write(MathTex('P_e=Q\\!\\left(\\sqrt{\\frac{\\mathcal E-X}{2\\sigma^2}}\\right)\\qquad X=\\sum_n 
s_0[n]s_1[n]')):  18%|#8        | 22/120 [00:00<00:02, 35.87it/s]
Animation 17: Write(MathTex('P_e=Q\\!\\left(\\sqrt{\\frac{\\mathcal E-X}{2\\sigma^2}}\\right)\\qquad X=\\sum_n 
s_0[n]s_1[n]')):  22%|##1       | 26/120 [00:00<00:02, 35.70it/s]
Animation 17: Write(MathTex('P_e=Q\\!\\left(\\sqrt{\\frac{\\mathcal E-X}{2\\sigma^2}}\\right)\\qquad X=\\sum_n 
s_0[n]s_1[n]')):  25%|##5       | 30/120 [00:00<00:02, 35.38it/s]
Animation 17: Write(MathTex('P_e=Q\\!\\left(\\sqrt{\\frac{\\mathcal E-X}{2\\sigma^2}}\\right)\\qquad X=\\sum_n 
s_0[n]s_1[n]')):  28%|##8       | 34/120 [00:00<00:02, 35.34it/s]
Animation 17: Write(MathTex('P_e=Q\\!\\left(\\sqrt{\\frac{\\mathcal E-X}{2\\sigma^2}}\\right)\\qquad X=\\sum_n 
s_0[n]s_1[n]')):  32%|###1      | 38/120 [00:01<00:02, 35.37it/s]
Animation 17: Write(MathTex('P_e=Q\\!\\left(\\sqrt{\\frac{\\mathcal E-X}{2\\sigma^2}}\\right)\\qquad X=\\sum_n 
s_0[n]s_1[n]')):  35%|###5      | 42/120 [00:01<00:02, 35.25it/s]
Animation 17: Write(MathTex('P_e=Q\\!\\left(\\sqrt{\\frac{\\mathcal E-X}{2\\sigma^2}}\\right)\\qquad X=\\sum_n 
s_0[n]s_1[n]')):  38%|###8      | 46/120 [00:01<00:02, 30.19it/s]
Animation 17: Write(MathTex('P_e=Q\\!\\left(\\sqrt{\\frac{\\mathcal E-X}{2\\sigma^2}}\\right)\\qquad X=\\sum_n 
s_0[n]s_1[n]')):  42%|####1     | 50/120 [00:01<00:02, 28.71it/s]
Animation 17: Write(MathTex('P_e=Q\\!\\left(\\sqrt{\\frac{\\mathcal E-X}{2\\sigma^2}}\\right)\\qquad X=\\sum_n 
s_0[n]s_1[n]')):  45%|####5     | 54/120 [00:01<00:02, 29.07it/s]
Animation 17: Write(MathTex('P_e=Q\\!\\left(\\sqrt{\\frac{\\mathcal E-X}{2\\sigma^2}}\\right)\\qquad X=\\sum_n 
s_0[n]s_1[n]')):  48%|####8     | 58/120 [00:01<00:02, 30.28it/s]
Animation 17: Write(MathTex('P_e=Q\\!\\left(\\sqrt{\\frac{\\mathcal E-X}{2\\sigma^2}}\\right)\\qquad X=\\sum_n 
s_0[n]s_1[n]')):  52%|#####1    | 62/120 [00:01<00:01, 30.94it/s]
Animation 17: Write(MathTex('P_e=Q\\!\\left(\\sqrt{\\frac{\\mathcal E-X}{2\\sigma^2}}\\right)\\qquad X=\\sum_n 
s_0[n]s_1[n]')):  55%|#####5    | 66/120 [00:02<00:01, 30.87it/s]
Animation 17: Write(MathTex('P_e=Q\\!\\left(\\sqrt{\\frac{\\mathcal E-X}{2\\sigma^2}}\\right)\\qquad X=\\sum_n 
s_0[n]s_1[n]')):  58%|#####8    | 70/120 [00:02<00:01, 30.92it/s]
Animation 17: Write(MathTex('P_e=Q\\!\\left(\\sqrt{\\frac{\\mathcal E-X}{2\\sigma^2}}\\right)\\qquad X=\\sum_n 
s_0[n]s_1[n]')):  62%|######1   | 74/120 [00:02<00:01, 30.86it/s]
Animation 17: Write(MathTex('P_e=Q\\!\\left(\\sqrt{\\frac{\\mathcal E-X}{2\\sigma^2}}\\right)\\qquad X=\\sum_n 
s_0[n]s_1[n]')):  65%|######5   | 78/120 [00:02<00:01, 30.66it/s]
Animation 17: Write(MathTex('P_e=Q\\!\\left(\\sqrt{\\frac{\\mathcal E-X}{2\\sigma^2}}\\right)\\qquad X=\\sum_n 
s_0[n]s_1[n]')):  68%|######8   | 82/120 [00:02<00:01, 30.28it/s]
Animation 17: Write(MathTex('P_e=Q\\!\\left(\\sqrt{\\frac{\\mathcal E-X}{2\\sigma^2}}\\right)\\qquad X=\\sum_n 
s_0[n]s_1[n]')):  72%|#######1  | 86/120 [00:02<00:01, 30.46it/s]
Animation 17: Write(MathTex('P_e=Q\\!\\left(\\sqrt{\\frac{\\mathcal E-X}{2\\sigma^2}}\\right)\\qquad X=\\sum_n 
s_0[n]s_1[n]')):  75%|#######5  | 90/120 [00:02<00:00, 30.27it/s]
Animation 17: Write(MathTex('P_e=Q\\!\\left(\\sqrt{\\frac{\\mathcal E-X}{2\\sigma^2}}\\right)\\qquad X=\\sum_n 
s_0[n]s_1[n]')):  78%|#######8  | 94/120 [00:02<00:00, 30.00it/s]
Animation 17: Write(MathTex('P_e=Q\\!\\left(\\sqrt{\\frac{\\mathcal E-X}{2\\sigma^2}}\\right)\\qquad X=\\sum_n 
s_0[n]s_1[n]')):  82%|########1 | 98/120 [00:03<00:00, 29.47it/s]
Animation 17: Write(MathTex('P_e=Q\\!\\left(\\sqrt{\\frac{\\mathcal E-X}{2\\sigma^2}}\\right)\\qquad X=\\sum_n 
s_0[n]s_1[n]')):  84%|########4 | 101/120 [00:03<00:00, 29.56it/s]
Animation 17: Write(MathTex('P_e=Q\\!\\left(\\sqrt{\\frac{\\mathcal E-X}{2\\sigma^2}}\\right)\\qquad X=\\sum_n 
s_0[n]s_1[n]')):  87%|########6 | 104/120 [00:03<00:00, 29.50it/s]
Animation 17: Write(MathTex('P_e=Q\\!\\left(\\sqrt{\\frac{\\mathcal E-X}{2\\sigma^2}}\\right)\\qquad X=\\sum_n 
s_0[n]s_1[n]')):  90%|######### | 108/120 [00:03<00:00, 29.75it/s]
Animation 17: Write(MathTex('P_e=Q\\!\\left(\\sqrt{\\frac{\\mathcal E-X}{2\\sigma^2}}\\right)\\qquad X=\\sum_n 
s_0[n]s_1[n]')):  93%|#########3| 112/120 [00:03<00:00, 29.96it/s]
Animation 17: Write(MathTex('P_e=Q\\!\\left(\\sqrt{\\frac{\\mathcal E-X}{2\\sigma^2}}\\right)\\qquad X=\\sum_n 
s_0[n]s_1[n]')):  97%|#########6| 116/120 [00:03<00:00, 30.29it/s]
Animation 17: Write(MathTex('P_e=Q\\!\\left(\\sqrt{\\frac{\\mathcal E-X}{2\\sigma^2}}\\right)\\qquad X=\\sum_n 
s_0[n]s_1[n]')): 100%|##########| 120/120 [00:03<00:00, 31.12it/s]
[09/11/26 11:10:30] INFO     Animation 17 : Partial    scene_file_writer.py:192
                             movie file written in                             
                             'C:\Users\Nacho\Documents                         
                             \Animaciones\Capitulo                             
                             13\media\videos\s08_antip                         
                             odal\1080p60\partial_movi                         
                             e_files\OnOffAntipodal\29                         
                             32440949_4136780361_47556                         
                             4235.mp4'                                         
                                                                                                                       
                                                          

Animation 18: FadeIn(VGroup of 2 submobjects):   0%|          | 0/60 [00:00<?, ?it/s]
Animation 18: FadeIn(VGroup of 2 submobjects):   5%|5         | 3/60 [00:00<00:02, 26.32it/s]
Animation 18: FadeIn(VGroup of 2 submobjects):  10%|#         | 6/60 [00:00<00:02, 25.11it/s]
Animation 18: FadeIn(VGroup of 2 submobjects):  15%|#5        | 9/60 [00:00<00:02, 24.73it/s]
Animation 18: FadeIn(VGroup of 2 submobjects):  20%|##        | 12/60 [00:00<00:01, 24.39it/s]
Animation 18: FadeIn(VGroup of 2 submobjects):  25%|##5       | 15/60 [00:00<00:01, 24.34it/s]
Animation 18: FadeIn(VGroup of 2 submobjects):  30%|###       | 18/60 [00:00<00:01, 24.32it/s]
Animation 18: FadeIn(VGroup of 2 submobjects):  35%|###5      | 21/60 [00:00<00:01, 24.32it/s]
Animation 18: FadeIn(VGroup of 2 submobjects):  40%|####      | 24/60 [00:00<00:01, 23.73it/s]
Animation 18: FadeIn(VGroup of 2 submobjects):  45%|####5     | 27/60 [00:01<00:01, 23.87it/s]
Animation 18: FadeIn(VGroup of 2 submobjects):  50%|#####     | 30/60 [00:01<00:01, 24.30it/s]
Animation 18: FadeIn(VGroup of 2 submobjects):  55%|#####5    | 33/60 [00:01<00:01, 24.57it/s]
Animation 18: FadeIn(VGroup of 2 submobjects):  60%|######    | 36/60 [00:01<00:00, 24.68it/s]
Animation 18: FadeIn(VGroup of 2 submobjects):  65%|######5   | 39/60 [00:01<00:00, 24.32it/s]
Animation 18: FadeIn(VGroup of 2 submobjects):  70%|#######   | 42/60 [00:01<00:00, 24.02it/s]
Animation 18: FadeIn(VGroup of 2 submobjects):  75%|#######5  | 45/60 [00:01<00:00, 19.86it/s]
Animation 18: FadeIn(VGroup of 2 submobjects):  80%|########  | 48/60 [00:02<00:00, 20.39it/s]
Animation 18: FadeIn(VGroup of 2 submobjects):  85%|########5 | 51/60 [00:02<00:00, 20.67it/s]
Animation 18: FadeIn(VGroup of 2 submobjects):  90%|######### | 54/60 [00:02<00:00, 20.84it/s]
Animation 18: FadeIn(VGroup of 2 submobjects):  95%|#########5| 57/60 [00:02<00:00, 21.18it/s]
Animation 18: FadeIn(VGroup of 2 submobjects): 100%|##########| 60/60 [00:02<00:00, 21.31it/s]
[09/11/26 11:10:35] INFO     Animation 18 : Partial    scene_file_writer.py:192
                             movie file written in                             
                             'C:\Users\Nacho\Documents                         
                             \Animaciones\Capitulo                             
                             13\media\videos\s08_antip                         
                             odal\1080p60\partial_movi                         
                             e_files\OnOffAntipodal\29                         
                             32440949_2910497301_14279                         
                             20274.mp4'                                        
[09/11/26 11:10:38] INFO     Animation 19 : Partial    scene_file_writer.py:192
                             movie file written in                             
                             'C:\Users\Nacho\Documents                         
                             \Animaciones\Capitulo                             
                             13\media\videos\s08_antip                         
                             odal\1080p60\partial_movi                         
                             e_files\OnOffAntipodal\29                         
                             32440949_3926500612_30876                         
                             6282.mp4'                                         
                                                                                              

Animation 20: Write(MathTex('s_1[n]=-s_0[n]\\quad(\\text{señalización ANTIPODAL})')):   0%|          | 0/120 [00:00<?, 
?it/s]
Animation 20: Write(MathTex('s_1[n]=-s_0[n]\\quad(\\text{señalización ANTIPODAL})')):   3%|3         | 4/120 
[00:00<00:03, 38.63it/s]
Animation 20: Write(MathTex('s_1[n]=-s_0[n]\\quad(\\text{señalización ANTIPODAL})')):   7%|6         | 8/120 
[00:00<00:03, 31.97it/s]
Animation 20: Write(MathTex('s_1[n]=-s_0[n]\\quad(\\text{señalización ANTIPODAL})')):  10%|#         | 12/120 
[00:00<00:03, 31.56it/s]
Animation 20: Write(MathTex('s_1[n]=-s_0[n]\\quad(\\text{señalización ANTIPODAL})')):  13%|#3        | 16/120 
[00:00<00:03, 31.55it/s]
Animation 20: Write(MathTex('s_1[n]=-s_0[n]\\quad(\\text{señalización ANTIPODAL})')):  17%|#6        | 20/120 
[00:00<00:03, 31.97it/s]
Animation 20: Write(MathTex('s_1[n]=-s_0[n]\\quad(\\text{señalización ANTIPODAL})')):  20%|##        | 24/120 
[00:00<00:02, 32.14it/s]
Animation 20: Write(MathTex('s_1[n]=-s_0[n]\\quad(\\text{señalización ANTIPODAL})')):  23%|##3       | 28/120 
[00:00<00:02, 32.03it/s]
Animation 20: Write(MathTex('s_1[n]=-s_0[n]\\quad(\\text{señalización ANTIPODAL})')):  27%|##6       | 32/120 
[00:01<00:02, 31.64it/s]
Animation 20: Write(MathTex('s_1[n]=-s_0[n]\\quad(\\text{señalización ANTIPODAL})')):  30%|###       | 36/120 
[00:01<00:02, 31.69it/s]
Animation 20: Write(MathTex('s_1[n]=-s_0[n]\\quad(\\text{señalización ANTIPODAL})')):  33%|###3      | 40/120 
[00:01<00:02, 31.46it/s]
Animation 20: Write(MathTex('s_1[n]=-s_0[n]\\quad(\\text{señalización ANTIPODAL})')):  37%|###6      | 44/120 
[00:01<00:02, 29.24it/s]
Animation 20: Write(MathTex('s_1[n]=-s_0[n]\\quad(\\text{señalización ANTIPODAL})')):  39%|###9      | 47/120 
[00:01<00:02, 28.18it/s]
Animation 20: Write(MathTex('s_1[n]=-s_0[n]\\quad(\\text{señalización ANTIPODAL})')):  42%|####1     | 50/120 
[00:01<00:02, 28.14it/s]
Animation 20: Write(MathTex('s_1[n]=-s_0[n]\\quad(\\text{señalización ANTIPODAL})')):  44%|####4     | 53/120 
[00:01<00:02, 27.94it/s]
Animation 20: Write(MathTex('s_1[n]=-s_0[n]\\quad(\\text{señalización ANTIPODAL})')):  47%|####6     | 56/120 
[00:01<00:02, 27.66it/s]
Animation 20: Write(MathTex('s_1[n]=-s_0[n]\\quad(\\text{señalización ANTIPODAL})')):  50%|#####     | 60/120 
[00:01<00:02, 28.12it/s]
Animation 20: Write(MathTex('s_1[n]=-s_0[n]\\quad(\\text{señalización ANTIPODAL})')):  52%|#####2    | 63/120 
[00:02<00:02, 28.32it/s]
Animation 20: Write(MathTex('s_1[n]=-s_0[n]\\quad(\\text{señalización ANTIPODAL})')):  55%|#####5    | 66/120 
[00:02<00:01, 28.11it/s]
Animation 20: Write(MathTex('s_1[n]=-s_0[n]\\quad(\\text{señalización ANTIPODAL})')):  57%|#####7    | 69/120 
[00:02<00:01, 28.15it/s]
Animation 20: Write(MathTex('s_1[n]=-s_0[n]\\quad(\\text{señalización ANTIPODAL})')):  61%|######    | 73/120 
[00:02<00:01, 28.70it/s]
Animation 20: Write(MathTex('s_1[n]=-s_0[n]\\quad(\\text{señalización ANTIPODAL})')):  63%|######3   | 76/120 
[00:02<00:01, 28.89it/s]
Animation 20: Write(MathTex('s_1[n]=-s_0[n]\\quad(\\text{señalización ANTIPODAL})')):  66%|######5   | 79/120 
[00:02<00:01, 28.81it/s]
Animation 20: Write(MathTex('s_1[n]=-s_0[n]\\quad(\\text{señalización ANTIPODAL})')):  68%|######8   | 82/120 
[00:02<00:01, 28.31it/s]
Animation 20: Write(MathTex('s_1[n]=-s_0[n]\\quad(\\text{señalización ANTIPODAL})')):  71%|#######   | 85/120 
[00:02<00:01, 28.43it/s]
Animation 20: Write(MathTex('s_1[n]=-s_0[n]\\quad(\\text{señalización ANTIPODAL})')):  74%|#######4  | 89/120 
[00:03<00:01, 28.90it/s]
Animation 20: Write(MathTex('s_1[n]=-s_0[n]\\quad(\\text{señalización ANTIPODAL})')):  77%|#######6  | 92/120 
[00:03<00:00, 28.93it/s]
Animation 20: Write(MathTex('s_1[n]=-s_0[n]\\quad(\\text{señalización ANTIPODAL})')):  79%|#######9  | 95/120 
[00:03<00:00, 29.18it/s]
Animation 20: Write(MathTex('s_1[n]=-s_0[n]\\quad(\\text{señalización ANTIPODAL})')):  82%|########1 | 98/120 
[00:03<00:00, 28.59it/s]
Animation 20: Write(MathTex('s_1[n]=-s_0[n]\\quad(\\text{señalización ANTIPODAL})')):  84%|########4 | 101/120 
[00:03<00:00, 28.33it/s]
Animation 20: Write(MathTex('s_1[n]=-s_0[n]\\quad(\\text{señalización ANTIPODAL})')):  87%|########6 | 104/120 
[00:03<00:00, 28.37it/s]
Animation 20: Write(MathTex('s_1[n]=-s_0[n]\\quad(\\text{señalización ANTIPODAL})')):  89%|########9 | 107/120 
[00:03<00:00, 28.73it/s]
Animation 20: Write(MathTex('s_1[n]=-s_0[n]\\quad(\\text{señalización ANTIPODAL})')):  92%|#########1| 110/120 
[00:03<00:00, 28.95it/s]
Animation 20: Write(MathTex('s_1[n]=-s_0[n]\\quad(\\text{señalización ANTIPODAL})')):  94%|#########4| 113/120 
[00:03<00:00, 28.91it/s]
Animation 20: Write(MathTex('s_1[n]=-s_0[n]\\quad(\\text{señalización ANTIPODAL})')):  97%|#########6| 116/120 
[00:03<00:00, 29.16it/s]
Animation 20: Write(MathTex('s_1[n]=-s_0[n]\\quad(\\text{señalización ANTIPODAL})')):  99%|#########9| 119/120 
[00:04<00:00, 29.23it/s]
[09/11/26 11:10:43] INFO     Animation 20 : Partial    scene_file_writer.py:192
                             movie file written in                             
                             'C:\Users\Nacho\Documents                         
                             \Animaciones\Capitulo                             
                             13\media\videos\s08_antip                         
                             odal\1080p60\partial_movi                         
                             e_files\OnOffAntipodal\29                         
                             32440949_2765886049_34159                         
                             52038.mp4'                                        
[09/11/26 11:10:46] INFO     Animation 21 : Partial    scene_file_writer.py:192
                             movie file written in                             
                             'C:\Users\Nacho\Documents                         
                             \Animaciones\Capitulo                             
                             13\media\videos\s08_antip                         
                             odal\1080p60\partial_movi                         
                             e_files\OnOffAntipodal\29                         
                             32440949_3580093213_31537                         
                             22005.mp4'                                        
                                                                                                                       
                

Animation 22: FadeOut(VGroup of 4 submobjects):   0%|          | 0/60 [00:00<?, ?it/s]
Animation 22: FadeOut(VGroup of 4 submobjects):   3%|3         | 2/60 [00:00<00:04, 13.34it/s]
Animation 22: FadeOut(VGroup of 4 submobjects):   7%|6         | 4/60 [00:00<00:04, 13.17it/s]
Animation 22: FadeOut(VGroup of 4 submobjects):  10%|#         | 6/60 [00:00<00:04, 13.39it/s]
Animation 22: FadeOut(VGroup of 4 submobjects):  13%|#3        | 8/60 [00:00<00:03, 13.32it/s]
Animation 22: FadeOut(VGroup of 4 submobjects):  17%|#6        | 10/60 [00:00<00:03, 13.24it/s]
Animation 22: FadeOut(VGroup of 4 submobjects):  20%|##        | 12/60 [00:00<00:03, 13.33it/s]
Animation 22: FadeOut(VGroup of 4 submobjects):  23%|##3       | 14/60 [00:01<00:03, 13.26it/s]
Animation 22: FadeOut(VGroup of 4 submobjects):  27%|##6       | 16/60 [00:01<00:03, 13.28it/s]
Animation 22: FadeOut(VGroup of 4 submobjects):  30%|###       | 18/60 [00:01<00:03, 13.03it/s]
Animation 22: FadeOut(VGroup of 4 submobjects):  33%|###3      | 20/60 [00:01<00:03, 12.98it/s]
Animation 22: FadeOut(VGroup of 4 submobjects):  37%|###6      | 22/60 [00:01<00:02, 12.96it/s]
Animation 22: FadeOut(VGroup of 4 submobjects):  40%|####      | 24/60 [00:01<00:02, 12.94it/s]
Animation 22: FadeOut(VGroup of 4 submobjects):  43%|####3     | 26/60 [00:01<00:02, 13.22it/s]
Animation 22: FadeOut(VGroup of 4 submobjects):  47%|####6     | 28/60 [00:02<00:02, 13.35it/s]
Animation 22: FadeOut(VGroup of 4 submobjects):  50%|#####     | 30/60 [00:02<00:02, 13.31it/s]
Animation 22: FadeOut(VGroup of 4 submobjects):  53%|#####3    | 32/60 [00:02<00:02, 13.10it/s]
Animation 22: FadeOut(VGroup of 4 submobjects):  57%|#####6    | 34/60 [00:02<00:01, 13.08it/s]
Animation 22: FadeOut(VGroup of 4 submobjects):  60%|######    | 36/60 [00:02<00:01, 13.02it/s]
Animation 22: FadeOut(VGroup of 4 submobjects):  63%|######3   | 38/60 [00:02<00:01, 13.16it/s]
Animation 22: FadeOut(VGroup of 4 submobjects):  67%|######6   | 40/60 [00:03<00:01, 13.18it/s]
Animation 22: FadeOut(VGroup of 4 submobjects):  70%|#######   | 42/60 [00:03<00:01, 13.06it/s]
Animation 22: FadeOut(VGroup of 4 submobjects):  73%|#######3  | 44/60 [00:03<00:01, 10.95it/s]
Animation 22: FadeOut(VGroup of 4 submobjects):  77%|#######6  | 46/60 [00:03<00:01, 11.24it/s]
Animation 22: FadeOut(VGroup of 4 submobjects):  80%|########  | 48/60 [00:03<00:01, 11.49it/s]
Animation 22: FadeOut(VGroup of 4 submobjects):  83%|########3 | 50/60 [00:03<00:00, 11.83it/s]
Animation 22: FadeOut(VGroup of 4 submobjects):  87%|########6 | 52/60 [00:04<00:00, 11.96it/s]
Animation 22: FadeOut(VGroup of 4 submobjects):  90%|######### | 54/60 [00:04<00:00, 12.17it/s]
Animation 22: FadeOut(VGroup of 4 submobjects):  93%|#########3| 56/60 [00:04<00:00, 12.14it/s]
Animation 22: FadeOut(VGroup of 4 submobjects):  97%|#########6| 58/60 [00:04<00:00, 12.21it/s]
Animation 22: FadeOut(VGroup of 4 submobjects): 100%|##########| 60/60 [00:04<00:00, 12.61it/s]
[09/11/26 11:10:53] INFO     Animation 22 : Partial    scene_file_writer.py:192
                             movie file written in                             
                             'C:\Users\Nacho\Documents                         
                             \Animaciones\Capitulo                             
                             13\media\videos\s08_antip                         
                             odal\1080p60\partial_movi                         
                             e_files\OnOffAntipodal\29                         
                             32440949_1204990418_31676                         
                             60526.mp4'                                        
                                                                                               

Animation 23: FadeIn(Text('On-off contra antipodal')):   0%|          | 0/60 [00:00<?, ?it/s]
Animation 23: FadeIn(Text('On-off contra antipodal')):   8%|8         | 5/60 [00:00<00:01, 41.80it/s]
Animation 23: FadeIn(Text('On-off contra antipodal')):  17%|#6        | 10/60 [00:00<00:01, 39.23it/s]
Animation 23: FadeIn(Text('On-off contra antipodal')):  23%|##3       | 14/60 [00:00<00:01, 38.53it/s]
Animation 23: FadeIn(Text('On-off contra antipodal')):  32%|###1      | 19/60 [00:00<00:01, 39.41it/s]
Animation 23: FadeIn(Text('On-off contra antipodal')):  40%|####      | 24/60 [00:00<00:00, 40.11it/s]
Animation 23: FadeIn(Text('On-off contra antipodal')):  48%|####8     | 29/60 [00:00<00:00, 40.44it/s]
Animation 23: FadeIn(Text('On-off contra antipodal')):  57%|#####6    | 34/60 [00:00<00:00, 39.65it/s]
Animation 23: FadeIn(Text('On-off contra antipodal')):  63%|######3   | 38/60 [00:00<00:00, 39.18it/s]
Animation 23: FadeIn(Text('On-off contra antipodal')):  70%|#######   | 42/60 [00:01<00:00, 38.88it/s]
Animation 23: FadeIn(Text('On-off contra antipodal')):  77%|#######6  | 46/60 [00:01<00:00, 35.60it/s]
Animation 23: FadeIn(Text('On-off contra antipodal')):  83%|########3 | 50/60 [00:01<00:00, 33.29it/s]
Animation 23: FadeIn(Text('On-off contra antipodal')):  90%|######### | 54/60 [00:01<00:00, 30.96it/s]
Animation 23: FadeIn(Text('On-off contra antipodal')):  97%|#########6| 58/60 [00:01<00:00, 32.02it/s]
[09/11/26 11:10:56] INFO     Animation 23 : Partial    scene_file_writer.py:192
                             movie file written in                             
                             'C:\Users\Nacho\Documents                         
                             \Animaciones\Capitulo                             
                             13\media\videos\s08_antip                         
                             odal\1080p60\partial_movi                         
                             e_files\OnOffAntipodal\29                         
                             32440949_73102457_1497345                         
                             926.mp4'                                          
                                                                                                      

Animation 24: Create(NumberLine):   0%|          | 0/60 [00:00<?, ?it/s]
Animation 24: Create(NumberLine):  15%|#5        | 9/60 [00:00<00:00, 87.99it/s]
Animation 24: Create(NumberLine):  30%|###       | 18/60 [00:00<00:00, 74.84it/s]
Animation 24: Create(NumberLine):  43%|####3     | 26/60 [00:00<00:00, 69.06it/s]
Animation 24: Create(NumberLine):  55%|#####5    | 33/60 [00:00<00:00, 68.65it/s]
Animation 24: Create(NumberLine):  67%|######6   | 40/60 [00:00<00:00, 68.55it/s]
Animation 24: Create(NumberLine):  80%|########  | 48/60 [00:00<00:00, 68.77it/s]
Animation 24: Create(NumberLine):  93%|#########3| 56/60 [00:00<00:00, 69.23it/s]
[09/11/26 11:10:57] INFO     Animation 24 : Partial    scene_file_writer.py:192
                             movie file written in                             
                             'C:\Users\Nacho\Documents                         
                             \Animaciones\Capitulo                             
                             13\media\videos\s08_antip                         
                             odal\1080p60\partial_movi                         
                             e_files\OnOffAntipodal\29                         
                             32440949_3464181906_16142                         
                             5627.mp4'                                         
                                                                                 

Animation 25: FadeIn(Dot), etc.:   0%|          | 0/60 [00:00<?, ?it/s]
Animation 25: FadeIn(Dot), etc.:  10%|#         | 6/60 [00:00<00:01, 53.59it/s]
Animation 25: FadeIn(Dot), etc.:  20%|##        | 12/60 [00:00<00:01, 45.44it/s]
Animation 25: FadeIn(Dot), etc.:  28%|##8       | 17/60 [00:00<00:00, 45.79it/s]
Animation 25: FadeIn(Dot), etc.:  37%|###6      | 22/60 [00:00<00:00, 45.92it/s]
Animation 25: FadeIn(Dot), etc.:  45%|####5     | 27/60 [00:00<00:00, 45.28it/s]
Animation 25: FadeIn(Dot), etc.:  53%|#####3    | 32/60 [00:00<00:00, 45.58it/s]
Animation 25: FadeIn(Dot), etc.:  62%|######1   | 37/60 [00:00<00:00, 45.65it/s]
Animation 25: FadeIn(Dot), etc.:  70%|#######   | 42/60 [00:00<00:00, 45.95it/s]
Animation 25: FadeIn(Dot), etc.:  78%|#######8  | 47/60 [00:01<00:00, 44.08it/s]
Animation 25: FadeIn(Dot), etc.:  87%|########6 | 52/60 [00:01<00:00, 42.83it/s]
Animation 25: FadeIn(Dot), etc.:  95%|#########5| 57/60 [00:01<00:00, 42.58it/s]
[09/11/26 11:10:59] INFO     Animation 25 : Partial    scene_file_writer.py:192
                             movie file written in                             
                             'C:\Users\Nacho\Documents                         
                             \Animaciones\Capitulo                             
                             13\media\videos\s08_antip                         
                             odal\1080p60\partial_movi                         
                             e_files\OnOffAntipodal\29                         
                             32440949_885018667_377571                         
                             1922.mp4'                                         
                                                                                

Animation 26: Create(Line):   0%|          | 0/60 [00:00<?, ?it/s]
Animation 26: Create(Line):  17%|#6        | 10/60 [00:00<00:00, 94.10it/s]
Animation 26: Create(Line):  33%|###3      | 20/60 [00:00<00:00, 85.64it/s]
Animation 26: Create(Line):  48%|####8     | 29/60 [00:00<00:00, 80.27it/s]
Animation 26: Create(Line):  63%|######3   | 38/60 [00:00<00:00, 77.37it/s]
Animation 26: Create(Line):  77%|#######6  | 46/60 [00:00<00:00, 74.72it/s]
Animation 26: Create(Line):  90%|######### | 54/60 [00:00<00:00, 73.15it/s]
[09/11/26 11:11:01] INFO     Animation 26 : Partial    scene_file_writer.py:192
                             movie file written in                             
                             'C:\Users\Nacho\Documents                         
                             \Animaciones\Capitulo                             
                             13\media\videos\s08_antip                         
                             odal\1080p60\partial_movi                         
                             e_files\OnOffAntipodal\29                         
                             32440949_3175182918_38669                         
                             67751.mp4'                                        
[09/11/26 11:11:03] INFO     Animation 27 : Partial    scene_file_writer.py:192
                             movie file written in                             
                             'C:\Users\Nacho\Documents                         
                             \Animaciones\Capitulo                             
                             13\media\videos\s08_antip                         
                             odal\1080p60\partial_movi                         
                             e_files\OnOffAntipodal\29                         
                             32440949_4046863825_80929                         
                             0621.mp4'                                         
                                                                           

Animation 28: FadeOut(VGroup of 4 submobjects):   0%|          | 0/60 [00:00<?, ?it/s]
Animation 28: FadeOut(VGroup of 4 submobjects):  10%|#         | 6/60 [00:00<00:00, 54.39it/s]
Animation 28: FadeOut(VGroup of 4 submobjects):  20%|##        | 12/60 [00:00<00:01, 44.68it/s]
Animation 28: FadeOut(VGroup of 4 submobjects):  28%|##8       | 17/60 [00:00<00:00, 44.59it/s]
Animation 28: FadeOut(VGroup of 4 submobjects):  37%|###6      | 22/60 [00:00<00:00, 44.56it/s]
Animation 28: FadeOut(VGroup of 4 submobjects):  45%|####5     | 27/60 [00:00<00:00, 44.52it/s]
Animation 28: FadeOut(VGroup of 4 submobjects):  53%|#####3    | 32/60 [00:00<00:00, 44.27it/s]
Animation 28: FadeOut(VGroup of 4 submobjects):  62%|######1   | 37/60 [00:00<00:00, 44.96it/s]
Animation 28: FadeOut(VGroup of 4 submobjects):  70%|#######   | 42/60 [00:00<00:00, 45.36it/s]
Animation 28: FadeOut(VGroup of 4 submobjects):  80%|########  | 48/60 [00:01<00:00, 48.83it/s]
Animation 28: FadeOut(VGroup of 4 submobjects):  88%|########8 | 53/60 [00:01<00:00, 46.84it/s]
Animation 28: FadeOut(VGroup of 4 submobjects):  97%|#########6| 58/60 [00:01<00:00, 45.20it/s]
[09/11/26 11:11:05] INFO     Animation 28 : Partial    scene_file_writer.py:192
                             movie file written in                             
                             'C:\Users\Nacho\Documents                         
                             \Animaciones\Capitulo                             
                             13\media\videos\s08_antip                         
                             odal\1080p60\partial_movi                         
                             e_files\OnOffAntipodal\29                         
                             32440949_1100873686_21649                         
                             99047.mp4'                                        
                                                                                               

Animation 29: FadeIn(Dot), etc.:   0%|          | 0/60 [00:00<?, ?it/s]
Animation 29: FadeIn(Dot), etc.:   8%|8         | 5/60 [00:00<00:01, 46.78it/s]
Animation 29: FadeIn(Dot), etc.:  17%|#6        | 10/60 [00:00<00:01, 41.75it/s]
Animation 29: FadeIn(Dot), etc.:  25%|##5       | 15/60 [00:00<00:01, 42.46it/s]
Animation 29: FadeIn(Dot), etc.:  33%|###3      | 20/60 [00:00<00:00, 42.55it/s]
Animation 29: FadeIn(Dot), etc.:  42%|####1     | 25/60 [00:00<00:00, 42.85it/s]
Animation 29: FadeIn(Dot), etc.:  50%|#####     | 30/60 [00:00<00:00, 41.27it/s]
Animation 29: FadeIn(Dot), etc.:  58%|#####8    | 35/60 [00:00<00:00, 42.15it/s]
Animation 29: FadeIn(Dot), etc.:  67%|######6   | 40/60 [00:00<00:00, 42.07it/s]
Animation 29: FadeIn(Dot), etc.:  75%|#######5  | 45/60 [00:01<00:00, 37.79it/s]
Animation 29: FadeIn(Dot), etc.:  82%|########1 | 49/60 [00:01<00:00, 35.81it/s]
Animation 29: FadeIn(Dot), etc.:  88%|########8 | 53/60 [00:01<00:00, 34.98it/s]
Animation 29: FadeIn(Dot), etc.:  95%|#########5| 57/60 [00:01<00:00, 34.90it/s]
[09/11/26 11:11:07] INFO     Animation 29 : Partial    scene_file_writer.py:192
                             movie file written in                             
                             'C:\Users\Nacho\Documents                         
                             \Animaciones\Capitulo                             
                             13\media\videos\s08_antip                         
                             odal\1080p60\partial_movi                         
                             e_files\OnOffAntipodal\29                         
                             32440949_3966901981_52640                         
                             8459.mp4'                                         
                                                                                

Animation 30: Create(Line):   0%|          | 0/60 [00:00<?, ?it/s]
Animation 30: Create(Line):  18%|#8        | 11/60 [00:00<00:00, 100.00it/s]
Animation 30: Create(Line):  35%|###5      | 21/60 [00:00<00:00, 85.41it/s] 
Animation 30: Create(Line):  50%|#####     | 30/60 [00:00<00:00, 82.12it/s]
Animation 30: Create(Line):  65%|######5   | 39/60 [00:00<00:00, 80.59it/s]
Animation 30: Create(Line):  80%|########  | 48/60 [00:00<00:00, 77.89it/s]
Animation 30: Create(Line):  93%|#########3| 56/60 [00:00<00:00, 76.64it/s]
[09/11/26 11:11:09] INFO     Animation 30 : Partial    scene_file_writer.py:192
                             movie file written in                             
                             'C:\Users\Nacho\Documents                         
                             \Animaciones\Capitulo                             
                             13\media\videos\s08_antip                         
                             odal\1080p60\partial_movi                         
                             e_files\OnOffAntipodal\29                         
                             32440949_4273793162_53119                         
                             1108.mp4'                                         
                                                                           

Animation 31: FadeIn(Text('el doble de distancia, con la MISMA potencia de pico')):   0%|          | 0/60 [00:00<?, 
?it/s]
Animation 31: FadeIn(Text('el doble de distancia, con la MISMA potencia de pico')):   7%|6         | 4/60 
[00:00<00:01, 33.26it/s]
Animation 31: FadeIn(Text('el doble de distancia, con la MISMA potencia de pico')):  13%|#3        | 8/60 
[00:00<00:01, 30.55it/s]
Animation 31: FadeIn(Text('el doble de distancia, con la MISMA potencia de pico')):  20%|##        | 12/60 
[00:00<00:01, 29.25it/s]
Animation 31: FadeIn(Text('el doble de distancia, con la MISMA potencia de pico')):  25%|##5       | 15/60 
[00:00<00:01, 29.27it/s]
Animation 31: FadeIn(Text('el doble de distancia, con la MISMA potencia de pico')):  30%|###       | 18/60 
[00:00<00:01, 29.36it/s]
Animation 31: FadeIn(Text('el doble de distancia, con la MISMA potencia de pico')):  35%|###5      | 21/60 
[00:00<00:01, 29.38it/s]
Animation 31: FadeIn(Text('el doble de distancia, con la MISMA potencia de pico')):  40%|####      | 24/60 
[00:00<00:01, 29.36it/s]
Animation 31: FadeIn(Text('el doble de distancia, con la MISMA potencia de pico')):  45%|####5     | 27/60 
[00:00<00:01, 29.39it/s]
Animation 31: FadeIn(Text('el doble de distancia, con la MISMA potencia de pico')):  50%|#####     | 30/60 
[00:01<00:01, 29.23it/s]
Animation 31: FadeIn(Text('el doble de distancia, con la MISMA potencia de pico')):  55%|#####5    | 33/60 
[00:01<00:00, 29.46it/s]
Animation 31: FadeIn(Text('el doble de distancia, con la MISMA potencia de pico')):  60%|######    | 36/60 
[00:01<00:00, 29.50it/s]
Animation 31: FadeIn(Text('el doble de distancia, con la MISMA potencia de pico')):  65%|######5   | 39/60 
[00:01<00:00, 29.32it/s]
Animation 31: FadeIn(Text('el doble de distancia, con la MISMA potencia de pico')):  70%|#######   | 42/60 
[00:01<00:00, 29.35it/s]
Animation 31: FadeIn(Text('el doble de distancia, con la MISMA potencia de pico')):  75%|#######5  | 45/60 
[00:01<00:00, 26.24it/s]
Animation 31: FadeIn(Text('el doble de distancia, con la MISMA potencia de pico')):  80%|########  | 48/60 
[00:01<00:00, 23.48it/s]
Animation 31: FadeIn(Text('el doble de distancia, con la MISMA potencia de pico')):  85%|########5 | 51/60 
[00:01<00:00, 24.50it/s]
Animation 31: FadeIn(Text('el doble de distancia, con la MISMA potencia de pico')):  90%|######### | 54/60 
[00:01<00:00, 25.04it/s]
Animation 31: FadeIn(Text('el doble de distancia, con la MISMA potencia de pico')):  95%|#########5| 57/60 
[00:02<00:00, 25.53it/s]
Animation 31: FadeIn(Text('el doble de distancia, con la MISMA potencia de pico')): 100%|##########| 60/60 
[00:02<00:00, 26.07it/s]
[09/11/26 11:11:13] INFO     Animation 31 : Partial    scene_file_writer.py:192
                             movie file written in                             
                             'C:\Users\Nacho\Documents                         
                             \Animaciones\Capitulo                             
                             13\media\videos\s08_antip                         
                             odal\1080p60\partial_movi                         
                             e_files\OnOffAntipodal\29                         
                             32440949_2671218151_42322                         
                             51491.mp4'                                        
[09/11/26 11:11:16] INFO     Animation 32 : Partial    scene_file_writer.py:192
                             movie file written in                             
                             'C:\Users\Nacho\Documents                         
                             \Animaciones\Capitulo                             
                             13\media\videos\s08_antip                         
                             odal\1080p60\partial_movi                         
                             e_files\OnOffAntipodal\29                         
                             32440949_499328632_413320                         
                             0520.mp4'                                         
                                                                                                                       
            

Animation 33: FadeOut(VGroup of 7 submobjects):   0%|          | 0/60 [00:00<?, ?it/s]
Animation 33: FadeOut(VGroup of 7 submobjects):   5%|5         | 3/60 [00:00<00:02, 21.15it/s]
Animation 33: FadeOut(VGroup of 7 submobjects):  10%|#         | 6/60 [00:00<00:02, 20.47it/s]
Animation 33: FadeOut(VGroup of 7 submobjects):  15%|#5        | 9/60 [00:00<00:02, 19.58it/s]
Animation 33: FadeOut(VGroup of 7 submobjects):  20%|##        | 12/60 [00:00<00:02, 19.94it/s]
Animation 33: FadeOut(VGroup of 7 submobjects):  25%|##5       | 15/60 [00:00<00:02, 20.19it/s]
Animation 33: FadeOut(VGroup of 7 submobjects):  30%|###       | 18/60 [00:00<00:02, 20.30it/s]
Animation 33: FadeOut(VGroup of 7 submobjects):  35%|###5      | 21/60 [00:01<00:01, 20.12it/s]
Animation 33: FadeOut(VGroup of 7 submobjects):  40%|####      | 24/60 [00:01<00:01, 20.01it/s]
Animation 33: FadeOut(VGroup of 7 submobjects):  45%|####5     | 27/60 [00:01<00:01, 19.86it/s]
Animation 33: FadeOut(VGroup of 7 submobjects):  50%|#####     | 30/60 [00:01<00:01, 19.99it/s]
Animation 33: FadeOut(VGroup of 7 submobjects):  55%|#####5    | 33/60 [00:01<00:01, 20.16it/s]
Animation 33: FadeOut(VGroup of 7 submobjects):  60%|######    | 36/60 [00:01<00:01, 20.43it/s]
Animation 33: FadeOut(VGroup of 7 submobjects):  65%|######5   | 39/60 [00:01<00:01, 20.61it/s]
Animation 33: FadeOut(VGroup of 7 submobjects):  70%|#######   | 42/60 [00:02<00:00, 20.46it/s]
Animation 33: FadeOut(VGroup of 7 submobjects):  75%|#######5  | 45/60 [00:02<00:00, 16.91it/s]
Animation 33: FadeOut(VGroup of 7 submobjects):  78%|#######8  | 47/60 [00:02<00:00, 17.15it/s]
Animation 33: FadeOut(VGroup of 7 submobjects):  82%|########1 | 49/60 [00:02<00:00, 17.19it/s]
Animation 33: FadeOut(VGroup of 7 submobjects):  85%|########5 | 51/60 [00:02<00:00, 17.72it/s]
Animation 33: FadeOut(VGroup of 7 submobjects):  88%|########8 | 53/60 [00:02<00:00, 17.61it/s]
Animation 33: FadeOut(VGroup of 7 submobjects):  92%|#########1| 55/60 [00:02<00:00, 17.88it/s]
Animation 33: FadeOut(VGroup of 7 submobjects):  95%|#########5| 57/60 [00:02<00:00, 17.74it/s]
Animation 33: FadeOut(VGroup of 7 submobjects):  98%|#########8| 59/60 [00:03<00:00, 18.16it/s]
[09/11/26 11:11:20] INFO     Animation 33 : Partial    scene_file_writer.py:192
                             movie file written in                             
                             'C:\Users\Nacho\Documents                         
                             \Animaciones\Capitulo                             
                             13\media\videos\s08_antip                         
                             odal\1080p60\partial_movi                         
                             e_files\OnOffAntipodal\29                         
                             32440949_3018833489_15662                         
                             80986.mp4'                                        
                                                                                               

Animation 34: FadeIn(Text('El precio y el premio, en números')):   0%|          | 0/60 [00:00<?, ?it/s]
Animation 34: FadeIn(Text('El precio y el premio, en números')):   8%|8         | 5/60 [00:00<00:01, 38.51it/s]
Animation 34: FadeIn(Text('El precio y el premio, en números')):  15%|#5        | 9/60 [00:00<00:01, 36.07it/s]
Animation 34: FadeIn(Text('El precio y el premio, en números')):  22%|##1       | 13/60 [00:00<00:01, 35.22it/s]
Animation 34: FadeIn(Text('El precio y el premio, en números')):  28%|##8       | 17/60 [00:00<00:01, 35.34it/s]
Animation 34: FadeIn(Text('El precio y el premio, en números')):  35%|###5      | 21/60 [00:00<00:01, 35.45it/s]
Animation 34: FadeIn(Text('El precio y el premio, en números')):  42%|####1     | 25/60 [00:00<00:00, 35.52it/s]
Animation 34: FadeIn(Text('El precio y el premio, en números')):  48%|####8     | 29/60 [00:00<00:00, 34.92it/s]
Animation 34: FadeIn(Text('El precio y el premio, en números')):  55%|#####5    | 33/60 [00:00<00:00, 35.09it/s]
Animation 34: FadeIn(Text('El precio y el premio, en números')):  62%|######1   | 37/60 [00:01<00:00, 35.71it/s]
Animation 34: FadeIn(Text('El precio y el premio, en números')):  68%|######8   | 41/60 [00:01<00:00, 35.65it/s]
Animation 34: FadeIn(Text('El precio y el premio, en números')):  75%|#######5  | 45/60 [00:01<00:00, 33.62it/s]
Animation 34: FadeIn(Text('El precio y el premio, en números')):  82%|########1 | 49/60 [00:01<00:00, 30.88it/s]
Animation 34: FadeIn(Text('El precio y el premio, en números')):  88%|########8 | 53/60 [00:01<00:00, 30.11it/s]
Animation 34: FadeIn(Text('El precio y el premio, en números')):  95%|#########5| 57/60 [00:01<00:00, 30.49it/s]
[09/11/26 11:11:23] INFO     Animation 34 : Partial    scene_file_writer.py:192
                             movie file written in                             
                             'C:\Users\Nacho\Documents                         
                             \Animaciones\Capitulo                             
                             13\media\videos\s08_antip                         
                             odal\1080p60\partial_movi                         
                             e_files\OnOffAntipodal\29                         
                             32440949_3214511044_21757                         
                             41815.mp4'                                        
                                                                                                                

Animation 35: Create(Axes of 2 submobjects), etc.:   0%|          | 0/60 [00:00<?, ?it/s]
Animation 35: Create(Axes of 2 submobjects), etc.:  12%|#1        | 7/60 [00:00<00:00, 59.46it/s]
Animation 35: Create(Axes of 2 submobjects), etc.:  22%|##1       | 13/60 [00:00<00:01, 35.87it/s]
Animation 35: Create(Axes of 2 submobjects), etc.:  30%|###       | 18/60 [00:00<00:01, 38.90it/s]
Animation 35: Create(Axes of 2 submobjects), etc.:  40%|####      | 24/60 [00:00<00:00, 42.99it/s]
Animation 35: Create(Axes of 2 submobjects), etc.:  48%|####8     | 29/60 [00:00<00:00, 43.48it/s]
Animation 35: Create(Axes of 2 submobjects), etc.:  57%|#####6    | 34/60 [00:00<00:00, 41.99it/s]
Animation 35: Create(Axes of 2 submobjects), etc.:  65%|######5   | 39/60 [00:00<00:00, 44.06it/s]
Animation 35: Create(Axes of 2 submobjects), etc.:  73%|#######3  | 44/60 [00:01<00:00, 44.83it/s]
Animation 35: Create(Axes of 2 submobjects), etc.:  82%|########1 | 49/60 [00:01<00:00, 44.54it/s]
Animation 35: Create(Axes of 2 submobjects), etc.:  90%|######### | 54/60 [00:01<00:00, 44.79it/s]
Animation 35: Create(Axes of 2 submobjects), etc.:  98%|#########8| 59/60 [00:01<00:00, 44.65it/s]
[09/11/26 11:11:25] INFO     Animation 35 : Partial    scene_file_writer.py:192
                             movie file written in                             
                             'C:\Users\Nacho\Documents                         
                             \Animaciones\Capitulo                             
                             13\media\videos\s08_antip                         
                             odal\1080p60\partial_movi                         
                             e_files\OnOffAntipodal\29                         
                             32440949_380471392_114645                         
                             7628.mp4'                                         
                                                                                                  

Animation 36: Create(VMobject), etc.:   0%|          | 0/60 [00:00<?, ?it/s]
Animation 36: Create(VMobject), etc.:  12%|#1        | 7/60 [00:00<00:00, 66.74it/s]
Animation 36: Create(VMobject), etc.:  23%|##3       | 14/60 [00:00<00:00, 58.97it/s]
Animation 36: Create(VMobject), etc.:  33%|###3      | 20/60 [00:00<00:00, 54.89it/s]
Animation 36: Create(VMobject), etc.:  43%|####3     | 26/60 [00:00<00:00, 53.46it/s]
Animation 36: Create(VMobject), etc.:  53%|#####3    | 32/60 [00:00<00:00, 52.85it/s]
Animation 36: Create(VMobject), etc.:  63%|######3   | 38/60 [00:00<00:00, 51.93it/s]
Animation 36: Create(VMobject), etc.:  73%|#######3  | 44/60 [00:00<00:00, 48.39it/s]
Animation 36: Create(VMobject), etc.:  82%|########1 | 49/60 [00:00<00:00, 46.63it/s]
Animation 36: Create(VMobject), etc.:  92%|#########1| 55/60 [00:01<00:00, 47.83it/s]
Animation 36: Create(VMobject), etc.: 100%|##########| 60/60 [00:01<00:00, 47.56it/s]
[09/11/26 11:11:27] INFO     Animation 36 : Partial    scene_file_writer.py:192
                             movie file written in                             
                             'C:\Users\Nacho\Documents                         
                             \Animaciones\Capitulo                             
                             13\media\videos\s08_antip                         
                             odal\1080p60\partial_movi                         
                             e_files\OnOffAntipodal\29                         
                             32440949_409723993_340767                         
                             6850.mp4'                                         
                                                                                     

Animation 37: Create(VMobject), etc.:   0%|          | 0/60 [00:00<?, ?it/s]
Animation 37: Create(VMobject), etc.:  12%|#1        | 7/60 [00:00<00:00, 61.20it/s]
Animation 37: Create(VMobject), etc.:  23%|##3       | 14/60 [00:00<00:00, 52.53it/s]
Animation 37: Create(VMobject), etc.:  33%|###3      | 20/60 [00:00<00:00, 49.10it/s]
Animation 37: Create(VMobject), etc.:  43%|####3     | 26/60 [00:00<00:00, 49.48it/s]
Animation 37: Create(VMobject), etc.:  53%|#####3    | 32/60 [00:00<00:00, 50.36it/s]
Animation 37: Create(VMobject), etc.:  63%|######3   | 38/60 [00:00<00:00, 52.06it/s]
Animation 37: Create(VMobject), etc.:  73%|#######3  | 44/60 [00:00<00:00, 49.59it/s]
Animation 37: Create(VMobject), etc.:  83%|########3 | 50/60 [00:01<00:00, 47.40it/s]
Animation 37: Create(VMobject), etc.:  92%|#########1| 55/60 [00:01<00:00, 47.42it/s]
Animation 37: Create(VMobject), etc.: 100%|##########| 60/60 [00:01<00:00, 43.63it/s]
[09/11/26 11:11:29] INFO     Animation 37 : Partial    scene_file_writer.py:192
                             movie file written in                             
                             'C:\Users\Nacho\Documents                         
                             \Animaciones\Capitulo                             
                             13\media\videos\s08_antip                         
                             odal\1080p60\partial_movi                         
                             e_files\OnOffAntipodal\29                         
                             32440949_2735185085_11240                         
                             09008.mp4'                                        
                                                                                     

Animation 38: Create(DoubleArrow), etc.:   0%|          | 0/60 [00:00<?, ?it/s]
Animation 38: Create(DoubleArrow), etc.:  15%|#5        | 9/60 [00:00<00:00, 86.74it/s]
Animation 38: Create(DoubleArrow), etc.:  30%|###       | 18/60 [00:00<00:00, 70.39it/s]
Animation 38: Create(DoubleArrow), etc.:  43%|####3     | 26/60 [00:00<00:00, 64.13it/s]
Animation 38: Create(DoubleArrow), etc.:  55%|#####5    | 33/60 [00:00<00:00, 58.48it/s]
Animation 38: Create(DoubleArrow), etc.:  65%|######5   | 39/60 [00:00<00:00, 54.98it/s]
Animation 38: Create(DoubleArrow), etc.:  75%|#######5  | 45/60 [00:00<00:00, 52.80it/s]
Animation 38: Create(DoubleArrow), etc.:  87%|########6 | 52/60 [00:00<00:00, 57.32it/s]
Animation 38: Create(DoubleArrow), etc.:  98%|#########8| 59/60 [00:00<00:00, 57.46it/s]
[09/11/26 11:11:31] INFO     Animation 38 : Partial    scene_file_writer.py:192
                             movie file written in                             
                             'C:\Users\Nacho\Documents                         
                             \Animaciones\Capitulo                             
                             13\media\videos\s08_antip                         
                             odal\1080p60\partial_movi                         
                             e_files\OnOffAntipodal\29                         
                             32440949_3801428820_47787                         
                             4034.mp4'                                         
                                                                                        

Animation 39: FadeIn(Text('antipodal corrida 6 dB respecto de on-off, con la misma potencia de PICO')):   0%|          
| 0/60 [00:00<?, ?it/s]
Animation 39: FadeIn(Text('antipodal corrida 6 dB respecto de on-off, con la misma potencia de PICO')):   7%|6         
| 4/60 [00:00<00:01, 28.78it/s]
Animation 39: FadeIn(Text('antipodal corrida 6 dB respecto de on-off, con la misma potencia de PICO')):  12%|#1        
| 7/60 [00:00<00:01, 26.90it/s]
Animation 39: FadeIn(Text('antipodal corrida 6 dB respecto de on-off, con la misma potencia de PICO')):  17%|#6        
| 10/60 [00:00<00:01, 26.08it/s]
Animation 39: FadeIn(Text('antipodal corrida 6 dB respecto de on-off, con la misma potencia de PICO')):  22%|##1       
| 13/60 [00:00<00:01, 25.81it/s]
Animation 39: FadeIn(Text('antipodal corrida 6 dB respecto de on-off, con la misma potencia de PICO')):  27%|##6       
| 16/60 [00:00<00:01, 25.48it/s]
Animation 39: FadeIn(Text('antipodal corrida 6 dB respecto de on-off, con la misma potencia de PICO')):  32%|###1      
| 19/60 [00:00<00:01, 25.57it/s]
Animation 39: FadeIn(Text('antipodal corrida 6 dB respecto de on-off, con la misma potencia de PICO')):  37%|###6      
| 22/60 [00:00<00:01, 25.43it/s]
Animation 39: FadeIn(Text('antipodal corrida 6 dB respecto de on-off, con la misma potencia de PICO')):  42%|####1     
| 25/60 [00:00<00:01, 24.36it/s]
Animation 39: FadeIn(Text('antipodal corrida 6 dB respecto de on-off, con la misma potencia de PICO')):  47%|####6     
| 28/60 [00:01<00:01, 24.30it/s]
Animation 39: FadeIn(Text('antipodal corrida 6 dB respecto de on-off, con la misma potencia de PICO')):  52%|#####1    
| 31/60 [00:01<00:01, 24.55it/s]
Animation 39: FadeIn(Text('antipodal corrida 6 dB respecto de on-off, con la misma potencia de PICO')):  57%|#####6    
| 34/60 [00:01<00:01, 24.72it/s]
Animation 39: FadeIn(Text('antipodal corrida 6 dB respecto de on-off, con la misma potencia de PICO')):  62%|######1   
| 37/60 [00:01<00:00, 24.54it/s]
Animation 39: FadeIn(Text('antipodal corrida 6 dB respecto de on-off, con la misma potencia de PICO')):  67%|######6   
| 40/60 [00:01<00:00, 24.19it/s]
Animation 39: FadeIn(Text('antipodal corrida 6 dB respecto de on-off, con la misma potencia de PICO')):  72%|#######1  
| 43/60 [00:01<00:00, 21.86it/s]
Animation 39: FadeIn(Text('antipodal corrida 6 dB respecto de on-off, con la misma potencia de PICO')):  77%|#######6  
| 46/60 [00:01<00:00, 20.81it/s]
Animation 39: FadeIn(Text('antipodal corrida 6 dB respecto de on-off, con la misma potencia de PICO')):  82%|########1 
| 49/60 [00:02<00:00, 21.39it/s]
Animation 39: FadeIn(Text('antipodal corrida 6 dB respecto de on-off, con la misma potencia de PICO')):  87%|########6 
| 52/60 [00:02<00:00, 21.86it/s]
Animation 39: FadeIn(Text('antipodal corrida 6 dB respecto de on-off, con la misma potencia de PICO')):  
92%|#########1| 55/60 [00:02<00:00, 22.26it/s]
Animation 39: FadeIn(Text('antipodal corrida 6 dB respecto de on-off, con la misma potencia de PICO')):  
97%|#########6| 58/60 [00:02<00:00, 22.30it/s]
[09/11/26 11:11:35] INFO     Animation 39 : Partial    scene_file_writer.py:192
                             movie file written in                             
                             'C:\Users\Nacho\Documents                         
                             \Animaciones\Capitulo                             
                             13\media\videos\s08_antip                         
                             odal\1080p60\partial_movi                         
                             e_files\OnOffAntipodal\29                         
                             32440949_621569560_297441                         
                             0491.mp4'                                         
[09/11/26 11:11:39] INFO     Animation 40 : Partial    scene_file_writer.py:192
                             movie file written in                             
                             'C:\Users\Nacho\Documents                         
                             \Animaciones\Capitulo                             
                             13\media\videos\s08_antip                         
                             odal\1080p60\partial_movi                         
                             e_files\OnOffAntipodal\29                         
                             32440949_349589963_456332                         
                             852.mp4'                                          
                                                                                                                       
                                

Animation 41: FadeOut(VGroup of 10 submobjects):   0%|          | 0/60 [00:00<?, ?it/s]
Animation 41: FadeOut(VGroup of 10 submobjects):   3%|3         | 2/60 [00:00<00:03, 16.97it/s]
Animation 41: FadeOut(VGroup of 10 submobjects):   7%|6         | 4/60 [00:00<00:03, 15.53it/s]
Animation 41: FadeOut(VGroup of 10 submobjects):  10%|#         | 6/60 [00:00<00:03, 15.39it/s]
Animation 41: FadeOut(VGroup of 10 submobjects):  13%|#3        | 8/60 [00:00<00:03, 15.40it/s]
Animation 41: FadeOut(VGroup of 10 submobjects):  17%|#6        | 10/60 [00:00<00:03, 15.29it/s]
Animation 41: FadeOut(VGroup of 10 submobjects):  20%|##        | 12/60 [00:00<00:03, 15.28it/s]
Animation 41: FadeOut(VGroup of 10 submobjects):  23%|##3       | 14/60 [00:00<00:02, 15.53it/s]
Animation 41: FadeOut(VGroup of 10 submobjects):  27%|##6       | 16/60 [00:01<00:02, 15.69it/s]
Animation 41: FadeOut(VGroup of 10 submobjects):  30%|###       | 18/60 [00:01<00:02, 15.79it/s]
Animation 41: FadeOut(VGroup of 10 submobjects):  33%|###3      | 20/60 [00:01<00:02, 15.71it/s]
Animation 41: FadeOut(VGroup of 10 submobjects):  37%|###6      | 22/60 [00:01<00:02, 15.97it/s]
Animation 41: FadeOut(VGroup of 10 submobjects):  40%|####      | 24/60 [00:01<00:02, 16.17it/s]
Animation 41: FadeOut(VGroup of 10 submobjects):  43%|####3     | 26/60 [00:01<00:02, 16.28it/s]
Animation 41: FadeOut(VGroup of 10 submobjects):  47%|####6     | 28/60 [00:01<00:01, 16.01it/s]
Animation 41: FadeOut(VGroup of 10 submobjects):  50%|#####     | 30/60 [00:01<00:01, 15.95it/s]
Animation 41: FadeOut(VGroup of 10 submobjects):  53%|#####3    | 32/60 [00:02<00:01, 16.02it/s]
Animation 41: FadeOut(VGroup of 10 submobjects):  57%|#####6    | 34/60 [00:02<00:01, 15.96it/s]
Animation 41: FadeOut(VGroup of 10 submobjects):  60%|######    | 36/60 [00:02<00:01, 15.79it/s]
Animation 41: FadeOut(VGroup of 10 submobjects):  63%|######3   | 38/60 [00:02<00:01, 15.67it/s]
Animation 41: FadeOut(VGroup of 10 submobjects):  67%|######6   | 40/60 [00:02<00:01, 15.62it/s]
Animation 41: FadeOut(VGroup of 10 submobjects):  70%|#######   | 42/60 [00:02<00:01, 15.72it/s]
Animation 41: FadeOut(VGroup of 10 submobjects):  73%|#######3  | 44/60 [00:02<00:01, 13.84it/s]
Animation 41: FadeOut(VGroup of 10 submobjects):  77%|#######6  | 46/60 [00:03<00:01, 13.42it/s]
Animation 41: FadeOut(VGroup of 10 submobjects):  80%|########  | 48/60 [00:03<00:00, 13.58it/s]
Animation 41: FadeOut(VGroup of 10 submobjects):  83%|########3 | 50/60 [00:03<00:00, 13.99it/s]
Animation 41: FadeOut(VGroup of 10 submobjects):  87%|########6 | 52/60 [00:03<00:00, 13.94it/s]
Animation 41: FadeOut(VGroup of 10 submobjects):  90%|######### | 54/60 [00:03<00:00, 14.31it/s]
Animation 41: FadeOut(VGroup of 10 submobjects):  93%|#########3| 56/60 [00:03<00:00, 14.23it/s]
Animation 41: FadeOut(VGroup of 10 submobjects):  97%|#########6| 58/60 [00:03<00:00, 14.29it/s]
Animation 41: FadeOut(VGroup of 10 submobjects): 100%|##########| 60/60 [00:03<00:00, 14.74it/s]
[09/11/26 11:11:45] INFO     Animation 41 : Partial    scene_file_writer.py:192
                             movie file written in                             
                             'C:\Users\Nacho\Documents                         
                             \Animaciones\Capitulo                             
                             13\media\videos\s08_antip                         
                             odal\1080p60\partial_movi                         
                             e_files\OnOffAntipodal\29                         
                             32440949_3257756173_15277                         
                             84211.mp4'                                        
                                                                                                

Animation 42: FadeIn(Text('Es gratis en potencia de pico:')):   0%|          | 0/36 [00:00<?, ?it/s]
Animation 42: FadeIn(Text('Es gratis en potencia de pico:')):  11%|#1        | 4/36 [00:00<00:00, 38.49it/s]
Animation 42: FadeIn(Text('Es gratis en potencia de pico:')):  22%|##2       | 8/36 [00:00<00:00, 36.49it/s]
Animation 42: FadeIn(Text('Es gratis en potencia de pico:')):  33%|###3      | 12/36 [00:00<00:00, 36.55it/s]
Animation 42: FadeIn(Text('Es gratis en potencia de pico:')):  44%|####4     | 16/36 [00:00<00:00, 36.40it/s]
Animation 42: FadeIn(Text('Es gratis en potencia de pico:')):  56%|#####5    | 20/36 [00:00<00:00, 35.85it/s]
Animation 42: FadeIn(Text('Es gratis en potencia de pico:')):  67%|######6   | 24/36 [00:00<00:00, 36.18it/s]
Animation 42: FadeIn(Text('Es gratis en potencia de pico:')):  78%|#######7  | 28/36 [00:00<00:00, 36.05it/s]
Animation 42: FadeIn(Text('Es gratis en potencia de pico:')):  89%|########8 | 32/36 [00:00<00:00, 35.89it/s]
Animation 42: FadeIn(Text('Es gratis en potencia de pico:')): 100%|##########| 36/36 [00:00<00:00, 35.75it/s]
[09/11/26 11:11:47] INFO     Animation 42 : Partial    scene_file_writer.py:192
                             movie file written in                             
                             'C:\Users\Nacho\Documents                         
                             \Animaciones\Capitulo                             
                             13\media\videos\s08_antip                         
                             odal\1080p60\partial_movi                         
                             e_files\OnOffAntipodal\29                         
                             32440949_1788822615_97353                         
                             4362.mp4'                                         
                                                                                                             

Animation 43: FadeIn(Text('solo sube la potencia media.')):   0%|          | 0/36 [00:00<?, ?it/s]
Animation 43: FadeIn(Text('solo sube la potencia media.')):  14%|#3        | 5/36 [00:00<00:00, 41.57it/s]
Animation 43: FadeIn(Text('solo sube la potencia media.')):  28%|##7       | 10/36 [00:00<00:00, 38.09it/s]
Animation 43: FadeIn(Text('solo sube la potencia media.')):  39%|###8      | 14/36 [00:00<00:00, 37.58it/s]
Animation 43: FadeIn(Text('solo sube la potencia media.')):  50%|#####     | 18/36 [00:00<00:00, 37.49it/s]
Animation 43: FadeIn(Text('solo sube la potencia media.')):  61%|######1   | 22/36 [00:00<00:00, 37.29it/s]
Animation 43: FadeIn(Text('solo sube la potencia media.')):  72%|#######2  | 26/36 [00:00<00:00, 37.21it/s]
Animation 43: FadeIn(Text('solo sube la potencia media.')):  83%|########3 | 30/36 [00:00<00:00, 36.46it/s]
Animation 43: FadeIn(Text('solo sube la potencia media.')):  94%|#########4| 34/36 [00:00<00:00, 36.44it/s]
[09/11/26 11:11:49] INFO     Animation 43 : Partial    scene_file_writer.py:192
                             movie file written in                             
                             'C:\Users\Nacho\Documents                         
                             \Animaciones\Capitulo                             
                             13\media\videos\s08_antip                         
                             odal\1080p60\partial_movi                         
                             e_files\OnOffAntipodal\29                         
                             32440949_4268105947_35838                         
                             82843.mp4'                                        
                                                                                                           

Animation 44: FadeIn(Text('Por eso casi todo sistema digital usa antipodal.')):   0%|          | 0/36 [00:00<?, ?it/s]
Animation 44: FadeIn(Text('Por eso casi todo sistema digital usa antipodal.')):  11%|#1        | 4/36 [00:00<00:00, 
34.36it/s]
Animation 44: FadeIn(Text('Por eso casi todo sistema digital usa antipodal.')):  22%|##2       | 8/36 [00:00<00:00, 
30.66it/s]
Animation 44: FadeIn(Text('Por eso casi todo sistema digital usa antipodal.')):  33%|###3      | 12/36 [00:00<00:00, 
30.01it/s]
Animation 44: FadeIn(Text('Por eso casi todo sistema digital usa antipodal.')):  44%|####4     | 16/36 [00:00<00:00, 
29.75it/s]
Animation 44: FadeIn(Text('Por eso casi todo sistema digital usa antipodal.')):  53%|#####2    | 19/36 [00:00<00:00, 
29.61it/s]
Animation 44: FadeIn(Text('Por eso casi todo sistema digital usa antipodal.')):  61%|######1   | 22/36 [00:00<00:00, 
29.54it/s]
Animation 44: FadeIn(Text('Por eso casi todo sistema digital usa antipodal.')):  69%|######9   | 25/36 [00:00<00:00, 
29.55it/s]
Animation 44: FadeIn(Text('Por eso casi todo sistema digital usa antipodal.')):  78%|#######7  | 28/36 [00:00<00:00, 
29.60it/s]
Animation 44: FadeIn(Text('Por eso casi todo sistema digital usa antipodal.')):  86%|########6 | 31/36 [00:01<00:00, 
29.25it/s]
Animation 44: FadeIn(Text('Por eso casi todo sistema digital usa antipodal.')):  94%|#########4| 34/36 [00:01<00:00, 
29.35it/s]
[09/11/26 11:11:51] INFO     Animation 44 : Partial    scene_file_writer.py:192
                             movie file written in                             
                             'C:\Users\Nacho\Documents                         
                             \Animaciones\Capitulo                             
                             13\media\videos\s08_antip                         
                             odal\1080p60\partial_movi                         
                             e_files\OnOffAntipodal\29                         
                             32440949_748849243_174273                         
                             6725.mp4'                                         
[09/11/26 11:11:55] INFO     Animation 45 : Partial    scene_file_writer.py:192
                             movie file written in                             
                             'C:\Users\Nacho\Documents                         
                             \Animaciones\Capitulo                             
                             13\media\videos\s08_antip                         
                             odal\1080p60\partial_movi                         
                             e_files\OnOffAntipodal\29                         
                             32440949_266979614_622241                         
                             362.mp4'                                          
                                                                                                                       
        

Animation 46: FadeOut(VGroup of 2 submobjects):   0%|          | 0/60 [00:00<?, ?it/s]
Animation 46: FadeOut(VGroup of 2 submobjects):   3%|3         | 2/60 [00:00<00:03, 16.78it/s]
Animation 46: FadeOut(VGroup of 2 submobjects):   7%|6         | 4/60 [00:00<00:03, 16.83it/s]
Animation 46: FadeOut(VGroup of 2 submobjects):  10%|#         | 6/60 [00:00<00:03, 16.80it/s]
Animation 46: FadeOut(VGroup of 2 submobjects):  13%|#3        | 8/60 [00:00<00:03, 16.42it/s]
Animation 46: FadeOut(VGroup of 2 submobjects):  17%|#6        | 10/60 [00:00<00:03, 16.25it/s]
Animation 46: FadeOut(VGroup of 2 submobjects):  20%|##        | 12/60 [00:00<00:02, 16.53it/s]
Animation 46: FadeOut(VGroup of 2 submobjects):  23%|##3       | 14/60 [00:00<00:02, 16.59it/s]
Animation 46: FadeOut(VGroup of 2 submobjects):  27%|##6       | 16/60 [00:00<00:02, 16.57it/s]
Animation 46: FadeOut(VGroup of 2 submobjects):  30%|###       | 18/60 [00:01<00:02, 16.65it/s]
Animation 46: FadeOut(VGroup of 2 submobjects):  33%|###3      | 20/60 [00:01<00:02, 16.76it/s]
Animation 46: FadeOut(VGroup of 2 submobjects):  37%|###6      | 22/60 [00:01<00:02, 16.84it/s]
Animation 46: FadeOut(VGroup of 2 submobjects):  40%|####      | 24/60 [00:01<00:02, 16.59it/s]
Animation 46: FadeOut(VGroup of 2 submobjects):  43%|####3     | 26/60 [00:01<00:02, 16.36it/s]
Animation 46: FadeOut(VGroup of 2 submobjects):  47%|####6     | 28/60 [00:01<00:01, 16.51it/s]
Animation 46: FadeOut(VGroup of 2 submobjects):  50%|#####     | 30/60 [00:01<00:01, 16.54it/s]
Animation 46: FadeOut(VGroup of 2 submobjects):  53%|#####3    | 32/60 [00:01<00:01, 16.61it/s]
Animation 46: FadeOut(VGroup of 2 submobjects):  57%|#####6    | 34/60 [00:02<00:01, 16.47it/s]
Animation 46: FadeOut(VGroup of 2 submobjects):  60%|######    | 36/60 [00:02<00:01, 16.47it/s]
Animation 46: FadeOut(VGroup of 2 submobjects):  63%|######3   | 38/60 [00:02<00:01, 16.38it/s]
Animation 46: FadeOut(VGroup of 2 submobjects):  67%|######6   | 40/60 [00:02<00:01, 16.26it/s]
Animation 46: FadeOut(VGroup of 2 submobjects):  70%|#######   | 42/60 [00:02<00:01, 16.03it/s]
Animation 46: FadeOut(VGroup of 2 submobjects):  73%|#######3  | 44/60 [00:02<00:01, 14.06it/s]
Animation 46: FadeOut(VGroup of 2 submobjects):  77%|#######6  | 46/60 [00:02<00:01, 13.26it/s]
Animation 46: FadeOut(VGroup of 2 submobjects):  80%|########  | 48/60 [00:03<00:00, 13.60it/s]
Animation 46: FadeOut(VGroup of 2 submobjects):  83%|########3 | 50/60 [00:03<00:00, 14.02it/s]
Animation 46: FadeOut(VGroup of 2 submobjects):  87%|########6 | 52/60 [00:03<00:00, 13.94it/s]
Animation 46: FadeOut(VGroup of 2 submobjects):  90%|######### | 54/60 [00:03<00:00, 14.41it/s]
Animation 46: FadeOut(VGroup of 2 submobjects):  93%|#########3| 56/60 [00:03<00:00, 14.44it/s]
Animation 46: FadeOut(VGroup of 2 submobjects):  97%|#########6| 58/60 [00:03<00:00, 14.82it/s]
Animation 46: FadeOut(VGroup of 2 submobjects): 100%|##########| 60/60 [00:03<00:00, 15.21it/s]
[09/11/26 11:12:01] INFO     Animation 46 : Partial    scene_file_writer.py:192
                             movie file written in                             
                             'C:\Users\Nacho\Documents                         
                             \Animaciones\Capitulo                             
                             13\media\videos\s08_antip                         
                             odal\1080p60\partial_movi                         
                             e_files\OnOffAntipodal\29                         
                             32440949_1829293582_37920                         
                             22463.mp4'                                        
[09/11/26 11:12:02] INFO     Animation 47 : Partial    scene_file_writer.py:192
                             movie file written in                             
                             'C:\Users\Nacho\Documents                         
                             \Animaciones\Capitulo                             
                             13\media\videos\s08_antip                         
                             odal\1080p60\partial_movi                         
                             e_files\OnOffAntipodal\29                         
                             32440949_4235033027_30073                         
                             09624.mp4'                                        
                    INFO     Combining to Movie file.  scene_file_writer.py:952
                    INFO                              scene_file_writer.py:1103
                             File ready at                                     
                             'C:\Users\Nacho\Document                          
                             s\Animaciones\Capitulo                            
                             13\media\videos\s08_anti                          
                             podal\1080p60\OnOffAntip                          
                             odal.mp4'                                         
                                                                               
                    INFO     Rendered OnOffAntipodal               scene.py:290
                             Played 48 animations                              
                                                                                               
