Manim Community v0.21.0

manim.exe : 
En C:\Users\Nacho\Documents\Animaciones\Capitulo 7\render.ps1: 49 Carácter: 9
+         & manim "-$Calidad" $e.archivo $e.escena *>> $log
+         ~~~~~~~~~~~~~~~~~~~~~~~~~~~~~~~~~~~~~~~~~~~~~~~~~
    + CategoryInfo          : NotSpecified: (:String) [], RemoteException
    + FullyQualifiedErrorId : NativeCommandError
 
Animation 0: FadeIn(Text('Condicionar es achicar el universo')):   0%|          | 0/60 [00:00<?, ?it/s]
Animation 0: FadeIn(Text('Condicionar es achicar el universo')):  18%|#8        | 11/60 [00:00<00:00, 100.42it/s]
Animation 0: FadeIn(Text('Condicionar es achicar el universo')):  37%|###6      | 22/60 [00:00<00:00, 101.17it/s]
Animation 0: FadeIn(Text('Condicionar es achicar el universo')):  55%|#####5    | 33/60 [00:00<00:00, 99.05it/s] 
Animation 0: FadeIn(Text('Condicionar es achicar el universo')):  73%|#######3  | 44/60 [00:00<00:00, 100.49it/s]
Animation 0: FadeIn(Text('Condicionar es achicar el universo')):  93%|#########3| 56/60 [00:00<00:00, 107.01it/s]
[09/10/26 10:26:31] INFO     Animation 0 : Partial     scene_file_writer.py:192
                             movie file written in                             
                             'C:\Users\Nacho\Documents                         
                             \Animaciones\Capitulo                             
                             7\media\videos\s01_bayes\                         
                             1080p60\partial_movie_fil                         
                             es\Bayes\3010004561_76443                         
                             070_223132457.mp4'                                
[09/10/26 10:26:32] INFO     Animation 1 : Partial     scene_file_writer.py:192
                             movie file written in                             
                             'C:\Users\Nacho\Documents                         
                             \Animaciones\Capitulo                             
                             7\media\videos\s01_bayes\                         
                             1080p60\partial_movie_fil                         
                             es\Bayes\2932440949_42350                         
                             33027_1992172184.mp4'                             
                                                                                                                 

Animation 2: Create(Rectangle), etc.:   0%|          | 0/60 [00:00<?, ?it/s]
Animation 2: Create(Rectangle), etc.:  35%|###5      | 21/60 [00:00<00:00, 206.22it/s]
Animation 2: Create(Rectangle), etc.:  70%|#######   | 42/60 [00:00<00:00, 165.11it/s]
Animation 2: Create(Rectangle), etc.: 100%|##########| 60/60 [00:00<00:00, 162.37it/s]
[09/10/26 10:26:33] INFO     Animation 2 : Partial     scene_file_writer.py:192
                             movie file written in                             
                             'C:\Users\Nacho\Documents                         
                             \Animaciones\Capitulo                             
                             7\media\videos\s01_bayes\                         
                             1080p60\partial_movie_fil                         
                             es\Bayes\2932440949_25603                         
                             81467_3930562037.mp4'                             
                                                                                      

Animation 3: Create(Circle), etc.:   0%|          | 0/60 [00:00<?, ?it/s]
Animation 3: Create(Circle), etc.:  12%|#1        | 7/60 [00:00<00:00, 60.34it/s]
Animation 3: Create(Circle), etc.:  23%|##3       | 14/60 [00:00<00:01, 45.27it/s]
Animation 3: Create(Circle), etc.:  32%|###1      | 19/60 [00:00<00:00, 46.37it/s]
Animation 3: Create(Circle), etc.:  40%|####      | 24/60 [00:00<00:00, 45.85it/s]
Animation 3: Create(Circle), etc.:  48%|####8     | 29/60 [00:00<00:00, 45.47it/s]
Animation 3: Create(Circle), etc.:  57%|#####6    | 34/60 [00:00<00:00, 44.43it/s]
Animation 3: Create(Circle), etc.:  65%|######5   | 39/60 [00:00<00:00, 40.96it/s]
Animation 3: Create(Circle), etc.:  73%|#######3  | 44/60 [00:01<00:00, 36.19it/s]
Animation 3: Create(Circle), etc.:  80%|########  | 48/60 [00:01<00:00, 35.67it/s]
Animation 3: Create(Circle), etc.:  90%|######### | 54/60 [00:01<00:00, 40.89it/s]
Animation 3: Create(Circle), etc.:  98%|#########8| 59/60 [00:01<00:00, 42.35it/s]
[09/10/26 10:26:35] INFO     Animation 3 : Partial     scene_file_writer.py:192
                             movie file written in                             
                             'C:\Users\Nacho\Documents                         
                             \Animaciones\Capitulo                             
                             7\media\videos\s01_bayes\                         
                             1080p60\partial_movie_fil                         
                             es\Bayes\2932440949_37980                         
                             92967_1267449917.mp4'                             
[09/10/26 10:26:36] INFO     Animation 4 : Partial     scene_file_writer.py:192
                             movie file written in                             
                             'C:\Users\Nacho\Documents                         
                             \Animaciones\Capitulo                             
                             7\media\videos\s01_bayes\                         
                             1080p60\partial_movie_fil                         
                             es\Bayes\2932440949_12515                         
                             2860_370592863.mp4'                               
                                                                                  

Animation 5: FadeIn(Text('dato: ocurrió B')):   0%|          | 0/60 [00:00<?, ?it/s]
Animation 5: FadeIn(Text('dato: ocurrió B')):  10%|#         | 6/60 [00:00<00:01, 45.88it/s]
Animation 5: FadeIn(Text('dato: ocurrió B')):  18%|#8        | 11/60 [00:00<00:01, 35.54it/s]
Animation 5: FadeIn(Text('dato: ocurrió B')):  25%|##5       | 15/60 [00:00<00:01, 34.68it/s]
Animation 5: FadeIn(Text('dato: ocurrió B')):  32%|###1      | 19/60 [00:00<00:01, 33.10it/s]
Animation 5: FadeIn(Text('dato: ocurrió B')):  38%|###8      | 23/60 [00:00<00:01, 32.80it/s]
Animation 5: FadeIn(Text('dato: ocurrió B')):  45%|####5     | 27/60 [00:00<00:00, 34.57it/s]
Animation 5: FadeIn(Text('dato: ocurrió B')):  53%|#####3    | 32/60 [00:00<00:00, 37.68it/s]
Animation 5: FadeIn(Text('dato: ocurrió B')):  62%|######1   | 37/60 [00:01<00:00, 38.82it/s]
Animation 5: FadeIn(Text('dato: ocurrió B')):  68%|######8   | 41/60 [00:01<00:00, 38.77it/s]
Animation 5: FadeIn(Text('dato: ocurrió B')):  75%|#######5  | 45/60 [00:01<00:00, 37.07it/s]
Animation 5: FadeIn(Text('dato: ocurrió B')):  82%|########1 | 49/60 [00:01<00:00, 37.20it/s]
Animation 5: FadeIn(Text('dato: ocurrió B')):  90%|######### | 54/60 [00:01<00:00, 39.76it/s]
Animation 5: FadeIn(Text('dato: ocurrió B')):  98%|#########8| 59/60 [00:01<00:00, 39.04it/s]
[09/10/26 10:26:38] INFO     Animation 5 : Partial     scene_file_writer.py:192
                             movie file written in                             
                             'C:\Users\Nacho\Documents                         
                             \Animaciones\Capitulo                             
                             7\media\videos\s01_bayes\                         
                             1080p60\partial_movie_fil                         
                             es\Bayes\2932440949_70809                         
                             2932_3303216003.mp4'                              
[09/10/26 10:26:40] INFO     Animation 6 : Partial     scene_file_writer.py:192
                             movie file written in                             
                             'C:\Users\Nacho\Documents                         
                             \Animaciones\Capitulo                             
                             7\media\videos\s01_bayes\                         
                             1080p60\partial_movie_fil                         
                             es\Bayes\2932440949_38809                         
                             68470_2032782335.mp4'                             
                                                                                             

Animation 7: _MethodAnimation(Rectangle), etc.:   0%|          | 0/72 [00:00<?, ?it/s]
Animation 7: _MethodAnimation(Rectangle), etc.:   6%|5         | 4/72 [00:00<00:01, 35.25it/s]
Animation 7: _MethodAnimation(Rectangle), etc.:  11%|#1        | 8/72 [00:00<00:01, 32.45it/s]
Animation 7: _MethodAnimation(Rectangle), etc.:  17%|#6        | 12/72 [00:00<00:02, 28.14it/s]
Animation 7: _MethodAnimation(Rectangle), etc.:  22%|##2       | 16/72 [00:00<00:01, 29.87it/s]
Animation 7: _MethodAnimation(Rectangle), etc.:  28%|##7       | 20/72 [00:00<00:01, 29.56it/s]
Animation 7: _MethodAnimation(Rectangle), etc.:  33%|###3      | 24/72 [00:00<00:01, 29.94it/s]
Animation 7: _MethodAnimation(Rectangle), etc.:  39%|###8      | 28/72 [00:00<00:01, 29.21it/s]
Animation 7: _MethodAnimation(Rectangle), etc.:  43%|####3     | 31/72 [00:01<00:01, 28.88it/s]
Animation 7: _MethodAnimation(Rectangle), etc.:  47%|####7     | 34/72 [00:01<00:01, 28.38it/s]
Animation 7: _MethodAnimation(Rectangle), etc.:  53%|#####2    | 38/72 [00:01<00:01, 30.21it/s]
Animation 7: _MethodAnimation(Rectangle), etc.:  58%|#####8    | 42/72 [00:01<00:00, 31.41it/s]
Animation 7: _MethodAnimation(Rectangle), etc.:  64%|######3   | 46/72 [00:01<00:00, 28.31it/s]
Animation 7: _MethodAnimation(Rectangle), etc.:  68%|######8   | 49/72 [00:01<00:00, 28.70it/s]
Animation 7: _MethodAnimation(Rectangle), etc.:  74%|#######3  | 53/72 [00:01<00:00, 29.26it/s]
Animation 7: _MethodAnimation(Rectangle), etc.:  78%|#######7  | 56/72 [00:01<00:00, 28.87it/s]
Animation 7: _MethodAnimation(Rectangle), etc.:  82%|########1 | 59/72 [00:02<00:00, 28.37it/s]
Animation 7: _MethodAnimation(Rectangle), etc.:  86%|########6 | 62/72 [00:02<00:00, 28.76it/s]
Animation 7: _MethodAnimation(Rectangle), etc.:  92%|#########1| 66/72 [00:02<00:00, 30.22it/s]
Animation 7: _MethodAnimation(Rectangle), etc.:  97%|#########7| 70/72 [00:02<00:00, 31.98it/s]
[09/10/26 10:26:43] INFO     Animation 7 : Partial     scene_file_writer.py:192
                             movie file written in                             
                             'C:\Users\Nacho\Documents                         
                             \Animaciones\Capitulo                             
                             7\media\videos\s01_bayes\                         
                             1080p60\partial_movie_fil                         
                             es\Bayes\2932440949_97221                         
                             4048_1728115737.mp4'                              
                                                                                               

Animation 8: FadeIn(Intersection):   0%|          | 0/60 [00:00<?, ?it/s]
Animation 8: FadeIn(Intersection):  13%|#3        | 8/60 [00:00<00:00, 72.27it/s]
Animation 8: FadeIn(Intersection):  27%|##6       | 16/60 [00:00<00:00, 58.82it/s]
Animation 8: FadeIn(Intersection):  38%|###8      | 23/60 [00:00<00:00, 59.39it/s]
Animation 8: FadeIn(Intersection):  50%|#####     | 30/60 [00:00<00:00, 58.46it/s]
Animation 8: FadeIn(Intersection):  60%|######    | 36/60 [00:00<00:00, 58.63it/s]
Animation 8: FadeIn(Intersection):  70%|#######   | 42/60 [00:00<00:00, 58.43it/s]
Animation 8: FadeIn(Intersection):  80%|########  | 48/60 [00:00<00:00, 55.89it/s]
Animation 8: FadeIn(Intersection):  90%|######### | 54/60 [00:00<00:00, 51.35it/s]
Animation 8: FadeIn(Intersection): 100%|##########| 60/60 [00:01<00:00, 49.48it/s]
[09/10/26 10:26:45] INFO     Animation 8 : Partial     scene_file_writer.py:192
                             movie file written in                             
                             'C:\Users\Nacho\Documents                         
                             \Animaciones\Capitulo                             
                             7\media\videos\s01_bayes\                         
                             1080p60\partial_movie_fil                         
                             es\Bayes\2932440949_97040                         
                             3978_473817741.mp4'                               
                                                                                  

Animation 9: FadeIn(MathTex('A\\cap B')), etc.:   0%|          | 0/60 [00:00<?, ?it/s]
Animation 9: FadeIn(MathTex('A\\cap B')), etc.:  12%|#1        | 7/60 [00:00<00:00, 62.05it/s]
Animation 9: FadeIn(MathTex('A\\cap B')), etc.:  23%|##3       | 14/60 [00:00<00:00, 46.45it/s]
Animation 9: FadeIn(MathTex('A\\cap B')), etc.:  32%|###1      | 19/60 [00:00<00:00, 42.15it/s]
Animation 9: FadeIn(MathTex('A\\cap B')), etc.:  40%|####      | 24/60 [00:00<00:00, 42.46it/s]
Animation 9: FadeIn(MathTex('A\\cap B')), etc.:  48%|####8     | 29/60 [00:00<00:00, 41.25it/s]
Animation 9: FadeIn(MathTex('A\\cap B')), etc.:  57%|#####6    | 34/60 [00:00<00:00, 39.66it/s]
Animation 9: FadeIn(MathTex('A\\cap B')), etc.:  63%|######3   | 38/60 [00:00<00:00, 38.78it/s]
Animation 9: FadeIn(MathTex('A\\cap B')), etc.:  72%|#######1  | 43/60 [00:01<00:00, 40.90it/s]
Animation 9: FadeIn(MathTex('A\\cap B')), etc.:  80%|########  | 48/60 [00:01<00:00, 39.71it/s]
Animation 9: FadeIn(MathTex('A\\cap B')), etc.:  90%|######### | 54/60 [00:01<00:00, 44.40it/s]
Animation 9: FadeIn(MathTex('A\\cap B')), etc.: 100%|##########| 60/60 [00:01<00:00, 47.76it/s]
[09/10/26 10:26:47] INFO     Animation 9 : Partial     scene_file_writer.py:192
                             movie file written in                             
                             'C:\Users\Nacho\Documents                         
                             \Animaciones\Capitulo                             
                             7\media\videos\s01_bayes\                         
                             1080p60\partial_movie_fil                         
                             es\Bayes\2932440949_42848                         
                             82758_1192517623.mp4'                             
[09/10/26 10:26:49] INFO     Animation 10 : Partial    scene_file_writer.py:192
                             movie file written in                             
                             'C:\Users\Nacho\Documents                         
                             \Animaciones\Capitulo                             
                             7\media\videos\s01_bayes\                         
                             1080p60\partial_movie_fil                         
                             es\Bayes\2932440949_94161                         
                             5173_3006287578.mp4'                              
                                                                                               

Animation 11: Write(MathTex('P(A\\mid B) = \\frac{P(A\\cap B)}{P(B)}')):   0%|          | 0/120 [00:00<?, ?it/s]
Animation 11: Write(MathTex('P(A\\mid B) = \\frac{P(A\\cap B)}{P(B)}')):   4%|4         | 5/120 [00:00<00:02, 
47.15it/s]
Animation 11: Write(MathTex('P(A\\mid B) = \\frac{P(A\\cap B)}{P(B)}')):   8%|8         | 10/120 [00:00<00:02, 
44.03it/s]
Animation 11: Write(MathTex('P(A\\mid B) = \\frac{P(A\\cap B)}{P(B)}')):  12%|#2        | 15/120 [00:00<00:02, 
37.92it/s]
Animation 11: Write(MathTex('P(A\\mid B) = \\frac{P(A\\cap B)}{P(B)}')):  16%|#5        | 19/120 [00:00<00:02, 
36.63it/s]
Animation 11: Write(MathTex('P(A\\mid B) = \\frac{P(A\\cap B)}{P(B)}')):  19%|#9        | 23/120 [00:00<00:02, 
37.64it/s]
Animation 11: Write(MathTex('P(A\\mid B) = \\frac{P(A\\cap B)}{P(B)}')):  22%|##2       | 27/120 [00:00<00:02, 
37.25it/s]
Animation 11: Write(MathTex('P(A\\mid B) = \\frac{P(A\\cap B)}{P(B)}')):  26%|##5       | 31/120 [00:00<00:02, 
34.27it/s]
Animation 11: Write(MathTex('P(A\\mid B) = \\frac{P(A\\cap B)}{P(B)}')):  29%|##9       | 35/120 [00:00<00:02, 
32.85it/s]
Animation 11: Write(MathTex('P(A\\mid B) = \\frac{P(A\\cap B)}{P(B)}')):  32%|###2      | 39/120 [00:01<00:02, 
33.41it/s]
Animation 11: Write(MathTex('P(A\\mid B) = \\frac{P(A\\cap B)}{P(B)}')):  36%|###5      | 43/120 [00:01<00:02, 
31.79it/s]
Animation 11: Write(MathTex('P(A\\mid B) = \\frac{P(A\\cap B)}{P(B)}')):  39%|###9      | 47/120 [00:01<00:02, 
27.47it/s]
Animation 11: Write(MathTex('P(A\\mid B) = \\frac{P(A\\cap B)}{P(B)}')):  42%|####2     | 51/120 [00:01<00:02, 
29.34it/s]
Animation 11: Write(MathTex('P(A\\mid B) = \\frac{P(A\\cap B)}{P(B)}')):  46%|####5     | 55/120 [00:01<00:02, 
30.78it/s]
Animation 11: Write(MathTex('P(A\\mid B) = \\frac{P(A\\cap B)}{P(B)}')):  49%|####9     | 59/120 [00:01<00:01, 
30.86it/s]
Animation 11: Write(MathTex('P(A\\mid B) = \\frac{P(A\\cap B)}{P(B)}')):  52%|#####2    | 63/120 [00:01<00:01, 
32.49it/s]
Animation 11: Write(MathTex('P(A\\mid B) = \\frac{P(A\\cap B)}{P(B)}')):  56%|#####5    | 67/120 [00:02<00:01, 
31.50it/s]
Animation 11: Write(MathTex('P(A\\mid B) = \\frac{P(A\\cap B)}{P(B)}')):  59%|#####9    | 71/120 [00:02<00:01, 
31.81it/s]
Animation 11: Write(MathTex('P(A\\mid B) = \\frac{P(A\\cap B)}{P(B)}')):  62%|######2   | 75/120 [00:02<00:01, 
33.10it/s]
Animation 11: Write(MathTex('P(A\\mid B) = \\frac{P(A\\cap B)}{P(B)}')):  66%|######5   | 79/120 [00:02<00:01, 
32.84it/s]
Animation 11: Write(MathTex('P(A\\mid B) = \\frac{P(A\\cap B)}{P(B)}')):  69%|######9   | 83/120 [00:02<00:01, 
32.50it/s]
Animation 11: Write(MathTex('P(A\\mid B) = \\frac{P(A\\cap B)}{P(B)}')):  72%|#######2  | 87/120 [00:02<00:00, 
33.92it/s]
Animation 11: Write(MathTex('P(A\\mid B) = \\frac{P(A\\cap B)}{P(B)}')):  76%|#######5  | 91/120 [00:02<00:00, 
34.65it/s]
Animation 11: Write(MathTex('P(A\\mid B) = \\frac{P(A\\cap B)}{P(B)}')):  79%|#######9  | 95/120 [00:02<00:00, 
31.55it/s]
Animation 11: Write(MathTex('P(A\\mid B) = \\frac{P(A\\cap B)}{P(B)}')):  82%|########2 | 99/120 [00:03<00:00, 
30.29it/s]
Animation 11: Write(MathTex('P(A\\mid B) = \\frac{P(A\\cap B)}{P(B)}')):  86%|########5 | 103/120 [00:03<00:00, 
32.20it/s]
Animation 11: Write(MathTex('P(A\\mid B) = \\frac{P(A\\cap B)}{P(B)}')):  89%|########9 | 107/120 [00:03<00:00, 
32.32it/s]
Animation 11: Write(MathTex('P(A\\mid B) = \\frac{P(A\\cap B)}{P(B)}')):  92%|#########2| 111/120 [00:03<00:00, 
30.62it/s]
Animation 11: Write(MathTex('P(A\\mid B) = \\frac{P(A\\cap B)}{P(B)}')):  96%|#########5| 115/120 [00:03<00:00, 
30.66it/s]
Animation 11: Write(MathTex('P(A\\mid B) = \\frac{P(A\\cap B)}{P(B)}')):  99%|#########9| 119/120 [00:03<00:00, 
32.08it/s]
[09/10/26 10:26:53] INFO     Animation 11 : Partial    scene_file_writer.py:192
                             movie file written in                             
                             'C:\Users\Nacho\Documents                         
                             \Animaciones\Capitulo                             
                             7\media\videos\s01_bayes\                         
                             1080p60\partial_movie_fil                         
                             es\Bayes\2932440949_74820                         
                             5715_3028513960.mp4'                              
[09/10/26 10:26:54] INFO     Animation 12 : Partial    scene_file_writer.py:192
                             movie file written in                             
                             'C:\Users\Nacho\Documents                         
                             \Animaciones\Capitulo                             
                             7\media\videos\s01_bayes\                         
                             1080p60\partial_movie_fil                         
                             es\Bayes\2932440949_38809                         
                             68470_3956235075.mp4'                             
                                                                                                                       
   

Animation 13: FadeIn(Text('el nuevo universo es B:\nse renormaliza dividiendo por P(B)')):   0%|          | 0/60 
[00:00<?, ?it/s]
Animation 13: FadeIn(Text('el nuevo universo es B:\nse renormaliza dividiendo por P(B)')):   5%|5         | 3/60 
[00:00<00:02, 28.38it/s]
Animation 13: FadeIn(Text('el nuevo universo es B:\nse renormaliza dividiendo por P(B)')):  10%|#         | 6/60 
[00:00<00:02, 25.85it/s]
Animation 13: FadeIn(Text('el nuevo universo es B:\nse renormaliza dividiendo por P(B)')):  15%|#5        | 9/60 
[00:00<00:02, 24.39it/s]
Animation 13: FadeIn(Text('el nuevo universo es B:\nse renormaliza dividiendo por P(B)')):  20%|##        | 12/60 
[00:00<00:02, 22.58it/s]
Animation 13: FadeIn(Text('el nuevo universo es B:\nse renormaliza dividiendo por P(B)')):  25%|##5       | 15/60 
[00:00<00:02, 22.34it/s]
Animation 13: FadeIn(Text('el nuevo universo es B:\nse renormaliza dividiendo por P(B)')):  30%|###       | 18/60 
[00:00<00:01, 22.92it/s]
Animation 13: FadeIn(Text('el nuevo universo es B:\nse renormaliza dividiendo por P(B)')):  35%|###5      | 21/60 
[00:00<00:01, 23.94it/s]
Animation 13: FadeIn(Text('el nuevo universo es B:\nse renormaliza dividiendo por P(B)')):  40%|####      | 24/60 
[00:01<00:01, 23.72it/s]
Animation 13: FadeIn(Text('el nuevo universo es B:\nse renormaliza dividiendo por P(B)')):  45%|####5     | 27/60 
[00:01<00:01, 23.36it/s]
Animation 13: FadeIn(Text('el nuevo universo es B:\nse renormaliza dividiendo por P(B)')):  50%|#####     | 30/60 
[00:01<00:01, 23.22it/s]
Animation 13: FadeIn(Text('el nuevo universo es B:\nse renormaliza dividiendo por P(B)')):  55%|#####5    | 33/60 
[00:01<00:01, 22.47it/s]
Animation 13: FadeIn(Text('el nuevo universo es B:\nse renormaliza dividiendo por P(B)')):  60%|######    | 36/60 
[00:01<00:01, 22.36it/s]
Animation 13: FadeIn(Text('el nuevo universo es B:\nse renormaliza dividiendo por P(B)')):  65%|######5   | 39/60 
[00:01<00:00, 22.50it/s]
Animation 13: FadeIn(Text('el nuevo universo es B:\nse renormaliza dividiendo por P(B)')):  70%|#######   | 42/60 
[00:01<00:00, 22.69it/s]
Animation 13: FadeIn(Text('el nuevo universo es B:\nse renormaliza dividiendo por P(B)')):  75%|#######5  | 45/60 
[00:02<00:00, 18.25it/s]
Animation 13: FadeIn(Text('el nuevo universo es B:\nse renormaliza dividiendo por P(B)')):  80%|########  | 48/60 
[00:02<00:00, 19.40it/s]
Animation 13: FadeIn(Text('el nuevo universo es B:\nse renormaliza dividiendo por P(B)')):  85%|########5 | 51/60 
[00:02<00:00, 20.91it/s]
Animation 13: FadeIn(Text('el nuevo universo es B:\nse renormaliza dividiendo por P(B)')):  90%|######### | 54/60 
[00:02<00:00, 21.92it/s]
Animation 13: FadeIn(Text('el nuevo universo es B:\nse renormaliza dividiendo por P(B)')):  95%|#########5| 57/60 
[00:02<00:00, 22.21it/s]
Animation 13: FadeIn(Text('el nuevo universo es B:\nse renormaliza dividiendo por P(B)')): 100%|##########| 60/60 
[00:02<00:00, 21.47it/s]
[09/10/26 10:26:59] INFO     Animation 13 : Partial    scene_file_writer.py:192
                             movie file written in                             
                             'C:\Users\Nacho\Documents                         
                             \Animaciones\Capitulo                             
                             7\media\videos\s01_bayes\                         
                             1080p60\partial_movie_fil                         
                             es\Bayes\2932440949_12731                         
                             63967_2147777592.mp4'                             
[09/10/26 10:27:02] INFO     Animation 14 : Partial    scene_file_writer.py:192
                             movie file written in                             
                             'C:\Users\Nacho\Documents                         
                             \Animaciones\Capitulo                             
                             7\media\videos\s01_bayes\                         
                             1080p60\partial_movie_fil                         
                             es\Bayes\2932440949_49932                         
                             8632_395355746.mp4'                               
                                                                                                                       
                   

Animation 15: FadeOut(VGroup of 4 submobjects):   0%|          | 0/60 [00:00<?, ?it/s]
Animation 15: FadeOut(VGroup of 4 submobjects):   5%|5         | 3/60 [00:00<00:02, 21.42it/s]
Animation 15: FadeOut(VGroup of 4 submobjects):  10%|#         | 6/60 [00:00<00:02, 21.45it/s]
Animation 15: FadeOut(VGroup of 4 submobjects):  15%|#5        | 9/60 [00:00<00:02, 21.02it/s]
Animation 15: FadeOut(VGroup of 4 submobjects):  20%|##        | 12/60 [00:00<00:02, 20.98it/s]
Animation 15: FadeOut(VGroup of 4 submobjects):  25%|##5       | 15/60 [00:00<00:02, 21.20it/s]
Animation 15: FadeOut(VGroup of 4 submobjects):  30%|###       | 18/60 [00:00<00:01, 21.34it/s]
Animation 15: FadeOut(VGroup of 4 submobjects):  35%|###5      | 21/60 [00:00<00:01, 21.62it/s]
Animation 15: FadeOut(VGroup of 4 submobjects):  40%|####      | 24/60 [00:01<00:01, 21.76it/s]
Animation 15: FadeOut(VGroup of 4 submobjects):  45%|####5     | 27/60 [00:01<00:01, 21.25it/s]
Animation 15: FadeOut(VGroup of 4 submobjects):  50%|#####     | 30/60 [00:01<00:01, 21.35it/s]
Animation 15: FadeOut(VGroup of 4 submobjects):  55%|#####5    | 33/60 [00:01<00:01, 21.42it/s]
Animation 15: FadeOut(VGroup of 4 submobjects):  60%|######    | 36/60 [00:01<00:01, 21.66it/s]
Animation 15: FadeOut(VGroup of 4 submobjects):  65%|######5   | 39/60 [00:01<00:00, 21.09it/s]
Animation 15: FadeOut(VGroup of 4 submobjects):  70%|#######   | 42/60 [00:01<00:00, 20.57it/s]
Animation 15: FadeOut(VGroup of 4 submobjects):  75%|#######5  | 45/60 [00:02<00:00, 17.11it/s]
Animation 15: FadeOut(VGroup of 4 submobjects):  80%|########  | 48/60 [00:02<00:00, 18.11it/s]
Animation 15: FadeOut(VGroup of 4 submobjects):  85%|########5 | 51/60 [00:02<00:00, 18.35it/s]
Animation 15: FadeOut(VGroup of 4 submobjects):  88%|########8 | 53/60 [00:02<00:00, 17.93it/s]
Animation 15: FadeOut(VGroup of 4 submobjects):  92%|#########1| 55/60 [00:02<00:00, 17.90it/s]
Animation 15: FadeOut(VGroup of 4 submobjects):  95%|#########5| 57/60 [00:02<00:00, 18.08it/s]
Animation 15: FadeOut(VGroup of 4 submobjects): 100%|##########| 60/60 [00:03<00:00, 19.05it/s]
[09/10/26 10:27:07] INFO     Animation 15 : Partial    scene_file_writer.py:192
                             movie file written in                             
                             'C:\Users\Nacho\Documents                         
                             \Animaciones\Capitulo                             
                             7\media\videos\s01_bayes\                         
                             1080p60\partial_movie_fil                         
                             es\Bayes\2932440949_32098                         
                             66240_1151107040.mp4'                             
                                                                                               

Animation 16: Transform(Text('Condicionar es achicar el universo')):   0%|          | 0/60 [00:00<?, ?it/s]
Animation 16: Transform(Text('Condicionar es achicar el universo')):   5%|5         | 3/60 [00:00<00:02, 21.98it/s]
Animation 16: Transform(Text('Condicionar es achicar el universo')):  10%|#         | 6/60 [00:00<00:02, 19.22it/s]
Animation 16: Transform(Text('Condicionar es achicar el universo')):  15%|#5        | 9/60 [00:00<00:02, 19.96it/s]
Animation 16: Transform(Text('Condicionar es achicar el universo')):  20%|##        | 12/60 [00:00<00:02, 20.88it/s]
Animation 16: Transform(Text('Condicionar es achicar el universo')):  25%|##5       | 15/60 [00:00<00:02, 20.61it/s]
Animation 16: Transform(Text('Condicionar es achicar el universo')):  30%|###       | 18/60 [00:00<00:02, 20.67it/s]
Animation 16: Transform(Text('Condicionar es achicar el universo')):  35%|###5      | 21/60 [00:00<00:01, 22.36it/s]
Animation 16: Transform(Text('Condicionar es achicar el universo')):  40%|####      | 24/60 [00:01<00:01, 21.38it/s]
Animation 16: Transform(Text('Condicionar es achicar el universo')):  45%|####5     | 27/60 [00:01<00:01, 20.43it/s]
Animation 16: Transform(Text('Condicionar es achicar el universo')):  50%|#####     | 30/60 [00:01<00:01, 19.70it/s]
Animation 16: Transform(Text('Condicionar es achicar el universo')):  53%|#####3    | 32/60 [00:01<00:01, 19.59it/s]
Animation 16: Transform(Text('Condicionar es achicar el universo')):  58%|#####8    | 35/60 [00:01<00:01, 20.35it/s]
Animation 16: Transform(Text('Condicionar es achicar el universo')):  63%|######3   | 38/60 [00:01<00:01, 20.90it/s]
Animation 16: Transform(Text('Condicionar es achicar el universo')):  68%|######8   | 41/60 [00:01<00:00, 20.34it/s]
Animation 16: Transform(Text('Condicionar es achicar el universo')):  73%|#######3  | 44/60 [00:02<00:00, 16.86it/s]
Animation 16: Transform(Text('Condicionar es achicar el universo')):  77%|#######6  | 46/60 [00:02<00:00, 16.85it/s]
Animation 16: Transform(Text('Condicionar es achicar el universo')):  82%|########1 | 49/60 [00:02<00:00, 17.66it/s]
Animation 16: Transform(Text('Condicionar es achicar el universo')):  87%|########6 | 52/60 [00:02<00:00, 17.82it/s]
Animation 16: Transform(Text('Condicionar es achicar el universo')):  92%|#########1| 55/60 [00:02<00:00, 18.36it/s]
Animation 16: Transform(Text('Condicionar es achicar el universo')):  95%|#########5| 57/60 [00:02<00:00, 17.74it/s]
Animation 16: Transform(Text('Condicionar es achicar el universo')):  98%|#########8| 59/60 [00:03<00:00, 18.09it/s]
[09/10/26 10:27:12] INFO     Animation 16 : Partial    scene_file_writer.py:192
                             movie file written in                             
                             'C:\Users\Nacho\Documents                         
                             \Animaciones\Capitulo                             
                             7\media\videos\s01_bayes\                         
                             1080p60\partial_movie_fil                         
                             es\Bayes\2932440949_41400                         
                             02564_3508394036.mp4'                             
                                                                                                                    

Animation 17: TransformMatchingTex(Group):   0%|          | 0/60 [00:00<?, ?it/s]
Animation 17: TransformMatchingTex(Group):   7%|6         | 4/60 [00:00<00:01, 30.25it/s]
Animation 17: TransformMatchingTex(Group):  13%|#3        | 8/60 [00:00<00:01, 28.46it/s]
Animation 17: TransformMatchingTex(Group):  18%|#8        | 11/60 [00:00<00:01, 27.60it/s]
Animation 17: TransformMatchingTex(Group):  23%|##3       | 14/60 [00:00<00:01, 27.69it/s]
Animation 17: TransformMatchingTex(Group):  28%|##8       | 17/60 [00:00<00:01, 27.57it/s]
Animation 17: TransformMatchingTex(Group):  33%|###3      | 20/60 [00:00<00:01, 26.42it/s]
Animation 17: TransformMatchingTex(Group):  38%|###8      | 23/60 [00:00<00:01, 26.46it/s]
Animation 17: TransformMatchingTex(Group):  45%|####5     | 27/60 [00:00<00:01, 27.32it/s]
Animation 17: TransformMatchingTex(Group):  50%|#####     | 30/60 [00:01<00:01, 27.74it/s]
Animation 17: TransformMatchingTex(Group):  57%|#####6    | 34/60 [00:01<00:00, 30.25it/s]
Animation 17: TransformMatchingTex(Group):  63%|######3   | 38/60 [00:01<00:00, 31.49it/s]
Animation 17: TransformMatchingTex(Group):  70%|#######   | 42/60 [00:01<00:00, 32.32it/s]
Animation 17: TransformMatchingTex(Group):  77%|#######6  | 46/60 [00:01<00:00, 28.36it/s]
Animation 17: TransformMatchingTex(Group):  82%|########1 | 49/60 [00:01<00:00, 28.03it/s]
Animation 17: TransformMatchingTex(Group):  88%|########8 | 53/60 [00:01<00:00, 28.81it/s]
Animation 17: TransformMatchingTex(Group):  95%|#########5| 57/60 [00:01<00:00, 29.42it/s]
[09/10/26 10:27:15] INFO     Animation 17 : Partial    scene_file_writer.py:192
                             movie file written in                             
                             'C:\Users\Nacho\Documents                         
                             \Animaciones\Capitulo                             
                             7\media\videos\s01_bayes\                         
                             1080p60\partial_movie_fil                         
                             es\Bayes\2932440949_10498                         
                             78751_2046716607.mp4'                             
[09/10/26 10:27:16] INFO     Animation 18 : Partial    scene_file_writer.py:192
                             movie file written in                             
                             'C:\Users\Nacho\Documents                         
                             \Animaciones\Capitulo                             
                             7\media\videos\s01_bayes\                         
                             1080p60\partial_movie_fil                         
                             es\Bayes\2932440949_12515                         
                             2860_2025825966.mp4'                              
                                                                                          

Animation 19: FadeIn(Text('sirve cuando sabés medir P(B|A)\npero lo que querés es P(A|B)')):   0%|          | 0/60 
[00:00<?, ?it/s]
Animation 19: FadeIn(Text('sirve cuando sabés medir P(B|A)\npero lo que querés es P(A|B)')):   7%|6         | 4/60 
[00:00<00:01, 31.68it/s]
Animation 19: FadeIn(Text('sirve cuando sabés medir P(B|A)\npero lo que querés es P(A|B)')):  13%|#3        | 8/60 
[00:00<00:01, 29.90it/s]
Animation 19: FadeIn(Text('sirve cuando sabés medir P(B|A)\npero lo que querés es P(A|B)')):  18%|#8        | 11/60 
[00:00<00:01, 29.51it/s]
Animation 19: FadeIn(Text('sirve cuando sabés medir P(B|A)\npero lo que querés es P(A|B)')):  23%|##3       | 14/60 
[00:00<00:01, 28.97it/s]
Animation 19: FadeIn(Text('sirve cuando sabés medir P(B|A)\npero lo que querés es P(A|B)')):  28%|##8       | 17/60 
[00:00<00:01, 28.47it/s]
Animation 19: FadeIn(Text('sirve cuando sabés medir P(B|A)\npero lo que querés es P(A|B)')):  33%|###3      | 20/60 
[00:00<00:01, 28.61it/s]
Animation 19: FadeIn(Text('sirve cuando sabés medir P(B|A)\npero lo que querés es P(A|B)')):  38%|###8      | 23/60 
[00:00<00:01, 28.70it/s]
Animation 19: FadeIn(Text('sirve cuando sabés medir P(B|A)\npero lo que querés es P(A|B)')):  43%|####3     | 26/60 
[00:00<00:01, 28.09it/s]
Animation 19: FadeIn(Text('sirve cuando sabés medir P(B|A)\npero lo que querés es P(A|B)')):  48%|####8     | 29/60 
[00:01<00:01, 28.37it/s]
Animation 19: FadeIn(Text('sirve cuando sabés medir P(B|A)\npero lo que querés es P(A|B)')):  53%|#####3    | 32/60 
[00:01<00:00, 28.31it/s]
Animation 19: FadeIn(Text('sirve cuando sabés medir P(B|A)\npero lo que querés es P(A|B)')):  58%|#####8    | 35/60 
[00:01<00:00, 28.15it/s]
Animation 19: FadeIn(Text('sirve cuando sabés medir P(B|A)\npero lo que querés es P(A|B)')):  63%|######3   | 38/60 
[00:01<00:00, 28.60it/s]
Animation 19: FadeIn(Text('sirve cuando sabés medir P(B|A)\npero lo que querés es P(A|B)')):  68%|######8   | 41/60 
[00:01<00:00, 28.06it/s]
Animation 19: FadeIn(Text('sirve cuando sabés medir P(B|A)\npero lo que querés es P(A|B)')):  73%|#######3  | 44/60 
[00:01<00:00, 24.68it/s]
Animation 19: FadeIn(Text('sirve cuando sabés medir P(B|A)\npero lo que querés es P(A|B)')):  78%|#######8  | 47/60 
[00:01<00:00, 24.60it/s]
Animation 19: FadeIn(Text('sirve cuando sabés medir P(B|A)\npero lo que querés es P(A|B)')):  83%|########3 | 50/60 
[00:01<00:00, 24.60it/s]
Animation 19: FadeIn(Text('sirve cuando sabés medir P(B|A)\npero lo que querés es P(A|B)')):  88%|########8 | 53/60 
[00:01<00:00, 24.53it/s]
Animation 19: FadeIn(Text('sirve cuando sabés medir P(B|A)\npero lo que querés es P(A|B)')):  93%|#########3| 56/60 
[00:02<00:00, 24.49it/s]
Animation 19: FadeIn(Text('sirve cuando sabés medir P(B|A)\npero lo que querés es P(A|B)')):  98%|#########8| 59/60 
[00:02<00:00, 24.86it/s]
[09/10/26 10:27:19] INFO     Animation 19 : Partial    scene_file_writer.py:192
                             movie file written in                             
                             'C:\Users\Nacho\Documents                         
                             \Animaciones\Capitulo                             
                             7\media\videos\s01_bayes\                         
                             1080p60\partial_movie_fil                         
                             es\Bayes\2932440949_99378                         
                             7363_3620284824.mp4'                              
[09/10/26 10:27:23] INFO     Animation 20 : Partial    scene_file_writer.py:192
                             movie file written in                             
                             'C:\Users\Nacho\Documents                         
                             \Animaciones\Capitulo                             
                             7\media\videos\s01_bayes\                         
                             1080p60\partial_movie_fil                         
                             es\Bayes\2932440949_49932                         
                             8632_3826255640.mp4'                              
                                                                                                                       
                     

Animation 21: FadeOut(VGroup of 9 submobjects):   0%|          | 0/60 [00:00<?, ?it/s]
Animation 21: FadeOut(VGroup of 9 submobjects):   5%|5         | 3/60 [00:00<00:02, 20.58it/s]
Animation 21: FadeOut(VGroup of 9 submobjects):  10%|#         | 6/60 [00:00<00:02, 20.14it/s]
Animation 21: FadeOut(VGroup of 9 submobjects):  15%|#5        | 9/60 [00:00<00:02, 19.90it/s]
Animation 21: FadeOut(VGroup of 9 submobjects):  20%|##        | 12/60 [00:00<00:02, 20.01it/s]
Animation 21: FadeOut(VGroup of 9 submobjects):  25%|##5       | 15/60 [00:00<00:02, 20.13it/s]
Animation 21: FadeOut(VGroup of 9 submobjects):  30%|###       | 18/60 [00:00<00:02, 20.07it/s]
Animation 21: FadeOut(VGroup of 9 submobjects):  35%|###5      | 21/60 [00:01<00:01, 20.10it/s]
Animation 21: FadeOut(VGroup of 9 submobjects):  40%|####      | 24/60 [00:01<00:01, 20.03it/s]
Animation 21: FadeOut(VGroup of 9 submobjects):  45%|####5     | 27/60 [00:01<00:01, 20.00it/s]
Animation 21: FadeOut(VGroup of 9 submobjects):  50%|#####     | 30/60 [00:01<00:01, 19.98it/s]
Animation 21: FadeOut(VGroup of 9 submobjects):  55%|#####5    | 33/60 [00:01<00:01, 20.20it/s]
Animation 21: FadeOut(VGroup of 9 submobjects):  60%|######    | 36/60 [00:01<00:01, 20.45it/s]
Animation 21: FadeOut(VGroup of 9 submobjects):  65%|######5   | 39/60 [00:01<00:01, 20.53it/s]
Animation 21: FadeOut(VGroup of 9 submobjects):  70%|#######   | 42/60 [00:02<00:00, 20.43it/s]
Animation 21: FadeOut(VGroup of 9 submobjects):  75%|#######5  | 45/60 [00:02<00:00, 17.80it/s]
Animation 21: FadeOut(VGroup of 9 submobjects):  78%|#######8  | 47/60 [00:02<00:00, 17.91it/s]
Animation 21: FadeOut(VGroup of 9 submobjects):  82%|########1 | 49/60 [00:02<00:00, 17.91it/s]
Animation 21: FadeOut(VGroup of 9 submobjects):  85%|########5 | 51/60 [00:02<00:00, 18.20it/s]
Animation 21: FadeOut(VGroup of 9 submobjects):  88%|########8 | 53/60 [00:02<00:00, 18.16it/s]
Animation 21: FadeOut(VGroup of 9 submobjects):  93%|#########3| 56/60 [00:02<00:00, 18.54it/s]
Animation 21: FadeOut(VGroup of 9 submobjects):  97%|#########6| 58/60 [00:02<00:00, 18.51it/s]
[09/10/26 10:27:27] INFO     Animation 21 : Partial    scene_file_writer.py:192
                             movie file written in                             
                             'C:\Users\Nacho\Documents                         
                             \Animaciones\Capitulo                             
                             7\media\videos\s01_bayes\                         
                             1080p60\partial_movie_fil                         
                             es\Bayes\2932440949_24618                         
                             11302_912537229.mp4'                              
                                                                                               

Animation 22: Transform(Text('Condicionar es achicar el universo')):   0%|          | 0/60 [00:00<?, ?it/s]
Animation 22: Transform(Text('Condicionar es achicar el universo')):   7%|6         | 4/60 [00:00<00:01, 35.13it/s]
Animation 22: Transform(Text('Condicionar es achicar el universo')):  13%|#3        | 8/60 [00:00<00:01, 33.46it/s]
Animation 22: Transform(Text('Condicionar es achicar el universo')):  20%|##        | 12/60 [00:00<00:01, 33.05it/s]
Animation 22: Transform(Text('Condicionar es achicar el universo')):  27%|##6       | 16/60 [00:00<00:01, 32.84it/s]
Animation 22: Transform(Text('Condicionar es achicar el universo')):  33%|###3      | 20/60 [00:00<00:01, 32.62it/s]
Animation 22: Transform(Text('Condicionar es achicar el universo')):  40%|####      | 24/60 [00:00<00:01, 32.62it/s]
Animation 22: Transform(Text('Condicionar es achicar el universo')):  47%|####6     | 28/60 [00:00<00:00, 32.20it/s]
Animation 22: Transform(Text('Condicionar es achicar el universo')):  53%|#####3    | 32/60 [00:00<00:00, 31.62it/s]
Animation 22: Transform(Text('Condicionar es achicar el universo')):  60%|######    | 36/60 [00:01<00:00, 32.30it/s]
Animation 22: Transform(Text('Condicionar es achicar el universo')):  67%|######6   | 40/60 [00:01<00:00, 32.05it/s]
Animation 22: Transform(Text('Condicionar es achicar el universo')):  73%|#######3  | 44/60 [00:01<00:00, 32.15it/s]
Animation 22: Transform(Text('Condicionar es achicar el universo')):  80%|########  | 48/60 [00:01<00:00, 30.53it/s]
Animation 22: Transform(Text('Condicionar es achicar el universo')):  87%|########6 | 52/60 [00:01<00:00, 29.22it/s]
Animation 22: Transform(Text('Condicionar es achicar el universo')):  93%|#########3| 56/60 [00:01<00:00, 29.82it/s]
Animation 22: Transform(Text('Condicionar es achicar el universo')): 100%|##########| 60/60 [00:01<00:00, 30.79it/s]
[09/10/26 10:27:31] INFO     Animation 22 : Partial    scene_file_writer.py:192
                             movie file written in                             
                             'C:\Users\Nacho\Documents                         
                             \Animaciones\Capitulo                             
                             7\media\videos\s01_bayes\                         
                             1080p60\partial_movie_fil                         
                             es\Bayes\2932440949_27934                         
                             06880_409571053.mp4'                              
                                                                                                                    

Animation 23: FadeIn(Text('prevalencia de la enfermedad:  1%')):   0%|          | 0/30 [00:00<?, ?it/s]
Animation 23: FadeIn(Text('prevalencia de la enfermedad:  1%')):  13%|#3        | 4/30 [00:00<00:00, 31.31it/s]
Animation 23: FadeIn(Text('prevalencia de la enfermedad:  1%')):  27%|##6       | 8/30 [00:00<00:00, 27.52it/s]
Animation 23: FadeIn(Text('prevalencia de la enfermedad:  1%')):  37%|###6      | 11/30 [00:00<00:00, 27.41it/s]
Animation 23: FadeIn(Text('prevalencia de la enfermedad:  1%')):  47%|####6     | 14/30 [00:00<00:00, 27.27it/s]
Animation 23: FadeIn(Text('prevalencia de la enfermedad:  1%')):  57%|#####6    | 17/30 [00:00<00:00, 27.30it/s]
Animation 23: FadeIn(Text('prevalencia de la enfermedad:  1%')):  67%|######6   | 20/30 [00:00<00:00, 27.38it/s]
Animation 23: FadeIn(Text('prevalencia de la enfermedad:  1%')):  77%|#######6  | 23/30 [00:00<00:00, 27.22it/s]
Animation 23: FadeIn(Text('prevalencia de la enfermedad:  1%')):  87%|########6 | 26/30 [00:00<00:00, 27.33it/s]
Animation 23: FadeIn(Text('prevalencia de la enfermedad:  1%')): 100%|##########| 30/30 [00:01<00:00, 29.81it/s]
[09/10/26 10:27:33] INFO     Animation 23 : Partial    scene_file_writer.py:192
                             movie file written in                             
                             'C:\Users\Nacho\Documents                         
                             \Animaciones\Capitulo                             
                             7\media\videos\s01_bayes\                         
                             1080p60\partial_movie_fil                         
                             es\Bayes\2932440949_16535                         
                             14358_1085761850.mp4'                             
                                                                                                                

Animation 24: FadeIn(Text('sensibilidad  P(+ | enfermo):  99%')):   0%|          | 0/30 [00:00<?, ?it/s]
Animation 24: FadeIn(Text('sensibilidad  P(+ | enfermo):  99%')):  10%|#         | 3/30 [00:00<00:00, 29.48it/s]
Animation 24: FadeIn(Text('sensibilidad  P(+ | enfermo):  99%')):  20%|##        | 6/30 [00:00<00:00, 28.19it/s]
Animation 24: FadeIn(Text('sensibilidad  P(+ | enfermo):  99%')):  30%|###       | 9/30 [00:00<00:00, 28.93it/s]
Animation 24: FadeIn(Text('sensibilidad  P(+ | enfermo):  99%')):  43%|####3     | 13/30 [00:00<00:00, 32.28it/s]
Animation 24: FadeIn(Text('sensibilidad  P(+ | enfermo):  99%')):  57%|#####6    | 17/30 [00:00<00:00, 33.08it/s]
Animation 24: FadeIn(Text('sensibilidad  P(+ | enfermo):  99%')):  70%|#######   | 21/30 [00:00<00:00, 33.98it/s]
Animation 24: FadeIn(Text('sensibilidad  P(+ | enfermo):  99%')):  83%|########3 | 25/30 [00:00<00:00, 35.58it/s]
Animation 24: FadeIn(Text('sensibilidad  P(+ | enfermo):  99%')):  97%|#########6| 29/30 [00:00<00:00, 34.57it/s]
[09/10/26 10:27:35] INFO     Animation 24 : Partial    scene_file_writer.py:192
                             movie file written in                             
                             'C:\Users\Nacho\Documents                         
                             \Animaciones\Capitulo                             
                             7\media\videos\s01_bayes\                         
                             1080p60\partial_movie_fil                         
                             es\Bayes\2932440949_28478                         
                             11431_2261012286.mp4'                             
                                                                                                                 

Animation 25: FadeIn(Text('especificidad  P(− | sano):  95%')):   0%|          | 0/30 [00:00<?, ?it/s]
Animation 25: FadeIn(Text('especificidad  P(− | sano):  95%')):  13%|#3        | 4/30 [00:00<00:00, 32.73it/s]
Animation 25: FadeIn(Text('especificidad  P(− | sano):  95%')):  27%|##6       | 8/30 [00:00<00:00, 27.59it/s]
Animation 25: FadeIn(Text('especificidad  P(− | sano):  95%')):  40%|####      | 12/30 [00:00<00:00, 29.17it/s]
Animation 25: FadeIn(Text('especificidad  P(− | sano):  95%')):  53%|#####3    | 16/30 [00:00<00:00, 30.43it/s]
Animation 25: FadeIn(Text('especificidad  P(− | sano):  95%')):  67%|######6   | 20/30 [00:00<00:00, 30.27it/s]
Animation 25: FadeIn(Text('especificidad  P(− | sano):  95%')):  80%|########  | 24/30 [00:00<00:00, 31.91it/s]
Animation 25: FadeIn(Text('especificidad  P(− | sano):  95%')):  93%|#########3| 28/30 [00:00<00:00, 31.01it/s]
[09/10/26 10:27:37] INFO     Animation 25 : Partial    scene_file_writer.py:192
                             movie file written in                             
                             'C:\Users\Nacho\Documents                         
                             \Animaciones\Capitulo                             
                             7\media\videos\s01_bayes\                         
                             1080p60\partial_movie_fil                         
                             es\Bayes\2932440949_30369                         
                             50978_968405776.mp4'                              
[09/10/26 10:27:38] INFO     Animation 26 : Partial    scene_file_writer.py:192
                             movie file written in                             
                             'C:\Users\Nacho\Documents                         
                             \Animaciones\Capitulo                             
                             7\media\videos\s01_bayes\                         
                             1080p60\partial_movie_fil                         
                             es\Bayes\2932440949_94161                         
                             5173_2312363729.mp4'                              
                                                                                                               

Animation 27: FadeIn(Text('Te da positivo. ¿Qué probabilidad tenés de estar enfermo?')):   0%|          | 0/60 
[00:00<?, ?it/s]
Animation 27: FadeIn(Text('Te da positivo. ¿Qué probabilidad tenés de estar enfermo?')):   5%|5         | 3/60 
[00:00<00:01, 28.66it/s]
Animation 27: FadeIn(Text('Te da positivo. ¿Qué probabilidad tenés de estar enfermo?')):  10%|#         | 6/60 
[00:00<00:02, 23.55it/s]
Animation 27: FadeIn(Text('Te da positivo. ¿Qué probabilidad tenés de estar enfermo?')):  15%|#5        | 9/60 
[00:00<00:02, 23.27it/s]
Animation 27: FadeIn(Text('Te da positivo. ¿Qué probabilidad tenés de estar enfermo?')):  20%|##        | 12/60 
[00:00<00:02, 22.56it/s]
Animation 27: FadeIn(Text('Te da positivo. ¿Qué probabilidad tenés de estar enfermo?')):  25%|##5       | 15/60 
[00:00<00:01, 22.74it/s]
Animation 27: FadeIn(Text('Te da positivo. ¿Qué probabilidad tenés de estar enfermo?')):  30%|###       | 18/60 
[00:00<00:01, 22.82it/s]
Animation 27: FadeIn(Text('Te da positivo. ¿Qué probabilidad tenés de estar enfermo?')):  35%|###5      | 21/60 
[00:00<00:01, 23.02it/s]
Animation 27: FadeIn(Text('Te da positivo. ¿Qué probabilidad tenés de estar enfermo?')):  40%|####      | 24/60 
[00:01<00:01, 22.62it/s]
Animation 27: FadeIn(Text('Te da positivo. ¿Qué probabilidad tenés de estar enfermo?')):  45%|####5     | 27/60 
[00:01<00:01, 22.52it/s]
Animation 27: FadeIn(Text('Te da positivo. ¿Qué probabilidad tenés de estar enfermo?')):  50%|#####     | 30/60 
[00:01<00:01, 22.58it/s]
Animation 27: FadeIn(Text('Te da positivo. ¿Qué probabilidad tenés de estar enfermo?')):  55%|#####5    | 33/60 
[00:01<00:01, 22.88it/s]
Animation 27: FadeIn(Text('Te da positivo. ¿Qué probabilidad tenés de estar enfermo?')):  60%|######    | 36/60 
[00:01<00:01, 22.52it/s]
Animation 27: FadeIn(Text('Te da positivo. ¿Qué probabilidad tenés de estar enfermo?')):  65%|######5   | 39/60 
[00:01<00:00, 21.84it/s]
Animation 27: FadeIn(Text('Te da positivo. ¿Qué probabilidad tenés de estar enfermo?')):  70%|#######   | 42/60 
[00:01<00:00, 22.45it/s]
Animation 27: FadeIn(Text('Te da positivo. ¿Qué probabilidad tenés de estar enfermo?')):  75%|#######5  | 45/60 
[00:02<00:00, 19.47it/s]
Animation 27: FadeIn(Text('Te da positivo. ¿Qué probabilidad tenés de estar enfermo?')):  80%|########  | 48/60 
[00:02<00:00, 20.00it/s]
Animation 27: FadeIn(Text('Te da positivo. ¿Qué probabilidad tenés de estar enfermo?')):  85%|########5 | 51/60 
[00:02<00:00, 21.20it/s]
Animation 27: FadeIn(Text('Te da positivo. ¿Qué probabilidad tenés de estar enfermo?')):  90%|######### | 54/60 
[00:02<00:00, 21.92it/s]
Animation 27: FadeIn(Text('Te da positivo. ¿Qué probabilidad tenés de estar enfermo?')):  95%|#########5| 57/60 
[00:02<00:00, 20.81it/s]
Animation 27: FadeIn(Text('Te da positivo. ¿Qué probabilidad tenés de estar enfermo?')): 100%|##########| 60/60 
[00:02<00:00, 20.91it/s]
[09/10/26 10:27:43] INFO     Animation 27 : Partial    scene_file_writer.py:192
                             movie file written in                             
                             'C:\Users\Nacho\Documents                         
                             \Animaciones\Capitulo                             
                             7\media\videos\s01_bayes\                         
                             1080p60\partial_movie_fil                         
                             es\Bayes\2932440949_33582                         
                             70341_2260657107.mp4'                             
[09/10/26 10:27:46] INFO     Animation 28 : Partial    scene_file_writer.py:192
                             movie file written in                             
                             'C:\Users\Nacho\Documents                         
                             \Animaciones\Capitulo                             
                             7\media\videos\s01_bayes\                         
                             1080p60\partial_movie_fil                         
                             es\Bayes\2932440949_39265                         
                             00612_4272059037.mp4'                             
                                                                                                                       
                 

Animation 29: FadeIn(Text('la intuición dice ~99 %')):   0%|          | 0/60 [00:00<?, ?it/s]
Animation 29: FadeIn(Text('la intuición dice ~99 %')):   8%|8         | 5/60 [00:00<00:01, 44.16it/s]
Animation 29: FadeIn(Text('la intuición dice ~99 %')):  17%|#6        | 10/60 [00:00<00:01, 38.01it/s]
Animation 29: FadeIn(Text('la intuición dice ~99 %')):  23%|##3       | 14/60 [00:00<00:01, 34.48it/s]
Animation 29: FadeIn(Text('la intuición dice ~99 %')):  30%|###       | 18/60 [00:00<00:01, 33.00it/s]
Animation 29: FadeIn(Text('la intuición dice ~99 %')):  37%|###6      | 22/60 [00:00<00:01, 32.43it/s]
Animation 29: FadeIn(Text('la intuición dice ~99 %')):  43%|####3     | 26/60 [00:00<00:01, 30.74it/s]
Animation 29: FadeIn(Text('la intuición dice ~99 %')):  50%|#####     | 30/60 [00:00<00:00, 30.51it/s]
Animation 29: FadeIn(Text('la intuición dice ~99 %')):  57%|#####6    | 34/60 [00:01<00:00, 30.24it/s]
Animation 29: FadeIn(Text('la intuición dice ~99 %')):  63%|######3   | 38/60 [00:01<00:00, 31.13it/s]
Animation 29: FadeIn(Text('la intuición dice ~99 %')):  70%|#######   | 42/60 [00:01<00:00, 33.11it/s]
Animation 29: FadeIn(Text('la intuición dice ~99 %')):  77%|#######6  | 46/60 [00:01<00:00, 30.22it/s]
Animation 29: FadeIn(Text('la intuición dice ~99 %')):  83%|########3 | 50/60 [00:01<00:00, 31.54it/s]
Animation 29: FadeIn(Text('la intuición dice ~99 %')):  90%|######### | 54/60 [00:01<00:00, 32.16it/s]
Animation 29: FadeIn(Text('la intuición dice ~99 %')):  98%|#########8| 59/60 [00:01<00:00, 33.71it/s]
[09/10/26 10:27:49] INFO     Animation 29 : Partial    scene_file_writer.py:192
                             movie file written in                             
                             'C:\Users\Nacho\Documents                         
                             \Animaciones\Capitulo                             
                             7\media\videos\s01_bayes\                         
                             1080p60\partial_movie_fil                         
                             es\Bayes\2932440949_25026                         
                             5580_949285021.mp4'                               
[09/10/26 10:27:53] INFO     Animation 30 : Partial    scene_file_writer.py:192
                             movie file written in                             
                             'C:\Users\Nacho\Documents                         
                             \Animaciones\Capitulo                             
                             7\media\videos\s01_bayes\                         
                             1080p60\partial_movie_fil                         
                             es\Bayes\2932440949_39265                         
                             00612_230063124.mp4'                              
                                                                                                      

Animation 31: FadeOut(VGroup of 3 submobjects):   0%|          | 0/60 [00:00<?, ?it/s]
Animation 31: FadeOut(VGroup of 3 submobjects):   3%|3         | 2/60 [00:00<00:04, 12.09it/s]
Animation 31: FadeOut(VGroup of 3 submobjects):   7%|6         | 4/60 [00:00<00:04, 13.09it/s]
Animation 31: FadeOut(VGroup of 3 submobjects):  10%|#         | 6/60 [00:00<00:04, 13.07it/s]
Animation 31: FadeOut(VGroup of 3 submobjects):  13%|#3        | 8/60 [00:00<00:04, 12.46it/s]
Animation 31: FadeOut(VGroup of 3 submobjects):  17%|#6        | 10/60 [00:00<00:04, 12.05it/s]
Animation 31: FadeOut(VGroup of 3 submobjects):  20%|##        | 12/60 [00:00<00:03, 12.02it/s]
Animation 31: FadeOut(VGroup of 3 submobjects):  23%|##3       | 14/60 [00:01<00:03, 12.21it/s]
Animation 31: FadeOut(VGroup of 3 submobjects):  27%|##6       | 16/60 [00:01<00:03, 12.33it/s]
Animation 31: FadeOut(VGroup of 3 submobjects):  30%|###       | 18/60 [00:01<00:03, 12.48it/s]
Animation 31: FadeOut(VGroup of 3 submobjects):  33%|###3      | 20/60 [00:01<00:03, 12.69it/s]
Animation 31: FadeOut(VGroup of 3 submobjects):  37%|###6      | 22/60 [00:01<00:03, 12.52it/s]
Animation 31: FadeOut(VGroup of 3 submobjects):  40%|####      | 24/60 [00:01<00:02, 12.50it/s]
Animation 31: FadeOut(VGroup of 3 submobjects):  43%|####3     | 26/60 [00:02<00:02, 12.77it/s]
Animation 31: FadeOut(VGroup of 3 submobjects):  47%|####6     | 28/60 [00:02<00:02, 12.51it/s]
Animation 31: FadeOut(VGroup of 3 submobjects):  50%|#####     | 30/60 [00:02<00:02, 12.21it/s]
Animation 31: FadeOut(VGroup of 3 submobjects):  53%|#####3    | 32/60 [00:02<00:02, 12.08it/s]
Animation 31: FadeOut(VGroup of 3 submobjects):  57%|#####6    | 34/60 [00:02<00:02, 11.87it/s]
Animation 31: FadeOut(VGroup of 3 submobjects):  60%|######    | 36/60 [00:02<00:01, 12.30it/s]
Animation 31: FadeOut(VGroup of 3 submobjects):  63%|######3   | 38/60 [00:03<00:01, 12.08it/s]
Animation 31: FadeOut(VGroup of 3 submobjects):  67%|######6   | 40/60 [00:03<00:01, 11.79it/s]
Animation 31: FadeOut(VGroup of 3 submobjects):  70%|#######   | 42/60 [00:03<00:01, 11.96it/s]
Animation 31: FadeOut(VGroup of 3 submobjects):  73%|#######3  | 44/60 [00:03<00:01, 10.87it/s]
Animation 31: FadeOut(VGroup of 3 submobjects):  77%|#######6  | 46/60 [00:03<00:01, 11.12it/s]
Animation 31: FadeOut(VGroup of 3 submobjects):  80%|########  | 48/60 [00:04<00:01, 11.03it/s]
Animation 31: FadeOut(VGroup of 3 submobjects):  83%|########3 | 50/60 [00:04<00:00, 11.08it/s]
Animation 31: FadeOut(VGroup of 3 submobjects):  87%|########6 | 52/60 [00:04<00:00, 10.93it/s]
Animation 31: FadeOut(VGroup of 3 submobjects):  90%|######### | 54/60 [00:04<00:00, 10.79it/s]
Animation 31: FadeOut(VGroup of 3 submobjects):  93%|#########3| 56/60 [00:04<00:00, 10.80it/s]
Animation 31: FadeOut(VGroup of 3 submobjects):  97%|#########6| 58/60 [00:04<00:00, 10.83it/s]
Animation 31: FadeOut(VGroup of 3 submobjects): 100%|##########| 60/60 [00:05<00:00, 11.41it/s]
[09/10/26 10:28:01] INFO     Animation 31 : Partial    scene_file_writer.py:192
                             movie file written in                             
                             'C:\Users\Nacho\Documents                         
                             \Animaciones\Capitulo                             
                             7\media\videos\s01_bayes\                         
                             1080p60\partial_movie_fil                         
                             es\Bayes\2932440949_31125                         
                             5604_4252735071.mp4'                              
                                                                                               

Animation 32: FadeIn(VGroup of 1000 submobjects), etc.:   0%|          | 0/96 [00:00<?, ?it/s]
Animation 32: FadeIn(VGroup of 1000 submobjects), etc.:   1%|1         | 1/96 [00:00<00:24,  3.84it/s]
Animation 32: FadeIn(VGroup of 1000 submobjects), etc.:   2%|2         | 2/96 [00:00<00:27,  3.43it/s]
Animation 32: FadeIn(VGroup of 1000 submobjects), etc.:   3%|3         | 3/96 [00:00<00:26,  3.51it/s]
Animation 32: FadeIn(VGroup of 1000 submobjects), etc.:   4%|4         | 4/96 [00:01<00:25,  3.60it/s]
Animation 32: FadeIn(VGroup of 1000 submobjects), etc.:   5%|5         | 5/96 [00:01<00:24,  3.66it/s]
Animation 32: FadeIn(VGroup of 1000 submobjects), etc.:   6%|6         | 6/96 [00:01<00:24,  3.66it/s]
Animation 32: FadeIn(VGroup of 1000 submobjects), etc.:   7%|7         | 7/96 [00:01<00:24,  3.62it/s]
Animation 32: FadeIn(VGroup of 1000 submobjects), etc.:   8%|8         | 8/96 [00:02<00:24,  3.57it/s]
Animation 32: FadeIn(VGroup of 1000 submobjects), etc.:   9%|9         | 9/96 [00:02<00:24,  3.59it/s]
Animation 32: FadeIn(VGroup of 1000 submobjects), etc.:  10%|#         | 10/96 [00:02<00:23,  3.61it/s]
Animation 32: FadeIn(VGroup of 1000 submobjects), etc.:  11%|#1        | 11/96 [00:03<00:23,  3.62it/s]
Animation 32: FadeIn(VGroup of 1000 submobjects), etc.:  12%|#2        | 12/96 [00:03<00:23,  3.62it/s]
Animation 32: FadeIn(VGroup of 1000 submobjects), etc.:  14%|#3        | 13/96 [00:03<00:23,  3.60it/s]
Animation 32: FadeIn(VGroup of 1000 submobjects), etc.:  15%|#4        | 14/96 [00:03<00:22,  3.62it/s]
Animation 32: FadeIn(VGroup of 1000 submobjects), etc.:  16%|#5        | 15/96 [00:04<00:22,  3.57it/s]
Animation 32: FadeIn(VGroup of 1000 submobjects), etc.:  17%|#6        | 16/96 [00:04<00:22,  3.54it/s]
Animation 32: FadeIn(VGroup of 1000 submobjects), etc.:  18%|#7        | 17/96 [00:04<00:22,  3.54it/s]
Animation 32: FadeIn(VGroup of 1000 submobjects), etc.:  19%|#8        | 18/96 [00:05<00:22,  3.49it/s]
Animation 32: FadeIn(VGroup of 1000 submobjects), etc.:  20%|#9        | 19/96 [00:05<00:22,  3.45it/s]
Animation 32: FadeIn(VGroup of 1000 submobjects), etc.:  21%|##        | 20/96 [00:05<00:21,  3.50it/s]
Animation 32: FadeIn(VGroup of 1000 submobjects), etc.:  22%|##1       | 21/96 [00:05<00:21,  3.54it/s]
Animation 32: FadeIn(VGroup of 1000 submobjects), etc.:  23%|##2       | 22/96 [00:06<00:21,  3.52it/s]
Animation 32: FadeIn(VGroup of 1000 submobjects), etc.:  24%|##3       | 23/96 [00:06<00:21,  3.43it/s]
Animation 32: FadeIn(VGroup of 1000 submobjects), etc.:  25%|##5       | 24/96 [00:06<00:21,  3.42it/s]
Animation 32: FadeIn(VGroup of 1000 submobjects), etc.:  26%|##6       | 25/96 [00:07<00:21,  3.35it/s]
Animation 32: FadeIn(VGroup of 1000 submobjects), etc.:  27%|##7       | 26/96 [00:07<00:20,  3.36it/s]
Animation 32: FadeIn(VGroup of 1000 submobjects), etc.:  28%|##8       | 27/96 [00:07<00:21,  3.27it/s]
Animation 32: FadeIn(VGroup of 1000 submobjects), etc.:  29%|##9       | 28/96 [00:08<00:20,  3.29it/s]
Animation 32: FadeIn(VGroup of 1000 submobjects), etc.:  30%|###       | 29/96 [00:08<00:20,  3.31it/s]
Animation 32: FadeIn(VGroup of 1000 submobjects), etc.:  31%|###1      | 30/96 [00:08<00:20,  3.29it/s]
Animation 32: FadeIn(VGroup of 1000 submobjects), etc.:  32%|###2      | 31/96 [00:08<00:19,  3.30it/s]
Animation 32: FadeIn(VGroup of 1000 submobjects), etc.:  33%|###3      | 32/96 [00:09<00:19,  3.21it/s]
Animation 32: FadeIn(VGroup of 1000 submobjects), etc.:  34%|###4      | 33/96 [00:09<00:19,  3.24it/s]
Animation 32: FadeIn(VGroup of 1000 submobjects), etc.:  35%|###5      | 34/96 [00:09<00:18,  3.29it/s]
Animation 32: FadeIn(VGroup of 1000 submobjects), etc.:  36%|###6      | 35/96 [00:10<00:18,  3.27it/s]
Animation 32: FadeIn(VGroup of 1000 submobjects), etc.:  38%|###7      | 36/96 [00:10<00:18,  3.24it/s]
Animation 32: FadeIn(VGroup of 1000 submobjects), etc.:  39%|###8      | 37/96 [00:10<00:18,  3.27it/s]
Animation 32: FadeIn(VGroup of 1000 submobjects), etc.:  40%|###9      | 38/96 [00:11<00:17,  3.23it/s]
Animation 32: FadeIn(VGroup of 1000 submobjects), etc.:  41%|####      | 39/96 [00:11<00:17,  3.26it/s]
Animation 32: FadeIn(VGroup of 1000 submobjects), etc.:  42%|####1     | 40/96 [00:11<00:17,  3.26it/s]
Animation 32: FadeIn(VGroup of 1000 submobjects), etc.:  43%|####2     | 41/96 [00:11<00:16,  3.28it/s]
Animation 32: FadeIn(VGroup of 1000 submobjects), etc.:  44%|####3     | 42/96 [00:12<00:16,  3.22it/s]
Animation 32: FadeIn(VGroup of 1000 submobjects), etc.:  45%|####4     | 43/96 [00:12<00:17,  2.98it/s]
Animation 32: FadeIn(VGroup of 1000 submobjects), etc.:  46%|####5     | 44/96 [00:13<00:16,  3.08it/s]
Animation 32: FadeIn(VGroup of 1000 submobjects), etc.:  47%|####6     | 45/96 [00:13<00:16,  3.05it/s]
Animation 32: FadeIn(VGroup of 1000 submobjects), etc.:  48%|####7     | 46/96 [00:13<00:16,  3.10it/s]
Animation 32: FadeIn(VGroup of 1000 submobjects), etc.:  49%|####8     | 47/96 [00:13<00:15,  3.08it/s]
Animation 32: FadeIn(VGroup of 1000 submobjects), etc.:  50%|#####     | 48/96 [00:14<00:15,  3.03it/s]
Animation 32: FadeIn(VGroup of 1000 submobjects), etc.:  51%|#####1    | 49/96 [00:14<00:15,  3.12it/s]
Animation 32: FadeIn(VGroup of 1000 submobjects), etc.:  52%|#####2    | 50/96 [00:14<00:14,  3.13it/s]
Animation 32: FadeIn(VGroup of 1000 submobjects), etc.:  53%|#####3    | 51/96 [00:15<00:14,  3.10it/s]
Animation 32: FadeIn(VGroup of 1000 submobjects), etc.:  54%|#####4    | 52/96 [00:15<00:14,  3.13it/s]
Animation 32: FadeIn(VGroup of 1000 submobjects), etc.:  55%|#####5    | 53/96 [00:15<00:13,  3.13it/s]
Animation 32: FadeIn(VGroup of 1000 submobjects), etc.:  56%|#####6    | 54/96 [00:16<00:13,  3.10it/s]
Animation 32: FadeIn(VGroup of 1000 submobjects), etc.:  57%|#####7    | 55/96 [00:16<00:12,  3.16it/s]
Animation 32: FadeIn(VGroup of 1000 submobjects), etc.:  58%|#####8    | 56/96 [00:16<00:12,  3.13it/s]
Animation 32: FadeIn(VGroup of 1000 submobjects), etc.:  59%|#####9    | 57/96 [00:17<00:12,  3.15it/s]
Animation 32: FadeIn(VGroup of 1000 submobjects), etc.:  60%|######    | 58/96 [00:17<00:12,  3.11it/s]
Animation 32: FadeIn(VGroup of 1000 submobjects), etc.:  61%|######1   | 59/96 [00:17<00:11,  3.15it/s]
Animation 32: FadeIn(VGroup of 1000 submobjects), etc.:  62%|######2   | 60/96 [00:18<00:13,  2.57it/s]
Animation 32: FadeIn(VGroup of 1000 submobjects), etc.:  64%|######3   | 61/96 [00:18<00:12,  2.72it/s]
Animation 32: FadeIn(VGroup of 1000 submobjects), etc.:  65%|######4   | 62/96 [00:19<00:11,  2.84it/s]
Animation 32: FadeIn(VGroup of 1000 submobjects), etc.:  66%|######5   | 63/96 [00:19<00:11,  2.95it/s]
Animation 32: FadeIn(VGroup of 1000 submobjects), etc.:  67%|######6   | 64/96 [00:19<00:11,  2.85it/s]
Animation 32: FadeIn(VGroup of 1000 submobjects), etc.:  68%|######7   | 65/96 [00:20<00:10,  2.92it/s]
Animation 32: FadeIn(VGroup of 1000 submobjects), etc.:  69%|######8   | 66/96 [00:20<00:10,  2.93it/s]
Animation 32: FadeIn(VGroup of 1000 submobjects), etc.:  70%|######9   | 67/96 [00:20<00:09,  3.21it/s]
Animation 32: FadeIn(VGroup of 1000 submobjects), etc.:  71%|#######   | 68/96 [00:20<00:08,  3.39it/s]
Animation 32: FadeIn(VGroup of 1000 submobjects), etc.:  72%|#######1  | 69/96 [00:21<00:08,  3.34it/s]
Animation 32: FadeIn(VGroup of 1000 submobjects), etc.:  73%|#######2  | 70/96 [00:21<00:07,  3.25it/s]
Animation 32: FadeIn(VGroup of 1000 submobjects), etc.:  74%|#######3  | 71/96 [00:21<00:07,  3.20it/s]
Animation 32: FadeIn(VGroup of 1000 submobjects), etc.:  75%|#######5  | 72/96 [00:22<00:07,  3.22it/s]
Animation 32: FadeIn(VGroup of 1000 submobjects), etc.:  76%|#######6  | 73/96 [00:22<00:07,  3.20it/s]
Animation 32: FadeIn(VGroup of 1000 submobjects), etc.:  77%|#######7  | 74/96 [00:22<00:06,  3.23it/s]
Animation 32: FadeIn(VGroup of 1000 submobjects), etc.:  78%|#######8  | 75/96 [00:23<00:06,  3.14it/s]
Animation 32: FadeIn(VGroup of 1000 submobjects), etc.:  79%|#######9  | 76/96 [00:23<00:06,  2.94it/s]
Animation 32: FadeIn(VGroup of 1000 submobjects), etc.:  80%|########  | 77/96 [00:23<00:06,  3.08it/s]
Animation 32: FadeIn(VGroup of 1000 submobjects), etc.:  81%|########1 | 78/96 [00:24<00:05,  3.06it/s]
Animation 32: FadeIn(VGroup of 1000 submobjects), etc.:  82%|########2 | 79/96 [00:24<00:05,  3.03it/s]
Animation 32: FadeIn(VGroup of 1000 submobjects), etc.:  83%|########3 | 80/96 [00:24<00:05,  3.10it/s]
Animation 32: FadeIn(VGroup of 1000 submobjects), etc.:  84%|########4 | 81/96 [00:25<00:04,  3.03it/s]
Animation 32: FadeIn(VGroup of 1000 submobjects), etc.:  85%|########5 | 82/96 [00:25<00:04,  3.06it/s]
Animation 32: FadeIn(VGroup of 1000 submobjects), etc.:  86%|########6 | 83/96 [00:25<00:04,  3.14it/s]
Animation 32: FadeIn(VGroup of 1000 submobjects), etc.:  88%|########7 | 84/96 [00:26<00:03,  3.15it/s]
Animation 32: FadeIn(VGroup of 1000 submobjects), etc.:  89%|########8 | 85/96 [00:26<00:03,  3.20it/s]
Animation 32: FadeIn(VGroup of 1000 submobjects), etc.:  90%|########9 | 86/96 [00:26<00:03,  3.06it/s]
Animation 32: FadeIn(VGroup of 1000 submobjects), etc.:  91%|######### | 87/96 [00:27<00:02,  3.02it/s]
Animation 32: FadeIn(VGroup of 1000 submobjects), etc.:  92%|#########1| 88/96 [00:27<00:02,  3.13it/s]
Animation 32: FadeIn(VGroup of 1000 submobjects), etc.:  93%|#########2| 89/96 [00:27<00:02,  3.17it/s]
Animation 32: FadeIn(VGroup of 1000 submobjects), etc.:  94%|#########3| 90/96 [00:27<00:01,  3.16it/s]
Animation 32: FadeIn(VGroup of 1000 submobjects), etc.:  95%|#########4| 91/96 [00:28<00:01,  3.20it/s]
Animation 32: FadeIn(VGroup of 1000 submobjects), etc.:  96%|#########5| 92/96 [00:29<00:01,  2.13it/s]
Animation 32: FadeIn(VGroup of 1000 submobjects), etc.:  97%|#########6| 93/96 [00:29<00:01,  1.81it/s]
Animation 32: FadeIn(VGroup of 1000 submobjects), etc.:  98%|#########7| 94/96 [00:30<00:01,  1.92it/s]
Animation 32: FadeIn(VGroup of 1000 submobjects), etc.:  99%|#########8| 95/96 [00:30<00:00,  2.13it/s]
Animation 32: FadeIn(VGroup of 1000 submobjects), etc.: 100%|##########| 96/96 [00:30<00:00,  2.40it/s]
[09/10/26 10:28:35] INFO     Animation 32 : Partial    scene_file_writer.py:192
                             movie file written in                             
                             'C:\Users\Nacho\Documents                         
                             \Animaciones\Capitulo                             
                             7\media\videos\s01_bayes\                         
                             1080p60\partial_movie_fil                         
                             es\Bayes\2932440949_28839                         
                             89083_1348030097.mp4'                             
[09/10/26 10:28:37] INFO     Animation 33 : Partial    scene_file_writer.py:192
                             movie file written in                             
                             'C:\Users\Nacho\Documents                         
                             \Animaciones\Capitulo                             
                             7\media\videos\s01_bayes\                         
                             1080p60\partial_movie_fil                         
                             es\Bayes\2932440949_38809                         
                             68470_3280095549.mp4'                             
                                                                                                       

Animation 34: _MethodAnimation(VGroup of 10 submobjects):   0%|          | 0/60 [00:00<?, ?it/s]
Animation 34: _MethodAnimation(VGroup of 10 submobjects):  12%|#1        | 7/60 [00:00<00:00, 63.15it/s]
Animation 34: _MethodAnimation(VGroup of 10 submobjects):  23%|##3       | 14/60 [00:00<00:00, 50.37it/s]
Animation 34: _MethodAnimation(VGroup of 10 submobjects):  33%|###3      | 20/60 [00:00<00:00, 50.07it/s]
Animation 34: _MethodAnimation(VGroup of 10 submobjects):  43%|####3     | 26/60 [00:00<00:00, 50.65it/s]
Animation 34: _MethodAnimation(VGroup of 10 submobjects):  53%|#####3    | 32/60 [00:00<00:00, 50.72it/s]
Animation 34: _MethodAnimation(VGroup of 10 submobjects):  63%|######3   | 38/60 [00:00<00:00, 51.71it/s]
Animation 34: _MethodAnimation(VGroup of 10 submobjects):  73%|#######3  | 44/60 [00:00<00:00, 47.29it/s]
Animation 34: _MethodAnimation(VGroup of 10 submobjects):  82%|########1 | 49/60 [00:01<00:00, 45.03it/s]
Animation 34: _MethodAnimation(VGroup of 10 submobjects):  90%|######### | 54/60 [00:01<00:00, 44.47it/s]
Animation 34: _MethodAnimation(VGroup of 10 submobjects):  98%|#########8| 59/60 [00:01<00:00, 45.01it/s]
[09/10/26 10:28:40] INFO     Animation 34 : Partial    scene_file_writer.py:192
                             movie file written in                             
                             'C:\Users\Nacho\Documents                         
                             \Animaciones\Capitulo                             
                             7\media\videos\s01_bayes\                         
                             1080p60\partial_movie_fil                         
                             es\Bayes\2932440949_30925                         
                             71971_2838457567.mp4'                             
                                                                                                         

Animation 35: Create(SurroundingRectangle), etc.:   0%|          | 0/60 [00:00<?, ?it/s]
Animation 35: Create(SurroundingRectangle), etc.:   8%|8         | 5/60 [00:00<00:01, 46.16it/s]
Animation 35: Create(SurroundingRectangle), etc.:  17%|#6        | 10/60 [00:00<00:01, 42.01it/s]
Animation 35: Create(SurroundingRectangle), etc.:  25%|##5       | 15/60 [00:00<00:01, 43.37it/s]
Animation 35: Create(SurroundingRectangle), etc.:  33%|###3      | 20/60 [00:00<00:00, 44.78it/s]
Animation 35: Create(SurroundingRectangle), etc.:  42%|####1     | 25/60 [00:00<00:00, 44.23it/s]
Animation 35: Create(SurroundingRectangle), etc.:  50%|#####     | 30/60 [00:00<00:00, 43.13it/s]
Animation 35: Create(SurroundingRectangle), etc.:  58%|#####8    | 35/60 [00:00<00:00, 43.95it/s]
Animation 35: Create(SurroundingRectangle), etc.:  67%|######6   | 40/60 [00:00<00:00, 43.79it/s]
Animation 35: Create(SurroundingRectangle), etc.:  75%|#######5  | 45/60 [00:01<00:00, 39.89it/s]
Animation 35: Create(SurroundingRectangle), etc.:  83%|########3 | 50/60 [00:01<00:00, 38.50it/s]
Animation 35: Create(SurroundingRectangle), etc.:  90%|######### | 54/60 [00:01<00:00, 38.29it/s]
Animation 35: Create(SurroundingRectangle), etc.:  97%|#########6| 58/60 [00:01<00:00, 37.89it/s]
[09/10/26 10:28:43] INFO     Animation 35 : Partial    scene_file_writer.py:192
                             movie file written in                             
                             'C:\Users\Nacho\Documents                         
                             \Animaciones\Capitulo                             
                             7\media\videos\s01_bayes\                         
                             1080p60\partial_movie_fil                         
                             es\Bayes\2932440949_19638                         
                             59808_2119191723.mp4'                             
[09/10/26 10:28:46] INFO     Animation 36 : Partial    scene_file_writer.py:192
                             movie file written in                             
                             'C:\Users\Nacho\Documents                         
                             \Animaciones\Capitulo                             
                             7\media\videos\s01_bayes\                         
                             1080p60\partial_movie_fil                         
                             es\Bayes\2932440949_38103                         
                             16983_3694285789.mp4'                             
                                                                                                 

Animation 37: _MethodAnimation(VGroup of 50 submobjects):   0%|          | 0/72 [00:00<?, ?it/s]
Animation 37: _MethodAnimation(VGroup of 50 submobjects):   6%|5         | 4/72 [00:00<00:02, 33.99it/s]
Animation 37: _MethodAnimation(VGroup of 50 submobjects):  11%|#1        | 8/72 [00:00<00:02, 30.52it/s]
Animation 37: _MethodAnimation(VGroup of 50 submobjects):  17%|#6        | 12/72 [00:00<00:01, 30.15it/s]
Animation 37: _MethodAnimation(VGroup of 50 submobjects):  22%|##2       | 16/72 [00:00<00:01, 30.60it/s]
Animation 37: _MethodAnimation(VGroup of 50 submobjects):  28%|##7       | 20/72 [00:00<00:01, 30.74it/s]
Animation 37: _MethodAnimation(VGroup of 50 submobjects):  33%|###3      | 24/72 [00:00<00:01, 30.55it/s]
Animation 37: _MethodAnimation(VGroup of 50 submobjects):  39%|###8      | 28/72 [00:00<00:01, 30.66it/s]
Animation 37: _MethodAnimation(VGroup of 50 submobjects):  44%|####4     | 32/72 [00:01<00:01, 30.85it/s]
Animation 37: _MethodAnimation(VGroup of 50 submobjects):  50%|#####     | 36/72 [00:01<00:01, 31.16it/s]
Animation 37: _MethodAnimation(VGroup of 50 submobjects):  56%|#####5    | 40/72 [00:01<00:01, 31.29it/s]
Animation 37: _MethodAnimation(VGroup of 50 submobjects):  61%|######1   | 44/72 [00:01<00:00, 28.03it/s]
Animation 37: _MethodAnimation(VGroup of 50 submobjects):  65%|######5   | 47/72 [00:01<00:00, 27.80it/s]
Animation 37: _MethodAnimation(VGroup of 50 submobjects):  69%|######9   | 50/72 [00:01<00:00, 27.80it/s]
Animation 37: _MethodAnimation(VGroup of 50 submobjects):  74%|#######3  | 53/72 [00:01<00:00, 27.79it/s]
Animation 37: _MethodAnimation(VGroup of 50 submobjects):  78%|#######7  | 56/72 [00:01<00:00, 28.17it/s]
Animation 37: _MethodAnimation(VGroup of 50 submobjects):  82%|########1 | 59/72 [00:02<00:00, 27.15it/s]
Animation 37: _MethodAnimation(VGroup of 50 submobjects):  86%|########6 | 62/72 [00:02<00:00, 26.58it/s]
Animation 37: _MethodAnimation(VGroup of 50 submobjects):  90%|######### | 65/72 [00:02<00:00, 27.31it/s]
Animation 37: _MethodAnimation(VGroup of 50 submobjects):  94%|#########4| 68/72 [00:02<00:00, 26.68it/s]
Animation 37: _MethodAnimation(VGroup of 50 submobjects):  99%|#########8| 71/72 [00:02<00:00, 27.13it/s]
[09/10/26 10:28:50] INFO     Animation 37 : Partial    scene_file_writer.py:192
                             movie file written in                             
                             'C:\Users\Nacho\Documents                         
                             \Animaciones\Capitulo                             
                             7\media\videos\s01_bayes\                         
                             1080p60\partial_movie_fil                         
                             es\Bayes\2932440949_27947                         
                             27726_895139394.mp4'                              
                                                                                                         

Animation 38: Create(SurroundingRectangle), etc.:   0%|          | 0/60 [00:00<?, ?it/s]
Animation 38: Create(SurroundingRectangle), etc.:   7%|6         | 4/60 [00:00<00:01, 37.02it/s]
Animation 38: Create(SurroundingRectangle), etc.:  13%|#3        | 8/60 [00:00<00:01, 31.98it/s]
Animation 38: Create(SurroundingRectangle), etc.:  20%|##        | 12/60 [00:00<00:01, 31.93it/s]
Animation 38: Create(SurroundingRectangle), etc.:  27%|##6       | 16/60 [00:00<00:01, 31.82it/s]
Animation 38: Create(SurroundingRectangle), etc.:  33%|###3      | 20/60 [00:00<00:01, 31.70it/s]
Animation 38: Create(SurroundingRectangle), etc.:  40%|####      | 24/60 [00:00<00:01, 32.33it/s]
Animation 38: Create(SurroundingRectangle), etc.:  47%|####6     | 28/60 [00:00<00:01, 30.63it/s]
Animation 38: Create(SurroundingRectangle), etc.:  53%|#####3    | 32/60 [00:01<00:00, 30.85it/s]
Animation 38: Create(SurroundingRectangle), etc.:  60%|######    | 36/60 [00:01<00:00, 30.79it/s]
Animation 38: Create(SurroundingRectangle), etc.:  67%|######6   | 40/60 [00:01<00:00, 30.17it/s]
Animation 38: Create(SurroundingRectangle), etc.:  73%|#######3  | 44/60 [00:01<00:00, 29.27it/s]
Animation 38: Create(SurroundingRectangle), etc.:  78%|#######8  | 47/60 [00:01<00:00, 29.03it/s]
Animation 38: Create(SurroundingRectangle), etc.:  83%|########3 | 50/60 [00:01<00:00, 29.16it/s]
Animation 38: Create(SurroundingRectangle), etc.:  88%|########8 | 53/60 [00:01<00:00, 28.38it/s]
Animation 38: Create(SurroundingRectangle), etc.:  93%|#########3| 56/60 [00:01<00:00, 27.76it/s]
Animation 38: Create(SurroundingRectangle), etc.:  98%|#########8| 59/60 [00:01<00:00, 27.89it/s]
[09/10/26 10:28:53] INFO     Animation 38 : Partial    scene_file_writer.py:192
                             movie file written in                             
                             'C:\Users\Nacho\Documents                         
                             \Animaciones\Capitulo                             
                             7\media\videos\s01_bayes\                         
                             1080p60\partial_movie_fil                         
                             es\Bayes\2932440949_29319                         
                             1207_2856661530.mp4'                              
[09/10/26 10:28:57] INFO     Animation 39 : Partial    scene_file_writer.py:192
                             movie file written in                             
                             'C:\Users\Nacho\Documents                         
                             \Animaciones\Capitulo                             
                             7\media\videos\s01_bayes\                         
                             1080p60\partial_movie_fil                         
                             es\Bayes\2932440949_35800                         
                             93213_641479263.mp4'                              
                                                                                                 

Animation 40: FadeOut(VGroup of 6 submobjects):   0%|          | 0/60 [00:00<?, ?it/s]
Animation 40: FadeOut(VGroup of 6 submobjects):   2%|1         | 1/60 [00:00<00:17,  3.33it/s]
Animation 40: FadeOut(VGroup of 6 submobjects):   3%|3         | 2/60 [00:00<00:17,  3.23it/s]
Animation 40: FadeOut(VGroup of 6 submobjects):   5%|5         | 3/60 [00:00<00:16,  3.41it/s]
Animation 40: FadeOut(VGroup of 6 submobjects):   7%|6         | 4/60 [00:01<00:16,  3.42it/s]
Animation 40: FadeOut(VGroup of 6 submobjects):   8%|8         | 5/60 [00:01<00:15,  3.54it/s]
Animation 40: FadeOut(VGroup of 6 submobjects):  10%|#         | 6/60 [00:01<00:14,  3.62it/s]
Animation 40: FadeOut(VGroup of 6 submobjects):  12%|#1        | 7/60 [00:01<00:14,  3.67it/s]
Animation 40: FadeOut(VGroup of 6 submobjects):  13%|#3        | 8/60 [00:02<00:14,  3.55it/s]
Animation 40: FadeOut(VGroup of 6 submobjects):  15%|#5        | 9/60 [00:02<00:15,  3.31it/s]
Animation 40: FadeOut(VGroup of 6 submobjects):  17%|#6        | 10/60 [00:02<00:15,  3.20it/s]
Animation 40: FadeOut(VGroup of 6 submobjects):  18%|#8        | 11/60 [00:03<00:15,  3.07it/s]
Animation 40: FadeOut(VGroup of 6 submobjects):  20%|##        | 12/60 [00:03<00:15,  3.11it/s]
Animation 40: FadeOut(VGroup of 6 submobjects):  22%|##1       | 13/60 [00:03<00:14,  3.16it/s]
Animation 40: FadeOut(VGroup of 6 submobjects):  23%|##3       | 14/60 [00:04<00:14,  3.13it/s]
Animation 40: FadeOut(VGroup of 6 submobjects):  25%|##5       | 15/60 [00:04<00:14,  3.15it/s]
Animation 40: FadeOut(VGroup of 6 submobjects):  27%|##6       | 16/60 [00:04<00:13,  3.19it/s]
Animation 40: FadeOut(VGroup of 6 submobjects):  28%|##8       | 17/60 [00:05<00:13,  3.12it/s]
Animation 40: FadeOut(VGroup of 6 submobjects):  30%|###       | 18/60 [00:05<00:14,  2.94it/s]
Animation 40: FadeOut(VGroup of 6 submobjects):  32%|###1      | 19/60 [00:05<00:13,  2.94it/s]
Animation 40: FadeOut(VGroup of 6 submobjects):  33%|###3      | 20/60 [00:06<00:13,  2.87it/s]
Animation 40: FadeOut(VGroup of 6 submobjects):  35%|###5      | 21/60 [00:06<00:13,  2.94it/s]
Animation 40: FadeOut(VGroup of 6 submobjects):  37%|###6      | 22/60 [00:06<00:12,  2.98it/s]
Animation 40: FadeOut(VGroup of 6 submobjects):  38%|###8      | 23/60 [00:07<00:12,  2.90it/s]
Animation 40: FadeOut(VGroup of 6 submobjects):  40%|####      | 24/60 [00:07<00:12,  2.97it/s]
Animation 40: FadeOut(VGroup of 6 submobjects):  42%|####1     | 25/60 [00:07<00:11,  3.00it/s]
Animation 40: FadeOut(VGroup of 6 submobjects):  43%|####3     | 26/60 [00:08<00:11,  3.05it/s]
Animation 40: FadeOut(VGroup of 6 submobjects):  45%|####5     | 27/60 [00:08<00:10,  3.10it/s]
Animation 40: FadeOut(VGroup of 6 submobjects):  47%|####6     | 28/60 [00:08<00:10,  3.12it/s]
Animation 40: FadeOut(VGroup of 6 submobjects):  48%|####8     | 29/60 [00:09<00:09,  3.10it/s]
Animation 40: FadeOut(VGroup of 6 submobjects):  50%|#####     | 30/60 [00:09<00:09,  3.14it/s]
Animation 40: FadeOut(VGroup of 6 submobjects):  52%|#####1    | 31/60 [00:09<00:09,  3.13it/s]
Animation 40: FadeOut(VGroup of 6 submobjects):  53%|#####3    | 32/60 [00:10<00:08,  3.12it/s]
Animation 40: FadeOut(VGroup of 6 submobjects):  55%|#####5    | 33/60 [00:10<00:08,  3.11it/s]
Animation 40: FadeOut(VGroup of 6 submobjects):  57%|#####6    | 34/60 [00:10<00:08,  3.15it/s]
Animation 40: FadeOut(VGroup of 6 submobjects):  58%|#####8    | 35/60 [00:11<00:07,  3.15it/s]
Animation 40: FadeOut(VGroup of 6 submobjects):  60%|######    | 36/60 [00:11<00:07,  3.14it/s]
Animation 40: FadeOut(VGroup of 6 submobjects):  62%|######1   | 37/60 [00:11<00:07,  3.20it/s]
Animation 40: FadeOut(VGroup of 6 submobjects):  63%|######3   | 38/60 [00:12<00:06,  3.26it/s]
Animation 40: FadeOut(VGroup of 6 submobjects):  65%|######5   | 39/60 [00:12<00:06,  3.23it/s]
Animation 40: FadeOut(VGroup of 6 submobjects):  67%|######6   | 40/60 [00:12<00:06,  3.19it/s]
Animation 40: FadeOut(VGroup of 6 submobjects):  68%|######8   | 41/60 [00:13<00:06,  3.15it/s]
Animation 40: FadeOut(VGroup of 6 submobjects):  70%|#######   | 42/60 [00:13<00:05,  3.07it/s]
Animation 40: FadeOut(VGroup of 6 submobjects):  72%|#######1  | 43/60 [00:13<00:05,  2.84it/s]
Animation 40: FadeOut(VGroup of 6 submobjects):  73%|#######3  | 44/60 [00:14<00:05,  2.93it/s]
Animation 40: FadeOut(VGroup of 6 submobjects):  75%|#######5  | 45/60 [00:14<00:05,  2.93it/s]
Animation 40: FadeOut(VGroup of 6 submobjects):  77%|#######6  | 46/60 [00:14<00:04,  3.02it/s]
Animation 40: FadeOut(VGroup of 6 submobjects):  78%|#######8  | 47/60 [00:15<00:04,  3.08it/s]
Animation 40: FadeOut(VGroup of 6 submobjects):  80%|########  | 48/60 [00:15<00:04,  2.96it/s]
Animation 40: FadeOut(VGroup of 6 submobjects):  82%|########1 | 49/60 [00:15<00:03,  2.99it/s]
Animation 40: FadeOut(VGroup of 6 submobjects):  83%|########3 | 50/60 [00:16<00:03,  2.96it/s]
Animation 40: FadeOut(VGroup of 6 submobjects):  85%|########5 | 51/60 [00:16<00:03,  2.99it/s]
Animation 40: FadeOut(VGroup of 6 submobjects):  87%|########6 | 52/60 [00:16<00:02,  2.95it/s]
Animation 40: FadeOut(VGroup of 6 submobjects):  88%|########8 | 53/60 [00:17<00:02,  2.98it/s]
Animation 40: FadeOut(VGroup of 6 submobjects):  90%|######### | 54/60 [00:17<00:01,  3.05it/s]
Animation 40: FadeOut(VGroup of 6 submobjects):  92%|#########1| 55/60 [00:17<00:01,  3.18it/s]
Animation 40: FadeOut(VGroup of 6 submobjects):  93%|#########3| 56/60 [00:17<00:01,  3.19it/s]
Animation 40: FadeOut(VGroup of 6 submobjects):  95%|#########5| 57/60 [00:18<00:00,  3.16it/s]
Animation 40: FadeOut(VGroup of 6 submobjects):  97%|#########6| 58/60 [00:18<00:00,  3.15it/s]
Animation 40: FadeOut(VGroup of 6 submobjects):  98%|#########8| 59/60 [00:18<00:00,  3.25it/s]
Animation 40: FadeOut(VGroup of 6 submobjects): 100%|##########| 60/60 [00:19<00:00,  3.32it/s]
[09/10/26 10:29:20] INFO     Animation 40 : Partial    scene_file_writer.py:192
                             movie file written in                             
                             'C:\Users\Nacho\Documents                         
                             \Animaciones\Capitulo                             
                             7\media\videos\s01_bayes\                         
                             1080p60\partial_movie_fil                         
                             es\Bayes\2932440949_21553                         
                             68176_1050736724.mp4'                             
                                                                                               

Animation 41: FadeIn(Text('de cada 600 positivos…')):   0%|          | 0/60 [00:00<?, ?it/s]
Animation 41: FadeIn(Text('de cada 600 positivos…')):  10%|#         | 6/60 [00:00<00:01, 53.26it/s]
Animation 41: FadeIn(Text('de cada 600 positivos…')):  20%|##        | 12/60 [00:00<00:01, 44.25it/s]
Animation 41: FadeIn(Text('de cada 600 positivos…')):  28%|##8       | 17/60 [00:00<00:00, 43.01it/s]
Animation 41: FadeIn(Text('de cada 600 positivos…')):  37%|###6      | 22/60 [00:00<00:00, 41.89it/s]
Animation 41: FadeIn(Text('de cada 600 positivos…')):  45%|####5     | 27/60 [00:00<00:00, 41.15it/s]
Animation 41: FadeIn(Text('de cada 600 positivos…')):  53%|#####3    | 32/60 [00:00<00:00, 40.17it/s]
Animation 41: FadeIn(Text('de cada 600 positivos…')):  62%|######1   | 37/60 [00:00<00:00, 40.81it/s]
Animation 41: FadeIn(Text('de cada 600 positivos…')):  70%|#######   | 42/60 [00:01<00:00, 41.40it/s]
Animation 41: FadeIn(Text('de cada 600 positivos…')):  78%|#######8  | 47/60 [00:01<00:00, 38.37it/s]
Animation 41: FadeIn(Text('de cada 600 positivos…')):  85%|########5 | 51/60 [00:01<00:00, 38.50it/s]
Animation 41: FadeIn(Text('de cada 600 positivos…')):  92%|#########1| 55/60 [00:01<00:00, 38.36it/s]
Animation 41: FadeIn(Text('de cada 600 positivos…')):  98%|#########8| 59/60 [00:01<00:00, 36.60it/s]
[09/10/26 10:29:22] INFO     Animation 41 : Partial    scene_file_writer.py:192
                             movie file written in                             
                             'C:\Users\Nacho\Documents                         
                             \Animaciones\Capitulo                             
                             7\media\videos\s01_bayes\                         
                             1080p60\partial_movie_fil                         
                             es\Bayes\2932440949_73174                         
                             4573_1638729849.mp4'                              
                                                                                                     

Animation 42: GrowFromEdge(Rectangle), etc.:   0%|          | 0/48 [00:00<?, ?it/s]
Animation 42: GrowFromEdge(Rectangle), etc.:  12%|#2        | 6/48 [00:00<00:00, 54.91it/s]
Animation 42: GrowFromEdge(Rectangle), etc.:  25%|##5       | 12/48 [00:00<00:00, 45.67it/s]
Animation 42: GrowFromEdge(Rectangle), etc.:  35%|###5      | 17/48 [00:00<00:00, 42.66it/s]
Animation 42: GrowFromEdge(Rectangle), etc.:  46%|####5     | 22/48 [00:00<00:00, 44.42it/s]
Animation 42: GrowFromEdge(Rectangle), etc.:  56%|#####6    | 27/48 [00:00<00:00, 45.51it/s]
Animation 42: GrowFromEdge(Rectangle), etc.:  67%|######6   | 32/48 [00:00<00:00, 46.50it/s]
Animation 42: GrowFromEdge(Rectangle), etc.:  77%|#######7  | 37/48 [00:00<00:00, 45.78it/s]
Animation 42: GrowFromEdge(Rectangle), etc.:  88%|########7 | 42/48 [00:00<00:00, 46.58it/s]
Animation 42: GrowFromEdge(Rectangle), etc.:  98%|#########7| 47/48 [00:01<00:00, 44.84it/s]
[09/10/26 10:29:24] INFO     Animation 42 : Partial    scene_file_writer.py:192
                             movie file written in                             
                             'C:\Users\Nacho\Documents                         
                             \Animaciones\Capitulo                             
                             7\media\videos\s01_bayes\                         
                             1080p60\partial_movie_fil                         
                             es\Bayes\2932440949_33929                         
                             45371_1472131968.mp4'                             
                                                                                            

Animation 43: GrowFromEdge(Rectangle), etc.:   0%|          | 0/48 [00:00<?, ?it/s]
Animation 43: GrowFromEdge(Rectangle), etc.:  15%|#4        | 7/48 [00:00<00:00, 62.60it/s]
Animation 43: GrowFromEdge(Rectangle), etc.:  29%|##9       | 14/48 [00:00<00:00, 55.54it/s]
Animation 43: GrowFromEdge(Rectangle), etc.:  42%|####1     | 20/48 [00:00<00:00, 51.47it/s]
Animation 43: GrowFromEdge(Rectangle), etc.:  54%|#####4    | 26/48 [00:00<00:00, 50.47it/s]
Animation 43: GrowFromEdge(Rectangle), etc.:  67%|######6   | 32/48 [00:00<00:00, 50.11it/s]
Animation 43: GrowFromEdge(Rectangle), etc.:  79%|#######9  | 38/48 [00:00<00:00, 50.07it/s]
Animation 43: GrowFromEdge(Rectangle), etc.:  92%|#########1| 44/48 [00:00<00:00, 51.07it/s]
[09/10/26 10:29:26] INFO     Animation 43 : Partial    scene_file_writer.py:192
                             movie file written in                             
                             'C:\Users\Nacho\Documents                         
                             \Animaciones\Capitulo                             
                             7\media\videos\s01_bayes\                         
                             1080p60\partial_movie_fil                         
                             es\Bayes\2932440949_33397                         
                             72536_802903153.mp4'                              
[09/10/26 10:29:28] INFO     Animation 44 : Partial    scene_file_writer.py:192
                             movie file written in                             
                             'C:\Users\Nacho\Documents                         
                             \Animaciones\Capitulo                             
                             7\media\videos\s01_bayes\                         
                             1080p60\partial_movie_fil                         
                             es\Bayes\2932440949_38103                         
                             16983_3110518551.mp4'                             
                                                                                            

Animation 45: Write(MathTex('P(\\text{enfermo}\\mid +)=\\frac{100}{100+500}\\approx17\\,\\%')):   0%|          | 0/120 
[00:00<?, ?it/s]
Animation 45: Write(MathTex('P(\\text{enfermo}\\mid +)=\\frac{100}{100+500}\\approx17\\,\\%')):   4%|4         | 5/120 
[00:00<00:02, 40.41it/s]
Animation 45: Write(MathTex('P(\\text{enfermo}\\mid +)=\\frac{100}{100+500}\\approx17\\,\\%')):   8%|8         | 
10/120 [00:00<00:02, 37.21it/s]
Animation 45: Write(MathTex('P(\\text{enfermo}\\mid +)=\\frac{100}{100+500}\\approx17\\,\\%')):  12%|#1        | 
14/120 [00:00<00:02, 36.74it/s]
Animation 45: Write(MathTex('P(\\text{enfermo}\\mid +)=\\frac{100}{100+500}\\approx17\\,\\%')):  15%|#5        | 
18/120 [00:00<00:02, 36.62it/s]
Animation 45: Write(MathTex('P(\\text{enfermo}\\mid +)=\\frac{100}{100+500}\\approx17\\,\\%')):  18%|#8        | 
22/120 [00:00<00:02, 37.25it/s]
Animation 45: Write(MathTex('P(\\text{enfermo}\\mid +)=\\frac{100}{100+500}\\approx17\\,\\%')):  22%|##1       | 
26/120 [00:00<00:02, 36.58it/s]
Animation 45: Write(MathTex('P(\\text{enfermo}\\mid +)=\\frac{100}{100+500}\\approx17\\,\\%')):  26%|##5       | 
31/120 [00:00<00:02, 38.33it/s]
Animation 45: Write(MathTex('P(\\text{enfermo}\\mid +)=\\frac{100}{100+500}\\approx17\\,\\%')):  29%|##9       | 
35/120 [00:00<00:02, 38.48it/s]
Animation 45: Write(MathTex('P(\\text{enfermo}\\mid +)=\\frac{100}{100+500}\\approx17\\,\\%')):  32%|###2      | 
39/120 [00:01<00:02, 38.53it/s]
Animation 45: Write(MathTex('P(\\text{enfermo}\\mid +)=\\frac{100}{100+500}\\approx17\\,\\%')):  37%|###6      | 
44/120 [00:01<00:02, 37.10it/s]
Animation 45: Write(MathTex('P(\\text{enfermo}\\mid +)=\\frac{100}{100+500}\\approx17\\,\\%')):  40%|####      | 
48/120 [00:01<00:01, 37.13it/s]
Animation 45: Write(MathTex('P(\\text{enfermo}\\mid +)=\\frac{100}{100+500}\\approx17\\,\\%')):  43%|####3     | 
52/120 [00:01<00:01, 36.33it/s]
Animation 45: Write(MathTex('P(\\text{enfermo}\\mid +)=\\frac{100}{100+500}\\approx17\\,\\%')):  47%|####6     | 
56/120 [00:01<00:01, 36.07it/s]
Animation 45: Write(MathTex('P(\\text{enfermo}\\mid +)=\\frac{100}{100+500}\\approx17\\,\\%')):  50%|#####     | 
60/120 [00:01<00:01, 34.73it/s]
Animation 45: Write(MathTex('P(\\text{enfermo}\\mid +)=\\frac{100}{100+500}\\approx17\\,\\%')):  53%|#####3    | 
64/120 [00:01<00:01, 33.30it/s]
Animation 45: Write(MathTex('P(\\text{enfermo}\\mid +)=\\frac{100}{100+500}\\approx17\\,\\%')):  57%|#####6    | 
68/120 [00:01<00:01, 31.56it/s]
Animation 45: Write(MathTex('P(\\text{enfermo}\\mid +)=\\frac{100}{100+500}\\approx17\\,\\%')):  60%|######    | 
72/120 [00:02<00:01, 30.80it/s]
Animation 45: Write(MathTex('P(\\text{enfermo}\\mid +)=\\frac{100}{100+500}\\approx17\\,\\%')):  63%|######3   | 
76/120 [00:02<00:01, 30.50it/s]
Animation 45: Write(MathTex('P(\\text{enfermo}\\mid +)=\\frac{100}{100+500}\\approx17\\,\\%')):  67%|######6   | 
80/120 [00:02<00:01, 30.87it/s]
Animation 45: Write(MathTex('P(\\text{enfermo}\\mid +)=\\frac{100}{100+500}\\approx17\\,\\%')):  70%|#######   | 
84/120 [00:02<00:01, 31.61it/s]
Animation 45: Write(MathTex('P(\\text{enfermo}\\mid +)=\\frac{100}{100+500}\\approx17\\,\\%')):  73%|#######3  | 
88/120 [00:02<00:00, 32.07it/s]
Animation 45: Write(MathTex('P(\\text{enfermo}\\mid +)=\\frac{100}{100+500}\\approx17\\,\\%')):  77%|#######6  | 
92/120 [00:02<00:00, 31.99it/s]
Animation 45: Write(MathTex('P(\\text{enfermo}\\mid +)=\\frac{100}{100+500}\\approx17\\,\\%')):  80%|########  | 
96/120 [00:02<00:00, 31.56it/s]
Animation 45: Write(MathTex('P(\\text{enfermo}\\mid +)=\\frac{100}{100+500}\\approx17\\,\\%')):  83%|########3 | 
100/120 [00:02<00:00, 32.46it/s]
Animation 45: Write(MathTex('P(\\text{enfermo}\\mid +)=\\frac{100}{100+500}\\approx17\\,\\%')):  87%|########6 | 
104/120 [00:03<00:00, 33.14it/s]
Animation 45: Write(MathTex('P(\\text{enfermo}\\mid +)=\\frac{100}{100+500}\\approx17\\,\\%')):  90%|######### | 
108/120 [00:03<00:00, 34.08it/s]
Animation 45: Write(MathTex('P(\\text{enfermo}\\mid +)=\\frac{100}{100+500}\\approx17\\,\\%')):  93%|#########3| 
112/120 [00:03<00:00, 33.98it/s]
Animation 45: Write(MathTex('P(\\text{enfermo}\\mid +)=\\frac{100}{100+500}\\approx17\\,\\%')):  97%|#########6| 
116/120 [00:03<00:00, 32.25it/s]
Animation 45: Write(MathTex('P(\\text{enfermo}\\mid +)=\\frac{100}{100+500}\\approx17\\,\\%')): 100%|##########| 
120/120 [00:03<00:00, 32.61it/s]
[09/10/26 10:29:32] INFO     Animation 45 : Partial    scene_file_writer.py:192
                             movie file written in                             
                             'C:\Users\Nacho\Documents                         
                             \Animaciones\Capitulo                             
                             7\media\videos\s01_bayes\                         
                             1080p60\partial_movie_fil                         
                             es\Bayes\2932440949_39675                         
                             79922_1877444179.mp4'                             
[09/10/26 10:29:36] INFO     Animation 46 : Partial    scene_file_writer.py:192
                             movie file written in                             
                             'C:\Users\Nacho\Documents                         
                             \Animaciones\Capitulo                             
                             7\media\videos\s01_bayes\                         
                             1080p60\partial_movie_fil                         
                             es\Bayes\2932440949_34958                         
                             9963_1611661004.mp4'                              
                                                                                                                       
                          

Animation 47: FadeIn(Text('con una enfermedad rara, la mayoría de los positivos son sanos')):   0%|          | 0/60 
[00:00<?, ?it/s]
Animation 47: FadeIn(Text('con una enfermedad rara, la mayoría de los positivos son sanos')):   5%|5         | 3/60 
[00:00<00:02, 27.64it/s]
Animation 47: FadeIn(Text('con una enfermedad rara, la mayoría de los positivos son sanos')):  10%|#         | 6/60 
[00:00<00:02, 26.34it/s]
Animation 47: FadeIn(Text('con una enfermedad rara, la mayoría de los positivos son sanos')):  15%|#5        | 9/60 
[00:00<00:02, 24.80it/s]
Animation 47: FadeIn(Text('con una enfermedad rara, la mayoría de los positivos son sanos')):  20%|##        | 12/60 
[00:00<00:01, 26.00it/s]
Animation 47: FadeIn(Text('con una enfermedad rara, la mayoría de los positivos son sanos')):  25%|##5       | 15/60 
[00:00<00:01, 25.33it/s]
Animation 47: FadeIn(Text('con una enfermedad rara, la mayoría de los positivos son sanos')):  30%|###       | 18/60 
[00:00<00:01, 25.49it/s]
Animation 47: FadeIn(Text('con una enfermedad rara, la mayoría de los positivos son sanos')):  35%|###5      | 21/60 
[00:00<00:01, 26.39it/s]
Animation 47: FadeIn(Text('con una enfermedad rara, la mayoría de los positivos son sanos')):  40%|####      | 24/60 
[00:00<00:01, 25.14it/s]
Animation 47: FadeIn(Text('con una enfermedad rara, la mayoría de los positivos son sanos')):  45%|####5     | 27/60 
[00:01<00:01, 25.08it/s]
Animation 47: FadeIn(Text('con una enfermedad rara, la mayoría de los positivos son sanos')):  50%|#####     | 30/60 
[00:01<00:01, 24.98it/s]
Animation 47: FadeIn(Text('con una enfermedad rara, la mayoría de los positivos son sanos')):  55%|#####5    | 33/60 
[00:01<00:01, 24.88it/s]
Animation 47: FadeIn(Text('con una enfermedad rara, la mayoría de los positivos son sanos')):  60%|######    | 36/60 
[00:01<00:00, 25.47it/s]
Animation 47: FadeIn(Text('con una enfermedad rara, la mayoría de los positivos son sanos')):  65%|######5   | 39/60 
[00:01<00:00, 23.22it/s]
Animation 47: FadeIn(Text('con una enfermedad rara, la mayoría de los positivos son sanos')):  70%|#######   | 42/60 
[00:01<00:00, 23.55it/s]
Animation 47: FadeIn(Text('con una enfermedad rara, la mayoría de los positivos son sanos')):  75%|#######5  | 45/60 
[00:01<00:00, 20.59it/s]
Animation 47: FadeIn(Text('con una enfermedad rara, la mayoría de los positivos son sanos')):  80%|########  | 48/60 
[00:02<00:00, 21.23it/s]
Animation 47: FadeIn(Text('con una enfermedad rara, la mayoría de los positivos son sanos')):  85%|########5 | 51/60 
[00:02<00:00, 22.22it/s]
Animation 47: FadeIn(Text('con una enfermedad rara, la mayoría de los positivos son sanos')):  90%|######### | 54/60 
[00:02<00:00, 22.69it/s]
Animation 47: FadeIn(Text('con una enfermedad rara, la mayoría de los positivos son sanos')):  95%|#########5| 57/60 
[00:02<00:00, 22.88it/s]
Animation 47: FadeIn(Text('con una enfermedad rara, la mayoría de los positivos son sanos')): 100%|##########| 60/60 
[00:02<00:00, 23.29it/s]
[09/10/26 10:29:40] INFO     Animation 47 : Partial    scene_file_writer.py:192
                             movie file written in                             
                             'C:\Users\Nacho\Documents                         
                             \Animaciones\Capitulo                             
                             7\media\videos\s01_bayes\                         
                             1080p60\partial_movie_fil                         
                             es\Bayes\2932440949_21640                         
                             95097_1177118039.mp4'                             
[09/10/26 10:29:44] INFO     Animation 48 : Partial    scene_file_writer.py:192
                             movie file written in                             
                             'C:\Users\Nacho\Documents                         
                             \Animaciones\Capitulo                             
                             7\media\videos\s01_bayes\                         
                             1080p60\partial_movie_fil                         
                             es\Bayes\2932440949_26697                         
                             9614_3248827381.mp4'                              
                                                                                                                       
                      

Animation 49: FadeOut(VGroup of 6 submobjects):   0%|          | 0/60 [00:00<?, ?it/s]
Animation 49: FadeOut(VGroup of 6 submobjects):   3%|3         | 2/60 [00:00<00:03, 15.73it/s]
Animation 49: FadeOut(VGroup of 6 submobjects):   7%|6         | 4/60 [00:00<00:03, 15.24it/s]
Animation 49: FadeOut(VGroup of 6 submobjects):  10%|#         | 6/60 [00:00<00:03, 15.20it/s]
Animation 49: FadeOut(VGroup of 6 submobjects):  13%|#3        | 8/60 [00:00<00:03, 14.75it/s]
Animation 49: FadeOut(VGroup of 6 submobjects):  17%|#6        | 10/60 [00:00<00:03, 14.90it/s]
Animation 49: FadeOut(VGroup of 6 submobjects):  20%|##        | 12/60 [00:00<00:03, 15.21it/s]
Animation 49: FadeOut(VGroup of 6 submobjects):  23%|##3       | 14/60 [00:00<00:03, 15.07it/s]
Animation 49: FadeOut(VGroup of 6 submobjects):  27%|##6       | 16/60 [00:01<00:02, 15.08it/s]
Animation 49: FadeOut(VGroup of 6 submobjects):  30%|###       | 18/60 [00:01<00:02, 15.19it/s]
Animation 49: FadeOut(VGroup of 6 submobjects):  33%|###3      | 20/60 [00:01<00:02, 15.32it/s]
Animation 49: FadeOut(VGroup of 6 submobjects):  37%|###6      | 22/60 [00:01<00:02, 15.44it/s]
Animation 49: FadeOut(VGroup of 6 submobjects):  40%|####      | 24/60 [00:01<00:02, 15.32it/s]
Animation 49: FadeOut(VGroup of 6 submobjects):  43%|####3     | 26/60 [00:01<00:02, 15.20it/s]
Animation 49: FadeOut(VGroup of 6 submobjects):  47%|####6     | 28/60 [00:01<00:02, 15.39it/s]
Animation 49: FadeOut(VGroup of 6 submobjects):  50%|#####     | 30/60 [00:01<00:01, 15.63it/s]
Animation 49: FadeOut(VGroup of 6 submobjects):  53%|#####3    | 32/60 [00:02<00:01, 15.86it/s]
Animation 49: FadeOut(VGroup of 6 submobjects):  57%|#####6    | 34/60 [00:02<00:01, 15.93it/s]
Animation 49: FadeOut(VGroup of 6 submobjects):  60%|######    | 36/60 [00:02<00:01, 15.70it/s]
Animation 49: FadeOut(VGroup of 6 submobjects):  63%|######3   | 38/60 [00:02<00:01, 15.70it/s]
Animation 49: FadeOut(VGroup of 6 submobjects):  67%|######6   | 40/60 [00:02<00:01, 15.47it/s]
Animation 49: FadeOut(VGroup of 6 submobjects):  70%|#######   | 42/60 [00:02<00:01, 15.85it/s]
Animation 49: FadeOut(VGroup of 6 submobjects):  73%|#######3  | 44/60 [00:02<00:01, 12.66it/s]
Animation 49: FadeOut(VGroup of 6 submobjects):  77%|#######6  | 46/60 [00:03<00:01, 13.15it/s]
Animation 49: FadeOut(VGroup of 6 submobjects):  80%|########  | 48/60 [00:03<00:00, 13.56it/s]
Animation 49: FadeOut(VGroup of 6 submobjects):  83%|########3 | 50/60 [00:03<00:00, 13.67it/s]
Animation 49: FadeOut(VGroup of 6 submobjects):  87%|########6 | 52/60 [00:03<00:00, 13.70it/s]
Animation 49: FadeOut(VGroup of 6 submobjects):  90%|######### | 54/60 [00:03<00:00, 13.74it/s]
Animation 49: FadeOut(VGroup of 6 submobjects):  93%|#########3| 56/60 [00:03<00:00, 13.82it/s]
Animation 49: FadeOut(VGroup of 6 submobjects):  97%|#########6| 58/60 [00:03<00:00, 14.58it/s]
Animation 49: FadeOut(VGroup of 6 submobjects): 100%|##########| 60/60 [00:04<00:00, 14.76it/s]
[09/10/26 10:29:50] INFO     Animation 49 : Partial    scene_file_writer.py:192
                             movie file written in                             
                             'C:\Users\Nacho\Documents                         
                             \Animaciones\Capitulo                             
                             7\media\videos\s01_bayes\                         
                             1080p60\partial_movie_fil                         
                             es\Bayes\2932440949_38115                         
                             99023_1156069986.mp4'                             
                                                                                               

Animation 50: FadeIn(Text('La probabilidad a priori pesa tanto como el dato.')):   0%|          | 0/60 [00:00<?, ?it/s]
Animation 50: FadeIn(Text('La probabilidad a priori pesa tanto como el dato.')):   7%|6         | 4/60 [00:00<00:01, 
32.88it/s]
Animation 50: FadeIn(Text('La probabilidad a priori pesa tanto como el dato.')):  13%|#3        | 8/60 [00:00<00:01, 
30.18it/s]
Animation 50: FadeIn(Text('La probabilidad a priori pesa tanto como el dato.')):  20%|##        | 12/60 [00:00<00:01, 
29.45it/s]
Animation 50: FadeIn(Text('La probabilidad a priori pesa tanto como el dato.')):  25%|##5       | 15/60 [00:00<00:01, 
29.51it/s]
Animation 50: FadeIn(Text('La probabilidad a priori pesa tanto como el dato.')):  30%|###       | 18/60 [00:00<00:01, 
28.63it/s]
Animation 50: FadeIn(Text('La probabilidad a priori pesa tanto como el dato.')):  35%|###5      | 21/60 [00:00<00:01, 
28.87it/s]
Animation 50: FadeIn(Text('La probabilidad a priori pesa tanto como el dato.')):  40%|####      | 24/60 [00:00<00:01, 
28.16it/s]
Animation 50: FadeIn(Text('La probabilidad a priori pesa tanto como el dato.')):  45%|####5     | 27/60 [00:00<00:01, 
28.49it/s]
Animation 50: FadeIn(Text('La probabilidad a priori pesa tanto como el dato.')):  50%|#####     | 30/60 [00:01<00:01, 
28.38it/s]
Animation 50: FadeIn(Text('La probabilidad a priori pesa tanto como el dato.')):  55%|#####5    | 33/60 [00:01<00:00, 
28.43it/s]
Animation 50: FadeIn(Text('La probabilidad a priori pesa tanto como el dato.')):  60%|######    | 36/60 [00:01<00:00, 
28.38it/s]
Animation 50: FadeIn(Text('La probabilidad a priori pesa tanto como el dato.')):  65%|######5   | 39/60 [00:01<00:00, 
28.59it/s]
Animation 50: FadeIn(Text('La probabilidad a priori pesa tanto como el dato.')):  70%|#######   | 42/60 [00:01<00:00, 
27.66it/s]
Animation 50: FadeIn(Text('La probabilidad a priori pesa tanto como el dato.')):  75%|#######5  | 45/60 [00:01<00:00, 
24.73it/s]
Animation 50: FadeIn(Text('La probabilidad a priori pesa tanto como el dato.')):  80%|########  | 48/60 [00:01<00:00, 
23.85it/s]
Animation 50: FadeIn(Text('La probabilidad a priori pesa tanto como el dato.')):  85%|########5 | 51/60 [00:01<00:00, 
25.06it/s]
Animation 50: FadeIn(Text('La probabilidad a priori pesa tanto como el dato.')):  90%|######### | 54/60 [00:01<00:00, 
25.00it/s]
Animation 50: FadeIn(Text('La probabilidad a priori pesa tanto como el dato.')):  97%|#########6| 58/60 [00:02<00:00, 
26.78it/s]
[09/10/26 10:29:54] INFO     Animation 50 : Partial    scene_file_writer.py:192
                             movie file written in                             
                             'C:\Users\Nacho\Documents                         
                             \Animaciones\Capitulo                             
                             7\media\videos\s01_bayes\                         
                             1080p60\partial_movie_fil                         
                             es\Bayes\2932440949_39290                         
                             65959_730265030.mp4'                              
[09/10/26 10:29:55] INFO     Animation 51 : Partial    scene_file_writer.py:192
                             movie file written in                             
                             'C:\Users\Nacho\Documents                         
                             \Animaciones\Capitulo                             
                             7\media\videos\s01_bayes\                         
                             1080p60\partial_movie_fil                         
                             es\Bayes\2932440949_38809                         
                             68470_1650414280.mp4'                             
                                                                                                                       
         

Animation 52: FadeIn(Text('Esta misma cuenta vuelve en el capítulo 9, con otro nombre:\nes el valor predictivo 
positivo de un detector.')):   0%|          | 0/60 [00:00<?, ?it/s]
Animation 52: FadeIn(Text('Esta misma cuenta vuelve en el capítulo 9, con otro nombre:\nes el valor predictivo 
positivo de un detector.')):   7%|6         | 4/60 [00:00<00:01, 30.11it/s]
Animation 52: FadeIn(Text('Esta misma cuenta vuelve en el capítulo 9, con otro nombre:\nes el valor predictivo 
positivo de un detector.')):  13%|#3        | 8/60 [00:00<00:02, 25.09it/s]
Animation 52: FadeIn(Text('Esta misma cuenta vuelve en el capítulo 9, con otro nombre:\nes el valor predictivo 
positivo de un detector.')):  18%|#8        | 11/60 [00:00<00:01, 24.98it/s]
Animation 52: FadeIn(Text('Esta misma cuenta vuelve en el capítulo 9, con otro nombre:\nes el valor predictivo 
positivo de un detector.')):  23%|##3       | 14/60 [00:00<00:01, 24.69it/s]
Animation 52: FadeIn(Text('Esta misma cuenta vuelve en el capítulo 9, con otro nombre:\nes el valor predictivo 
positivo de un detector.')):  28%|##8       | 17/60 [00:00<00:01, 23.92it/s]
Animation 52: FadeIn(Text('Esta misma cuenta vuelve en el capítulo 9, con otro nombre:\nes el valor predictivo 
positivo de un detector.')):  33%|###3      | 20/60 [00:00<00:01, 23.37it/s]
Animation 52: FadeIn(Text('Esta misma cuenta vuelve en el capítulo 9, con otro nombre:\nes el valor predictivo 
positivo de un detector.')):  38%|###8      | 23/60 [00:00<00:01, 22.72it/s]
Animation 52: FadeIn(Text('Esta misma cuenta vuelve en el capítulo 9, con otro nombre:\nes el valor predictivo 
positivo de un detector.')):  43%|####3     | 26/60 [00:01<00:01, 21.41it/s]
Animation 52: FadeIn(Text('Esta misma cuenta vuelve en el capítulo 9, con otro nombre:\nes el valor predictivo 
positivo de un detector.')):  48%|####8     | 29/60 [00:01<00:01, 20.43it/s]
Animation 52: FadeIn(Text('Esta misma cuenta vuelve en el capítulo 9, con otro nombre:\nes el valor predictivo 
positivo de un detector.')):  53%|#####3    | 32/60 [00:01<00:01, 19.18it/s]
Animation 52: FadeIn(Text('Esta misma cuenta vuelve en el capítulo 9, con otro nombre:\nes el valor predictivo 
positivo de un detector.')):  57%|#####6    | 34/60 [00:01<00:01, 18.93it/s]
Animation 52: FadeIn(Text('Esta misma cuenta vuelve en el capítulo 9, con otro nombre:\nes el valor predictivo 
positivo de un detector.')):  62%|######1   | 37/60 [00:01<00:01, 18.86it/s]
Animation 52: FadeIn(Text('Esta misma cuenta vuelve en el capítulo 9, con otro nombre:\nes el valor predictivo 
positivo de un detector.')):  65%|######5   | 39/60 [00:01<00:01, 19.03it/s]
Animation 52: FadeIn(Text('Esta misma cuenta vuelve en el capítulo 9, con otro nombre:\nes el valor predictivo 
positivo de un detector.')):  68%|######8   | 41/60 [00:01<00:00, 19.13it/s]
Animation 52: FadeIn(Text('Esta misma cuenta vuelve en el capítulo 9, con otro nombre:\nes el valor predictivo 
positivo de un detector.')):  72%|#######1  | 43/60 [00:02<00:00, 17.24it/s]
Animation 52: FadeIn(Text('Esta misma cuenta vuelve en el capítulo 9, con otro nombre:\nes el valor predictivo 
positivo de un detector.')):  75%|#######5  | 45/60 [00:02<00:00, 16.56it/s]
Animation 52: FadeIn(Text('Esta misma cuenta vuelve en el capítulo 9, con otro nombre:\nes el valor predictivo 
positivo de un detector.')):  78%|#######8  | 47/60 [00:02<00:00, 16.32it/s]
Animation 52: FadeIn(Text('Esta misma cuenta vuelve en el capítulo 9, con otro nombre:\nes el valor predictivo 
positivo de un detector.')):  82%|########1 | 49/60 [00:02<00:00, 15.60it/s]
Animation 52: FadeIn(Text('Esta misma cuenta vuelve en el capítulo 9, con otro nombre:\nes el valor predictivo 
positivo de un detector.')):  85%|########5 | 51/60 [00:02<00:00, 15.82it/s]
Animation 52: FadeIn(Text('Esta misma cuenta vuelve en el capítulo 9, con otro nombre:\nes el valor predictivo 
positivo de un detector.')):  88%|########8 | 53/60 [00:02<00:00, 15.82it/s]
Animation 52: FadeIn(Text('Esta misma cuenta vuelve en el capítulo 9, con otro nombre:\nes el valor predictivo 
positivo de un detector.')):  92%|#########1| 55/60 [00:02<00:00, 16.04it/s]
Animation 52: FadeIn(Text('Esta misma cuenta vuelve en el capítulo 9, con otro nombre:\nes el valor predictivo 
positivo de un detector.')):  95%|#########5| 57/60 [00:02<00:00, 16.12it/s]
Animation 52: FadeIn(Text('Esta misma cuenta vuelve en el capítulo 9, con otro nombre:\nes el valor predictivo 
positivo de un detector.')):  98%|#########8| 59/60 [00:03<00:00, 16.47it/s]
[09/10/26 10:30:00] INFO     Animation 52 : Partial    scene_file_writer.py:192
                             movie file written in                             
                             'C:\Users\Nacho\Documents                         
                             \Animaciones\Capitulo                             
                             7\media\videos\s01_bayes\                         
                             1080p60\partial_movie_fil                         
                             es\Bayes\2932440949_34222                         
                             00783_4033451873.mp4'                             
[09/10/26 10:30:03] INFO     Animation 53 : Partial    scene_file_writer.py:192
                             movie file written in                             
                             'C:\Users\Nacho\Documents                         
                             \Animaciones\Capitulo                             
                             7\media\videos\s01_bayes\                         
                             1080p60\partial_movie_fil                         
                             es\Bayes\2932440949_34958                         
                             9963_1162641366.mp4'                              
                                                                                                                       
                                                                    

Animation 54: FadeOut(VGroup of 2 submobjects):   0%|          | 0/60 [00:00<?, ?it/s]
Animation 54: FadeOut(VGroup of 2 submobjects):   3%|3         | 2/60 [00:00<00:04, 12.45it/s]
Animation 54: FadeOut(VGroup of 2 submobjects):   7%|6         | 4/60 [00:00<00:04, 12.27it/s]
Animation 54: FadeOut(VGroup of 2 submobjects):  10%|#         | 6/60 [00:00<00:04, 12.20it/s]
Animation 54: FadeOut(VGroup of 2 submobjects):  13%|#3        | 8/60 [00:00<00:04, 12.17it/s]
Animation 54: FadeOut(VGroup of 2 submobjects):  17%|#6        | 10/60 [00:00<00:03, 12.52it/s]
Animation 54: FadeOut(VGroup of 2 submobjects):  20%|##        | 12/60 [00:00<00:03, 12.77it/s]
Animation 54: FadeOut(VGroup of 2 submobjects):  23%|##3       | 14/60 [00:01<00:03, 12.43it/s]
Animation 54: FadeOut(VGroup of 2 submobjects):  27%|##6       | 16/60 [00:01<00:03, 12.50it/s]
Animation 54: FadeOut(VGroup of 2 submobjects):  30%|###       | 18/60 [00:01<00:03, 12.59it/s]
Animation 54: FadeOut(VGroup of 2 submobjects):  33%|###3      | 20/60 [00:01<00:03, 12.61it/s]
Animation 54: FadeOut(VGroup of 2 submobjects):  37%|###6      | 22/60 [00:01<00:02, 13.01it/s]
Animation 54: FadeOut(VGroup of 2 submobjects):  40%|####      | 24/60 [00:01<00:02, 12.84it/s]
Animation 54: FadeOut(VGroup of 2 submobjects):  43%|####3     | 26/60 [00:02<00:02, 12.83it/s]
Animation 54: FadeOut(VGroup of 2 submobjects):  47%|####6     | 28/60 [00:02<00:02, 12.75it/s]
Animation 54: FadeOut(VGroup of 2 submobjects):  50%|#####     | 30/60 [00:02<00:02, 12.90it/s]
Animation 54: FadeOut(VGroup of 2 submobjects):  53%|#####3    | 32/60 [00:02<00:02, 12.59it/s]
Animation 54: FadeOut(VGroup of 2 submobjects):  57%|#####6    | 34/60 [00:02<00:02, 12.72it/s]
Animation 54: FadeOut(VGroup of 2 submobjects):  60%|######    | 36/60 [00:02<00:01, 12.67it/s]
Animation 54: FadeOut(VGroup of 2 submobjects):  63%|######3   | 38/60 [00:02<00:01, 12.84it/s]
Animation 54: FadeOut(VGroup of 2 submobjects):  67%|######6   | 40/60 [00:03<00:01, 12.58it/s]
Animation 54: FadeOut(VGroup of 2 submobjects):  70%|#######   | 42/60 [00:03<00:01, 12.81it/s]
Animation 54: FadeOut(VGroup of 2 submobjects):  73%|#######3  | 44/60 [00:03<00:01, 11.16it/s]
Animation 54: FadeOut(VGroup of 2 submobjects):  77%|#######6  | 46/60 [00:03<00:01, 11.56it/s]
Animation 54: FadeOut(VGroup of 2 submobjects):  80%|########  | 48/60 [00:03<00:01, 11.54it/s]
Animation 54: FadeOut(VGroup of 2 submobjects):  83%|########3 | 50/60 [00:04<00:00, 11.76it/s]
Animation 54: FadeOut(VGroup of 2 submobjects):  87%|########6 | 52/60 [00:04<00:00, 11.77it/s]
Animation 54: FadeOut(VGroup of 2 submobjects):  90%|######### | 54/60 [00:04<00:00, 11.90it/s]
Animation 54: FadeOut(VGroup of 2 submobjects):  93%|#########3| 56/60 [00:04<00:00, 12.01it/s]
Animation 54: FadeOut(VGroup of 2 submobjects):  97%|#########6| 58/60 [00:04<00:00, 12.04it/s]
Animation 54: FadeOut(VGroup of 2 submobjects): 100%|##########| 60/60 [00:04<00:00, 12.43it/s]
[09/10/26 10:30:11] INFO     Animation 54 : Partial    scene_file_writer.py:192
                             movie file written in                             
                             'C:\Users\Nacho\Documents                         
                             \Animaciones\Capitulo                             
                             7\media\videos\s01_bayes\                         
                             1080p60\partial_movie_fil                         
                             es\Bayes\2932440949_31399                         
                             26405_1536701980.mp4'                             
                    INFO     Animation 55 : Partial    scene_file_writer.py:192
                             movie file written in                             
                             'C:\Users\Nacho\Documents                         
                             \Animaciones\Capitulo                             
                             7\media\videos\s01_bayes\                         
                             1080p60\partial_movie_fil                         
                             es\Bayes\2932440949_42350                         
                             33027_3255644939.mp4'                             
                    INFO     Combining to Movie file.  scene_file_writer.py:952
[09/10/26 10:30:12] INFO                              scene_file_writer.py:1103
                             File ready at                                     
                             'C:\Users\Nacho\Document                          
                             s\Animaciones\Capitulo                            
                             7\media\videos\s01_bayes                          
                             \1080p60\Bayes.mp4'                               
                                                                               
                    INFO     Rendered Bayes                        scene.py:290
                             Played 56 animations                              
                                                                                               
Manim Community v0.21.0

manim.exe : 
En C:\Users\Nacho\Documents\Animaciones\Capitulo 7\render.ps1: 49 Carácter: 9
+         & manim "-$Calidad" $e.archivo $e.escena *>> $log
+         ~~~~~~~~~~~~~~~~~~~~~~~~~~~~~~~~~~~~~~~~~~~~~~~~~
    + CategoryInfo          : NotSpecified: (:String) [], RemoteException
    + FullyQualifiedErrorId : NativeCommandError
 
Animation 0: FadeIn(Text('La CDF y su derivada')):   0%|          | 0/60 [00:00<?, ?it/s]
Animation 0: FadeIn(Text('La CDF y su derivada')):  22%|##1       | 13/60 [00:00<00:00, 124.46it/s]
Animation 0: FadeIn(Text('La CDF y su derivada')):  43%|####3     | 26/60 [00:00<00:00, 101.56it/s]
Animation 0: FadeIn(Text('La CDF y su derivada')):  62%|######1   | 37/60 [00:00<00:00, 103.97it/s]
Animation 0: FadeIn(Text('La CDF y su derivada')):  87%|########6 | 52/60 [00:00<00:00, 119.14it/s]
[09/10/26 10:30:15] INFO     Animation 0 : Partial     scene_file_writer.py:192
                             movie file written in                             
                             'C:\Users\Nacho\Documents                         
                             \Animaciones\Capitulo                             
                             7\media\videos\s02_cdf_pd                         
                             f\1080p60\partial_movie_f                         
                             iles\CDFyPDF\3010004561_2                         
                             688272338_223132457.mp4'                          
                                                                                                   

Animation 1: Write(MathTex('F_X(x)\\;=\\;P(X\\leq x)')):   0%|          | 0/60 [00:00<?, ?it/s]
Animation 1: Write(MathTex('F_X(x)\\;=\\;P(X\\leq x)')):  25%|##5       | 15/60 [00:00<00:00, 145.96it/s]
Animation 1: Write(MathTex('F_X(x)\\;=\\;P(X\\leq x)')):  50%|#####     | 30/60 [00:00<00:00, 134.24it/s]
Animation 1: Write(MathTex('F_X(x)\\;=\\;P(X\\leq x)')):  73%|#######3  | 44/60 [00:00<00:00, 122.95it/s]
[09/10/26 10:30:16] INFO     Animation 1 : Partial     scene_file_writer.py:192
                             movie file written in                             
                             'C:\Users\Nacho\Documents                         
                             \Animaciones\Capitulo                             
                             7\media\videos\s02_cdf_pd                         
                             f\1080p60\partial_movie_f                         
                             iles\CDFyPDF\2932440949_1                         
                             794458804_3617246883.mp4'                         
[09/10/26 10:30:17] INFO     Animation 2 : Partial     scene_file_writer.py:192
                             movie file written in                             
                             'C:\Users\Nacho\Documents                         
                             \Animaciones\Capitulo                             
                             7\media\videos\s02_cdf_pd                         
                             f\1080p60\partial_movie_f                         
                             iles\CDFyPDF\2932440949_9                         
                             41615173_1074704018.mp4'                          
                                                                                                         

Animation 3: FadeIn(Text('la definición es la misma para los tres tipos de variable; lo que cambia es la forma')):   
0%|          | 0/60 [00:00<?, ?it/s]
Animation 3: FadeIn(Text('la definición es la misma para los tres tipos de variable; lo que cambia es la forma')):   
5%|5         | 3/60 [00:00<00:02, 25.20it/s]
Animation 3: FadeIn(Text('la definición es la misma para los tres tipos de variable; lo que cambia es la forma')):  
10%|#         | 6/60 [00:00<00:02, 23.77it/s]
Animation 3: FadeIn(Text('la definición es la misma para los tres tipos de variable; lo que cambia es la forma')):  
15%|#5        | 9/60 [00:00<00:02, 23.10it/s]
Animation 3: FadeIn(Text('la definición es la misma para los tres tipos de variable; lo que cambia es la forma')):  
20%|##        | 12/60 [00:00<00:02, 23.90it/s]
Animation 3: FadeIn(Text('la definición es la misma para los tres tipos de variable; lo que cambia es la forma')):  
25%|##5       | 15/60 [00:00<00:01, 23.48it/s]
Animation 3: FadeIn(Text('la definición es la misma para los tres tipos de variable; lo que cambia es la forma')):  
30%|###       | 18/60 [00:00<00:01, 23.39it/s]
Animation 3: FadeIn(Text('la definición es la misma para los tres tipos de variable; lo que cambia es la forma')):  
35%|###5      | 21/60 [00:00<00:01, 22.56it/s]
Animation 3: FadeIn(Text('la definición es la misma para los tres tipos de variable; lo que cambia es la forma')):  
40%|####      | 24/60 [00:01<00:01, 22.66it/s]
Animation 3: FadeIn(Text('la definición es la misma para los tres tipos de variable; lo que cambia es la forma')):  
45%|####5     | 27/60 [00:01<00:01, 23.14it/s]
Animation 3: FadeIn(Text('la definición es la misma para los tres tipos de variable; lo que cambia es la forma')):  
50%|#####     | 30/60 [00:01<00:01, 22.81it/s]
Animation 3: FadeIn(Text('la definición es la misma para los tres tipos de variable; lo que cambia es la forma')):  
55%|#####5    | 33/60 [00:01<00:01, 23.03it/s]
Animation 3: FadeIn(Text('la definición es la misma para los tres tipos de variable; lo que cambia es la forma')):  
60%|######    | 36/60 [00:01<00:01, 23.17it/s]
Animation 3: FadeIn(Text('la definición es la misma para los tres tipos de variable; lo que cambia es la forma')):  
65%|######5   | 39/60 [00:01<00:00, 23.38it/s]
Animation 3: FadeIn(Text('la definición es la misma para los tres tipos de variable; lo que cambia es la forma')):  
70%|#######   | 42/60 [00:01<00:00, 23.57it/s]
Animation 3: FadeIn(Text('la definición es la misma para los tres tipos de variable; lo que cambia es la forma')):  
75%|#######5  | 45/60 [00:01<00:00, 21.66it/s]
Animation 3: FadeIn(Text('la definición es la misma para los tres tipos de variable; lo que cambia es la forma')):  
80%|########  | 48/60 [00:02<00:00, 20.54it/s]
Animation 3: FadeIn(Text('la definición es la misma para los tres tipos de variable; lo que cambia es la forma')):  
85%|########5 | 51/60 [00:02<00:00, 21.14it/s]
Animation 3: FadeIn(Text('la definición es la misma para los tres tipos de variable; lo que cambia es la forma')):  
90%|######### | 54/60 [00:02<00:00, 21.47it/s]
Animation 3: FadeIn(Text('la definición es la misma para los tres tipos de variable; lo que cambia es la forma')):  
95%|#########5| 57/60 [00:02<00:00, 21.92it/s]
Animation 3: FadeIn(Text('la definición es la misma para los tres tipos de variable; lo que cambia es la forma')): 
100%|##########| 60/60 [00:02<00:00, 22.63it/s]
[09/10/26 10:30:21] INFO     Animation 3 : Partial     scene_file_writer.py:192
                             movie file written in                             
                             'C:\Users\Nacho\Documents                         
                             \Animaciones\Capitulo                             
                             7\media\videos\s02_cdf_pd                         
                             f\1080p60\partial_movie_f                         
                             iles\CDFyPDF\2932440949_3                         
                             357799974_2305979091.mp4'                         
[09/10/26 10:30:24] INFO     Animation 4 : Partial     scene_file_writer.py:192
                             movie file written in                             
                             'C:\Users\Nacho\Documents                         
                             \Animaciones\Capitulo                             
                             7\media\videos\s02_cdf_pd                         
                             f\1080p60\partial_movie_f                         
                             iles\CDFyPDF\2932440949_3                         
                             580093213_1470252018.mp4'                         
                                                                                                                       
                                           

Animation 5: FadeOut(Text('la definición es la misma para los tres tipos de variable; lo que cambia es la forma')), 
etc.:   0%|          | 0/60 [00:00<?, ?it/s]
Animation 5: FadeOut(Text('la definición es la misma para los tres tipos de variable; lo que cambia es la forma')), 
etc.:   5%|5         | 3/60 [00:00<00:02, 22.63it/s]
Animation 5: FadeOut(Text('la definición es la misma para los tres tipos de variable; lo que cambia es la forma')), 
etc.:  10%|#         | 6/60 [00:00<00:02, 21.98it/s]
Animation 5: FadeOut(Text('la definición es la misma para los tres tipos de variable; lo que cambia es la forma')), 
etc.:  15%|#5        | 9/60 [00:00<00:02, 21.87it/s]
Animation 5: FadeOut(Text('la definición es la misma para los tres tipos de variable; lo que cambia es la forma')), 
etc.:  20%|##        | 12/60 [00:00<00:02, 21.77it/s]
Animation 5: FadeOut(Text('la definición es la misma para los tres tipos de variable; lo que cambia es la forma')), 
etc.:  25%|##5       | 15/60 [00:00<00:02, 21.84it/s]
Animation 5: FadeOut(Text('la definición es la misma para los tres tipos de variable; lo que cambia es la forma')), 
etc.:  30%|###       | 18/60 [00:00<00:01, 21.50it/s]
Animation 5: FadeOut(Text('la definición es la misma para los tres tipos de variable; lo que cambia es la forma')), 
etc.:  35%|###5      | 21/60 [00:00<00:01, 21.67it/s]
Animation 5: FadeOut(Text('la definición es la misma para los tres tipos de variable; lo que cambia es la forma')), 
etc.:  40%|####      | 24/60 [00:01<00:01, 22.43it/s]
Animation 5: FadeOut(Text('la definición es la misma para los tres tipos de variable; lo que cambia es la forma')), 
etc.:  45%|####5     | 27/60 [00:01<00:01, 22.10it/s]
Animation 5: FadeOut(Text('la definición es la misma para los tres tipos de variable; lo que cambia es la forma')), 
etc.:  50%|#####     | 30/60 [00:01<00:01, 22.17it/s]
Animation 5: FadeOut(Text('la definición es la misma para los tres tipos de variable; lo que cambia es la forma')), 
etc.:  55%|#####5    | 33/60 [00:01<00:01, 22.02it/s]
Animation 5: FadeOut(Text('la definición es la misma para los tres tipos de variable; lo que cambia es la forma')), 
etc.:  60%|######    | 36/60 [00:01<00:01, 22.16it/s]
Animation 5: FadeOut(Text('la definición es la misma para los tres tipos de variable; lo que cambia es la forma')), 
etc.:  65%|######5   | 39/60 [00:01<00:00, 22.74it/s]
Animation 5: FadeOut(Text('la definición es la misma para los tres tipos de variable; lo que cambia es la forma')), 
etc.:  70%|#######   | 42/60 [00:01<00:00, 21.44it/s]
Animation 5: FadeOut(Text('la definición es la misma para los tres tipos de variable; lo que cambia es la forma')), 
etc.:  75%|#######5  | 45/60 [00:02<00:00, 18.91it/s]
Animation 5: FadeOut(Text('la definición es la misma para los tres tipos de variable; lo que cambia es la forma')), 
etc.:  80%|########  | 48/60 [00:02<00:00, 19.46it/s]
Animation 5: FadeOut(Text('la definición es la misma para los tres tipos de variable; lo que cambia es la forma')), 
etc.:  85%|########5 | 51/60 [00:02<00:00, 19.94it/s]
Animation 5: FadeOut(Text('la definición es la misma para los tres tipos de variable; lo que cambia es la forma')), 
etc.:  90%|######### | 54/60 [00:02<00:00, 20.12it/s]
Animation 5: FadeOut(Text('la definición es la misma para los tres tipos de variable; lo que cambia es la forma')), 
etc.:  95%|#########5| 57/60 [00:02<00:00, 20.03it/s]
Animation 5: FadeOut(Text('la definición es la misma para los tres tipos de variable; lo que cambia es la forma')), 
etc.: 100%|##########| 60/60 [00:02<00:00, 20.71it/s]
[09/10/26 10:30:28] INFO     Animation 5 : Partial     scene_file_writer.py:192
                             movie file written in                             
                             'C:\Users\Nacho\Documents                         
                             \Animaciones\Capitulo                             
                             7\media\videos\s02_cdf_pd                         
                             f\1080p60\partial_movie_f                         
                             iles\CDFyPDF\2932440949_4                         
                             39292968_827698442.mp4'                           
                                                                                                                       
                                                  

Animation 6: Create(Axes of 2 submobjects), etc.:   0%|          | 0/60 [00:00<?, ?it/s]
Animation 6: Create(Axes of 2 submobjects), etc.:   7%|6         | 4/60 [00:00<00:01, 33.53it/s]
Animation 6: Create(Axes of 2 submobjects), etc.:  13%|#3        | 8/60 [00:00<00:01, 32.84it/s]
Animation 6: Create(Axes of 2 submobjects), etc.:  20%|##        | 12/60 [00:00<00:01, 33.30it/s]
Animation 6: Create(Axes of 2 submobjects), etc.:  27%|##6       | 16/60 [00:00<00:01, 33.11it/s]
Animation 6: Create(Axes of 2 submobjects), etc.:  33%|###3      | 20/60 [00:00<00:01, 32.51it/s]
Animation 6: Create(Axes of 2 submobjects), etc.:  40%|####      | 24/60 [00:00<00:01, 32.94it/s]
Animation 6: Create(Axes of 2 submobjects), etc.:  47%|####6     | 28/60 [00:00<00:00, 32.51it/s]
Animation 6: Create(Axes of 2 submobjects), etc.:  53%|#####3    | 32/60 [00:00<00:00, 32.82it/s]
Animation 6: Create(Axes of 2 submobjects), etc.:  60%|######    | 36/60 [00:01<00:00, 33.12it/s]
Animation 6: Create(Axes of 2 submobjects), etc.:  67%|######6   | 40/60 [00:01<00:00, 32.16it/s]
Animation 6: Create(Axes of 2 submobjects), etc.:  73%|#######3  | 44/60 [00:01<00:00, 30.56it/s]
Animation 6: Create(Axes of 2 submobjects), etc.:  80%|########  | 48/60 [00:01<00:00, 28.44it/s]
Animation 6: Create(Axes of 2 submobjects), etc.:  87%|########6 | 52/60 [00:01<00:00, 29.49it/s]
Animation 6: Create(Axes of 2 submobjects), etc.:  93%|#########3| 56/60 [00:01<00:00, 30.39it/s]
Animation 6: Create(Axes of 2 submobjects), etc.: 100%|##########| 60/60 [00:01<00:00, 30.68it/s]
[09/10/26 10:30:31] INFO     Animation 6 : Partial     scene_file_writer.py:192
                             movie file written in                             
                             'C:\Users\Nacho\Documents                         
                             \Animaciones\Capitulo                             
                             7\media\videos\s02_cdf_pd                         
                             f\1080p60\partial_movie_f                         
                             iles\CDFyPDF\2932440949_2                         
                             485695056_2470413958.mp4'                         
                                                                                                 

Animation 7: FadeIn(Text('VARIABLE CONTINUA')):   0%|          | 0/60 [00:00<?, ?it/s]
Animation 7: FadeIn(Text('VARIABLE CONTINUA')):  10%|#         | 6/60 [00:00<00:00, 58.46it/s]
Animation 7: FadeIn(Text('VARIABLE CONTINUA')):  20%|##        | 12/60 [00:00<00:00, 53.40it/s]
Animation 7: FadeIn(Text('VARIABLE CONTINUA')):  30%|###       | 18/60 [00:00<00:00, 48.01it/s]
Animation 7: FadeIn(Text('VARIABLE CONTINUA')):  38%|###8      | 23/60 [00:00<00:00, 45.89it/s]
Animation 7: FadeIn(Text('VARIABLE CONTINUA')):  47%|####6     | 28/60 [00:00<00:00, 45.43it/s]
Animation 7: FadeIn(Text('VARIABLE CONTINUA')):  55%|#####5    | 33/60 [00:00<00:00, 44.30it/s]
Animation 7: FadeIn(Text('VARIABLE CONTINUA')):  63%|######3   | 38/60 [00:00<00:00, 43.17it/s]
Animation 7: FadeIn(Text('VARIABLE CONTINUA')):  72%|#######1  | 43/60 [00:00<00:00, 44.93it/s]
Animation 7: FadeIn(Text('VARIABLE CONTINUA')):  80%|########  | 48/60 [00:01<00:00, 37.13it/s]
Animation 7: FadeIn(Text('VARIABLE CONTINUA')):  88%|########8 | 53/60 [00:01<00:00, 37.95it/s]
Animation 7: FadeIn(Text('VARIABLE CONTINUA')):  95%|#########5| 57/60 [00:01<00:00, 38.35it/s]
[09/10/26 10:30:33] INFO     Animation 7 : Partial     scene_file_writer.py:192
                             movie file written in                             
                             'C:\Users\Nacho\Documents                         
                             \Animaciones\Capitulo                             
                             7\media\videos\s02_cdf_pd                         
                             f\1080p60\partial_movie_f                         
                             iles\CDFyPDF\2932440949_4                         
                             235586890_63729497.mp4'                           
                                                                                               

Animation 8: Create(ParametricFunction):   0%|          | 0/84 [00:00<?, ?it/s]
Animation 8: Create(ParametricFunction):  12%|#1        | 10/84 [00:00<00:00, 91.38it/s]
Animation 8: Create(ParametricFunction):  24%|##3       | 20/84 [00:00<00:00, 81.37it/s]
Animation 8: Create(ParametricFunction):  35%|###4      | 29/84 [00:00<00:00, 76.96it/s]
Animation 8: Create(ParametricFunction):  44%|####4     | 37/84 [00:00<00:00, 76.14it/s]
Animation 8: Create(ParametricFunction):  54%|#####3    | 45/84 [00:00<00:00, 73.97it/s]
Animation 8: Create(ParametricFunction):  63%|######3   | 53/84 [00:00<00:00, 68.49it/s]
Animation 8: Create(ParametricFunction):  71%|#######1  | 60/84 [00:00<00:00, 65.17it/s]
Animation 8: Create(ParametricFunction):  81%|########  | 68/84 [00:00<00:00, 68.97it/s]
Animation 8: Create(ParametricFunction):  90%|######### | 76/84 [00:01<00:00, 68.61it/s]
Animation 8: Create(ParametricFunction):  99%|#########8| 83/84 [00:01<00:00, 68.20it/s]
[09/10/26 10:30:36] INFO     Animation 8 : Partial     scene_file_writer.py:192
                             movie file written in                             
                             'C:\Users\Nacho\Documents                         
                             \Animaciones\Capitulo                             
                             7\media\videos\s02_cdf_pd                         
                             f\1080p60\partial_movie_f                         
                             iles\CDFyPDF\2932440949_1                         
                             735686207_1329734877.mp4'                         
[09/10/26 10:30:37] INFO     Animation 9 : Partial     scene_file_writer.py:192
                             movie file written in                             
                             'C:\Users\Nacho\Documents                         
                             \Animaciones\Capitulo                             
                             7\media\videos\s02_cdf_pd                         
                             f\1080p60\partial_movie_f                         
                             iles\CDFyPDF\2932440949_2                         
                             41228271_1234268066.mp4'                          
                                                                                        

Animation 10: Create(ParametricFunction), etc.:   0%|          | 0/120 [00:00<?, ?it/s]
Animation 10: Create(ParametricFunction), etc.:   4%|4         | 5/120 [00:00<00:02, 42.86it/s]
Animation 10: Create(ParametricFunction), etc.:   8%|8         | 10/120 [00:00<00:02, 42.76it/s]
Animation 10: Create(ParametricFunction), etc.:  12%|#2        | 15/120 [00:00<00:02, 41.47it/s]
Animation 10: Create(ParametricFunction), etc.:  17%|#6        | 20/120 [00:00<00:02, 42.55it/s]
Animation 10: Create(ParametricFunction), etc.:  21%|##        | 25/120 [00:00<00:02, 41.82it/s]
Animation 10: Create(ParametricFunction), etc.:  25%|##5       | 30/120 [00:00<00:02, 41.73it/s]
Animation 10: Create(ParametricFunction), etc.:  29%|##9       | 35/120 [00:00<00:02, 41.43it/s]
Animation 10: Create(ParametricFunction), etc.:  33%|###3      | 40/120 [00:00<00:01, 41.49it/s]
Animation 10: Create(ParametricFunction), etc.:  38%|###7      | 45/120 [00:01<00:01, 38.61it/s]
Animation 10: Create(ParametricFunction), etc.:  41%|####      | 49/120 [00:01<00:02, 35.00it/s]
Animation 10: Create(ParametricFunction), etc.:  44%|####4     | 53/120 [00:01<00:02, 33.10it/s]
Animation 10: Create(ParametricFunction), etc.:  48%|####7     | 57/120 [00:01<00:01, 32.09it/s]
Animation 10: Create(ParametricFunction), etc.:  51%|#####     | 61/120 [00:01<00:01, 32.08it/s]
Animation 10: Create(ParametricFunction), etc.:  54%|#####4    | 65/120 [00:01<00:01, 32.21it/s]
Animation 10: Create(ParametricFunction), etc.:  57%|#####7    | 69/120 [00:01<00:01, 31.99it/s]
Animation 10: Create(ParametricFunction), etc.:  61%|######    | 73/120 [00:02<00:01, 31.59it/s]
Animation 10: Create(ParametricFunction), etc.:  64%|######4   | 77/120 [00:02<00:01, 31.53it/s]
Animation 10: Create(ParametricFunction), etc.:  68%|######7   | 81/120 [00:02<00:01, 32.45it/s]
Animation 10: Create(ParametricFunction), etc.:  72%|#######1  | 86/120 [00:02<00:00, 35.48it/s]
Animation 10: Create(ParametricFunction), etc.:  76%|#######5  | 91/120 [00:02<00:00, 36.46it/s]
Animation 10: Create(ParametricFunction), etc.:  79%|#######9  | 95/120 [00:02<00:00, 36.26it/s]
Animation 10: Create(ParametricFunction), etc.:  82%|########2 | 99/120 [00:02<00:00, 35.56it/s]
Animation 10: Create(ParametricFunction), etc.:  86%|########5 | 103/120 [00:02<00:00, 35.19it/s]
Animation 10: Create(ParametricFunction), etc.:  89%|########9 | 107/120 [00:02<00:00, 33.65it/s]
Animation 10: Create(ParametricFunction), etc.:  92%|#########2| 111/120 [00:03<00:00, 33.99it/s]
Animation 10: Create(ParametricFunction), etc.:  96%|#########5| 115/120 [00:03<00:00, 32.17it/s]
Animation 10: Create(ParametricFunction), etc.:  99%|#########9| 119/120 [00:03<00:00, 31.07it/s]
[09/10/26 10:30:41] INFO     Animation 10 : Partial    scene_file_writer.py:192
                             movie file written in                             
                             'C:\Users\Nacho\Documents                         
                             \Animaciones\Capitulo                             
                             7\media\videos\s02_cdf_pd                         
                             f\1080p60\partial_movie_f                         
                             iles\CDFyPDF\2932440949_1                         
                             774221273_2689518783.mp4'                         
[09/10/26 10:30:42] INFO     Animation 11 : Partial    scene_file_writer.py:192
                             movie file written in                             
                             'C:\Users\Nacho\Documents                         
                             \Animaciones\Capitulo                             
                             7\media\videos\s02_cdf_pd                         
                             f\1080p60\partial_movie_f                         
                             iles\CDFyPDF\2932440949_1                         
                             25152860_2851719863.mp4'                          
                                                                                                 

Animation 12: FadeIn(Text('la CDF nunca decrece  ⇒  la PDF nunca es negativa')):   0%|          | 0/60 [00:00<?, ?it/s]
Animation 12: FadeIn(Text('la CDF nunca decrece  ⇒  la PDF nunca es negativa')):   7%|6         | 4/60 [00:00<00:01, 
37.53it/s]
Animation 12: FadeIn(Text('la CDF nunca decrece  ⇒  la PDF nunca es negativa')):  13%|#3        | 8/60 [00:00<00:01, 
31.63it/s]
Animation 12: FadeIn(Text('la CDF nunca decrece  ⇒  la PDF nunca es negativa')):  20%|##        | 12/60 [00:00<00:01, 
30.25it/s]
Animation 12: FadeIn(Text('la CDF nunca decrece  ⇒  la PDF nunca es negativa')):  27%|##6       | 16/60 [00:00<00:01, 
29.93it/s]
Animation 12: FadeIn(Text('la CDF nunca decrece  ⇒  la PDF nunca es negativa')):  33%|###3      | 20/60 [00:00<00:01, 
30.22it/s]
Animation 12: FadeIn(Text('la CDF nunca decrece  ⇒  la PDF nunca es negativa')):  40%|####      | 24/60 [00:00<00:01, 
30.59it/s]
Animation 12: FadeIn(Text('la CDF nunca decrece  ⇒  la PDF nunca es negativa')):  47%|####6     | 28/60 [00:00<00:01, 
31.21it/s]
Animation 12: FadeIn(Text('la CDF nunca decrece  ⇒  la PDF nunca es negativa')):  53%|#####3    | 32/60 [00:01<00:00, 
31.08it/s]
Animation 12: FadeIn(Text('la CDF nunca decrece  ⇒  la PDF nunca es negativa')):  60%|######    | 36/60 [00:01<00:00, 
32.24it/s]
Animation 12: FadeIn(Text('la CDF nunca decrece  ⇒  la PDF nunca es negativa')):  67%|######6   | 40/60 [00:01<00:00, 
31.55it/s]
Animation 12: FadeIn(Text('la CDF nunca decrece  ⇒  la PDF nunca es negativa')):  73%|#######3  | 44/60 [00:01<00:00, 
26.67it/s]
Animation 12: FadeIn(Text('la CDF nunca decrece  ⇒  la PDF nunca es negativa')):  78%|#######8  | 47/60 [00:01<00:00, 
25.23it/s]
Animation 12: FadeIn(Text('la CDF nunca decrece  ⇒  la PDF nunca es negativa')):  83%|########3 | 50/60 [00:01<00:00, 
26.02it/s]
Animation 12: FadeIn(Text('la CDF nunca decrece  ⇒  la PDF nunca es negativa')):  88%|########8 | 53/60 [00:01<00:00, 
26.78it/s]
Animation 12: FadeIn(Text('la CDF nunca decrece  ⇒  la PDF nunca es negativa')):  95%|#########5| 57/60 [00:01<00:00, 
27.73it/s]
[09/10/26 10:30:46] INFO     Animation 12 : Partial    scene_file_writer.py:192
                             movie file written in                             
                             'C:\Users\Nacho\Documents                         
                             \Animaciones\Capitulo                             
                             7\media\videos\s02_cdf_pd                         
                             f\1080p60\partial_movie_f                         
                             iles\CDFyPDF\2932440949_3                         
                             862306249_1626304905.mp4'                         
[09/10/26 10:30:49] INFO     Animation 13 : Partial    scene_file_writer.py:192
                             movie file written in                             
                             'C:\Users\Nacho\Documents                         
                             \Animaciones\Capitulo                             
                             7\media\videos\s02_cdf_pd                         
                             f\1080p60\partial_movie_f                         
                             iles\CDFyPDF\2932440949_3                         
                             580093213_1391040748.mp4'                         
                                                                                                                       
         

Animation 14: FadeOut(Text('la CDF nunca decrece  ⇒  la PDF nunca es negativa')):   0%|          | 0/60 [00:00<?, 
?it/s]
Animation 14: FadeOut(Text('la CDF nunca decrece  ⇒  la PDF nunca es negativa')):   7%|6         | 4/60 [00:00<00:01, 
34.31it/s]
Animation 14: FadeOut(Text('la CDF nunca decrece  ⇒  la PDF nunca es negativa')):  13%|#3        | 8/60 [00:00<00:01, 
32.18it/s]
Animation 14: FadeOut(Text('la CDF nunca decrece  ⇒  la PDF nunca es negativa')):  20%|##        | 12/60 [00:00<00:01, 
30.31it/s]
Animation 14: FadeOut(Text('la CDF nunca decrece  ⇒  la PDF nunca es negativa')):  27%|##6       | 16/60 [00:00<00:01, 
29.98it/s]
Animation 14: FadeOut(Text('la CDF nunca decrece  ⇒  la PDF nunca es negativa')):  33%|###3      | 20/60 [00:00<00:01, 
29.93it/s]
Animation 14: FadeOut(Text('la CDF nunca decrece  ⇒  la PDF nunca es negativa')):  38%|###8      | 23/60 [00:00<00:01, 
29.47it/s]
Animation 14: FadeOut(Text('la CDF nunca decrece  ⇒  la PDF nunca es negativa')):  43%|####3     | 26/60 [00:00<00:01, 
29.50it/s]
Animation 14: FadeOut(Text('la CDF nunca decrece  ⇒  la PDF nunca es negativa')):  48%|####8     | 29/60 [00:00<00:01, 
29.48it/s]
Animation 14: FadeOut(Text('la CDF nunca decrece  ⇒  la PDF nunca es negativa')):  53%|#####3    | 32/60 [00:01<00:00, 
29.25it/s]
Animation 14: FadeOut(Text('la CDF nunca decrece  ⇒  la PDF nunca es negativa')):  60%|######    | 36/60 [00:01<00:00, 
30.04it/s]
Animation 14: FadeOut(Text('la CDF nunca decrece  ⇒  la PDF nunca es negativa')):  65%|######5   | 39/60 [00:01<00:00, 
28.51it/s]
Animation 14: FadeOut(Text('la CDF nunca decrece  ⇒  la PDF nunca es negativa')):  72%|#######1  | 43/60 [00:01<00:00, 
28.96it/s]
Animation 14: FadeOut(Text('la CDF nunca decrece  ⇒  la PDF nunca es negativa')):  77%|#######6  | 46/60 [00:01<00:00, 
28.72it/s]
Animation 14: FadeOut(Text('la CDF nunca decrece  ⇒  la PDF nunca es negativa')):  82%|########1 | 49/60 [00:01<00:00, 
29.03it/s]
Animation 14: FadeOut(Text('la CDF nunca decrece  ⇒  la PDF nunca es negativa')):  88%|########8 | 53/60 [00:01<00:00, 
30.86it/s]
Animation 14: FadeOut(Text('la CDF nunca decrece  ⇒  la PDF nunca es negativa')):  95%|#########5| 57/60 [00:01<00:00, 
30.91it/s]
[09/10/26 10:30:52] INFO     Animation 14 : Partial    scene_file_writer.py:192
                             movie file written in                             
                             'C:\Users\Nacho\Documents                         
                             \Animaciones\Capitulo                             
                             7\media\videos\s02_cdf_pd                         
                             f\1080p60\partial_movie_f                         
                             iles\CDFyPDF\2932440949_9                         
                             89490579_3532111410.mp4'                          
                                                                                                                       
          

Animation 15: FadeIn(Polygon), etc.:   0%|          | 0/60 [00:00<?, ?it/s]
Animation 15: FadeIn(Polygon), etc.:  12%|#1        | 7/60 [00:00<00:00, 64.92it/s]
Animation 15: FadeIn(Polygon), etc.:  23%|##3       | 14/60 [00:00<00:00, 61.45it/s]
Animation 15: FadeIn(Polygon), etc.:  35%|###5      | 21/60 [00:00<00:00, 55.42it/s]
Animation 15: FadeIn(Polygon), etc.:  45%|####5     | 27/60 [00:00<00:00, 53.43it/s]
Animation 15: FadeIn(Polygon), etc.:  55%|#####5    | 33/60 [00:00<00:00, 54.17it/s]
Animation 15: FadeIn(Polygon), etc.:  65%|######5   | 39/60 [00:00<00:00, 52.38it/s]
Animation 15: FadeIn(Polygon), etc.:  75%|#######5  | 45/60 [00:00<00:00, 48.52it/s]
Animation 15: FadeIn(Polygon), etc.:  83%|########3 | 50/60 [00:00<00:00, 46.35it/s]
Animation 15: FadeIn(Polygon), etc.:  92%|#########1| 55/60 [00:01<00:00, 43.20it/s]
Animation 15: FadeIn(Polygon), etc.: 100%|##########| 60/60 [00:01<00:00, 42.26it/s]
[09/10/26 10:30:54] INFO     Animation 15 : Partial    scene_file_writer.py:192
                             movie file written in                             
                             'C:\Users\Nacho\Documents                         
                             \Animaciones\Capitulo                             
                             7\media\videos\s02_cdf_pd                         
                             f\1080p60\partial_movie_f                         
                             iles\CDFyPDF\2932440949_2                         
                             993721690_1203660726.mp4'                         
                                                                                    

Animation 16: FadeOut(MathTex('f_X(x)=\\frac{d}{dx}F_X(x)')), etc.:   0%|          | 0/120 [00:00<?, ?it/s]
Animation 16: FadeOut(MathTex('f_X(x)=\\frac{d}{dx}F_X(x)')), etc.:   2%|2         | 3/120 [00:00<00:04, 27.01it/s]
Animation 16: FadeOut(MathTex('f_X(x)=\\frac{d}{dx}F_X(x)')), etc.:   5%|5         | 6/120 [00:00<00:04, 25.55it/s]
Animation 16: FadeOut(MathTex('f_X(x)=\\frac{d}{dx}F_X(x)')), etc.:   8%|7         | 9/120 [00:00<00:04, 25.20it/s]
Animation 16: FadeOut(MathTex('f_X(x)=\\frac{d}{dx}F_X(x)')), etc.:  10%|#         | 12/120 [00:00<00:04, 23.51it/s]
Animation 16: FadeOut(MathTex('f_X(x)=\\frac{d}{dx}F_X(x)')), etc.:  12%|#2        | 15/120 [00:00<00:05, 20.57it/s]
Animation 16: FadeOut(MathTex('f_X(x)=\\frac{d}{dx}F_X(x)')), etc.:  15%|#5        | 18/120 [00:00<00:04, 20.90it/s]
Animation 16: FadeOut(MathTex('f_X(x)=\\frac{d}{dx}F_X(x)')), etc.:  18%|#7        | 21/120 [00:00<00:04, 22.20it/s]
Animation 16: FadeOut(MathTex('f_X(x)=\\frac{d}{dx}F_X(x)')), etc.:  20%|##        | 24/120 [00:01<00:04, 22.17it/s]
Animation 16: FadeOut(MathTex('f_X(x)=\\frac{d}{dx}F_X(x)')), etc.:  22%|##2       | 27/120 [00:01<00:04, 19.86it/s]
Animation 16: FadeOut(MathTex('f_X(x)=\\frac{d}{dx}F_X(x)')), etc.:  25%|##5       | 30/120 [00:01<00:04, 19.23it/s]
Animation 16: FadeOut(MathTex('f_X(x)=\\frac{d}{dx}F_X(x)')), etc.:  27%|##6       | 32/120 [00:01<00:04, 19.37it/s]
Animation 16: FadeOut(MathTex('f_X(x)=\\frac{d}{dx}F_X(x)')), etc.:  28%|##8       | 34/120 [00:01<00:04, 18.95it/s]
Animation 16: FadeOut(MathTex('f_X(x)=\\frac{d}{dx}F_X(x)')), etc.:  30%|###       | 36/120 [00:01<00:04, 18.48it/s]
Animation 16: FadeOut(MathTex('f_X(x)=\\frac{d}{dx}F_X(x)')), etc.:  32%|###1      | 38/120 [00:01<00:04, 17.38it/s]
Animation 16: FadeOut(MathTex('f_X(x)=\\frac{d}{dx}F_X(x)')), etc.:  34%|###4      | 41/120 [00:02<00:04, 19.04it/s]
Animation 16: FadeOut(MathTex('f_X(x)=\\frac{d}{dx}F_X(x)')), etc.:  36%|###5      | 43/120 [00:02<00:04, 18.36it/s]
Animation 16: FadeOut(MathTex('f_X(x)=\\frac{d}{dx}F_X(x)')), etc.:  38%|###7      | 45/120 [00:02<00:04, 18.09it/s]
Animation 16: FadeOut(MathTex('f_X(x)=\\frac{d}{dx}F_X(x)')), etc.:  40%|####      | 48/120 [00:02<00:03, 20.11it/s]
Animation 16: FadeOut(MathTex('f_X(x)=\\frac{d}{dx}F_X(x)')), etc.:  42%|####2     | 51/120 [00:02<00:03, 21.18it/s]
Animation 16: FadeOut(MathTex('f_X(x)=\\frac{d}{dx}F_X(x)')), etc.:  45%|####5     | 54/120 [00:02<00:02, 22.23it/s]
Animation 16: FadeOut(MathTex('f_X(x)=\\frac{d}{dx}F_X(x)')), etc.:  48%|####7     | 57/120 [00:02<00:02, 22.06it/s]
Animation 16: FadeOut(MathTex('f_X(x)=\\frac{d}{dx}F_X(x)')), etc.:  50%|#####     | 60/120 [00:02<00:02, 22.44it/s]
Animation 16: FadeOut(MathTex('f_X(x)=\\frac{d}{dx}F_X(x)')), etc.:  52%|#####2    | 63/120 [00:03<00:02, 22.87it/s]
Animation 16: FadeOut(MathTex('f_X(x)=\\frac{d}{dx}F_X(x)')), etc.:  55%|#####5    | 66/120 [00:03<00:02, 22.19it/s]
Animation 16: FadeOut(MathTex('f_X(x)=\\frac{d}{dx}F_X(x)')), etc.:  57%|#####7    | 69/120 [00:03<00:02, 22.38it/s]
Animation 16: FadeOut(MathTex('f_X(x)=\\frac{d}{dx}F_X(x)')), etc.:  60%|######    | 72/120 [00:03<00:02, 22.95it/s]
Animation 16: FadeOut(MathTex('f_X(x)=\\frac{d}{dx}F_X(x)')), etc.:  62%|######2   | 75/120 [00:03<00:01, 23.55it/s]
Animation 16: FadeOut(MathTex('f_X(x)=\\frac{d}{dx}F_X(x)')), etc.:  65%|######5   | 78/120 [00:03<00:01, 23.54it/s]
Animation 16: FadeOut(MathTex('f_X(x)=\\frac{d}{dx}F_X(x)')), etc.:  68%|######7   | 81/120 [00:03<00:01, 23.41it/s]
Animation 16: FadeOut(MathTex('f_X(x)=\\frac{d}{dx}F_X(x)')), etc.:  70%|#######   | 84/120 [00:03<00:01, 23.03it/s]
Animation 16: FadeOut(MathTex('f_X(x)=\\frac{d}{dx}F_X(x)')), etc.:  72%|#######2  | 87/120 [00:04<00:01, 22.83it/s]
Animation 16: FadeOut(MathTex('f_X(x)=\\frac{d}{dx}F_X(x)')), etc.:  75%|#######5  | 90/120 [00:04<00:01, 22.78it/s]
Animation 16: FadeOut(MathTex('f_X(x)=\\frac{d}{dx}F_X(x)')), etc.:  78%|#######7  | 93/120 [00:04<00:01, 22.88it/s]
Animation 16: FadeOut(MathTex('f_X(x)=\\frac{d}{dx}F_X(x)')), etc.:  80%|########  | 96/120 [00:04<00:01, 22.34it/s]
Animation 16: FadeOut(MathTex('f_X(x)=\\frac{d}{dx}F_X(x)')), etc.:  82%|########2 | 99/120 [00:04<00:00, 22.44it/s]
Animation 16: FadeOut(MathTex('f_X(x)=\\frac{d}{dx}F_X(x)')), etc.:  85%|########5 | 102/120 [00:04<00:00, 21.96it/s]
Animation 16: FadeOut(MathTex('f_X(x)=\\frac{d}{dx}F_X(x)')), etc.:  88%|########7 | 105/120 [00:04<00:00, 22.27it/s]
Animation 16: FadeOut(MathTex('f_X(x)=\\frac{d}{dx}F_X(x)')), etc.:  90%|######### | 108/120 [00:04<00:00, 22.79it/s]
Animation 16: FadeOut(MathTex('f_X(x)=\\frac{d}{dx}F_X(x)')), etc.:  92%|#########2| 111/120 [00:05<00:00, 23.31it/s]
Animation 16: FadeOut(MathTex('f_X(x)=\\frac{d}{dx}F_X(x)')), etc.:  95%|#########5| 114/120 [00:05<00:00, 23.81it/s]
Animation 16: FadeOut(MathTex('f_X(x)=\\frac{d}{dx}F_X(x)')), etc.:  98%|#########7| 117/120 [00:05<00:00, 22.78it/s]
Animation 16: FadeOut(MathTex('f_X(x)=\\frac{d}{dx}F_X(x)')), etc.: 100%|##########| 120/120 [00:05<00:00, 23.13it/s]
[09/10/26 10:31:01] INFO     Animation 16 : Partial    scene_file_writer.py:192
                             movie file written in                             
                             'C:\Users\Nacho\Documents                         
                             \Animaciones\Capitulo                             
                             7\media\videos\s02_cdf_pd                         
                             f\1080p60\partial_movie_f                         
                             iles\CDFyPDF\2932440949_2                         
                             568484825_1117956351.mp4'                         
[09/10/26 10:31:04] INFO     Animation 17 : Partial    scene_file_writer.py:192
                             movie file written in                             
                             'C:\Users\Nacho\Documents                         
                             \Animaciones\Capitulo                             
                             7\media\videos\s02_cdf_pd                         
                             f\1080p60\partial_movie_f                         
                             iles\CDFyPDF\2932440949_3                         
                             49589963_1726230174.mp4'                          
                                                                                                                     

Animation 18: FadeOut(VGroup of 6 submobjects), etc.:   0%|          | 0/60 [00:00<?, ?it/s]
Animation 18: FadeOut(VGroup of 6 submobjects), etc.:   5%|5         | 3/60 [00:00<00:02, 23.46it/s]
Animation 18: FadeOut(VGroup of 6 submobjects), etc.:  10%|#         | 6/60 [00:00<00:02, 23.25it/s]
Animation 18: FadeOut(VGroup of 6 submobjects), etc.:  15%|#5        | 9/60 [00:00<00:02, 24.48it/s]
Animation 18: FadeOut(VGroup of 6 submobjects), etc.:  20%|##        | 12/60 [00:00<00:01, 24.32it/s]
Animation 18: FadeOut(VGroup of 6 submobjects), etc.:  25%|##5       | 15/60 [00:00<00:01, 24.24it/s]
Animation 18: FadeOut(VGroup of 6 submobjects), etc.:  30%|###       | 18/60 [00:00<00:01, 24.47it/s]
Animation 18: FadeOut(VGroup of 6 submobjects), etc.:  35%|###5      | 21/60 [00:00<00:01, 24.43it/s]
Animation 18: FadeOut(VGroup of 6 submobjects), etc.:  40%|####      | 24/60 [00:00<00:01, 24.28it/s]
Animation 18: FadeOut(VGroup of 6 submobjects), etc.:  45%|####5     | 27/60 [00:01<00:01, 24.22it/s]
Animation 18: FadeOut(VGroup of 6 submobjects), etc.:  50%|#####     | 30/60 [00:01<00:01, 24.02it/s]
Animation 18: FadeOut(VGroup of 6 submobjects), etc.:  55%|#####5    | 33/60 [00:01<00:01, 24.14it/s]
Animation 18: FadeOut(VGroup of 6 submobjects), etc.:  60%|######    | 36/60 [00:01<00:00, 24.02it/s]
Animation 18: FadeOut(VGroup of 6 submobjects), etc.:  65%|######5   | 39/60 [00:01<00:00, 24.89it/s]
Animation 18: FadeOut(VGroup of 6 submobjects), etc.:  70%|#######   | 42/60 [00:01<00:00, 24.05it/s]
Animation 18: FadeOut(VGroup of 6 submobjects), etc.:  75%|#######5  | 45/60 [00:01<00:00, 21.27it/s]
Animation 18: FadeOut(VGroup of 6 submobjects), etc.:  80%|########  | 48/60 [00:02<00:00, 21.04it/s]
Animation 18: FadeOut(VGroup of 6 submobjects), etc.:  85%|########5 | 51/60 [00:02<00:00, 21.93it/s]
Animation 18: FadeOut(VGroup of 6 submobjects), etc.:  90%|######### | 54/60 [00:02<00:00, 21.87it/s]
Animation 18: FadeOut(VGroup of 6 submobjects), etc.:  95%|#########5| 57/60 [00:02<00:00, 22.27it/s]
Animation 18: FadeOut(VGroup of 6 submobjects), etc.: 100%|##########| 60/60 [00:02<00:00, 22.63it/s]
[09/10/26 10:31:08] INFO     Animation 18 : Partial    scene_file_writer.py:192
                             movie file written in                             
                             'C:\Users\Nacho\Documents                         
                             \Animaciones\Capitulo                             
                             7\media\videos\s02_cdf_pd                         
                             f\1080p60\partial_movie_f                         
                             iles\CDFyPDF\2932440949_1                         
                             018823305_1405926415.mp4'                         
                                                                                                     

Animation 19: Transform(Text('VARIABLE CONTINUA')), etc.:   0%|          | 0/96 [00:00<?, ?it/s]
Animation 19: Transform(Text('VARIABLE CONTINUA')), etc.:   3%|3         | 3/96 [00:00<00:03, 26.13it/s]
Animation 19: Transform(Text('VARIABLE CONTINUA')), etc.:   6%|6         | 6/96 [00:00<00:03, 24.93it/s]
Animation 19: Transform(Text('VARIABLE CONTINUA')), etc.:   9%|9         | 9/96 [00:00<00:03, 25.71it/s]
Animation 19: Transform(Text('VARIABLE CONTINUA')), etc.:  12%|#2        | 12/96 [00:00<00:03, 23.96it/s]
Animation 19: Transform(Text('VARIABLE CONTINUA')), etc.:  16%|#5        | 15/96 [00:00<00:03, 24.13it/s]
Animation 19: Transform(Text('VARIABLE CONTINUA')), etc.:  19%|#8        | 18/96 [00:00<00:03, 24.07it/s]
Animation 19: Transform(Text('VARIABLE CONTINUA')), etc.:  22%|##1       | 21/96 [00:00<00:03, 23.84it/s]
Animation 19: Transform(Text('VARIABLE CONTINUA')), etc.:  25%|##5       | 24/96 [00:00<00:03, 23.83it/s]
Animation 19: Transform(Text('VARIABLE CONTINUA')), etc.:  28%|##8       | 27/96 [00:01<00:02, 23.87it/s]
Animation 19: Transform(Text('VARIABLE CONTINUA')), etc.:  31%|###1      | 30/96 [00:01<00:02, 24.02it/s]
Animation 19: Transform(Text('VARIABLE CONTINUA')), etc.:  34%|###4      | 33/96 [00:01<00:02, 23.91it/s]
Animation 19: Transform(Text('VARIABLE CONTINUA')), etc.:  38%|###7      | 36/96 [00:01<00:02, 23.45it/s]
Animation 19: Transform(Text('VARIABLE CONTINUA')), etc.:  41%|####      | 39/96 [00:01<00:02, 23.37it/s]
Animation 19: Transform(Text('VARIABLE CONTINUA')), etc.:  44%|####3     | 42/96 [00:01<00:02, 23.30it/s]
Animation 19: Transform(Text('VARIABLE CONTINUA')), etc.:  47%|####6     | 45/96 [00:01<00:02, 18.94it/s]
Animation 19: Transform(Text('VARIABLE CONTINUA')), etc.:  50%|#####     | 48/96 [00:02<00:02, 19.76it/s]
Animation 19: Transform(Text('VARIABLE CONTINUA')), etc.:  53%|#####3    | 51/96 [00:02<00:02, 20.30it/s]
Animation 19: Transform(Text('VARIABLE CONTINUA')), etc.:  56%|#####6    | 54/96 [00:02<00:01, 21.10it/s]
Animation 19: Transform(Text('VARIABLE CONTINUA')), etc.:  59%|#####9    | 57/96 [00:02<00:01, 22.09it/s]
Animation 19: Transform(Text('VARIABLE CONTINUA')), etc.:  62%|######2   | 60/96 [00:02<00:01, 22.59it/s]
Animation 19: Transform(Text('VARIABLE CONTINUA')), etc.:  66%|######5   | 63/96 [00:02<00:01, 22.91it/s]
Animation 19: Transform(Text('VARIABLE CONTINUA')), etc.:  69%|######8   | 66/96 [00:02<00:01, 23.19it/s]
Animation 19: Transform(Text('VARIABLE CONTINUA')), etc.:  72%|#######1  | 69/96 [00:03<00:01, 23.38it/s]
Animation 19: Transform(Text('VARIABLE CONTINUA')), etc.:  75%|#######5  | 72/96 [00:03<00:01, 23.10it/s]
Animation 19: Transform(Text('VARIABLE CONTINUA')), etc.:  78%|#######8  | 75/96 [00:03<00:00, 23.19it/s]
Animation 19: Transform(Text('VARIABLE CONTINUA')), etc.:  81%|########1 | 78/96 [00:03<00:00, 23.75it/s]
Animation 19: Transform(Text('VARIABLE CONTINUA')), etc.:  84%|########4 | 81/96 [00:03<00:00, 23.48it/s]
Animation 19: Transform(Text('VARIABLE CONTINUA')), etc.:  88%|########7 | 84/96 [00:03<00:00, 24.00it/s]
Animation 19: Transform(Text('VARIABLE CONTINUA')), etc.:  91%|######### | 87/96 [00:03<00:00, 24.55it/s]
Animation 19: Transform(Text('VARIABLE CONTINUA')), etc.:  94%|#########3| 90/96 [00:03<00:00, 23.67it/s]
Animation 19: Transform(Text('VARIABLE CONTINUA')), etc.:  97%|#########6| 93/96 [00:04<00:00, 22.93it/s]
Animation 19: Transform(Text('VARIABLE CONTINUA')), etc.: 100%|##########| 96/96 [00:04<00:00, 23.12it/s]
[09/10/26 10:31:14] INFO     Animation 19 : Partial    scene_file_writer.py:192
                             movie file written in                             
                             'C:\Users\Nacho\Documents                         
                             \Animaciones\Capitulo                             
                             7\media\videos\s02_cdf_pd                         
                             f\1080p60\partial_movie_f                         
                             iles\CDFyPDF\2932440949_3                         
                             385250822_2892272381.mp4'                         
                                                                                                         

Animation 20: FadeIn(VGroup of 6 submobjects):   0%|          | 0/60 [00:00<?, ?it/s]
Animation 20: FadeIn(VGroup of 6 submobjects):  13%|#3        | 8/60 [00:00<00:00, 78.34it/s]
Animation 20: FadeIn(VGroup of 6 submobjects):  27%|##6       | 16/60 [00:00<00:00, 63.90it/s]
Animation 20: FadeIn(VGroup of 6 submobjects):  38%|###8      | 23/60 [00:00<00:00, 56.76it/s]
Animation 20: FadeIn(VGroup of 6 submobjects):  48%|####8     | 29/60 [00:00<00:00, 53.15it/s]
Animation 20: FadeIn(VGroup of 6 submobjects):  58%|#####8    | 35/60 [00:00<00:00, 51.27it/s]
Animation 20: FadeIn(VGroup of 6 submobjects):  68%|######8   | 41/60 [00:00<00:00, 49.72it/s]
Animation 20: FadeIn(VGroup of 6 submobjects):  77%|#######6  | 46/60 [00:00<00:00, 49.71it/s]
Animation 20: FadeIn(VGroup of 6 submobjects):  85%|########5 | 51/60 [00:00<00:00, 48.49it/s]
Animation 20: FadeIn(VGroup of 6 submobjects):  97%|#########6| 58/60 [00:01<00:00, 53.61it/s]
[09/10/26 10:31:16] INFO     Animation 20 : Partial    scene_file_writer.py:192
                             movie file written in                             
                             'C:\Users\Nacho\Documents                         
                             \Animaciones\Capitulo                             
                             7\media\videos\s02_cdf_pd                         
                             f\1080p60\partial_movie_f                         
                             iles\CDFyPDF\2932440949_1                         
                             712930352_1191587424.mp4'                         
[09/10/26 10:31:17] INFO     Animation 21 : Partial    scene_file_writer.py:192
                             movie file written in                             
                             'C:\Users\Nacho\Documents                         
                             \Animaciones\Capitulo                             
                             7\media\videos\s02_cdf_pd                         
                             f\1080p60\partial_movie_f                         
                             iles\CDFyPDF\2932440949_1                         
                             25152860_1893558145.mp4'                          
                                                                                              

Animation 22: FadeIn(Text('la CDF es una escalera: cada salto es la masa de ese valor')):   0%|          | 0/60 
[00:00<?, ?it/s]
Animation 22: FadeIn(Text('la CDF es una escalera: cada salto es la masa de ese valor')):   7%|6         | 4/60 
[00:00<00:01, 29.34it/s]
Animation 22: FadeIn(Text('la CDF es una escalera: cada salto es la masa de ese valor')):  12%|#1        | 7/60 
[00:00<00:01, 28.52it/s]
Animation 22: FadeIn(Text('la CDF es una escalera: cada salto es la masa de ese valor')):  17%|#6        | 10/60 
[00:00<00:01, 29.07it/s]
Animation 22: FadeIn(Text('la CDF es una escalera: cada salto es la masa de ese valor')):  23%|##3       | 14/60 
[00:00<00:01, 29.10it/s]
Animation 22: FadeIn(Text('la CDF es una escalera: cada salto es la masa de ese valor')):  28%|##8       | 17/60 
[00:00<00:01, 28.76it/s]
Animation 22: FadeIn(Text('la CDF es una escalera: cada salto es la masa de ese valor')):  33%|###3      | 20/60 
[00:00<00:01, 27.47it/s]
Animation 22: FadeIn(Text('la CDF es una escalera: cada salto es la masa de ese valor')):  38%|###8      | 23/60 
[00:00<00:01, 27.26it/s]
Animation 22: FadeIn(Text('la CDF es una escalera: cada salto es la masa de ese valor')):  43%|####3     | 26/60 
[00:00<00:01, 27.33it/s]
Animation 22: FadeIn(Text('la CDF es una escalera: cada salto es la masa de ese valor')):  48%|####8     | 29/60 
[00:01<00:01, 27.61it/s]
Animation 22: FadeIn(Text('la CDF es una escalera: cada salto es la masa de ese valor')):  53%|#####3    | 32/60 
[00:01<00:01, 27.07it/s]
Animation 22: FadeIn(Text('la CDF es una escalera: cada salto es la masa de ese valor')):  58%|#####8    | 35/60 
[00:01<00:00, 27.14it/s]
Animation 22: FadeIn(Text('la CDF es una escalera: cada salto es la masa de ese valor')):  63%|######3   | 38/60 
[00:01<00:00, 26.74it/s]
Animation 22: FadeIn(Text('la CDF es una escalera: cada salto es la masa de ese valor')):  68%|######8   | 41/60 
[00:01<00:00, 26.37it/s]
Animation 22: FadeIn(Text('la CDF es una escalera: cada salto es la masa de ese valor')):  73%|#######3  | 44/60 
[00:01<00:00, 23.49it/s]
Animation 22: FadeIn(Text('la CDF es una escalera: cada salto es la masa de ese valor')):  78%|#######8  | 47/60 
[00:01<00:00, 23.93it/s]
Animation 22: FadeIn(Text('la CDF es una escalera: cada salto es la masa de ese valor')):  83%|########3 | 50/60 
[00:01<00:00, 24.35it/s]
Animation 22: FadeIn(Text('la CDF es una escalera: cada salto es la masa de ese valor')):  88%|########8 | 53/60 
[00:02<00:00, 24.95it/s]
Animation 22: FadeIn(Text('la CDF es una escalera: cada salto es la masa de ese valor')):  93%|#########3| 56/60 
[00:02<00:00, 25.48it/s]
Animation 22: FadeIn(Text('la CDF es una escalera: cada salto es la masa de ese valor')):  98%|#########8| 59/60 
[00:02<00:00, 26.10it/s]
[09/10/26 10:31:21] INFO     Animation 22 : Partial    scene_file_writer.py:192
                             movie file written in                             
                             'C:\Users\Nacho\Documents                         
                             \Animaciones\Capitulo                             
                             7\media\videos\s02_cdf_pd                         
                             f\1080p60\partial_movie_f                         
                             iles\CDFyPDF\2932440949_1                         
                             367110854_246804253.mp4'                          
[09/10/26 10:31:24] INFO     Animation 23 : Partial    scene_file_writer.py:192
                             movie file written in                             
                             'C:\Users\Nacho\Documents                         
                             \Animaciones\Capitulo                             
                             7\media\videos\s02_cdf_pd                         
                             f\1080p60\partial_movie_f                         
                             iles\CDFyPDF\2932440949_4                         
                             99328632_2885738488.mp4'                          
                                                                                                                       
                  

Animation 24: FadeOut(Text('la CDF es una escalera: cada salto es la masa de ese valor')):   0%|          | 0/60 
[00:00<?, ?it/s]
Animation 24: FadeOut(Text('la CDF es una escalera: cada salto es la masa de ese valor')):   7%|6         | 4/60 
[00:00<00:01, 30.03it/s]
Animation 24: FadeOut(Text('la CDF es una escalera: cada salto es la masa de ese valor')):  13%|#3        | 8/60 
[00:00<00:01, 29.56it/s]
Animation 24: FadeOut(Text('la CDF es una escalera: cada salto es la masa de ese valor')):  18%|#8        | 11/60 
[00:00<00:01, 29.14it/s]
Animation 24: FadeOut(Text('la CDF es una escalera: cada salto es la masa de ese valor')):  23%|##3       | 14/60 
[00:00<00:01, 27.47it/s]
Animation 24: FadeOut(Text('la CDF es una escalera: cada salto es la masa de ese valor')):  30%|###       | 18/60 
[00:00<00:01, 28.76it/s]
Animation 24: FadeOut(Text('la CDF es una escalera: cada salto es la masa de ese valor')):  35%|###5      | 21/60 
[00:00<00:01, 27.72it/s]
Animation 24: FadeOut(Text('la CDF es una escalera: cada salto es la masa de ese valor')):  40%|####      | 24/60 
[00:00<00:01, 27.31it/s]
Animation 24: FadeOut(Text('la CDF es una escalera: cada salto es la masa de ese valor')):  45%|####5     | 27/60 
[00:00<00:01, 27.33it/s]
Animation 24: FadeOut(Text('la CDF es una escalera: cada salto es la masa de ese valor')):  50%|#####     | 30/60 
[00:01<00:01, 27.58it/s]
Animation 24: FadeOut(Text('la CDF es una escalera: cada salto es la masa de ese valor')):  55%|#####5    | 33/60 
[00:01<00:00, 27.57it/s]
Animation 24: FadeOut(Text('la CDF es una escalera: cada salto es la masa de ese valor')):  60%|######    | 36/60 
[00:01<00:00, 26.70it/s]
Animation 24: FadeOut(Text('la CDF es una escalera: cada salto es la masa de ese valor')):  65%|######5   | 39/60 
[00:01<00:00, 27.36it/s]
Animation 24: FadeOut(Text('la CDF es una escalera: cada salto es la masa de ese valor')):  70%|#######   | 42/60 
[00:01<00:00, 27.83it/s]
Animation 24: FadeOut(Text('la CDF es una escalera: cada salto es la masa de ese valor')):  75%|#######5  | 45/60 
[00:01<00:00, 24.89it/s]
Animation 24: FadeOut(Text('la CDF es una escalera: cada salto es la masa de ese valor')):  80%|########  | 48/60 
[00:01<00:00, 24.13it/s]
Animation 24: FadeOut(Text('la CDF es una escalera: cada salto es la masa de ese valor')):  85%|########5 | 51/60 
[00:01<00:00, 25.29it/s]
Animation 24: FadeOut(Text('la CDF es una escalera: cada salto es la masa de ese valor')):  90%|######### | 54/60 
[00:02<00:00, 25.60it/s]
Animation 24: FadeOut(Text('la CDF es una escalera: cada salto es la masa de ese valor')):  95%|#########5| 57/60 
[00:02<00:00, 25.08it/s]
Animation 24: FadeOut(Text('la CDF es una escalera: cada salto es la masa de ese valor')): 100%|##########| 60/60 
[00:02<00:00, 25.52it/s]
[09/10/26 10:31:28] INFO     Animation 24 : Partial    scene_file_writer.py:192
                             movie file written in                             
                             'C:\Users\Nacho\Documents                         
                             \Animaciones\Capitulo                             
                             7\media\videos\s02_cdf_pd                         
                             f\1080p60\partial_movie_f                         
                             iles\CDFyPDF\2932440949_1                         
                             078198746_669933223.mp4'                          
                                                                                                                       
                   

Animation 25: Transform(Text('VARIABLE CONTINUA')), etc.:   0%|          | 0/96 [00:00<?, ?it/s]
Animation 25: Transform(Text('VARIABLE CONTINUA')), etc.:   3%|3         | 3/96 [00:00<00:03, 28.85it/s]
Animation 25: Transform(Text('VARIABLE CONTINUA')), etc.:   6%|6         | 6/96 [00:00<00:03, 25.78it/s]
Animation 25: Transform(Text('VARIABLE CONTINUA')), etc.:   9%|9         | 9/96 [00:00<00:03, 25.65it/s]
Animation 25: Transform(Text('VARIABLE CONTINUA')), etc.:  12%|#2        | 12/96 [00:00<00:03, 26.26it/s]
Animation 25: Transform(Text('VARIABLE CONTINUA')), etc.:  16%|#5        | 15/96 [00:00<00:03, 26.04it/s]
Animation 25: Transform(Text('VARIABLE CONTINUA')), etc.:  19%|#8        | 18/96 [00:00<00:03, 25.96it/s]
Animation 25: Transform(Text('VARIABLE CONTINUA')), etc.:  22%|##1       | 21/96 [00:00<00:02, 26.23it/s]
Animation 25: Transform(Text('VARIABLE CONTINUA')), etc.:  25%|##5       | 24/96 [00:00<00:02, 26.79it/s]
Animation 25: Transform(Text('VARIABLE CONTINUA')), etc.:  28%|##8       | 27/96 [00:01<00:02, 26.63it/s]
Animation 25: Transform(Text('VARIABLE CONTINUA')), etc.:  31%|###1      | 30/96 [00:01<00:02, 26.16it/s]
Animation 25: Transform(Text('VARIABLE CONTINUA')), etc.:  34%|###4      | 33/96 [00:01<00:02, 25.92it/s]
Animation 25: Transform(Text('VARIABLE CONTINUA')), etc.:  38%|###7      | 36/96 [00:01<00:02, 25.90it/s]
Animation 25: Transform(Text('VARIABLE CONTINUA')), etc.:  41%|####      | 39/96 [00:01<00:02, 26.10it/s]
Animation 25: Transform(Text('VARIABLE CONTINUA')), etc.:  44%|####3     | 42/96 [00:01<00:02, 25.04it/s]
Animation 25: Transform(Text('VARIABLE CONTINUA')), etc.:  47%|####6     | 45/96 [00:01<00:02, 19.79it/s]
Animation 25: Transform(Text('VARIABLE CONTINUA')), etc.:  50%|#####     | 48/96 [00:01<00:02, 20.72it/s]
Animation 25: Transform(Text('VARIABLE CONTINUA')), etc.:  53%|#####3    | 51/96 [00:02<00:02, 21.92it/s]
Animation 25: Transform(Text('VARIABLE CONTINUA')), etc.:  56%|#####6    | 54/96 [00:02<00:01, 21.68it/s]
Animation 25: Transform(Text('VARIABLE CONTINUA')), etc.:  59%|#####9    | 57/96 [00:02<00:01, 21.50it/s]
Animation 25: Transform(Text('VARIABLE CONTINUA')), etc.:  62%|######2   | 60/96 [00:02<00:01, 21.50it/s]
Animation 25: Transform(Text('VARIABLE CONTINUA')), etc.:  66%|######5   | 63/96 [00:02<00:01, 22.47it/s]
Animation 25: Transform(Text('VARIABLE CONTINUA')), etc.:  69%|######8   | 66/96 [00:02<00:01, 22.22it/s]
Animation 25: Transform(Text('VARIABLE CONTINUA')), etc.:  72%|#######1  | 69/96 [00:02<00:01, 21.74it/s]
Animation 25: Transform(Text('VARIABLE CONTINUA')), etc.:  75%|#######5  | 72/96 [00:03<00:01, 21.92it/s]
Animation 25: Transform(Text('VARIABLE CONTINUA')), etc.:  78%|#######8  | 75/96 [00:03<00:00, 22.74it/s]
Animation 25: Transform(Text('VARIABLE CONTINUA')), etc.:  81%|########1 | 78/96 [00:03<00:00, 23.34it/s]
Animation 25: Transform(Text('VARIABLE CONTINUA')), etc.:  84%|########4 | 81/96 [00:03<00:00, 23.17it/s]
Animation 25: Transform(Text('VARIABLE CONTINUA')), etc.:  88%|########7 | 84/96 [00:03<00:00, 23.22it/s]
Animation 25: Transform(Text('VARIABLE CONTINUA')), etc.:  91%|######### | 87/96 [00:03<00:00, 23.40it/s]
Animation 25: Transform(Text('VARIABLE CONTINUA')), etc.:  94%|#########3| 90/96 [00:03<00:00, 23.18it/s]
Animation 25: Transform(Text('VARIABLE CONTINUA')), etc.:  97%|#########6| 93/96 [00:03<00:00, 23.38it/s]
Animation 25: Transform(Text('VARIABLE CONTINUA')), etc.: 100%|##########| 96/96 [00:04<00:00, 23.79it/s]
[09/10/26 10:31:33] INFO     Animation 25 : Partial    scene_file_writer.py:192
                             movie file written in                             
                             'C:\Users\Nacho\Documents                         
                             \Animaciones\Capitulo                             
                             7\media\videos\s02_cdf_pd                         
                             f\1080p60\partial_movie_f                         
                             iles\CDFyPDF\2932440949_2                         
                             961122757_1935092002.mp4'                         
                                                                                                         

Animation 26: Create(ParametricFunction), etc.:   0%|          | 0/60 [00:00<?, ?it/s]
Animation 26: Create(ParametricFunction), etc.:  10%|#         | 6/60 [00:00<00:00, 56.31it/s]
Animation 26: Create(ParametricFunction), etc.:  20%|##        | 12/60 [00:00<00:00, 49.87it/s]
Animation 26: Create(ParametricFunction), etc.:  30%|###       | 18/60 [00:00<00:00, 47.43it/s]
Animation 26: Create(ParametricFunction), etc.:  38%|###8      | 23/60 [00:00<00:00, 46.32it/s]
Animation 26: Create(ParametricFunction), etc.:  47%|####6     | 28/60 [00:00<00:00, 45.77it/s]
Animation 26: Create(ParametricFunction), etc.:  55%|#####5    | 33/60 [00:00<00:00, 47.03it/s]
Animation 26: Create(ParametricFunction), etc.:  63%|######3   | 38/60 [00:00<00:00, 43.58it/s]
Animation 26: Create(ParametricFunction), etc.:  72%|#######1  | 43/60 [00:00<00:00, 42.16it/s]
Animation 26: Create(ParametricFunction), etc.:  82%|########1 | 49/60 [00:01<00:00, 44.58it/s]
Animation 26: Create(ParametricFunction), etc.:  90%|######### | 54/60 [00:01<00:00, 45.10it/s]
Animation 26: Create(ParametricFunction), etc.:  98%|#########8| 59/60 [00:01<00:00, 44.93it/s]
[09/10/26 10:31:35] INFO     Animation 26 : Partial    scene_file_writer.py:192
                             movie file written in                             
                             'C:\Users\Nacho\Documents                         
                             \Animaciones\Capitulo                             
                             7\media\videos\s02_cdf_pd                         
                             f\1080p60\partial_movie_f                         
                             iles\CDFyPDF\2932440949_1                         
                             655708935_2927225470.mp4'                         
[09/10/26 10:31:36] INFO     Animation 27 : Partial    scene_file_writer.py:192
                             movie file written in                             
                             'C:\Users\Nacho\Documents                         
                             \Animaciones\Capitulo                             
                             7\media\videos\s02_cdf_pd                         
                             f\1080p60\partial_movie_f                         
                             iles\CDFyPDF\2932440949_2                         
                             41228271_1337047734.mp4'                          
                                                                                               

Animation 28: Create(Line), etc.:   0%|          | 0/60 [00:00<?, ?it/s]
Animation 28: Create(Line), etc.:  12%|#1        | 7/60 [00:00<00:00, 60.81it/s]
Animation 28: Create(Line), etc.:  23%|##3       | 14/60 [00:00<00:00, 54.02it/s]
Animation 28: Create(Line), etc.:  33%|###3      | 20/60 [00:00<00:00, 50.25it/s]
Animation 28: Create(Line), etc.:  43%|####3     | 26/60 [00:00<00:00, 49.22it/s]
Animation 28: Create(Line), etc.:  52%|#####1    | 31/60 [00:00<00:00, 48.41it/s]
Animation 28: Create(Line), etc.:  60%|######    | 36/60 [00:00<00:00, 48.50it/s]
Animation 28: Create(Line), etc.:  70%|#######   | 42/60 [00:00<00:00, 48.95it/s]
Animation 28: Create(Line), etc.:  78%|#######8  | 47/60 [00:00<00:00, 48.55it/s]
Animation 28: Create(Line), etc.:  87%|########6 | 52/60 [00:01<00:00, 48.84it/s]
Animation 28: Create(Line), etc.:  98%|#########8| 59/60 [00:01<00:00, 52.26it/s]
[09/10/26 10:31:38] INFO     Animation 28 : Partial    scene_file_writer.py:192
                             movie file written in                             
                             'C:\Users\Nacho\Documents                         
                             \Animaciones\Capitulo                             
                             7\media\videos\s02_cdf_pd                         
                             f\1080p60\partial_movie_f                         
                             iles\CDFyPDF\2932440949_3                         
                             214574584_1551307543.mp4'                         
                                                                                 

Animation 29: GrowArrow(Arrow), etc.:   0%|          | 0/60 [00:00<?, ?it/s]
Animation 29: GrowArrow(Arrow), etc.:  10%|#         | 6/60 [00:00<00:00, 55.91it/s]
Animation 29: GrowArrow(Arrow), etc.:  20%|##        | 12/60 [00:00<00:00, 50.30it/s]
Animation 29: GrowArrow(Arrow), etc.:  30%|###       | 18/60 [00:00<00:00, 48.79it/s]
Animation 29: GrowArrow(Arrow), etc.:  38%|###8      | 23/60 [00:00<00:00, 47.48it/s]
Animation 29: GrowArrow(Arrow), etc.:  48%|####8     | 29/60 [00:00<00:00, 47.68it/s]
Animation 29: GrowArrow(Arrow), etc.:  57%|#####6    | 34/60 [00:00<00:00, 47.85it/s]
Animation 29: GrowArrow(Arrow), etc.:  65%|######5   | 39/60 [00:00<00:00, 46.40it/s]
Animation 29: GrowArrow(Arrow), etc.:  73%|#######3  | 44/60 [00:00<00:00, 47.26it/s]
Animation 29: GrowArrow(Arrow), etc.:  82%|########1 | 49/60 [00:01<00:00, 44.71it/s]
Animation 29: GrowArrow(Arrow), etc.:  92%|#########1| 55/60 [00:01<00:00, 47.98it/s]
[09/10/26 10:31:41] INFO     Animation 29 : Partial    scene_file_writer.py:192
                             movie file written in                             
                             'C:\Users\Nacho\Documents                         
                             \Animaciones\Capitulo                             
                             7\media\videos\s02_cdf_pd                         
                             f\1080p60\partial_movie_f                         
                             iles\CDFyPDF\2932440949_3                         
                             706822120_1679995536.mp4'                         
[09/10/26 10:31:42] INFO     Animation 30 : Partial    scene_file_writer.py:192
                             movie file written in                             
                             'C:\Users\Nacho\Documents                         
                             \Animaciones\Capitulo                             
                             7\media\videos\s02_cdf_pd                         
                             f\1080p60\partial_movie_f                         
                             iles\CDFyPDF\2932440949_9                         
                             41615173_613578986.mp4'                           
                                                                                     

Animation 31: FadeIn(Text('es el caso más habitual en procesamiento de señales: una curva suave con un átomo de 
probabilidad')):   0%|          | 0/60 [00:00<?, ?it/s]
Animation 31: FadeIn(Text('es el caso más habitual en procesamiento de señales: una curva suave con un átomo de 
probabilidad')):   5%|5         | 3/60 [00:00<00:02, 26.78it/s]
Animation 31: FadeIn(Text('es el caso más habitual en procesamiento de señales: una curva suave con un átomo de 
probabilidad')):  10%|#         | 6/60 [00:00<00:03, 16.59it/s]
Animation 31: FadeIn(Text('es el caso más habitual en procesamiento de señales: una curva suave con un átomo de 
probabilidad')):  15%|#5        | 9/60 [00:00<00:02, 17.87it/s]
Animation 31: FadeIn(Text('es el caso más habitual en procesamiento de señales: una curva suave con un átomo de 
probabilidad')):  20%|##        | 12/60 [00:00<00:02, 18.61it/s]
Animation 31: FadeIn(Text('es el caso más habitual en procesamiento de señales: una curva suave con un átomo de 
probabilidad')):  25%|##5       | 15/60 [00:00<00:02, 19.98it/s]
Animation 31: FadeIn(Text('es el caso más habitual en procesamiento de señales: una curva suave con un átomo de 
probabilidad')):  30%|###       | 18/60 [00:00<00:02, 20.07it/s]
Animation 31: FadeIn(Text('es el caso más habitual en procesamiento de señales: una curva suave con un átomo de 
probabilidad')):  35%|###5      | 21/60 [00:01<00:01, 19.86it/s]
Animation 31: FadeIn(Text('es el caso más habitual en procesamiento de señales: una curva suave con un átomo de 
probabilidad')):  40%|####      | 24/60 [00:01<00:01, 20.18it/s]
Animation 31: FadeIn(Text('es el caso más habitual en procesamiento de señales: una curva suave con un átomo de 
probabilidad')):  45%|####5     | 27/60 [00:01<00:01, 20.40it/s]
Animation 31: FadeIn(Text('es el caso más habitual en procesamiento de señales: una curva suave con un átomo de 
probabilidad')):  50%|#####     | 30/60 [00:01<00:01, 20.02it/s]
Animation 31: FadeIn(Text('es el caso más habitual en procesamiento de señales: una curva suave con un átomo de 
probabilidad')):  55%|#####5    | 33/60 [00:01<00:01, 20.02it/s]
Animation 31: FadeIn(Text('es el caso más habitual en procesamiento de señales: una curva suave con un átomo de 
probabilidad')):  60%|######    | 36/60 [00:01<00:01, 20.01it/s]
Animation 31: FadeIn(Text('es el caso más habitual en procesamiento de señales: una curva suave con un átomo de 
probabilidad')):  65%|######5   | 39/60 [00:01<00:01, 20.22it/s]
Animation 31: FadeIn(Text('es el caso más habitual en procesamiento de señales: una curva suave con un átomo de 
probabilidad')):  70%|#######   | 42/60 [00:02<00:00, 20.09it/s]
Animation 31: FadeIn(Text('es el caso más habitual en procesamiento de señales: una curva suave con un átomo de 
probabilidad')):  75%|#######5  | 45/60 [00:02<00:00, 17.64it/s]
Animation 31: FadeIn(Text('es el caso más habitual en procesamiento de señales: una curva suave con un átomo de 
probabilidad')):  80%|########  | 48/60 [00:02<00:00, 18.35it/s]
Animation 31: FadeIn(Text('es el caso más habitual en procesamiento de señales: una curva suave con un átomo de 
probabilidad')):  83%|########3 | 50/60 [00:02<00:00, 18.66it/s]
Animation 31: FadeIn(Text('es el caso más habitual en procesamiento de señales: una curva suave con un átomo de 
probabilidad')):  87%|########6 | 52/60 [00:02<00:00, 18.60it/s]
Animation 31: FadeIn(Text('es el caso más habitual en procesamiento de señales: una curva suave con un átomo de 
probabilidad')):  90%|######### | 54/60 [00:02<00:00, 18.87it/s]
Animation 31: FadeIn(Text('es el caso más habitual en procesamiento de señales: una curva suave con un átomo de 
probabilidad')):  93%|#########3| 56/60 [00:02<00:00, 18.26it/s]
Animation 31: FadeIn(Text('es el caso más habitual en procesamiento de señales: una curva suave con un átomo de 
probabilidad')):  98%|#########8| 59/60 [00:03<00:00, 19.13it/s]
[09/10/26 10:31:47] INFO     Animation 31 : Partial    scene_file_writer.py:192
                             movie file written in                             
                             'C:\Users\Nacho\Documents                         
                             \Animaciones\Capitulo                             
                             7\media\videos\s02_cdf_pd                         
                             f\1080p60\partial_movie_f                         
                             iles\CDFyPDF\2932440949_3                         
                             96454248_2113689608.mp4'                          
[09/10/26 10:31:51] INFO     Animation 32 : Partial    scene_file_writer.py:192
                             movie file written in                             
                             'C:\Users\Nacho\Documents                         
                             \Animaciones\Capitulo                             
                             7\media\videos\s02_cdf_pd                         
                             f\1080p60\partial_movie_f                         
                             iles\CDFyPDF\2932440949_2                         
                             66979614_1821345734.mp4'                          
                                                                                                                       
                                                         

Animation 33: FadeOut(VGroup of 18 submobjects):   0%|          | 0/60 [00:00<?, ?it/s]
Animation 33: FadeOut(VGroup of 18 submobjects):   3%|3         | 2/60 [00:00<00:05, 10.95it/s]
Animation 33: FadeOut(VGroup of 18 submobjects):   7%|6         | 4/60 [00:00<00:05, 10.55it/s]
Animation 33: FadeOut(VGroup of 18 submobjects):  10%|#         | 6/60 [00:00<00:05, 10.43it/s]
Animation 33: FadeOut(VGroup of 18 submobjects):  13%|#3        | 8/60 [00:00<00:05, 10.37it/s]
Animation 33: FadeOut(VGroup of 18 submobjects):  17%|#6        | 10/60 [00:00<00:04, 10.65it/s]
Animation 33: FadeOut(VGroup of 18 submobjects):  20%|##        | 12/60 [00:01<00:04, 10.82it/s]
Animation 33: FadeOut(VGroup of 18 submobjects):  23%|##3       | 14/60 [00:01<00:04, 10.84it/s]
Animation 33: FadeOut(VGroup of 18 submobjects):  27%|##6       | 16/60 [00:01<00:03, 11.06it/s]
Animation 33: FadeOut(VGroup of 18 submobjects):  30%|###       | 18/60 [00:01<00:03, 11.13it/s]
Animation 33: FadeOut(VGroup of 18 submobjects):  33%|###3      | 20/60 [00:01<00:03, 11.22it/s]
Animation 33: FadeOut(VGroup of 18 submobjects):  37%|###6      | 22/60 [00:02<00:03, 11.29it/s]
Animation 33: FadeOut(VGroup of 18 submobjects):  40%|####      | 24/60 [00:02<00:03, 11.21it/s]
Animation 33: FadeOut(VGroup of 18 submobjects):  43%|####3     | 26/60 [00:02<00:03, 11.30it/s]
Animation 33: FadeOut(VGroup of 18 submobjects):  47%|####6     | 28/60 [00:02<00:02, 11.64it/s]
Animation 33: FadeOut(VGroup of 18 submobjects):  50%|#####     | 30/60 [00:02<00:02, 11.53it/s]
Animation 33: FadeOut(VGroup of 18 submobjects):  53%|#####3    | 32/60 [00:02<00:02, 11.31it/s]
Animation 33: FadeOut(VGroup of 18 submobjects):  57%|#####6    | 34/60 [00:03<00:02, 11.46it/s]
Animation 33: FadeOut(VGroup of 18 submobjects):  60%|######    | 36/60 [00:03<00:02, 11.16it/s]
Animation 33: FadeOut(VGroup of 18 submobjects):  63%|######3   | 38/60 [00:03<00:02, 10.80it/s]
Animation 33: FadeOut(VGroup of 18 submobjects):  67%|######6   | 40/60 [00:03<00:01, 10.54it/s]
Animation 33: FadeOut(VGroup of 18 submobjects):  70%|#######   | 42/60 [00:03<00:01, 10.51it/s]
Animation 33: FadeOut(VGroup of 18 submobjects):  73%|#######3  | 44/60 [00:04<00:01, 10.22it/s]
Animation 33: FadeOut(VGroup of 18 submobjects):  77%|#######6  | 46/60 [00:04<00:01, 10.49it/s]
Animation 33: FadeOut(VGroup of 18 submobjects):  80%|########  | 48/60 [00:04<00:01, 10.31it/s]
Animation 33: FadeOut(VGroup of 18 submobjects):  83%|########3 | 50/60 [00:04<00:00, 10.30it/s]
Animation 33: FadeOut(VGroup of 18 submobjects):  87%|########6 | 52/60 [00:04<00:00,  9.75it/s]
Animation 33: FadeOut(VGroup of 18 submobjects):  90%|######### | 54/60 [00:05<00:00, 10.06it/s]
Animation 33: FadeOut(VGroup of 18 submobjects):  93%|#########3| 56/60 [00:05<00:00, 10.30it/s]
Animation 33: FadeOut(VGroup of 18 submobjects):  97%|#########6| 58/60 [00:05<00:00, 10.47it/s]
Animation 33: FadeOut(VGroup of 18 submobjects): 100%|##########| 60/60 [00:05<00:00, 10.94it/s]
[09/10/26 10:32:00] INFO     Animation 33 : Partial    scene_file_writer.py:192
                             movie file written in                             
                             'C:\Users\Nacho\Documents                         
                             \Animaciones\Capitulo                             
                             7\media\videos\s02_cdf_pd                         
                             f\1080p60\partial_movie_f                         
                             iles\CDFyPDF\2932440949_1                         
                             630361279_2488843478.mp4'                         
                                                                                                

Animation 34: FadeIn(Text('Una sola definición, tres formas:')):   0%|          | 0/60 [00:00<?, ?it/s]
Animation 34: FadeIn(Text('Una sola definición, tres formas:')):   7%|6         | 4/60 [00:00<00:01, 33.60it/s]
Animation 34: FadeIn(Text('Una sola definición, tres formas:')):  13%|#3        | 8/60 [00:00<00:01, 33.62it/s]
Animation 34: FadeIn(Text('Una sola definición, tres formas:')):  20%|##        | 12/60 [00:00<00:01, 32.02it/s]
Animation 34: FadeIn(Text('Una sola definición, tres formas:')):  27%|##6       | 16/60 [00:00<00:01, 32.85it/s]
Animation 34: FadeIn(Text('Una sola definición, tres formas:')):  33%|###3      | 20/60 [00:00<00:01, 31.60it/s]
Animation 34: FadeIn(Text('Una sola definición, tres formas:')):  40%|####      | 24/60 [00:00<00:01, 33.14it/s]
Animation 34: FadeIn(Text('Una sola definición, tres formas:')):  47%|####6     | 28/60 [00:00<00:00, 32.31it/s]
Animation 34: FadeIn(Text('Una sola definición, tres formas:')):  55%|#####5    | 33/60 [00:00<00:00, 36.42it/s]
Animation 34: FadeIn(Text('Una sola definición, tres formas:')):  72%|#######1  | 43/60 [00:01<00:00, 51.57it/s]
Animation 34: FadeIn(Text('Una sola definición, tres formas:')):  87%|########6 | 52/60 [00:01<00:00, 60.54it/s]
Animation 34: FadeIn(Text('Una sola definición, tres formas:')): 100%|##########| 60/60 [00:01<00:00, 63.80it/s]
[09/10/26 10:32:02] INFO     Animation 34 : Partial    scene_file_writer.py:192
                             movie file written in                             
                             'C:\Users\Nacho\Documents                         
                             \Animaciones\Capitulo                             
                             7\media\videos\s02_cdf_pd                         
                             f\1080p60\partial_movie_f                         
                             iles\CDFyPDF\2932440949_3                         
                             776515054_4020384350.mp4'                         
                                                                                                                

Animation 35: FadeIn(Text('continua → derivada suave')):   0%|          | 0/33 [00:00<?, ?it/s]
Animation 35: FadeIn(Text('continua → derivada suave')):  33%|###3      | 11/33 [00:00<00:00, 106.27it/s]
Animation 35: FadeIn(Text('continua → derivada suave')):  70%|######9   | 23/33 [00:00<00:00, 106.59it/s]
[09/10/26 10:32:03] INFO     Animation 35 : Partial    scene_file_writer.py:192
                             movie file written in                             
                             'C:\Users\Nacho\Documents                         
                             \Animaciones\Capitulo                             
                             7\media\videos\s02_cdf_pd                         
                             f\1080p60\partial_movie_f                         
                             iles\CDFyPDF\2932440949_1                         
                             001535986_603832763.mp4'                          
                                                                                                         

Animation 36: FadeIn(Text('discreta → escalera y saltos')):   0%|          | 0/33 [00:00<?, ?it/s]
Animation 36: FadeIn(Text('discreta → escalera y saltos')):  33%|###3      | 11/33 [00:00<00:00, 109.37it/s]
Animation 36: FadeIn(Text('discreta → escalera y saltos')):  70%|######9   | 23/33 [00:00<00:00, 110.72it/s]
                    INFO     Animation 36 : Partial    scene_file_writer.py:192
                             movie file written in                             
                             'C:\Users\Nacho\Documents                         
                             \Animaciones\Capitulo                             
                             7\media\videos\s02_cdf_pd                         
                             f\1080p60\partial_movie_f                         
                             iles\CDFyPDF\2932440949_1                         
                             789103270_1826925051.mp4'                         
                                                                                                            

Animation 37: FadeIn(Text('mixta → las dos cosas a la vez')):   0%|          | 0/33 [00:00<?, ?it/s]
Animation 37: FadeIn(Text('mixta → las dos cosas a la vez')):  39%|###9      | 13/33 [00:00<00:00, 127.60it/s]
Animation 37: FadeIn(Text('mixta → las dos cosas a la vez')):  79%|#######8  | 26/33 [00:00<00:00, 113.91it/s]
[09/10/26 10:32:04] INFO     Animation 37 : Partial    scene_file_writer.py:192
                             movie file written in                             
                             'C:\Users\Nacho\Documents                         
                             \Animaciones\Capitulo                             
                             7\media\videos\s02_cdf_pd                         
                             f\1080p60\partial_movie_f                         
                             iles\CDFyPDF\2932440949_3                         
                             30807738_1899229373.mp4'                          
[09/10/26 10:32:05] INFO     Animation 38 : Partial    scene_file_writer.py:192
                             movie file written in                             
                             'C:\Users\Nacho\Documents                         
                             \Animaciones\Capitulo                             
                             7\media\videos\s02_cdf_pd                         
                             f\1080p60\partial_movie_f                         
                             iles\CDFyPDF\2932440949_3                         
                             49589963_4034919725.mp4'                          
                                                                                                              

Animation 39: FadeOut(VGroup of 2 submobjects):   0%|          | 0/60 [00:00<?, ?it/s]
Animation 39: FadeOut(VGroup of 2 submobjects):  12%|#1        | 7/60 [00:00<00:00, 59.44it/s]
Animation 39: FadeOut(VGroup of 2 submobjects):  22%|##1       | 13/60 [00:00<00:00, 57.52it/s]
Animation 39: FadeOut(VGroup of 2 submobjects):  32%|###1      | 19/60 [00:00<00:00, 57.00it/s]
Animation 39: FadeOut(VGroup of 2 submobjects):  42%|####1     | 25/60 [00:00<00:00, 56.78it/s]
Animation 39: FadeOut(VGroup of 2 submobjects):  53%|#####3    | 32/60 [00:00<00:00, 56.79it/s]
Animation 39: FadeOut(VGroup of 2 submobjects):  63%|######3   | 38/60 [00:00<00:00, 57.18it/s]
Animation 39: FadeOut(VGroup of 2 submobjects):  73%|#######3  | 44/60 [00:00<00:00, 56.84it/s]
Animation 39: FadeOut(VGroup of 2 submobjects):  83%|########3 | 50/60 [00:00<00:00, 54.61it/s]
Animation 39: FadeOut(VGroup of 2 submobjects):  93%|#########3| 56/60 [00:01<00:00, 54.18it/s]
[09/10/26 10:32:07] INFO     Animation 39 : Partial    scene_file_writer.py:192
                             movie file written in                             
                             'C:\Users\Nacho\Documents                         
                             \Animaciones\Capitulo                             
                             7\media\videos\s02_cdf_pd                         
                             f\1080p60\partial_movie_f                         
                             iles\CDFyPDF\2932440949_1                         
                             166321540_2233937835.mp4'                         
                    INFO     Animation 40 : Partial    scene_file_writer.py:192
                             movie file written in                             
                             'C:\Users\Nacho\Documents                         
                             \Animaciones\Capitulo                             
                             7\media\videos\s02_cdf_pd                         
                             f\1080p60\partial_movie_f                         
                             iles\CDFyPDF\2932440949_4                         
                             235033027_756253295.mp4'                          
                    INFO     Combining to Movie file.  scene_file_writer.py:952
                    INFO                              scene_file_writer.py:1103
                             File ready at                                     
                             'C:\Users\Nacho\Document                          
                             s\Animaciones\Capitulo                            
                             7\media\videos\s02_cdf_p                          
                             df\1080p60\CDFyPDF.mp4'                           
                                                                               
                    INFO     Rendered CDFyPDF                      scene.py:290
                             Played 41 animations                              
                                                                                               
Manim Community v0.21.0

manim.exe : 
En C:\Users\Nacho\Documents\Animaciones\Capitulo 7\render.ps1: 49 Carácter: 9
+         & manim "-$Calidad" $e.archivo $e.escena *>> $log
+         ~~~~~~~~~~~~~~~~~~~~~~~~~~~~~~~~~~~~~~~~~~~~~~~~~
    + CategoryInfo          : NotSpecified: (:String) [], RemoteException
    + FullyQualifiedErrorId : NativeCommandError
 
Animation 0: FadeIn(Text('Media y varianza: dos números que resumen todo')):   0%|          | 0/60 [00:00<?, ?it/s]
Animation 0: FadeIn(Text('Media y varianza: dos números que resumen todo')):  17%|#6        | 10/60 [00:00<00:00, 
92.72it/s]
Animation 0: FadeIn(Text('Media y varianza: dos números que resumen todo')):  33%|###3      | 20/60 [00:00<00:00, 
95.34it/s]
Animation 0: FadeIn(Text('Media y varianza: dos números que resumen todo')):  50%|#####     | 30/60 [00:00<00:00, 
92.45it/s]
Animation 0: FadeIn(Text('Media y varianza: dos números que resumen todo')):  67%|######6   | 40/60 [00:00<00:00, 
93.47it/s]
Animation 0: FadeIn(Text('Media y varianza: dos números que resumen todo')):  87%|########6 | 52/60 [00:00<00:00, 
97.19it/s]
[09/10/26 10:32:10] INFO     Animation 0 : Partial     scene_file_writer.py:192
                             movie file written in                             
                             'C:\Users\Nacho\Documents                         
                             \Animaciones\Capitulo                             
                             7\media\videos\s03_media_                         
                             varianza\1080p60\partial_                         
                             movie_files\MediaYVarianz                         
                             a\3010004561_3376790147_2                         
                             23132457.mp4'                                     
                    INFO     Animation 1 : Partial     scene_file_writer.py:192
                             movie file written in                             
                             'C:\Users\Nacho\Documents                         
                             \Animaciones\Capitulo                             
                             7\media\videos\s03_media_                         
                             varianza\1080p60\partial_                         
                             movie_files\MediaYVarianz                         
                             a\2932440949_4235033027_2                         
                             494776302.mp4'                                    
                                                                                                                       
     

Animation 2: Create(Axes of 2 submobjects), etc.:   0%|          | 0/60 [00:00<?, ?it/s]
Animation 2: Create(Axes of 2 submobjects), etc.:  30%|###       | 18/60 [00:00<00:00, 172.62it/s]
Animation 2: Create(Axes of 2 submobjects), etc.:  60%|######    | 36/60 [00:00<00:00, 171.66it/s]
Animation 2: Create(Axes of 2 submobjects), etc.:  90%|######### | 54/60 [00:00<00:00, 156.66it/s]
[09/10/26 10:32:11] INFO     Animation 2 : Partial     scene_file_writer.py:192
                             movie file written in                             
                             'C:\Users\Nacho\Documents                         
                             \Animaciones\Capitulo                             
                             7\media\videos\s03_media_                         
                             varianza\1080p60\partial_                         
                             movie_files\MediaYVarianz                         
                             a\2932440949_2207759932_4                         
                             247834381.mp4'                                    
                                                                                                  

Animation 3: Create(ParametricFunction), etc.:   0%|          | 0/60 [00:00<?, ?it/s]
Animation 3: Create(ParametricFunction), etc.:   2%|1         | 1/60 [00:00<00:06,  8.60it/s]
Animation 3: Create(ParametricFunction), etc.:   3%|3         | 2/60 [00:00<00:06,  8.45it/s]
Animation 3: Create(ParametricFunction), etc.:   5%|5         | 3/60 [00:00<00:06,  8.36it/s]
Animation 3: Create(ParametricFunction), etc.:   7%|6         | 4/60 [00:00<00:07,  7.98it/s]
Animation 3: Create(ParametricFunction), etc.:   8%|8         | 5/60 [00:00<00:06,  8.31it/s]
Animation 3: Create(ParametricFunction), etc.:  10%|#         | 6/60 [00:00<00:06,  8.41it/s]
Animation 3: Create(ParametricFunction), etc.:  12%|#1        | 7/60 [00:00<00:06,  8.40it/s]
Animation 3: Create(ParametricFunction), etc.:  13%|#3        | 8/60 [00:00<00:06,  8.53it/s]
Animation 3: Create(ParametricFunction), etc.:  15%|#5        | 9/60 [00:01<00:05,  8.77it/s]
Animation 3: Create(ParametricFunction), etc.:  17%|#6        | 10/60 [00:01<00:05,  8.77it/s]
Animation 3: Create(ParametricFunction), etc.:  18%|#8        | 11/60 [00:01<00:05,  9.04it/s]
Animation 3: Create(ParametricFunction), etc.:  20%|##        | 12/60 [00:01<00:05,  8.67it/s]
Animation 3: Create(ParametricFunction), etc.:  22%|##1       | 13/60 [00:01<00:05,  8.93it/s]
Animation 3: Create(ParametricFunction), etc.:  23%|##3       | 14/60 [00:01<00:05,  8.82it/s]
Animation 3: Create(ParametricFunction), etc.:  25%|##5       | 15/60 [00:01<00:05,  8.74it/s]
Animation 3: Create(ParametricFunction), etc.:  27%|##6       | 16/60 [00:01<00:05,  8.39it/s]
Animation 3: Create(ParametricFunction), etc.:  28%|##8       | 17/60 [00:01<00:05,  8.40it/s]
Animation 3: Create(ParametricFunction), etc.:  30%|###       | 18/60 [00:02<00:04,  8.57it/s]
Animation 3: Create(ParametricFunction), etc.:  32%|###1      | 19/60 [00:02<00:04,  8.56it/s]
Animation 3: Create(ParametricFunction), etc.:  33%|###3      | 20/60 [00:02<00:04,  8.55it/s]
Animation 3: Create(ParametricFunction), etc.:  35%|###5      | 21/60 [00:02<00:04,  8.81it/s]
Animation 3: Create(ParametricFunction), etc.:  37%|###6      | 22/60 [00:02<00:04,  8.70it/s]
Animation 3: Create(ParametricFunction), etc.:  38%|###8      | 23/60 [00:02<00:04,  8.79it/s]
Animation 3: Create(ParametricFunction), etc.:  40%|####      | 24/60 [00:02<00:04,  8.86it/s]
Animation 3: Create(ParametricFunction), etc.:  42%|####1     | 25/60 [00:02<00:03,  8.79it/s]
Animation 3: Create(ParametricFunction), etc.:  43%|####3     | 26/60 [00:03<00:03,  8.94it/s]
Animation 3: Create(ParametricFunction), etc.:  45%|####5     | 27/60 [00:03<00:03,  8.86it/s]
Animation 3: Create(ParametricFunction), etc.:  47%|####6     | 28/60 [00:03<00:03,  8.94it/s]
Animation 3: Create(ParametricFunction), etc.:  48%|####8     | 29/60 [00:03<00:03,  8.64it/s]
Animation 3: Create(ParametricFunction), etc.:  50%|#####     | 30/60 [00:03<00:03,  8.70it/s]
Animation 3: Create(ParametricFunction), etc.:  52%|#####1    | 31/60 [00:03<00:03,  8.72it/s]
Animation 3: Create(ParametricFunction), etc.:  53%|#####3    | 32/60 [00:03<00:03,  8.79it/s]
Animation 3: Create(ParametricFunction), etc.:  55%|#####5    | 33/60 [00:03<00:03,  8.82it/s]
Animation 3: Create(ParametricFunction), etc.:  57%|#####6    | 34/60 [00:03<00:02,  8.81it/s]
Animation 3: Create(ParametricFunction), etc.:  58%|#####8    | 35/60 [00:04<00:02,  8.93it/s]
Animation 3: Create(ParametricFunction), etc.:  62%|######1   | 37/60 [00:04<00:02,  9.07it/s]
Animation 3: Create(ParametricFunction), etc.:  65%|######5   | 39/60 [00:04<00:02,  9.14it/s]
Animation 3: Create(ParametricFunction), etc.:  67%|######6   | 40/60 [00:04<00:02,  9.04it/s]
Animation 3: Create(ParametricFunction), etc.:  68%|######8   | 41/60 [00:04<00:02,  9.07it/s]
Animation 3: Create(ParametricFunction), etc.:  70%|#######   | 42/60 [00:04<00:01,  9.09it/s]
Animation 3: Create(ParametricFunction), etc.:  72%|#######1  | 43/60 [00:04<00:01,  8.94it/s]
Animation 3: Create(ParametricFunction), etc.:  73%|#######3  | 44/60 [00:05<00:01,  8.82it/s]
Animation 3: Create(ParametricFunction), etc.:  77%|#######6  | 46/60 [00:05<00:01,  9.00it/s]
Animation 3: Create(ParametricFunction), etc.:  78%|#######8  | 47/60 [00:05<00:01,  8.92it/s]
Animation 3: Create(ParametricFunction), etc.:  80%|########  | 48/60 [00:05<00:01,  9.14it/s]
Animation 3: Create(ParametricFunction), etc.:  82%|########1 | 49/60 [00:05<00:01,  8.99it/s]
Animation 3: Create(ParametricFunction), etc.:  83%|########3 | 50/60 [00:05<00:01,  8.86it/s]
Animation 3: Create(ParametricFunction), etc.:  85%|########5 | 51/60 [00:05<00:01,  8.69it/s]
Animation 3: Create(ParametricFunction), etc.:  87%|########6 | 52/60 [00:05<00:00,  8.77it/s]
Animation 3: Create(ParametricFunction), etc.:  88%|########8 | 53/60 [00:06<00:00,  8.79it/s]
Animation 3: Create(ParametricFunction), etc.:  90%|######### | 54/60 [00:06<00:00,  8.69it/s]
Animation 3: Create(ParametricFunction), etc.:  92%|#########1| 55/60 [00:06<00:00,  8.55it/s]
Animation 3: Create(ParametricFunction), etc.:  93%|#########3| 56/60 [00:06<00:00,  8.80it/s]
Animation 3: Create(ParametricFunction), etc.:  95%|#########5| 57/60 [00:06<00:00,  8.55it/s]
Animation 3: Create(ParametricFunction), etc.:  97%|#########6| 58/60 [00:06<00:00,  8.77it/s]
Animation 3: Create(ParametricFunction), etc.:  98%|#########8| 59/60 [00:06<00:00,  8.76it/s]
Animation 3: Create(ParametricFunction), etc.: 100%|##########| 60/60 [00:06<00:00,  8.63it/s]
[09/10/26 10:32:18] INFO     Animation 3 : Partial     scene_file_writer.py:192
                             movie file written in                             
                             'C:\Users\Nacho\Documents                         
                             \Animaciones\Capitulo                             
                             7\media\videos\s03_media_                         
                             varianza\1080p60\partial_                         
                             movie_files\MediaYVarianz                         
                             a\2932440949_3307185674_4                         
                             178295954.mp4'                                    
                    INFO     Animation 4 : Partial     scene_file_writer.py:192
                             movie file written in                             
                             'C:\Users\Nacho\Documents                         
                             \Animaciones\Capitulo                             
                             7\media\videos\s03_media_                         
                             varianza\1080p60\partial_                         
                             movie_files\MediaYVarianz                         
                             a\2932440949_241228271_21                         
                             13207805.mp4'                                     
                                                                                              

Animation 5: FadeIn(Triangle), etc.:   0%|          | 0/60 [00:00<?, ?it/s]
Animation 5: FadeIn(Triangle), etc.:   3%|3         | 2/60 [00:00<00:04, 13.04it/s]
Animation 5: FadeIn(Triangle), etc.:   7%|6         | 4/60 [00:00<00:04, 13.45it/s]
Animation 5: FadeIn(Triangle), etc.:  10%|#         | 6/60 [00:00<00:04, 12.74it/s]
Animation 5: FadeIn(Triangle), etc.:  13%|#3        | 8/60 [00:00<00:04, 13.00it/s]
Animation 5: FadeIn(Triangle), etc.:  17%|#6        | 10/60 [00:00<00:03, 13.09it/s]
Animation 5: FadeIn(Triangle), etc.:  20%|##        | 12/60 [00:00<00:03, 13.18it/s]
Animation 5: FadeIn(Triangle), etc.:  23%|##3       | 14/60 [00:01<00:03, 13.19it/s]
Animation 5: FadeIn(Triangle), etc.:  27%|##6       | 16/60 [00:01<00:03, 13.13it/s]
Animation 5: FadeIn(Triangle), etc.:  30%|###       | 18/60 [00:01<00:03, 13.10it/s]
Animation 5: FadeIn(Triangle), etc.:  33%|###3      | 20/60 [00:01<00:03, 13.24it/s]
Animation 5: FadeIn(Triangle), etc.:  37%|###6      | 22/60 [00:01<00:02, 13.26it/s]
Animation 5: FadeIn(Triangle), etc.:  40%|####      | 24/60 [00:01<00:02, 13.18it/s]
Animation 5: FadeIn(Triangle), etc.:  43%|####3     | 26/60 [00:01<00:02, 13.27it/s]
Animation 5: FadeIn(Triangle), etc.:  47%|####6     | 28/60 [00:02<00:02, 13.27it/s]
Animation 5: FadeIn(Triangle), etc.:  50%|#####     | 30/60 [00:02<00:02, 13.20it/s]
Animation 5: FadeIn(Triangle), etc.:  53%|#####3    | 32/60 [00:02<00:02, 13.16it/s]
Animation 5: FadeIn(Triangle), etc.:  57%|#####6    | 34/60 [00:02<00:01, 13.10it/s]
Animation 5: FadeIn(Triangle), etc.:  60%|######    | 36/60 [00:02<00:01, 12.99it/s]
Animation 5: FadeIn(Triangle), etc.:  63%|######3   | 38/60 [00:02<00:01, 13.10it/s]
Animation 5: FadeIn(Triangle), etc.:  67%|######6   | 40/60 [00:03<00:01, 13.14it/s]
Animation 5: FadeIn(Triangle), etc.:  70%|#######   | 42/60 [00:03<00:01, 12.79it/s]
Animation 5: FadeIn(Triangle), etc.:  73%|#######3  | 44/60 [00:03<00:01, 12.39it/s]
Animation 5: FadeIn(Triangle), etc.:  77%|#######6  | 46/60 [00:03<00:01, 12.82it/s]
Animation 5: FadeIn(Triangle), etc.:  80%|########  | 48/60 [00:03<00:00, 12.57it/s]
Animation 5: FadeIn(Triangle), etc.:  83%|########3 | 50/60 [00:03<00:00, 12.50it/s]
Animation 5: FadeIn(Triangle), etc.:  87%|########6 | 52/60 [00:04<00:00, 12.63it/s]
Animation 5: FadeIn(Triangle), etc.:  90%|######### | 54/60 [00:04<00:00, 12.65it/s]
Animation 5: FadeIn(Triangle), etc.:  93%|#########3| 56/60 [00:04<00:00, 13.04it/s]
Animation 5: FadeIn(Triangle), etc.:  97%|#########6| 58/60 [00:04<00:00, 12.70it/s]
Animation 5: FadeIn(Triangle), etc.: 100%|##########| 60/60 [00:04<00:00, 12.49it/s]
[09/10/26 10:32:23] INFO     Animation 5 : Partial     scene_file_writer.py:192
                             movie file written in                             
                             'C:\Users\Nacho\Documents                         
                             \Animaciones\Capitulo                             
                             7\media\videos\s03_media_                         
                             varianza\1080p60\partial_                         
                             movie_files\MediaYVarianz                         
                             a\2932440949_4135833858_3                         
                             816992976.mp4'                                    
                                                                                    

Animation 6: FadeIn(Text('la media es el punto de equilibrio')):   0%|          | 0/60 [00:00<?, ?it/s]
Animation 6: FadeIn(Text('la media es el punto de equilibrio')):   3%|3         | 2/60 [00:00<00:04, 12.98it/s]
Animation 6: FadeIn(Text('la media es el punto de equilibrio')):   7%|6         | 4/60 [00:00<00:04, 12.78it/s]
Animation 6: FadeIn(Text('la media es el punto de equilibrio')):  10%|#         | 6/60 [00:00<00:04, 10.88it/s]
Animation 6: FadeIn(Text('la media es el punto de equilibrio')):  13%|#3        | 8/60 [00:00<00:04, 11.51it/s]
Animation 6: FadeIn(Text('la media es el punto de equilibrio')):  17%|#6        | 10/60 [00:00<00:04, 11.68it/s]
Animation 6: FadeIn(Text('la media es el punto de equilibrio')):  20%|##        | 12/60 [00:01<00:03, 12.04it/s]
Animation 6: FadeIn(Text('la media es el punto de equilibrio')):  23%|##3       | 14/60 [00:01<00:03, 12.15it/s]
Animation 6: FadeIn(Text('la media es el punto de equilibrio')):  27%|##6       | 16/60 [00:01<00:03, 12.53it/s]
Animation 6: FadeIn(Text('la media es el punto de equilibrio')):  30%|###       | 18/60 [00:01<00:03, 12.77it/s]
Animation 6: FadeIn(Text('la media es el punto de equilibrio')):  33%|###3      | 20/60 [00:01<00:03, 12.58it/s]
Animation 6: FadeIn(Text('la media es el punto de equilibrio')):  37%|###6      | 22/60 [00:01<00:03, 12.65it/s]
Animation 6: FadeIn(Text('la media es el punto de equilibrio')):  40%|####      | 24/60 [00:01<00:02, 12.95it/s]
Animation 6: FadeIn(Text('la media es el punto de equilibrio')):  43%|####3     | 26/60 [00:02<00:02, 12.64it/s]
Animation 6: FadeIn(Text('la media es el punto de equilibrio')):  47%|####6     | 28/60 [00:02<00:02, 12.84it/s]
Animation 6: FadeIn(Text('la media es el punto de equilibrio')):  50%|#####     | 30/60 [00:02<00:02, 12.56it/s]
Animation 6: FadeIn(Text('la media es el punto de equilibrio')):  53%|#####3    | 32/60 [00:02<00:02, 12.29it/s]
Animation 6: FadeIn(Text('la media es el punto de equilibrio')):  57%|#####6    | 34/60 [00:02<00:02, 12.31it/s]
Animation 6: FadeIn(Text('la media es el punto de equilibrio')):  60%|######    | 36/60 [00:02<00:01, 12.23it/s]
Animation 6: FadeIn(Text('la media es el punto de equilibrio')):  63%|######3   | 38/60 [00:03<00:01, 11.11it/s]
Animation 6: FadeIn(Text('la media es el punto de equilibrio')):  67%|######6   | 40/60 [00:03<00:01, 10.11it/s]
Animation 6: FadeIn(Text('la media es el punto de equilibrio')):  70%|#######   | 42/60 [00:03<00:01, 10.84it/s]
Animation 6: FadeIn(Text('la media es el punto de equilibrio')):  73%|#######3  | 44/60 [00:03<00:01, 10.32it/s]
Animation 6: FadeIn(Text('la media es el punto de equilibrio')):  77%|#######6  | 46/60 [00:03<00:01, 10.17it/s]
Animation 6: FadeIn(Text('la media es el punto de equilibrio')):  80%|########  | 48/60 [00:04<00:01,  9.92it/s]
Animation 6: FadeIn(Text('la media es el punto de equilibrio')):  83%|########3 | 50/60 [00:04<00:01,  9.89it/s]
Animation 6: FadeIn(Text('la media es el punto de equilibrio')):  87%|########6 | 52/60 [00:04<00:00,  9.99it/s]
Animation 6: FadeIn(Text('la media es el punto de equilibrio')):  90%|######### | 54/60 [00:04<00:00, 10.09it/s]
Animation 6: FadeIn(Text('la media es el punto de equilibrio')):  93%|#########3| 56/60 [00:05<00:00,  8.93it/s]
Animation 6: FadeIn(Text('la media es el punto de equilibrio')):  95%|#########5| 57/60 [00:05<00:00,  8.34it/s]
Animation 6: FadeIn(Text('la media es el punto de equilibrio')):  97%|#########6| 58/60 [00:05<00:00,  8.32it/s]
Animation 6: FadeIn(Text('la media es el punto de equilibrio')):  98%|#########8| 59/60 [00:05<00:00,  8.58it/s]
Animation 6: FadeIn(Text('la media es el punto de equilibrio')): 100%|##########| 60/60 [00:05<00:00,  8.87it/s]
[09/10/26 10:32:29] INFO     Animation 6 : Partial     scene_file_writer.py:192
                             movie file written in                             
                             'C:\Users\Nacho\Documents                         
                             \Animaciones\Capitulo                             
                             7\media\videos\s03_media_                         
                             varianza\1080p60\partial_                         
                             movie_files\MediaYVarianz                         
                             a\2932440949_2092197065_1                         
                             905090946.mp4'                                    
[09/10/26 10:32:30] INFO     Animation 7 : Partial     scene_file_writer.py:192
                             movie file written in                             
                             'C:\Users\Nacho\Documents                         
                             \Animaciones\Capitulo                             
                             7\media\videos\s03_media_                         
                             varianza\1080p60\partial_                         
                             movie_files\MediaYVarianz                         
                             a\2932440949_941615173_38                         
                             89065632.mp4'                                     
                                                                                                                

Animation 8: _MethodAnimation(ValueTracker):   0%|          | 0/96 [00:00<?, ?it/s]
Animation 8: _MethodAnimation(ValueTracker):   1%|1         | 1/96 [00:00<00:10,  9.05it/s]
Animation 8: _MethodAnimation(ValueTracker):   2%|2         | 2/96 [00:00<00:10,  9.01it/s]
Animation 8: _MethodAnimation(ValueTracker):   4%|4         | 4/96 [00:00<00:09,  9.91it/s]
Animation 8: _MethodAnimation(ValueTracker):   6%|6         | 6/96 [00:00<00:08, 10.96it/s]
Animation 8: _MethodAnimation(ValueTracker):   8%|8         | 8/96 [00:00<00:08, 10.56it/s]
Animation 8: _MethodAnimation(ValueTracker):  10%|#         | 10/96 [00:00<00:08, 10.66it/s]
Animation 8: _MethodAnimation(ValueTracker):  12%|#2        | 12/96 [00:01<00:08, 10.46it/s]
Animation 8: _MethodAnimation(ValueTracker):  15%|#4        | 14/96 [00:01<00:07, 10.60it/s]
Animation 8: _MethodAnimation(ValueTracker):  17%|#6        | 16/96 [00:01<00:07, 10.08it/s]
Animation 8: _MethodAnimation(ValueTracker):  19%|#8        | 18/96 [00:01<00:07, 10.09it/s]
Animation 8: _MethodAnimation(ValueTracker):  21%|##        | 20/96 [00:01<00:07, 10.33it/s]
Animation 8: _MethodAnimation(ValueTracker):  23%|##2       | 22/96 [00:02<00:07,  9.97it/s]
Animation 8: _MethodAnimation(ValueTracker):  25%|##5       | 24/96 [00:02<00:06, 10.50it/s]
Animation 8: _MethodAnimation(ValueTracker):  27%|##7       | 26/96 [00:02<00:06, 10.77it/s]
Animation 8: _MethodAnimation(ValueTracker):  29%|##9       | 28/96 [00:02<00:06, 10.36it/s]
Animation 8: _MethodAnimation(ValueTracker):  31%|###1      | 30/96 [00:02<00:06, 10.57it/s]
Animation 8: _MethodAnimation(ValueTracker):  33%|###3      | 32/96 [00:03<00:05, 11.11it/s]
Animation 8: _MethodAnimation(ValueTracker):  35%|###5      | 34/96 [00:03<00:05, 11.41it/s]
Animation 8: _MethodAnimation(ValueTracker):  38%|###7      | 36/96 [00:03<00:05, 11.51it/s]
Animation 8: _MethodAnimation(ValueTracker):  40%|###9      | 38/96 [00:03<00:04, 11.65it/s]
Animation 8: _MethodAnimation(ValueTracker):  42%|####1     | 40/96 [00:03<00:04, 11.78it/s]
Animation 8: _MethodAnimation(ValueTracker):  44%|####3     | 42/96 [00:03<00:04, 11.72it/s]
Animation 8: _MethodAnimation(ValueTracker):  46%|####5     | 44/96 [00:04<00:04, 11.08it/s]
Animation 8: _MethodAnimation(ValueTracker):  48%|####7     | 46/96 [00:04<00:04, 11.17it/s]
Animation 8: _MethodAnimation(ValueTracker):  50%|#####     | 48/96 [00:04<00:04, 10.86it/s]
Animation 8: _MethodAnimation(ValueTracker):  52%|#####2    | 50/96 [00:04<00:04, 11.02it/s]
Animation 8: _MethodAnimation(ValueTracker):  54%|#####4    | 52/96 [00:04<00:03, 11.08it/s]
Animation 8: _MethodAnimation(ValueTracker):  56%|#####6    | 54/96 [00:04<00:03, 11.21it/s]
Animation 8: _MethodAnimation(ValueTracker):  58%|#####8    | 56/96 [00:05<00:03, 11.44it/s]
Animation 8: _MethodAnimation(ValueTracker):  60%|######    | 58/96 [00:05<00:03, 11.73it/s]
Animation 8: _MethodAnimation(ValueTracker):  62%|######2   | 60/96 [00:05<00:03, 11.82it/s]
Animation 8: _MethodAnimation(ValueTracker):  65%|######4   | 62/96 [00:05<00:02, 12.11it/s]
Animation 8: _MethodAnimation(ValueTracker):  67%|######6   | 64/96 [00:05<00:02, 11.53it/s]
Animation 8: _MethodAnimation(ValueTracker):  69%|######8   | 66/96 [00:05<00:02, 11.68it/s]
Animation 8: _MethodAnimation(ValueTracker):  71%|#######   | 68/96 [00:06<00:02, 11.78it/s]
Animation 8: _MethodAnimation(ValueTracker):  73%|#######2  | 70/96 [00:06<00:02, 11.80it/s]
Animation 8: _MethodAnimation(ValueTracker):  75%|#######5  | 72/96 [00:06<00:02, 11.87it/s]
Animation 8: _MethodAnimation(ValueTracker):  77%|#######7  | 74/96 [00:06<00:01, 12.07it/s]
Animation 8: _MethodAnimation(ValueTracker):  79%|#######9  | 76/96 [00:06<00:01, 11.75it/s]
Animation 8: _MethodAnimation(ValueTracker):  81%|########1 | 78/96 [00:06<00:01, 12.14it/s]
Animation 8: _MethodAnimation(ValueTracker):  83%|########3 | 80/96 [00:07<00:01, 11.74it/s]
Animation 8: _MethodAnimation(ValueTracker):  85%|########5 | 82/96 [00:07<00:01, 11.81it/s]
Animation 8: _MethodAnimation(ValueTracker):  88%|########7 | 84/96 [00:07<00:01, 11.74it/s]
Animation 8: _MethodAnimation(ValueTracker):  90%|########9 | 86/96 [00:07<00:00, 11.94it/s]
Animation 8: _MethodAnimation(ValueTracker):  92%|#########1| 88/96 [00:07<00:00, 11.64it/s]
Animation 8: _MethodAnimation(ValueTracker):  94%|#########3| 90/96 [00:08<00:00, 11.69it/s]
Animation 8: _MethodAnimation(ValueTracker):  96%|#########5| 92/96 [00:08<00:00, 11.90it/s]
Animation 8: _MethodAnimation(ValueTracker):  98%|#########7| 94/96 [00:08<00:00, 12.09it/s]
Animation 8: _MethodAnimation(ValueTracker): 100%|##########| 96/96 [00:08<00:00, 12.01it/s]
[09/10/26 10:32:39] INFO     Animation 8 : Partial     scene_file_writer.py:192
                             movie file written in                             
                             'C:\Users\Nacho\Documents                         
                             \Animaciones\Capitulo                             
                             7\media\videos\s03_media_                         
                             varianza\1080p60\partial_                         
                             movie_files\MediaYVarianz                         
                             a\2932440949_580297247_64                         
                             8355617.mp4'                                      
                                                                                            

Animation 9: _MethodAnimation(ValueTracker):   0%|          | 0/120 [00:00<?, ?it/s]
Animation 9: _MethodAnimation(ValueTracker):   2%|1         | 2/120 [00:00<00:09, 13.04it/s]
Animation 9: _MethodAnimation(ValueTracker):   3%|3         | 4/120 [00:00<00:08, 13.05it/s]
Animation 9: _MethodAnimation(ValueTracker):   5%|5         | 6/120 [00:00<00:08, 13.11it/s]
Animation 9: _MethodAnimation(ValueTracker):   7%|6         | 8/120 [00:00<00:09, 12.30it/s]
Animation 9: _MethodAnimation(ValueTracker):   8%|8         | 10/120 [00:00<00:08, 12.28it/s]
Animation 9: _MethodAnimation(ValueTracker):  10%|#         | 12/120 [00:00<00:09, 11.77it/s]
Animation 9: _MethodAnimation(ValueTracker):  12%|#1        | 14/120 [00:01<00:09, 11.46it/s]
Animation 9: _MethodAnimation(ValueTracker):  13%|#3        | 16/120 [00:01<00:09, 11.30it/s]
Animation 9: _MethodAnimation(ValueTracker):  15%|#5        | 18/120 [00:01<00:08, 11.43it/s]
Animation 9: _MethodAnimation(ValueTracker):  17%|#6        | 20/120 [00:01<00:08, 11.34it/s]
Animation 9: _MethodAnimation(ValueTracker):  18%|#8        | 22/120 [00:01<00:08, 11.21it/s]
Animation 9: _MethodAnimation(ValueTracker):  20%|##        | 24/120 [00:02<00:08, 11.44it/s]
Animation 9: _MethodAnimation(ValueTracker):  22%|##1       | 26/120 [00:02<00:08, 11.49it/s]
Animation 9: _MethodAnimation(ValueTracker):  23%|##3       | 28/120 [00:02<00:07, 11.84it/s]
Animation 9: _MethodAnimation(ValueTracker):  25%|##5       | 30/120 [00:02<00:07, 12.01it/s]
Animation 9: _MethodAnimation(ValueTracker):  27%|##6       | 32/120 [00:02<00:07, 12.30it/s]
Animation 9: _MethodAnimation(ValueTracker):  28%|##8       | 34/120 [00:02<00:07, 12.07it/s]
Animation 9: _MethodAnimation(ValueTracker):  30%|###       | 36/120 [00:03<00:06, 12.05it/s]
Animation 9: _MethodAnimation(ValueTracker):  32%|###1      | 38/120 [00:03<00:06, 12.37it/s]
Animation 9: _MethodAnimation(ValueTracker):  33%|###3      | 40/120 [00:03<00:06, 12.33it/s]
Animation 9: _MethodAnimation(ValueTracker):  35%|###5      | 42/120 [00:03<00:06, 12.58it/s]
Animation 9: _MethodAnimation(ValueTracker):  37%|###6      | 44/120 [00:03<00:06, 12.38it/s]
Animation 9: _MethodAnimation(ValueTracker):  38%|###8      | 46/120 [00:03<00:06, 12.26it/s]
Animation 9: _MethodAnimation(ValueTracker):  40%|####      | 48/120 [00:03<00:05, 12.37it/s]
Animation 9: _MethodAnimation(ValueTracker):  42%|####1     | 50/120 [00:04<00:05, 12.40it/s]
Animation 9: _MethodAnimation(ValueTracker):  43%|####3     | 52/120 [00:04<00:05, 12.34it/s]
Animation 9: _MethodAnimation(ValueTracker):  45%|####5     | 54/120 [00:04<00:05, 12.29it/s]
Animation 9: _MethodAnimation(ValueTracker):  47%|####6     | 56/120 [00:04<00:05, 12.32it/s]
Animation 9: _MethodAnimation(ValueTracker):  48%|####8     | 58/120 [00:04<00:04, 12.41it/s]
Animation 9: _MethodAnimation(ValueTracker):  50%|#####     | 60/120 [00:04<00:04, 12.26it/s]
Animation 9: _MethodAnimation(ValueTracker):  52%|#####1    | 62/120 [00:05<00:04, 12.21it/s]
Animation 9: _MethodAnimation(ValueTracker):  53%|#####3    | 64/120 [00:05<00:04, 12.50it/s]
Animation 9: _MethodAnimation(ValueTracker):  55%|#####5    | 66/120 [00:05<00:04, 12.47it/s]
Animation 9: _MethodAnimation(ValueTracker):  57%|#####6    | 68/120 [00:05<00:04, 12.11it/s]
Animation 9: _MethodAnimation(ValueTracker):  58%|#####8    | 70/120 [00:05<00:04, 11.76it/s]
Animation 9: _MethodAnimation(ValueTracker):  60%|######    | 72/120 [00:05<00:03, 12.07it/s]
Animation 9: _MethodAnimation(ValueTracker):  62%|######1   | 74/120 [00:06<00:03, 12.42it/s]
Animation 9: _MethodAnimation(ValueTracker):  63%|######3   | 76/120 [00:06<00:03, 12.77it/s]
Animation 9: _MethodAnimation(ValueTracker):  65%|######5   | 78/120 [00:06<00:03, 12.48it/s]
Animation 9: _MethodAnimation(ValueTracker):  67%|######6   | 80/120 [00:06<00:03, 12.45it/s]
Animation 9: _MethodAnimation(ValueTracker):  68%|######8   | 82/120 [00:06<00:03, 12.45it/s]
Animation 9: _MethodAnimation(ValueTracker):  70%|#######   | 84/120 [00:06<00:02, 12.63it/s]
Animation 9: _MethodAnimation(ValueTracker):  72%|#######1  | 86/120 [00:07<00:02, 12.44it/s]
Animation 9: _MethodAnimation(ValueTracker):  73%|#######3  | 88/120 [00:07<00:02, 12.52it/s]
Animation 9: _MethodAnimation(ValueTracker):  75%|#######5  | 90/120 [00:07<00:02, 12.35it/s]
Animation 9: _MethodAnimation(ValueTracker):  77%|#######6  | 92/120 [00:07<00:02, 12.73it/s]
Animation 9: _MethodAnimation(ValueTracker):  78%|#######8  | 94/120 [00:07<00:02, 12.58it/s]
Animation 9: _MethodAnimation(ValueTracker):  80%|########  | 96/120 [00:07<00:01, 12.59it/s]
Animation 9: _MethodAnimation(ValueTracker):  82%|########1 | 98/120 [00:08<00:01, 12.60it/s]
Animation 9: _MethodAnimation(ValueTracker):  83%|########3 | 100/120 [00:08<00:01, 12.78it/s]
Animation 9: _MethodAnimation(ValueTracker):  85%|########5 | 102/120 [00:08<00:01, 12.49it/s]
Animation 9: _MethodAnimation(ValueTracker):  87%|########6 | 104/120 [00:08<00:01, 12.43it/s]
Animation 9: _MethodAnimation(ValueTracker):  88%|########8 | 106/120 [00:08<00:01, 12.47it/s]
Animation 9: _MethodAnimation(ValueTracker):  90%|######### | 108/120 [00:08<00:00, 12.62it/s]
Animation 9: _MethodAnimation(ValueTracker):  92%|#########1| 110/120 [00:08<00:00, 12.69it/s]
Animation 9: _MethodAnimation(ValueTracker):  93%|#########3| 112/120 [00:09<00:00, 12.60it/s]
Animation 9: _MethodAnimation(ValueTracker):  95%|#########5| 114/120 [00:09<00:00, 11.98it/s]
Animation 9: _MethodAnimation(ValueTracker):  97%|#########6| 116/120 [00:09<00:00, 11.99it/s]
Animation 9: _MethodAnimation(ValueTracker):  98%|#########8| 118/120 [00:09<00:00, 12.00it/s]
Animation 9: _MethodAnimation(ValueTracker): 100%|##########| 120/120 [00:09<00:00, 11.96it/s]
[09/10/26 10:32:49] INFO     Animation 9 : Partial     scene_file_writer.py:192
                             movie file written in                             
                             'C:\Users\Nacho\Documents                         
                             \Animaciones\Capitulo                             
                             7\media\videos\s03_media_                         
                             varianza\1080p60\partial_                         
                             movie_files\MediaYVarianz                         
                             a\2932440949_242837333_39                         
                             90559515.mp4'                                     
                                                                                              

Animation 10: _MethodAnimation(ValueTracker):   0%|          | 0/78 [00:00<?, ?it/s]
Animation 10: _MethodAnimation(ValueTracker):   3%|2         | 2/78 [00:00<00:06, 12.05it/s]
Animation 10: _MethodAnimation(ValueTracker):   5%|5         | 4/78 [00:00<00:05, 12.75it/s]
Animation 10: _MethodAnimation(ValueTracker):   8%|7         | 6/78 [00:00<00:05, 12.60it/s]
Animation 10: _MethodAnimation(ValueTracker):  10%|#         | 8/78 [00:00<00:05, 13.27it/s]
Animation 10: _MethodAnimation(ValueTracker):  13%|#2        | 10/78 [00:00<00:05, 12.76it/s]
Animation 10: _MethodAnimation(ValueTracker):  15%|#5        | 12/78 [00:00<00:05, 12.73it/s]
Animation 10: _MethodAnimation(ValueTracker):  18%|#7        | 14/78 [00:01<00:04, 12.87it/s]
Animation 10: _MethodAnimation(ValueTracker):  21%|##        | 16/78 [00:01<00:04, 13.00it/s]
Animation 10: _MethodAnimation(ValueTracker):  23%|##3       | 18/78 [00:01<00:04, 12.50it/s]
Animation 10: _MethodAnimation(ValueTracker):  26%|##5       | 20/78 [00:01<00:04, 12.48it/s]
Animation 10: _MethodAnimation(ValueTracker):  28%|##8       | 22/78 [00:01<00:04, 12.62it/s]
Animation 10: _MethodAnimation(ValueTracker):  31%|###       | 24/78 [00:01<00:04, 12.93it/s]
Animation 10: _MethodAnimation(ValueTracker):  33%|###3      | 26/78 [00:02<00:04, 12.74it/s]
Animation 10: _MethodAnimation(ValueTracker):  36%|###5      | 28/78 [00:02<00:03, 12.79it/s]
Animation 10: _MethodAnimation(ValueTracker):  38%|###8      | 30/78 [00:02<00:03, 13.04it/s]
Animation 10: _MethodAnimation(ValueTracker):  41%|####1     | 32/78 [00:02<00:03, 12.64it/s]
Animation 10: _MethodAnimation(ValueTracker):  44%|####3     | 34/78 [00:02<00:03, 12.70it/s]
Animation 10: _MethodAnimation(ValueTracker):  46%|####6     | 36/78 [00:02<00:03, 12.91it/s]
Animation 10: _MethodAnimation(ValueTracker):  49%|####8     | 38/78 [00:02<00:03, 12.64it/s]
Animation 10: _MethodAnimation(ValueTracker):  51%|#####1    | 40/78 [00:03<00:02, 12.81it/s]
Animation 10: _MethodAnimation(ValueTracker):  54%|#####3    | 42/78 [00:03<00:02, 12.77it/s]
Animation 10: _MethodAnimation(ValueTracker):  56%|#####6    | 44/78 [00:03<00:02, 12.53it/s]
Animation 10: _MethodAnimation(ValueTracker):  59%|#####8    | 46/78 [00:03<00:02, 12.56it/s]
Animation 10: _MethodAnimation(ValueTracker):  62%|######1   | 48/78 [00:03<00:02, 12.38it/s]
Animation 10: _MethodAnimation(ValueTracker):  64%|######4   | 50/78 [00:03<00:02, 12.22it/s]
Animation 10: _MethodAnimation(ValueTracker):  67%|######6   | 52/78 [00:04<00:02, 11.92it/s]
Animation 10: _MethodAnimation(ValueTracker):  69%|######9   | 54/78 [00:04<00:02, 10.75it/s]
Animation 10: _MethodAnimation(ValueTracker):  72%|#######1  | 56/78 [00:04<00:02, 10.64it/s]
Animation 10: _MethodAnimation(ValueTracker):  74%|#######4  | 58/78 [00:04<00:01, 10.05it/s]
Animation 10: _MethodAnimation(ValueTracker):  77%|#######6  | 60/78 [00:04<00:01, 10.20it/s]
Animation 10: _MethodAnimation(ValueTracker):  79%|#######9  | 62/78 [00:05<00:01, 10.67it/s]
Animation 10: _MethodAnimation(ValueTracker):  82%|########2 | 64/78 [00:05<00:01, 11.07it/s]
Animation 10: _MethodAnimation(ValueTracker):  85%|########4 | 66/78 [00:05<00:01, 11.38it/s]
Animation 10: _MethodAnimation(ValueTracker):  87%|########7 | 68/78 [00:05<00:00, 11.42it/s]
Animation 10: _MethodAnimation(ValueTracker):  90%|########9 | 70/78 [00:05<00:00, 11.52it/s]
Animation 10: _MethodAnimation(ValueTracker):  92%|#########2| 72/78 [00:05<00:00, 11.60it/s]
Animation 10: _MethodAnimation(ValueTracker):  95%|#########4| 74/78 [00:06<00:00, 11.90it/s]
Animation 10: _MethodAnimation(ValueTracker):  97%|#########7| 76/78 [00:06<00:00, 12.11it/s]
Animation 10: _MethodAnimation(ValueTracker): 100%|##########| 78/78 [00:06<00:00, 12.47it/s]
[09/10/26 10:32:55] INFO     Animation 10 : Partial    scene_file_writer.py:192
                             movie file written in                             
                             'C:\Users\Nacho\Documents                         
                             \Animaciones\Capitulo                             
                             7\media\videos\s03_media_                         
                             varianza\1080p60\partial_                         
                             movie_files\MediaYVarianz                         
                             a\2932440949_4079595469_3                         
                             786743454.mp4'                                    
[09/10/26 10:32:56] INFO     Animation 11 : Partial    scene_file_writer.py:192
                             movie file written in                             
                             'C:\Users\Nacho\Documents                         
                             \Animaciones\Capitulo                             
                             7\media\videos\s03_media_                         
                             varianza\1080p60\partial_                         
                             movie_files\MediaYVarianz                         
                             a\2932440949_3880968470_2                         
                             940718144.mp4'                                    
                                                                                             

Animation 12: FadeOut(Text('la media es el punto de equilibrio')), etc.:   0%|          | 0/120 [00:00<?, ?it/s]
Animation 12: FadeOut(Text('la media es el punto de equilibrio')), etc.:   1%|          | 1/120 [00:00<00:12,  
9.88it/s]
Animation 12: FadeOut(Text('la media es el punto de equilibrio')), etc.:   2%|1         | 2/120 [00:00<00:14,  
8.19it/s]
Animation 12: FadeOut(Text('la media es el punto de equilibrio')), etc.:   2%|2         | 3/120 [00:00<00:13,  
8.62it/s]
Animation 12: FadeOut(Text('la media es el punto de equilibrio')), etc.:   3%|3         | 4/120 [00:00<00:12,  
8.99it/s]
Animation 12: FadeOut(Text('la media es el punto de equilibrio')), etc.:   5%|5         | 6/120 [00:00<00:11,  
9.97it/s]
Animation 12: FadeOut(Text('la media es el punto de equilibrio')), etc.:   7%|6         | 8/120 [00:00<00:10, 
10.68it/s]
Animation 12: FadeOut(Text('la media es el punto de equilibrio')), etc.:   8%|8         | 10/120 [00:00<00:10, 
10.87it/s]
Animation 12: FadeOut(Text('la media es el punto de equilibrio')), etc.:  10%|#         | 12/120 [00:01<00:09, 
11.19it/s]
Animation 12: FadeOut(Text('la media es el punto de equilibrio')), etc.:  12%|#1        | 14/120 [00:01<00:09, 
11.04it/s]
Animation 12: FadeOut(Text('la media es el punto de equilibrio')), etc.:  13%|#3        | 16/120 [00:01<00:10, 
10.16it/s]
Animation 12: FadeOut(Text('la media es el punto de equilibrio')), etc.:  15%|#5        | 18/120 [00:01<00:09, 
10.27it/s]
Animation 12: FadeOut(Text('la media es el punto de equilibrio')), etc.:  17%|#6        | 20/120 [00:01<00:09, 
10.35it/s]
Animation 12: FadeOut(Text('la media es el punto de equilibrio')), etc.:  18%|#8        | 22/120 [00:02<00:09, 
10.76it/s]
Animation 12: FadeOut(Text('la media es el punto de equilibrio')), etc.:  20%|##        | 24/120 [00:02<00:08, 
10.80it/s]
Animation 12: FadeOut(Text('la media es el punto de equilibrio')), etc.:  22%|##1       | 26/120 [00:02<00:08, 
11.14it/s]
Animation 12: FadeOut(Text('la media es el punto de equilibrio')), etc.:  23%|##3       | 28/120 [00:02<00:09, 
10.17it/s]
Animation 12: FadeOut(Text('la media es el punto de equilibrio')), etc.:  25%|##5       | 30/120 [00:02<00:08, 
10.15it/s]
Animation 12: FadeOut(Text('la media es el punto de equilibrio')), etc.:  27%|##6       | 32/120 [00:03<00:08, 
10.76it/s]
Animation 12: FadeOut(Text('la media es el punto de equilibrio')), etc.:  28%|##8       | 34/120 [00:03<00:07, 
11.09it/s]
Animation 12: FadeOut(Text('la media es el punto de equilibrio')), etc.:  30%|###       | 36/120 [00:03<00:07, 
11.09it/s]
Animation 12: FadeOut(Text('la media es el punto de equilibrio')), etc.:  32%|###1      | 38/120 [00:03<00:07, 
11.48it/s]
Animation 12: FadeOut(Text('la media es el punto de equilibrio')), etc.:  33%|###3      | 40/120 [00:03<00:06, 
11.79it/s]
Animation 12: FadeOut(Text('la media es el punto de equilibrio')), etc.:  35%|###5      | 42/120 [00:03<00:06, 
11.83it/s]
Animation 12: FadeOut(Text('la media es el punto de equilibrio')), etc.:  37%|###6      | 44/120 [00:04<00:06, 
10.97it/s]
Animation 12: FadeOut(Text('la media es el punto de equilibrio')), etc.:  38%|###8      | 46/120 [00:04<00:06, 
11.46it/s]
Animation 12: FadeOut(Text('la media es el punto de equilibrio')), etc.:  40%|####      | 48/120 [00:04<00:06, 
11.58it/s]
Animation 12: FadeOut(Text('la media es el punto de equilibrio')), etc.:  42%|####1     | 50/120 [00:04<00:05, 
11.75it/s]
Animation 12: FadeOut(Text('la media es el punto de equilibrio')), etc.:  43%|####3     | 52/120 [00:04<00:05, 
11.80it/s]
Animation 12: FadeOut(Text('la media es el punto de equilibrio')), etc.:  45%|####5     | 54/120 [00:04<00:05, 
11.81it/s]
Animation 12: FadeOut(Text('la media es el punto de equilibrio')), etc.:  47%|####6     | 56/120 [00:05<00:05, 
11.40it/s]
Animation 12: FadeOut(Text('la media es el punto de equilibrio')), etc.:  48%|####8     | 58/120 [00:05<00:05, 
11.31it/s]
Animation 12: FadeOut(Text('la media es el punto de equilibrio')), etc.:  50%|#####     | 60/120 [00:05<00:05, 
11.43it/s]
Animation 12: FadeOut(Text('la media es el punto de equilibrio')), etc.:  52%|#####1    | 62/120 [00:05<00:05, 
11.57it/s]
Animation 12: FadeOut(Text('la media es el punto de equilibrio')), etc.:  53%|#####3    | 64/120 [00:05<00:04, 
11.75it/s]
Animation 12: FadeOut(Text('la media es el punto de equilibrio')), etc.:  55%|#####5    | 66/120 [00:05<00:04, 
11.66it/s]
Animation 12: FadeOut(Text('la media es el punto de equilibrio')), etc.:  57%|#####6    | 68/120 [00:06<00:04, 
11.93it/s]
Animation 12: FadeOut(Text('la media es el punto de equilibrio')), etc.:  58%|#####8    | 70/120 [00:06<00:04, 
11.97it/s]
Animation 12: FadeOut(Text('la media es el punto de equilibrio')), etc.:  60%|######    | 72/120 [00:06<00:04, 
10.30it/s]
Animation 12: FadeOut(Text('la media es el punto de equilibrio')), etc.:  62%|######1   | 74/120 [00:06<00:04, 
10.62it/s]
Animation 12: FadeOut(Text('la media es el punto de equilibrio')), etc.:  63%|######3   | 76/120 [00:06<00:04, 
10.76it/s]
Animation 12: FadeOut(Text('la media es el punto de equilibrio')), etc.:  65%|######5   | 78/120 [00:07<00:03, 
10.84it/s]
Animation 12: FadeOut(Text('la media es el punto de equilibrio')), etc.:  67%|######6   | 80/120 [00:07<00:03, 
11.17it/s]
Animation 12: FadeOut(Text('la media es el punto de equilibrio')), etc.:  68%|######8   | 82/120 [00:07<00:03, 
11.25it/s]
Animation 12: FadeOut(Text('la media es el punto de equilibrio')), etc.:  70%|#######   | 84/120 [00:07<00:03, 
11.44it/s]
Animation 12: FadeOut(Text('la media es el punto de equilibrio')), etc.:  72%|#######1  | 86/120 [00:07<00:03, 
11.22it/s]
Animation 12: FadeOut(Text('la media es el punto de equilibrio')), etc.:  73%|#######3  | 88/120 [00:07<00:02, 
11.81it/s]
Animation 12: FadeOut(Text('la media es el punto de equilibrio')), etc.:  75%|#######5  | 90/120 [00:08<00:02, 
11.89it/s]
Animation 12: FadeOut(Text('la media es el punto de equilibrio')), etc.:  77%|#######6  | 92/120 [00:08<00:02, 
12.15it/s]
Animation 12: FadeOut(Text('la media es el punto de equilibrio')), etc.:  78%|#######8  | 94/120 [00:08<00:02, 
12.35it/s]
Animation 12: FadeOut(Text('la media es el punto de equilibrio')), etc.:  80%|########  | 96/120 [00:08<00:01, 
12.36it/s]
Animation 12: FadeOut(Text('la media es el punto de equilibrio')), etc.:  82%|########1 | 98/120 [00:08<00:01, 
12.73it/s]
Animation 12: FadeOut(Text('la media es el punto de equilibrio')), etc.:  83%|########3 | 100/120 [00:08<00:01, 
12.62it/s]
Animation 12: FadeOut(Text('la media es el punto de equilibrio')), etc.:  85%|########5 | 102/120 [00:09<00:01, 
12.77it/s]
Animation 12: FadeOut(Text('la media es el punto de equilibrio')), etc.:  87%|########6 | 104/120 [00:09<00:01, 
12.36it/s]
Animation 12: FadeOut(Text('la media es el punto de equilibrio')), etc.:  88%|########8 | 106/120 [00:09<00:01, 
12.40it/s]
Animation 12: FadeOut(Text('la media es el punto de equilibrio')), etc.:  90%|######### | 108/120 [00:09<00:00, 
12.36it/s]
Animation 12: FadeOut(Text('la media es el punto de equilibrio')), etc.:  92%|#########1| 110/120 [00:09<00:00, 
12.29it/s]
Animation 12: FadeOut(Text('la media es el punto de equilibrio')), etc.:  93%|#########3| 112/120 [00:09<00:00, 
12.51it/s]
Animation 12: FadeOut(Text('la media es el punto de equilibrio')), etc.:  95%|#########5| 114/120 [00:10<00:00, 
12.46it/s]
Animation 12: FadeOut(Text('la media es el punto de equilibrio')), etc.:  97%|#########6| 116/120 [00:10<00:00, 
12.22it/s]
Animation 12: FadeOut(Text('la media es el punto de equilibrio')), etc.:  98%|#########8| 118/120 [00:10<00:00, 
12.42it/s]
Animation 12: FadeOut(Text('la media es el punto de equilibrio')), etc.: 100%|##########| 120/120 [00:10<00:00, 
12.33it/s]
[09/10/26 10:33:07] INFO     Animation 12 : Partial    scene_file_writer.py:192
                             movie file written in                             
                             'C:\Users\Nacho\Documents                         
                             \Animaciones\Capitulo                             
                             7\media\videos\s03_media_                         
                             varianza\1080p60\partial_                         
                             movie_files\MediaYVarianz                         
                             a\2932440949_3266516928_2                         
                             277013157.mp4'                                    
[09/10/26 10:33:08] INFO     Animation 13 : Partial    scene_file_writer.py:192
                             movie file written in                             
                             'C:\Users\Nacho\Documents                         
                             \Animaciones\Capitulo                             
                             7\media\videos\s03_media_                         
                             varianza\1080p60\partial_                         
                             movie_files\MediaYVarianz                         
                             a\2932440949_3926500612_3                         
                             352070451.mp4'                                    
                                                                                                                       
   

Animation 14: FadeOut(MathTex('E[X]=\\int_{-\\infty}^{\\infty} x\\,f_X(x)\\,dx')):   0%|          | 0/60 [00:00<?, 
?it/s]
Animation 14: FadeOut(MathTex('E[X]=\\int_{-\\infty}^{\\infty} x\\,f_X(x)\\,dx')):   3%|3         | 2/60 [00:00<00:04, 
13.34it/s]
Animation 14: FadeOut(MathTex('E[X]=\\int_{-\\infty}^{\\infty} x\\,f_X(x)\\,dx')):   7%|6         | 4/60 [00:00<00:04, 
12.92it/s]
Animation 14: FadeOut(MathTex('E[X]=\\int_{-\\infty}^{\\infty} x\\,f_X(x)\\,dx')):  10%|#         | 6/60 [00:00<00:04, 
13.15it/s]
Animation 14: FadeOut(MathTex('E[X]=\\int_{-\\infty}^{\\infty} x\\,f_X(x)\\,dx')):  13%|#3        | 8/60 [00:00<00:04, 
12.69it/s]
Animation 14: FadeOut(MathTex('E[X]=\\int_{-\\infty}^{\\infty} x\\,f_X(x)\\,dx')):  17%|#6        | 10/60 
[00:00<00:03, 12.74it/s]
Animation 14: FadeOut(MathTex('E[X]=\\int_{-\\infty}^{\\infty} x\\,f_X(x)\\,dx')):  20%|##        | 12/60 
[00:00<00:04, 11.79it/s]
Animation 14: FadeOut(MathTex('E[X]=\\int_{-\\infty}^{\\infty} x\\,f_X(x)\\,dx')):  23%|##3       | 14/60 
[00:01<00:03, 11.96it/s]
Animation 14: FadeOut(MathTex('E[X]=\\int_{-\\infty}^{\\infty} x\\,f_X(x)\\,dx')):  27%|##6       | 16/60 
[00:01<00:03, 12.18it/s]
Animation 14: FadeOut(MathTex('E[X]=\\int_{-\\infty}^{\\infty} x\\,f_X(x)\\,dx')):  30%|###       | 18/60 
[00:01<00:03, 12.37it/s]
Animation 14: FadeOut(MathTex('E[X]=\\int_{-\\infty}^{\\infty} x\\,f_X(x)\\,dx')):  33%|###3      | 20/60 
[00:01<00:03, 13.02it/s]
Animation 14: FadeOut(MathTex('E[X]=\\int_{-\\infty}^{\\infty} x\\,f_X(x)\\,dx')):  37%|###6      | 22/60 
[00:01<00:03, 12.57it/s]
Animation 14: FadeOut(MathTex('E[X]=\\int_{-\\infty}^{\\infty} x\\,f_X(x)\\,dx')):  40%|####      | 24/60 
[00:01<00:02, 12.73it/s]
Animation 14: FadeOut(MathTex('E[X]=\\int_{-\\infty}^{\\infty} x\\,f_X(x)\\,dx')):  43%|####3     | 26/60 
[00:02<00:02, 12.62it/s]
Animation 14: FadeOut(MathTex('E[X]=\\int_{-\\infty}^{\\infty} x\\,f_X(x)\\,dx')):  47%|####6     | 28/60 
[00:02<00:02, 12.92it/s]
Animation 14: FadeOut(MathTex('E[X]=\\int_{-\\infty}^{\\infty} x\\,f_X(x)\\,dx')):  50%|#####     | 30/60 
[00:02<00:02, 13.04it/s]
Animation 14: FadeOut(MathTex('E[X]=\\int_{-\\infty}^{\\infty} x\\,f_X(x)\\,dx')):  53%|#####3    | 32/60 
[00:02<00:02, 12.94it/s]
Animation 14: FadeOut(MathTex('E[X]=\\int_{-\\infty}^{\\infty} x\\,f_X(x)\\,dx')):  57%|#####6    | 34/60 
[00:02<00:02, 12.64it/s]
Animation 14: FadeOut(MathTex('E[X]=\\int_{-\\infty}^{\\infty} x\\,f_X(x)\\,dx')):  60%|######    | 36/60 
[00:02<00:01, 12.87it/s]
Animation 14: FadeOut(MathTex('E[X]=\\int_{-\\infty}^{\\infty} x\\,f_X(x)\\,dx')):  63%|######3   | 38/60 
[00:03<00:01, 11.88it/s]
Animation 14: FadeOut(MathTex('E[X]=\\int_{-\\infty}^{\\infty} x\\,f_X(x)\\,dx')):  67%|######6   | 40/60 
[00:03<00:01, 12.20it/s]
Animation 14: FadeOut(MathTex('E[X]=\\int_{-\\infty}^{\\infty} x\\,f_X(x)\\,dx')):  70%|#######   | 42/60 
[00:03<00:01, 12.35it/s]
Animation 14: FadeOut(MathTex('E[X]=\\int_{-\\infty}^{\\infty} x\\,f_X(x)\\,dx')):  73%|#######3  | 44/60 
[00:03<00:01, 12.15it/s]
Animation 14: FadeOut(MathTex('E[X]=\\int_{-\\infty}^{\\infty} x\\,f_X(x)\\,dx')):  77%|#######6  | 46/60 
[00:03<00:01, 11.57it/s]
Animation 14: FadeOut(MathTex('E[X]=\\int_{-\\infty}^{\\infty} x\\,f_X(x)\\,dx')):  80%|########  | 48/60 
[00:03<00:01, 11.97it/s]
Animation 14: FadeOut(MathTex('E[X]=\\int_{-\\infty}^{\\infty} x\\,f_X(x)\\,dx')):  83%|########3 | 50/60 
[00:04<00:00, 11.97it/s]
Animation 14: FadeOut(MathTex('E[X]=\\int_{-\\infty}^{\\infty} x\\,f_X(x)\\,dx')):  87%|########6 | 52/60 
[00:04<00:00, 11.99it/s]
Animation 14: FadeOut(MathTex('E[X]=\\int_{-\\infty}^{\\infty} x\\,f_X(x)\\,dx')):  90%|######### | 54/60 
[00:04<00:00, 12.37it/s]
Animation 14: FadeOut(MathTex('E[X]=\\int_{-\\infty}^{\\infty} x\\,f_X(x)\\,dx')):  93%|#########3| 56/60 
[00:04<00:00, 12.18it/s]
Animation 14: FadeOut(MathTex('E[X]=\\int_{-\\infty}^{\\infty} x\\,f_X(x)\\,dx')):  97%|#########6| 58/60 
[00:04<00:00, 12.45it/s]
Animation 14: FadeOut(MathTex('E[X]=\\int_{-\\infty}^{\\infty} x\\,f_X(x)\\,dx')): 100%|##########| 60/60 
[00:04<00:00, 12.51it/s]
[09/10/26 10:33:13] INFO     Animation 14 : Partial    scene_file_writer.py:192
                             movie file written in                             
                             'C:\Users\Nacho\Documents                         
                             \Animaciones\Capitulo                             
                             7\media\videos\s03_media_                         
                             varianza\1080p60\partial_                         
                             movie_files\MediaYVarianz                         
                             a\2932440949_1521798648_1                         
                             412672892.mp4'                                    
                                                                                                                       
           

Animation 15: Create(VGroup of 2 submobjects), etc.:   0%|          | 0/60 [00:00<?, ?it/s]
Animation 15: Create(VGroup of 2 submobjects), etc.:   3%|3         | 2/60 [00:00<00:05, 10.97it/s]
Animation 15: Create(VGroup of 2 submobjects), etc.:   7%|6         | 4/60 [00:00<00:05, 10.57it/s]
Animation 15: Create(VGroup of 2 submobjects), etc.:  10%|#         | 6/60 [00:00<00:05, 10.55it/s]
Animation 15: Create(VGroup of 2 submobjects), etc.:  13%|#3        | 8/60 [00:00<00:04, 10.76it/s]
Animation 15: Create(VGroup of 2 submobjects), etc.:  17%|#6        | 10/60 [00:00<00:04, 10.86it/s]
Animation 15: Create(VGroup of 2 submobjects), etc.:  20%|##        | 12/60 [00:01<00:04, 10.58it/s]
Animation 15: Create(VGroup of 2 submobjects), etc.:  23%|##3       | 14/60 [00:01<00:04, 11.01it/s]
Animation 15: Create(VGroup of 2 submobjects), etc.:  27%|##6       | 16/60 [00:01<00:04, 10.97it/s]
Animation 15: Create(VGroup of 2 submobjects), etc.:  30%|###       | 18/60 [00:01<00:03, 10.96it/s]
Animation 15: Create(VGroup of 2 submobjects), etc.:  33%|###3      | 20/60 [00:01<00:03, 10.64it/s]
Animation 15: Create(VGroup of 2 submobjects), etc.:  37%|###6      | 22/60 [00:02<00:03, 10.72it/s]
Animation 15: Create(VGroup of 2 submobjects), etc.:  40%|####      | 24/60 [00:02<00:03, 10.71it/s]
Animation 15: Create(VGroup of 2 submobjects), etc.:  43%|####3     | 26/60 [00:02<00:03, 10.98it/s]
Animation 15: Create(VGroup of 2 submobjects), etc.:  47%|####6     | 28/60 [00:02<00:02, 10.95it/s]
Animation 15: Create(VGroup of 2 submobjects), etc.:  50%|#####     | 30/60 [00:02<00:02, 10.95it/s]
Animation 15: Create(VGroup of 2 submobjects), etc.:  53%|#####3    | 32/60 [00:02<00:02, 10.79it/s]
Animation 15: Create(VGroup of 2 submobjects), etc.:  57%|#####6    | 34/60 [00:03<00:02, 10.87it/s]
Animation 15: Create(VGroup of 2 submobjects), etc.:  60%|######    | 36/60 [00:03<00:02, 11.03it/s]
Animation 15: Create(VGroup of 2 submobjects), etc.:  63%|######3   | 38/60 [00:03<00:02, 10.99it/s]
Animation 15: Create(VGroup of 2 submobjects), etc.:  67%|######6   | 40/60 [00:03<00:01, 10.86it/s]
Animation 15: Create(VGroup of 2 submobjects), etc.:  70%|#######   | 42/60 [00:03<00:01, 10.82it/s]
Animation 15: Create(VGroup of 2 submobjects), etc.:  73%|#######3  | 44/60 [00:04<00:01, 10.54it/s]
Animation 15: Create(VGroup of 2 submobjects), etc.:  77%|#######6  | 46/60 [00:04<00:01, 10.45it/s]
Animation 15: Create(VGroup of 2 submobjects), etc.:  80%|########  | 48/60 [00:04<00:01, 10.50it/s]
Animation 15: Create(VGroup of 2 submobjects), etc.:  83%|########3 | 50/60 [00:04<00:00, 10.46it/s]
Animation 15: Create(VGroup of 2 submobjects), etc.:  87%|########6 | 52/60 [00:04<00:00, 10.46it/s]
Animation 15: Create(VGroup of 2 submobjects), etc.:  90%|######### | 54/60 [00:05<00:00, 10.38it/s]
Animation 15: Create(VGroup of 2 submobjects), etc.:  93%|#########3| 56/60 [00:05<00:00, 10.48it/s]
Animation 15: Create(VGroup of 2 submobjects), etc.:  97%|#########6| 58/60 [00:05<00:00, 10.45it/s]
Animation 15: Create(VGroup of 2 submobjects), etc.: 100%|##########| 60/60 [00:05<00:00, 10.29it/s]
[09/10/26 10:33:19] INFO     Animation 15 : Partial    scene_file_writer.py:192
                             movie file written in                             
                             'C:\Users\Nacho\Documents                         
                             \Animaciones\Capitulo                             
                             7\media\videos\s03_media_                         
                             varianza\1080p60\partial_                         
                             movie_files\MediaYVarianz                         
                             a\2932440949_1247984928_7                         
                             87803229.mp4'                                     
                                                                                                    

Animation 16: FadeIn(Text('la varianza mide cuánto se desparrama')):   0%|          | 0/60 [00:00<?, ?it/s]
Animation 16: FadeIn(Text('la varianza mide cuánto se desparrama')):   3%|3         | 2/60 [00:00<00:04, 12.01it/s]
Animation 16: FadeIn(Text('la varianza mide cuánto se desparrama')):   7%|6         | 4/60 [00:00<00:04, 12.00it/s]
Animation 16: FadeIn(Text('la varianza mide cuánto se desparrama')):  10%|#         | 6/60 [00:00<00:04, 12.00it/s]
Animation 16: FadeIn(Text('la varianza mide cuánto se desparrama')):  13%|#3        | 8/60 [00:00<00:04, 11.52it/s]
Animation 16: FadeIn(Text('la varianza mide cuánto se desparrama')):  17%|#6        | 10/60 [00:00<00:04, 11.71it/s]
Animation 16: FadeIn(Text('la varianza mide cuánto se desparrama')):  20%|##        | 12/60 [00:01<00:04, 11.75it/s]
Animation 16: FadeIn(Text('la varianza mide cuánto se desparrama')):  23%|##3       | 14/60 [00:01<00:03, 11.60it/s]
Animation 16: FadeIn(Text('la varianza mide cuánto se desparrama')):  27%|##6       | 16/60 [00:01<00:03, 11.83it/s]
Animation 16: FadeIn(Text('la varianza mide cuánto se desparrama')):  30%|###       | 18/60 [00:01<00:03, 11.41it/s]
Animation 16: FadeIn(Text('la varianza mide cuánto se desparrama')):  33%|###3      | 20/60 [00:01<00:03, 11.40it/s]
Animation 16: FadeIn(Text('la varianza mide cuánto se desparrama')):  37%|###6      | 22/60 [00:01<00:03, 11.51it/s]
Animation 16: FadeIn(Text('la varianza mide cuánto se desparrama')):  40%|####      | 24/60 [00:02<00:03, 11.31it/s]
Animation 16: FadeIn(Text('la varianza mide cuánto se desparrama')):  43%|####3     | 26/60 [00:02<00:02, 11.54it/s]
Animation 16: FadeIn(Text('la varianza mide cuánto se desparrama')):  47%|####6     | 28/60 [00:02<00:02, 11.52it/s]
Animation 16: FadeIn(Text('la varianza mide cuánto se desparrama')):  50%|#####     | 30/60 [00:02<00:02, 11.50it/s]
Animation 16: FadeIn(Text('la varianza mide cuánto se desparrama')):  53%|#####3    | 32/60 [00:02<00:02, 11.47it/s]
Animation 16: FadeIn(Text('la varianza mide cuánto se desparrama')):  57%|#####6    | 34/60 [00:02<00:02, 11.59it/s]
Animation 16: FadeIn(Text('la varianza mide cuánto se desparrama')):  60%|######    | 36/60 [00:03<00:02, 11.37it/s]
Animation 16: FadeIn(Text('la varianza mide cuánto se desparrama')):  63%|######3   | 38/60 [00:03<00:01, 11.27it/s]
Animation 16: FadeIn(Text('la varianza mide cuánto se desparrama')):  67%|######6   | 40/60 [00:03<00:01, 11.26it/s]
Animation 16: FadeIn(Text('la varianza mide cuánto se desparrama')):  70%|#######   | 42/60 [00:03<00:01, 11.37it/s]
Animation 16: FadeIn(Text('la varianza mide cuánto se desparrama')):  73%|#######3  | 44/60 [00:03<00:01, 10.96it/s]
Animation 16: FadeIn(Text('la varianza mide cuánto se desparrama')):  77%|#######6  | 46/60 [00:04<00:01, 11.12it/s]
Animation 16: FadeIn(Text('la varianza mide cuánto se desparrama')):  80%|########  | 48/60 [00:04<00:01, 11.19it/s]
Animation 16: FadeIn(Text('la varianza mide cuánto se desparrama')):  83%|########3 | 50/60 [00:04<00:00, 11.17it/s]
Animation 16: FadeIn(Text('la varianza mide cuánto se desparrama')):  87%|########6 | 52/60 [00:04<00:00, 11.08it/s]
Animation 16: FadeIn(Text('la varianza mide cuánto se desparrama')):  90%|######### | 54/60 [00:04<00:00, 10.47it/s]
Animation 16: FadeIn(Text('la varianza mide cuánto se desparrama')):  93%|#########3| 56/60 [00:04<00:00, 10.62it/s]
Animation 16: FadeIn(Text('la varianza mide cuánto se desparrama')):  97%|#########6| 58/60 [00:05<00:00, 10.74it/s]
Animation 16: FadeIn(Text('la varianza mide cuánto se desparrama')): 100%|##########| 60/60 [00:05<00:00, 10.90it/s]
[09/10/26 10:33:25] INFO     Animation 16 : Partial    scene_file_writer.py:192
                             movie file written in                             
                             'C:\Users\Nacho\Documents                         
                             \Animaciones\Capitulo                             
                             7\media\videos\s03_media_                         
                             varianza\1080p60\partial_                         
                             movie_files\MediaYVarianz                         
                             a\2932440949_932637140_22                         
                             65895847.mp4'                                     
                                                                                                                    

Animation 17: _MethodAnimation(ValueTracker):   0%|          | 0/108 [00:00<?, ?it/s]
Animation 17: _MethodAnimation(ValueTracker):   2%|1         | 2/108 [00:00<00:09, 11.73it/s]
Animation 17: _MethodAnimation(ValueTracker):   4%|3         | 4/108 [00:00<00:09, 11.02it/s]
Animation 17: _MethodAnimation(ValueTracker):   6%|5         | 6/108 [00:00<00:09, 11.12it/s]
Animation 17: _MethodAnimation(ValueTracker):   7%|7         | 8/108 [00:00<00:08, 11.42it/s]
Animation 17: _MethodAnimation(ValueTracker):   9%|9         | 10/108 [00:00<00:08, 11.50it/s]
Animation 17: _MethodAnimation(ValueTracker):  11%|#1        | 12/108 [00:01<00:08, 11.29it/s]
Animation 17: _MethodAnimation(ValueTracker):  13%|#2        | 14/108 [00:01<00:08, 11.38it/s]
Animation 17: _MethodAnimation(ValueTracker):  15%|#4        | 16/108 [00:01<00:08, 11.32it/s]
Animation 17: _MethodAnimation(ValueTracker):  17%|#6        | 18/108 [00:01<00:07, 11.51it/s]
Animation 17: _MethodAnimation(ValueTracker):  19%|#8        | 20/108 [00:01<00:07, 11.48it/s]
Animation 17: _MethodAnimation(ValueTracker):  20%|##        | 22/108 [00:01<00:07, 11.18it/s]
Animation 17: _MethodAnimation(ValueTracker):  22%|##2       | 24/108 [00:02<00:07, 11.26it/s]
Animation 17: _MethodAnimation(ValueTracker):  24%|##4       | 26/108 [00:02<00:07, 11.40it/s]
Animation 17: _MethodAnimation(ValueTracker):  26%|##5       | 28/108 [00:02<00:06, 11.51it/s]
Animation 17: _MethodAnimation(ValueTracker):  28%|##7       | 30/108 [00:02<00:06, 11.38it/s]
Animation 17: _MethodAnimation(ValueTracker):  30%|##9       | 32/108 [00:02<00:06, 11.24it/s]
Animation 17: _MethodAnimation(ValueTracker):  31%|###1      | 34/108 [00:03<00:06, 11.17it/s]
Animation 17: _MethodAnimation(ValueTracker):  33%|###3      | 36/108 [00:03<00:06, 10.94it/s]
Animation 17: _MethodAnimation(ValueTracker):  35%|###5      | 38/108 [00:03<00:06, 10.93it/s]
Animation 17: _MethodAnimation(ValueTracker):  37%|###7      | 40/108 [00:03<00:06, 11.08it/s]
Animation 17: _MethodAnimation(ValueTracker):  39%|###8      | 42/108 [00:03<00:06, 10.80it/s]
Animation 17: _MethodAnimation(ValueTracker):  41%|####      | 44/108 [00:03<00:06, 10.35it/s]
Animation 17: _MethodAnimation(ValueTracker):  43%|####2     | 46/108 [00:04<00:05, 10.50it/s]
Animation 17: _MethodAnimation(ValueTracker):  44%|####4     | 48/108 [00:04<00:05, 10.48it/s]
Animation 17: _MethodAnimation(ValueTracker):  46%|####6     | 50/108 [00:04<00:05, 10.47it/s]
Animation 17: _MethodAnimation(ValueTracker):  48%|####8     | 52/108 [00:04<00:05, 10.57it/s]
Animation 17: _MethodAnimation(ValueTracker):  50%|#####     | 54/108 [00:04<00:05, 10.40it/s]
Animation 17: _MethodAnimation(ValueTracker):  52%|#####1    | 56/108 [00:05<00:05,  9.89it/s]
Animation 17: _MethodAnimation(ValueTracker):  53%|#####2    | 57/108 [00:05<00:05,  9.77it/s]
Animation 17: _MethodAnimation(ValueTracker):  55%|#####4    | 59/108 [00:05<00:04, 10.16it/s]
Animation 17: _MethodAnimation(ValueTracker):  56%|#####6    | 61/108 [00:05<00:04, 10.23it/s]
Animation 17: _MethodAnimation(ValueTracker):  58%|#####8    | 63/108 [00:05<00:04, 10.43it/s]
Animation 17: _MethodAnimation(ValueTracker):  60%|######    | 65/108 [00:05<00:04, 10.44it/s]
Animation 17: _MethodAnimation(ValueTracker):  62%|######2   | 67/108 [00:06<00:03, 10.43it/s]
Animation 17: _MethodAnimation(ValueTracker):  64%|######3   | 69/108 [00:06<00:03, 10.56it/s]
Animation 17: _MethodAnimation(ValueTracker):  66%|######5   | 71/108 [00:06<00:03, 10.62it/s]
Animation 17: _MethodAnimation(ValueTracker):  68%|######7   | 73/108 [00:06<00:03, 10.40it/s]
Animation 17: _MethodAnimation(ValueTracker):  69%|######9   | 75/108 [00:06<00:03, 10.63it/s]
Animation 17: _MethodAnimation(ValueTracker):  71%|#######1  | 77/108 [00:07<00:02, 10.57it/s]
Animation 17: _MethodAnimation(ValueTracker):  73%|#######3  | 79/108 [00:07<00:02, 10.52it/s]
Animation 17: _MethodAnimation(ValueTracker):  75%|#######5  | 81/108 [00:07<00:02, 10.36it/s]
Animation 17: _MethodAnimation(ValueTracker):  77%|#######6  | 83/108 [00:07<00:02, 10.26it/s]
Animation 17: _MethodAnimation(ValueTracker):  79%|#######8  | 85/108 [00:07<00:02, 10.47it/s]
Animation 17: _MethodAnimation(ValueTracker):  81%|########  | 87/108 [00:08<00:01, 10.59it/s]
Animation 17: _MethodAnimation(ValueTracker):  82%|########2 | 89/108 [00:08<00:01, 10.85it/s]
Animation 17: _MethodAnimation(ValueTracker):  84%|########4 | 91/108 [00:08<00:01, 10.70it/s]
Animation 17: _MethodAnimation(ValueTracker):  86%|########6 | 93/108 [00:08<00:01, 10.75it/s]
Animation 17: _MethodAnimation(ValueTracker):  88%|########7 | 95/108 [00:08<00:01, 11.01it/s]
Animation 17: _MethodAnimation(ValueTracker):  90%|########9 | 97/108 [00:09<00:01, 10.77it/s]
Animation 17: _MethodAnimation(ValueTracker):  92%|#########1| 99/108 [00:09<00:00, 10.84it/s]
Animation 17: _MethodAnimation(ValueTracker):  94%|#########3| 101/108 [00:09<00:00, 10.89it/s]
Animation 17: _MethodAnimation(ValueTracker):  95%|#########5| 103/108 [00:09<00:00, 10.85it/s]
Animation 17: _MethodAnimation(ValueTracker):  97%|#########7| 105/108 [00:09<00:00, 10.84it/s]
Animation 17: _MethodAnimation(ValueTracker):  99%|#########9| 107/108 [00:09<00:00, 10.83it/s]
[09/10/26 10:33:35] INFO     Animation 17 : Partial    scene_file_writer.py:192
                             movie file written in                             
                             'C:\Users\Nacho\Documents                         
                             \Animaciones\Capitulo                             
                             7\media\videos\s03_media_                         
                             varianza\1080p60\partial_                         
                             movie_files\MediaYVarianz                         
                             a\2932440949_3120585933_2                         
                             258042101.mp4'                                    
                                                                                               

Animation 18: _MethodAnimation(ValueTracker):   0%|          | 0/108 [00:00<?, ?it/s]
Animation 18: _MethodAnimation(ValueTracker):   2%|1         | 2/108 [00:00<00:09, 10.77it/s]
Animation 18: _MethodAnimation(ValueTracker):   4%|3         | 4/108 [00:00<00:10, 10.04it/s]
Animation 18: _MethodAnimation(ValueTracker):   6%|5         | 6/108 [00:00<00:09, 10.41it/s]
Animation 18: _MethodAnimation(ValueTracker):   7%|7         | 8/108 [00:00<00:09, 10.58it/s]
Animation 18: _MethodAnimation(ValueTracker):   9%|9         | 10/108 [00:00<00:09, 10.77it/s]
Animation 18: _MethodAnimation(ValueTracker):  11%|#1        | 12/108 [00:01<00:08, 10.95it/s]
Animation 18: _MethodAnimation(ValueTracker):  13%|#2        | 14/108 [00:01<00:08, 11.10it/s]
Animation 18: _MethodAnimation(ValueTracker):  15%|#4        | 16/108 [00:01<00:08, 10.95it/s]
Animation 18: _MethodAnimation(ValueTracker):  17%|#6        | 18/108 [00:01<00:08, 11.15it/s]
Animation 18: _MethodAnimation(ValueTracker):  19%|#8        | 20/108 [00:01<00:08, 10.95it/s]
Animation 18: _MethodAnimation(ValueTracker):  20%|##        | 22/108 [00:02<00:07, 10.92it/s]
Animation 18: _MethodAnimation(ValueTracker):  22%|##2       | 24/108 [00:02<00:07, 10.78it/s]
Animation 18: _MethodAnimation(ValueTracker):  24%|##4       | 26/108 [00:02<00:07, 10.69it/s]
Animation 18: _MethodAnimation(ValueTracker):  26%|##5       | 28/108 [00:02<00:07, 10.90it/s]
Animation 18: _MethodAnimation(ValueTracker):  28%|##7       | 30/108 [00:02<00:07, 11.06it/s]
Animation 18: _MethodAnimation(ValueTracker):  30%|##9       | 32/108 [00:02<00:06, 11.11it/s]
Animation 18: _MethodAnimation(ValueTracker):  31%|###1      | 34/108 [00:03<00:06, 11.38it/s]
Animation 18: _MethodAnimation(ValueTracker):  33%|###3      | 36/108 [00:03<00:06, 11.19it/s]
Animation 18: _MethodAnimation(ValueTracker):  35%|###5      | 38/108 [00:03<00:06, 11.31it/s]
Animation 18: _MethodAnimation(ValueTracker):  37%|###7      | 40/108 [00:03<00:05, 11.37it/s]
Animation 18: _MethodAnimation(ValueTracker):  39%|###8      | 42/108 [00:03<00:05, 11.33it/s]
Animation 18: _MethodAnimation(ValueTracker):  41%|####      | 44/108 [00:04<00:05, 11.08it/s]
Animation 18: _MethodAnimation(ValueTracker):  43%|####2     | 46/108 [00:04<00:05, 11.51it/s]
Animation 18: _MethodAnimation(ValueTracker):  44%|####4     | 48/108 [00:04<00:05, 11.03it/s]
Animation 18: _MethodAnimation(ValueTracker):  46%|####6     | 50/108 [00:04<00:05, 11.00it/s]
Animation 18: _MethodAnimation(ValueTracker):  48%|####8     | 52/108 [00:04<00:04, 11.29it/s]
Animation 18: _MethodAnimation(ValueTracker):  50%|#####     | 54/108 [00:04<00:04, 11.13it/s]
Animation 18: _MethodAnimation(ValueTracker):  52%|#####1    | 56/108 [00:05<00:04, 11.12it/s]
Animation 18: _MethodAnimation(ValueTracker):  54%|#####3    | 58/108 [00:05<00:04, 11.13it/s]
Animation 18: _MethodAnimation(ValueTracker):  56%|#####5    | 60/108 [00:05<00:04, 10.91it/s]
Animation 18: _MethodAnimation(ValueTracker):  57%|#####7    | 62/108 [00:05<00:04, 11.00it/s]
Animation 18: _MethodAnimation(ValueTracker):  59%|#####9    | 64/108 [00:05<00:03, 11.04it/s]
Animation 18: _MethodAnimation(ValueTracker):  61%|######1   | 66/108 [00:05<00:03, 11.19it/s]
Animation 18: _MethodAnimation(ValueTracker):  63%|######2   | 68/108 [00:06<00:03, 11.20it/s]
Animation 18: _MethodAnimation(ValueTracker):  65%|######4   | 70/108 [00:06<00:03, 11.17it/s]
Animation 18: _MethodAnimation(ValueTracker):  67%|######6   | 72/108 [00:06<00:03, 11.24it/s]
Animation 18: _MethodAnimation(ValueTracker):  69%|######8   | 74/108 [00:06<00:02, 11.46it/s]
Animation 18: _MethodAnimation(ValueTracker):  70%|#######   | 76/108 [00:06<00:02, 11.25it/s]
Animation 18: _MethodAnimation(ValueTracker):  72%|#######2  | 78/108 [00:07<00:02, 11.21it/s]
Animation 18: _MethodAnimation(ValueTracker):  74%|#######4  | 80/108 [00:07<00:02, 11.16it/s]
Animation 18: _MethodAnimation(ValueTracker):  76%|#######5  | 82/108 [00:07<00:02, 11.51it/s]
Animation 18: _MethodAnimation(ValueTracker):  78%|#######7  | 84/108 [00:07<00:02, 11.16it/s]
Animation 18: _MethodAnimation(ValueTracker):  80%|#######9  | 86/108 [00:07<00:01, 11.25it/s]
Animation 18: _MethodAnimation(ValueTracker):  81%|########1 | 88/108 [00:07<00:01, 11.10it/s]
Animation 18: _MethodAnimation(ValueTracker):  83%|########3 | 90/108 [00:08<00:01, 11.36it/s]
Animation 18: _MethodAnimation(ValueTracker):  85%|########5 | 92/108 [00:08<00:01, 11.32it/s]
Animation 18: _MethodAnimation(ValueTracker):  87%|########7 | 94/108 [00:08<00:01, 11.02it/s]
Animation 18: _MethodAnimation(ValueTracker):  89%|########8 | 96/108 [00:08<00:01, 10.74it/s]
Animation 18: _MethodAnimation(ValueTracker):  91%|######### | 98/108 [00:08<00:00, 10.80it/s]
Animation 18: _MethodAnimation(ValueTracker):  93%|#########2| 100/108 [00:09<00:00, 10.58it/s]
Animation 18: _MethodAnimation(ValueTracker):  94%|#########4| 102/108 [00:09<00:00, 10.85it/s]
Animation 18: _MethodAnimation(ValueTracker):  96%|#########6| 104/108 [00:09<00:00, 10.67it/s]
Animation 18: _MethodAnimation(ValueTracker):  98%|#########8| 106/108 [00:09<00:00, 10.85it/s]
Animation 18: _MethodAnimation(ValueTracker): 100%|##########| 108/108 [00:09<00:00, 10.91it/s]
[09/10/26 10:33:45] INFO     Animation 18 : Partial    scene_file_writer.py:192
                             movie file written in                             
                             'C:\Users\Nacho\Documents                         
                             \Animaciones\Capitulo                             
                             7\media\videos\s03_media_                         
                             varianza\1080p60\partial_                         
                             movie_files\MediaYVarianz                         
                             a\2932440949_3691570799_2                         
                             881627090.mp4'                                    
                                                                                               

Animation 19: _MethodAnimation(ValueTracker):   0%|          | 0/72 [00:00<?, ?it/s]
Animation 19: _MethodAnimation(ValueTracker):   3%|2         | 2/72 [00:00<00:06, 10.01it/s]
Animation 19: _MethodAnimation(ValueTracker):   6%|5         | 4/72 [00:00<00:06, 10.20it/s]
Animation 19: _MethodAnimation(ValueTracker):   8%|8         | 6/72 [00:00<00:06, 10.62it/s]
Animation 19: _MethodAnimation(ValueTracker):  11%|#1        | 8/72 [00:00<00:05, 10.92it/s]
Animation 19: _MethodAnimation(ValueTracker):  14%|#3        | 10/72 [00:00<00:05, 11.06it/s]
Animation 19: _MethodAnimation(ValueTracker):  17%|#6        | 12/72 [00:01<00:05, 11.19it/s]
Animation 19: _MethodAnimation(ValueTracker):  19%|#9        | 14/72 [00:01<00:05, 11.20it/s]
Animation 19: _MethodAnimation(ValueTracker):  22%|##2       | 16/72 [00:01<00:05, 11.17it/s]
Animation 19: _MethodAnimation(ValueTracker):  25%|##5       | 18/72 [00:01<00:04, 11.13it/s]
Animation 19: _MethodAnimation(ValueTracker):  28%|##7       | 20/72 [00:01<00:04, 10.82it/s]
Animation 19: _MethodAnimation(ValueTracker):  31%|###       | 22/72 [00:02<00:04, 10.89it/s]
Animation 19: _MethodAnimation(ValueTracker):  33%|###3      | 24/72 [00:02<00:04, 10.91it/s]
Animation 19: _MethodAnimation(ValueTracker):  36%|###6      | 26/72 [00:02<00:04, 11.03it/s]
Animation 19: _MethodAnimation(ValueTracker):  39%|###8      | 28/72 [00:02<00:03, 11.13it/s]
Animation 19: _MethodAnimation(ValueTracker):  42%|####1     | 30/72 [00:02<00:03, 11.10it/s]
Animation 19: _MethodAnimation(ValueTracker):  44%|####4     | 32/72 [00:02<00:03, 11.22it/s]
Animation 19: _MethodAnimation(ValueTracker):  47%|####7     | 34/72 [00:03<00:03, 11.05it/s]
Animation 19: _MethodAnimation(ValueTracker):  50%|#####     | 36/72 [00:03<00:03, 11.21it/s]
Animation 19: _MethodAnimation(ValueTracker):  53%|#####2    | 38/72 [00:03<00:03, 10.96it/s]
Animation 19: _MethodAnimation(ValueTracker):  56%|#####5    | 40/72 [00:03<00:03, 10.51it/s]
Animation 19: _MethodAnimation(ValueTracker):  58%|#####8    | 42/72 [00:03<00:02, 10.62it/s]
Animation 19: _MethodAnimation(ValueTracker):  61%|######1   | 44/72 [00:04<00:02, 10.22it/s]
Animation 19: _MethodAnimation(ValueTracker):  64%|######3   | 46/72 [00:04<00:02, 10.34it/s]
Animation 19: _MethodAnimation(ValueTracker):  67%|######6   | 48/72 [00:04<00:02, 10.54it/s]
Animation 19: _MethodAnimation(ValueTracker):  69%|######9   | 50/72 [00:04<00:02, 10.64it/s]
Animation 19: _MethodAnimation(ValueTracker):  72%|#######2  | 52/72 [00:04<00:01, 10.65it/s]
Animation 19: _MethodAnimation(ValueTracker):  75%|#######5  | 54/72 [00:04<00:01, 11.11it/s]
Animation 19: _MethodAnimation(ValueTracker):  78%|#######7  | 56/72 [00:05<00:01, 10.54it/s]
Animation 19: _MethodAnimation(ValueTracker):  81%|########  | 58/72 [00:05<00:01, 10.66it/s]
Animation 19: _MethodAnimation(ValueTracker):  83%|########3 | 60/72 [00:05<00:01, 10.43it/s]
Animation 19: _MethodAnimation(ValueTracker):  86%|########6 | 62/72 [00:05<00:00, 10.60it/s]
Animation 19: _MethodAnimation(ValueTracker):  89%|########8 | 64/72 [00:05<00:00, 10.63it/s]
Animation 19: _MethodAnimation(ValueTracker):  92%|#########1| 66/72 [00:06<00:00, 10.82it/s]
Animation 19: _MethodAnimation(ValueTracker):  94%|#########4| 68/72 [00:06<00:00, 10.63it/s]
Animation 19: _MethodAnimation(ValueTracker):  97%|#########7| 70/72 [00:06<00:00, 10.84it/s]
Animation 19: _MethodAnimation(ValueTracker): 100%|##########| 72/72 [00:06<00:00, 10.81it/s]
[09/10/26 10:33:52] INFO     Animation 19 : Partial    scene_file_writer.py:192
                             movie file written in                             
                             'C:\Users\Nacho\Documents                         
                             \Animaciones\Capitulo                             
                             7\media\videos\s03_media_                         
                             varianza\1080p60\partial_                         
                             movie_files\MediaYVarianz                         
                             a\2932440949_2873324629_2                         
                             680721348.mp4'                                    
                    INFO     Animation 20 : Partial    scene_file_writer.py:192
                             movie file written in                             
                             'C:\Users\Nacho\Documents                         
                             \Animaciones\Capitulo                             
                             7\media\videos\s03_media_                         
                             varianza\1080p60\partial_                         
                             movie_files\MediaYVarianz                         
                             a\2932440949_941615173_24                         
                             79384013.mp4'                                     
                                                                                             

Animation 21: FadeOut(Text('la varianza mide cuánto se desparrama')):   0%|          | 0/60 [00:00<?, ?it/s]
Animation 21: FadeOut(Text('la varianza mide cuánto se desparrama')):   3%|3         | 2/60 [00:00<00:05, 10.76it/s]
Animation 21: FadeOut(Text('la varianza mide cuánto se desparrama')):   7%|6         | 4/60 [00:00<00:05, 10.95it/s]
Animation 21: FadeOut(Text('la varianza mide cuánto se desparrama')):  10%|#         | 6/60 [00:00<00:04, 10.92it/s]
Animation 21: FadeOut(Text('la varianza mide cuánto se desparrama')):  13%|#3        | 8/60 [00:00<00:04, 11.32it/s]
Animation 21: FadeOut(Text('la varianza mide cuánto se desparrama')):  17%|#6        | 10/60 [00:00<00:04, 11.25it/s]
Animation 21: FadeOut(Text('la varianza mide cuánto se desparrama')):  20%|##        | 12/60 [00:01<00:04, 11.41it/s]
Animation 21: FadeOut(Text('la varianza mide cuánto se desparrama')):  23%|##3       | 14/60 [00:01<00:04, 11.15it/s]
Animation 21: FadeOut(Text('la varianza mide cuánto se desparrama')):  27%|##6       | 16/60 [00:01<00:03, 11.50it/s]
Animation 21: FadeOut(Text('la varianza mide cuánto se desparrama')):  30%|###       | 18/60 [00:01<00:03, 11.28it/s]
Animation 21: FadeOut(Text('la varianza mide cuánto se desparrama')):  33%|###3      | 20/60 [00:01<00:03, 11.51it/s]
Animation 21: FadeOut(Text('la varianza mide cuánto se desparrama')):  37%|###6      | 22/60 [00:01<00:03, 11.23it/s]
Animation 21: FadeOut(Text('la varianza mide cuánto se desparrama')):  40%|####      | 24/60 [00:02<00:03, 11.27it/s]
Animation 21: FadeOut(Text('la varianza mide cuánto se desparrama')):  43%|####3     | 26/60 [00:02<00:03, 11.13it/s]
Animation 21: FadeOut(Text('la varianza mide cuánto se desparrama')):  47%|####6     | 28/60 [00:02<00:02, 11.12it/s]
Animation 21: FadeOut(Text('la varianza mide cuánto se desparrama')):  50%|#####     | 30/60 [00:02<00:02, 11.05it/s]
Animation 21: FadeOut(Text('la varianza mide cuánto se desparrama')):  53%|#####3    | 32/60 [00:02<00:02, 11.03it/s]
Animation 21: FadeOut(Text('la varianza mide cuánto se desparrama')):  57%|#####6    | 34/60 [00:03<00:02, 11.03it/s]
Animation 21: FadeOut(Text('la varianza mide cuánto se desparrama')):  60%|######    | 36/60 [00:03<00:02, 10.80it/s]
Animation 21: FadeOut(Text('la varianza mide cuánto se desparrama')):  63%|######3   | 38/60 [00:03<00:02, 10.96it/s]
Animation 21: FadeOut(Text('la varianza mide cuánto se desparrama')):  67%|######6   | 40/60 [00:03<00:01, 10.89it/s]
Animation 21: FadeOut(Text('la varianza mide cuánto se desparrama')):  70%|#######   | 42/60 [00:03<00:01, 10.82it/s]
Animation 21: FadeOut(Text('la varianza mide cuánto se desparrama')):  73%|#######3  | 44/60 [00:04<00:01, 10.37it/s]
Animation 21: FadeOut(Text('la varianza mide cuánto se desparrama')):  77%|#######6  | 46/60 [00:04<00:01, 10.37it/s]
Animation 21: FadeOut(Text('la varianza mide cuánto se desparrama')):  80%|########  | 48/60 [00:04<00:01, 10.40it/s]
Animation 21: FadeOut(Text('la varianza mide cuánto se desparrama')):  83%|########3 | 50/60 [00:04<00:00, 10.44it/s]
Animation 21: FadeOut(Text('la varianza mide cuánto se desparrama')):  87%|########6 | 52/60 [00:04<00:00, 10.60it/s]
Animation 21: FadeOut(Text('la varianza mide cuánto se desparrama')):  90%|######### | 54/60 [00:04<00:00, 10.71it/s]
Animation 21: FadeOut(Text('la varianza mide cuánto se desparrama')):  93%|#########3| 56/60 [00:05<00:00, 10.73it/s]
Animation 21: FadeOut(Text('la varianza mide cuánto se desparrama')):  97%|#########6| 58/60 [00:05<00:00, 10.74it/s]
Animation 21: FadeOut(Text('la varianza mide cuánto se desparrama')): 100%|##########| 60/60 [00:05<00:00, 10.68it/s]
[09/10/26 10:33:58] INFO     Animation 21 : Partial    scene_file_writer.py:192
                             movie file written in                             
                             'C:\Users\Nacho\Documents                         
                             \Animaciones\Capitulo                             
                             7\media\videos\s03_media_                         
                             varianza\1080p60\partial_                         
                             movie_files\MediaYVarianz                         
                             a\2932440949_2957804160_3                         
                             678382065.mp4'                                    
                                                                                                                     

Animation 22: FadeOut(VGroup of 11 submobjects):   0%|          | 0/60 [00:00<?, ?it/s]
Animation 22: FadeOut(VGroup of 11 submobjects):   2%|1         | 1/60 [00:00<00:14,  4.00it/s]
Animation 22: FadeOut(VGroup of 11 submobjects):   3%|3         | 2/60 [00:00<00:14,  3.89it/s]
Animation 22: FadeOut(VGroup of 11 submobjects):   5%|5         | 3/60 [00:00<00:14,  3.98it/s]
Animation 22: FadeOut(VGroup of 11 submobjects):   7%|6         | 4/60 [00:00<00:13,  4.17it/s]
Animation 22: FadeOut(VGroup of 11 submobjects):   8%|8         | 5/60 [00:01<00:13,  4.10it/s]
Animation 22: FadeOut(VGroup of 11 submobjects):  10%|#         | 6/60 [00:01<00:13,  4.13it/s]
Animation 22: FadeOut(VGroup of 11 submobjects):  12%|#1        | 7/60 [00:01<00:13,  3.94it/s]
Animation 22: FadeOut(VGroup of 11 submobjects):  13%|#3        | 8/60 [00:02<00:13,  3.89it/s]
Animation 22: FadeOut(VGroup of 11 submobjects):  15%|#5        | 9/60 [00:02<00:13,  3.85it/s]
Animation 22: FadeOut(VGroup of 11 submobjects):  17%|#6        | 10/60 [00:02<00:12,  3.98it/s]
Animation 22: FadeOut(VGroup of 11 submobjects):  18%|#8        | 11/60 [00:02<00:12,  3.99it/s]
Animation 22: FadeOut(VGroup of 11 submobjects):  20%|##        | 12/60 [00:03<00:12,  3.98it/s]
Animation 22: FadeOut(VGroup of 11 submobjects):  22%|##1       | 13/60 [00:03<00:11,  4.06it/s]
Animation 22: FadeOut(VGroup of 11 submobjects):  23%|##3       | 14/60 [00:03<00:11,  4.05it/s]
Animation 22: FadeOut(VGroup of 11 submobjects):  25%|##5       | 15/60 [00:03<00:11,  4.08it/s]
Animation 22: FadeOut(VGroup of 11 submobjects):  27%|##6       | 16/60 [00:03<00:10,  4.08it/s]
Animation 22: FadeOut(VGroup of 11 submobjects):  28%|##8       | 17/60 [00:04<00:10,  4.11it/s]
Animation 22: FadeOut(VGroup of 11 submobjects):  30%|###       | 18/60 [00:04<00:10,  4.10it/s]
Animation 22: FadeOut(VGroup of 11 submobjects):  32%|###1      | 19/60 [00:04<00:10,  4.09it/s]
Animation 22: FadeOut(VGroup of 11 submobjects):  33%|###3      | 20/60 [00:04<00:09,  4.13it/s]
Animation 22: FadeOut(VGroup of 11 submobjects):  35%|###5      | 21/60 [00:05<00:09,  4.15it/s]
Animation 22: FadeOut(VGroup of 11 submobjects):  37%|###6      | 22/60 [00:05<00:09,  4.15it/s]
Animation 22: FadeOut(VGroup of 11 submobjects):  38%|###8      | 23/60 [00:05<00:09,  4.06it/s]
Animation 22: FadeOut(VGroup of 11 submobjects):  40%|####      | 24/60 [00:05<00:09,  3.96it/s]
Animation 22: FadeOut(VGroup of 11 submobjects):  42%|####1     | 25/60 [00:06<00:08,  3.96it/s]
Animation 22: FadeOut(VGroup of 11 submobjects):  43%|####3     | 26/60 [00:06<00:08,  3.92it/s]
Animation 22: FadeOut(VGroup of 11 submobjects):  45%|####5     | 27/60 [00:06<00:08,  4.01it/s]
Animation 22: FadeOut(VGroup of 11 submobjects):  47%|####6     | 28/60 [00:06<00:08,  3.99it/s]
Animation 22: FadeOut(VGroup of 11 submobjects):  48%|####8     | 29/60 [00:07<00:07,  4.01it/s]
Animation 22: FadeOut(VGroup of 11 submobjects):  50%|#####     | 30/60 [00:07<00:07,  3.96it/s]
Animation 22: FadeOut(VGroup of 11 submobjects):  52%|#####1    | 31/60 [00:07<00:07,  4.06it/s]
Animation 22: FadeOut(VGroup of 11 submobjects):  53%|#####3    | 32/60 [00:07<00:06,  4.08it/s]
Animation 22: FadeOut(VGroup of 11 submobjects):  55%|#####5    | 33/60 [00:08<00:06,  4.05it/s]
Animation 22: FadeOut(VGroup of 11 submobjects):  57%|#####6    | 34/60 [00:08<00:06,  4.13it/s]
Animation 22: FadeOut(VGroup of 11 submobjects):  58%|#####8    | 35/60 [00:08<00:06,  4.07it/s]
Animation 22: FadeOut(VGroup of 11 submobjects):  60%|######    | 36/60 [00:08<00:05,  4.16it/s]
Animation 22: FadeOut(VGroup of 11 submobjects):  62%|######1   | 37/60 [00:09<00:05,  4.23it/s]
Animation 22: FadeOut(VGroup of 11 submobjects):  63%|######3   | 38/60 [00:09<00:05,  4.12it/s]
Animation 22: FadeOut(VGroup of 11 submobjects):  65%|######5   | 39/60 [00:09<00:05,  4.08it/s]
Animation 22: FadeOut(VGroup of 11 submobjects):  67%|######6   | 40/60 [00:09<00:04,  4.19it/s]
Animation 22: FadeOut(VGroup of 11 submobjects):  68%|######8   | 41/60 [00:10<00:04,  4.21it/s]
Animation 22: FadeOut(VGroup of 11 submobjects):  70%|#######   | 42/60 [00:10<00:04,  4.23it/s]
Animation 22: FadeOut(VGroup of 11 submobjects):  72%|#######1  | 43/60 [00:10<00:04,  4.15it/s]
Animation 22: FadeOut(VGroup of 11 submobjects):  73%|#######3  | 44/60 [00:10<00:03,  4.11it/s]
Animation 22: FadeOut(VGroup of 11 submobjects):  75%|#######5  | 45/60 [00:11<00:03,  4.11it/s]
Animation 22: FadeOut(VGroup of 11 submobjects):  77%|#######6  | 46/60 [00:11<00:03,  4.14it/s]
Animation 22: FadeOut(VGroup of 11 submobjects):  78%|#######8  | 47/60 [00:11<00:03,  4.18it/s]
Animation 22: FadeOut(VGroup of 11 submobjects):  80%|########  | 48/60 [00:11<00:02,  4.11it/s]
Animation 22: FadeOut(VGroup of 11 submobjects):  82%|########1 | 49/60 [00:12<00:02,  4.09it/s]
Animation 22: FadeOut(VGroup of 11 submobjects):  83%|########3 | 50/60 [00:12<00:02,  4.16it/s]
Animation 22: FadeOut(VGroup of 11 submobjects):  85%|########5 | 51/60 [00:12<00:02,  4.17it/s]
Animation 22: FadeOut(VGroup of 11 submobjects):  87%|########6 | 52/60 [00:12<00:01,  4.13it/s]
Animation 22: FadeOut(VGroup of 11 submobjects):  88%|########8 | 53/60 [00:13<00:01,  4.12it/s]
Animation 22: FadeOut(VGroup of 11 submobjects):  90%|######### | 54/60 [00:13<00:01,  4.08it/s]
Animation 22: FadeOut(VGroup of 11 submobjects):  92%|#########1| 55/60 [00:13<00:01,  3.80it/s]
Animation 22: FadeOut(VGroup of 11 submobjects):  93%|#########3| 56/60 [00:13<00:01,  3.70it/s]
Animation 22: FadeOut(VGroup of 11 submobjects):  95%|#########5| 57/60 [00:14<00:00,  3.81it/s]
Animation 22: FadeOut(VGroup of 11 submobjects):  97%|#########6| 58/60 [00:14<00:00,  3.88it/s]
Animation 22: FadeOut(VGroup of 11 submobjects):  98%|#########8| 59/60 [00:14<00:00,  3.92it/s]
Animation 22: FadeOut(VGroup of 11 submobjects): 100%|##########| 60/60 [00:14<00:00,  3.95it/s]
[09/10/26 10:34:14] INFO     Animation 22 : Partial    scene_file_writer.py:192
                             movie file written in                             
                             'C:\Users\Nacho\Documents                         
                             \Animaciones\Capitulo                             
                             7\media\videos\s03_media_                         
                             varianza\1080p60\partial_                         
                             movie_files\MediaYVarianz                         
                             a\2932440949_4066969735_1                         
                             311495741.mp4'                                    
                                                                                                

Animation 23: Write(MathTex('\\sigma_X^2 = E\\big[(X-\\mu_X)^2\\big]')):   0%|          | 0/60 [00:00<?, ?it/s]
Animation 23: Write(MathTex('\\sigma_X^2 = E\\big[(X-\\mu_X)^2\\big]')):  23%|##3       | 14/60 [00:00<00:00, 
136.51it/s]
Animation 23: Write(MathTex('\\sigma_X^2 = E\\big[(X-\\mu_X)^2\\big]')):  47%|####6     | 28/60 [00:00<00:00, 
116.87it/s]
Animation 23: Write(MathTex('\\sigma_X^2 = E\\big[(X-\\mu_X)^2\\big]')):  67%|######6   | 40/60 [00:00<00:00, 
113.26it/s]
Animation 23: Write(MathTex('\\sigma_X^2 = E\\big[(X-\\mu_X)^2\\big]')):  88%|########8 | 53/60 [00:00<00:00, 
115.25it/s]
[09/10/26 10:34:15] INFO     Animation 23 : Partial    scene_file_writer.py:192
                             movie file written in                             
                             'C:\Users\Nacho\Documents                         
                             \Animaciones\Capitulo                             
                             7\media\videos\s03_media_                         
                             varianza\1080p60\partial_                         
                             movie_files\MediaYVarianz                         
                             a\2932440949_39553785_403                         
                             2738284.mp4'                                      
                    INFO     Animation 24 : Partial    scene_file_writer.py:192
                             movie file written in                             
                             'C:\Users\Nacho\Documents                         
                             \Animaciones\Capitulo                             
                             7\media\videos\s03_media_                         
                             varianza\1080p60\partial_                         
                             movie_files\MediaYVarianz                         
                             a\2932440949_3880968470_4                         
                             023228170.mp4'                                    
                                                                                                                       
  

Animation 25: FadeIn(Text('definición')):   0%|          | 0/30 [00:00<?, ?it/s]
Animation 25: FadeIn(Text('definición')):  47%|####6     | 14/30 [00:00<00:00, 139.93it/s]
Animation 25: FadeIn(Text('definición')):  93%|#########3| 28/30 [00:00<00:00, 137.37it/s]
                    INFO     Animation 25 : Partial    scene_file_writer.py:192
                             movie file written in                             
                             'C:\Users\Nacho\Documents                         
                             \Animaciones\Capitulo                             
                             7\media\videos\s03_media_                         
                             varianza\1080p60\partial_                         
                             movie_files\MediaYVarianz                         
                             a\2932440949_92972980_449                         
                             524921.mp4'                                       
                                                                                          

Animation 26: Write(MathTex('= E\\big[X^2 - 2\\mu_X X + \\mu_X^2\\big]')):   0%|          | 0/54 [00:00<?, ?it/s]
Animation 26: Write(MathTex('= E\\big[X^2 - 2\\mu_X X + \\mu_X^2\\big]')):  28%|##7       | 15/54 [00:00<00:00, 
146.18it/s]
Animation 26: Write(MathTex('= E\\big[X^2 - 2\\mu_X X + \\mu_X^2\\big]')):  56%|#####5    | 30/54 [00:00<00:00, 
134.63it/s]
Animation 26: Write(MathTex('= E\\big[X^2 - 2\\mu_X X + \\mu_X^2\\big]')):  81%|########1 | 44/54 [00:00<00:00, 
126.70it/s]
[09/10/26 10:34:16] INFO     Animation 26 : Partial    scene_file_writer.py:192
                             movie file written in                             
                             'C:\Users\Nacho\Documents                         
                             \Animaciones\Capitulo                             
                             7\media\videos\s03_media_                         
                             varianza\1080p60\partial_                         
                             movie_files\MediaYVarianz                         
                             a\2932440949_415693335_36                         
                             88087398.mp4'                                     
                                                                                                                       
    

Animation 27: FadeOut(Text('definición')):   0%|          | 0/21 [00:00<?, ?it/s]
Animation 27: FadeOut(Text('definición')):  57%|#####7    | 12/21 [00:00<00:00, 117.71it/s]
                    INFO     Animation 27 : Partial    scene_file_writer.py:192
                             movie file written in                             
                             'C:\Users\Nacho\Documents                         
                             \Animaciones\Capitulo                             
                             7\media\videos\s03_media_                         
                             varianza\1080p60\partial_                         
                             movie_files\MediaYVarianz                         
                             a\2932440949_840117813_97                         
                             181090.mp4'                                       
                                                                                           

Animation 28: FadeIn(Text('cuadrado del binomio')):   0%|          | 0/30 [00:00<?, ?it/s]
Animation 28: FadeIn(Text('cuadrado del binomio')):  40%|####      | 12/30 [00:00<00:00, 113.23it/s]
Animation 28: FadeIn(Text('cuadrado del binomio')):  80%|########  | 24/30 [00:00<00:00, 109.66it/s]
[09/10/26 10:34:17] INFO     Animation 28 : Partial    scene_file_writer.py:192
                             movie file written in                             
                             'C:\Users\Nacho\Documents                         
                             \Animaciones\Capitulo                             
                             7\media\videos\s03_media_                         
                             varianza\1080p60\partial_                         
                             movie_files\MediaYVarianz                         
                             a\2932440949_2826153541_4                         
                             178283331.mp4'                                    
                                                                                                    

Animation 29: Write(MathTex('= E[X^2] - 2\\mu_X\\,E[X] + \\mu_X^2')):   0%|          | 0/54 [00:00<?, ?it/s]
Animation 29: Write(MathTex('= E[X^2] - 2\\mu_X\\,E[X] + \\mu_X^2')):  26%|##5       | 14/54 [00:00<00:00, 139.48it/s]
Animation 29: Write(MathTex('= E[X^2] - 2\\mu_X\\,E[X] + \\mu_X^2')):  52%|#####1    | 28/54 [00:00<00:00, 123.70it/s]
Animation 29: Write(MathTex('= E[X^2] - 2\\mu_X\\,E[X] + \\mu_X^2')):  78%|#######7  | 42/54 [00:00<00:00, 125.12it/s]
[09/10/26 10:34:18] INFO     Animation 29 : Partial    scene_file_writer.py:192
                             movie file written in                             
                             'C:\Users\Nacho\Documents                         
                             \Animaciones\Capitulo                             
                             7\media\videos\s03_media_                         
                             varianza\1080p60\partial_                         
                             movie_files\MediaYVarianz                         
                             a\2932440949_4145576907_1                         
                             283264700.mp4'                                    
                                                                                                                      

Animation 30: FadeOut(Text('cuadrado del binomio')):   0%|          | 0/21 [00:00<?, ?it/s]
Animation 30: FadeOut(Text('cuadrado del binomio')):  48%|####7     | 10/21 [00:00<00:00, 95.98it/s]
Animation 30: FadeOut(Text('cuadrado del binomio')): 100%|##########| 21/21 [00:00<00:00, 99.69it/s]
                    INFO     Animation 30 : Partial    scene_file_writer.py:192
                             movie file written in                             
                             'C:\Users\Nacho\Documents                         
                             \Animaciones\Capitulo                             
                             7\media\videos\s03_media_                         
                             varianza\1080p60\partial_                         
                             movie_files\MediaYVarianz                         
                             a\2932440949_381762021_29                         
                             39270342.mp4'                                     
                                                                                                    

Animation 31: FadeIn(Text('linealidad de la esperanza')):   0%|          | 0/30 [00:00<?, ?it/s]
Animation 31: FadeIn(Text('linealidad de la esperanza')):  40%|####      | 12/30 [00:00<00:00, 115.35it/s]
Animation 31: FadeIn(Text('linealidad de la esperanza')):  83%|########3 | 25/30 [00:00<00:00, 112.78it/s]
[09/10/26 10:34:19] INFO     Animation 31 : Partial    scene_file_writer.py:192
                             movie file written in                             
                             'C:\Users\Nacho\Documents                         
                             \Animaciones\Capitulo                             
                             7\media\videos\s03_media_                         
                             varianza\1080p60\partial_                         
                             movie_files\MediaYVarianz                         
                             a\2932440949_1259587602_4                         
                             176191532.mp4'                                    
                                                                                                          

Animation 32: Write(MathTex('= E[X^2] - 2\\mu_X^2 + \\mu_X^2')):   0%|          | 0/54 [00:00<?, ?it/s]
Animation 32: Write(MathTex('= E[X^2] - 2\\mu_X^2 + \\mu_X^2')):  28%|##7       | 15/54 [00:00<00:00, 134.85it/s]
Animation 32: Write(MathTex('= E[X^2] - 2\\mu_X^2 + \\mu_X^2')):  54%|#####3    | 29/54 [00:00<00:00, 120.94it/s]
Animation 32: Write(MathTex('= E[X^2] - 2\\mu_X^2 + \\mu_X^2')):  78%|#######7  | 42/54 [00:00<00:00, 121.62it/s]
[09/10/26 10:34:20] INFO     Animation 32 : Partial    scene_file_writer.py:192
                             movie file written in                             
                             'C:\Users\Nacho\Documents                         
                             \Animaciones\Capitulo                             
                             7\media\videos\s03_media_                         
                             varianza\1080p60\partial_                         
                             movie_files\MediaYVarianz                         
                             a\2932440949_3249834086_4                         
                             090899293.mp4'                                    
                                                                                                                 

Animation 33: FadeOut(Text('linealidad de la esperanza')):   0%|          | 0/21 [00:00<?, ?it/s]
Animation 33: FadeOut(Text('linealidad de la esperanza')):  52%|#####2    | 11/21 [00:00<00:00, 103.64it/s]
                    INFO     Animation 33 : Partial    scene_file_writer.py:192
                             movie file written in                             
                             'C:\Users\Nacho\Documents                         
                             \Animaciones\Capitulo                             
                             7\media\videos\s03_media_                         
                             varianza\1080p60\partial_                         
                             movie_files\MediaYVarianz                         
                             a\2932440949_2591014148_1                         
                             484648321.mp4'                                    
                                                                                                           

Animation 34: FadeIn(Text('la esperanza de una constante es la constante')):   0%|          | 0/30 [00:00<?, ?it/s]
Animation 34: FadeIn(Text('la esperanza de una constante es la constante')):  37%|###6      | 11/30 [00:00<00:00, 
100.03it/s]
Animation 34: FadeIn(Text('la esperanza de una constante es la constante')):  73%|#######3  | 22/30 [00:00<00:00, 
98.65it/s] 
[09/10/26 10:34:21] INFO     Animation 34 : Partial    scene_file_writer.py:192
                             movie file written in                             
                             'C:\Users\Nacho\Documents                         
                             \Animaciones\Capitulo                             
                             7\media\videos\s03_media_                         
                             varianza\1080p60\partial_                         
                             movie_files\MediaYVarianz                         
                             a\2932440949_3737089666_3                         
                             244925957.mp4'                                    
                                                                                                                       
     

Animation 35: Write(MathTex('\\sigma_X^2 = E[X^2] - \\mu_X^2')):   0%|          | 0/54 [00:00<?, ?it/s]
Animation 35: Write(MathTex('\\sigma_X^2 = E[X^2] - \\mu_X^2')):  24%|##4       | 13/54 [00:00<00:00, 126.92it/s]
Animation 35: Write(MathTex('\\sigma_X^2 = E[X^2] - \\mu_X^2')):  50%|#####     | 27/54 [00:00<00:00, 123.00it/s]
Animation 35: Write(MathTex('\\sigma_X^2 = E[X^2] - \\mu_X^2')):  74%|#######4  | 40/54 [00:00<00:00, 120.28it/s]
[09/10/26 10:34:22] INFO     Animation 35 : Partial    scene_file_writer.py:192
                             movie file written in                             
                             'C:\Users\Nacho\Documents                         
                             \Animaciones\Capitulo                             
                             7\media\videos\s03_media_                         
                             varianza\1080p60\partial_                         
                             movie_files\MediaYVarianz                         
                             a\2932440949_33661648_201                         
                             2305067.mp4'                                      
                                                                                                                 

Animation 36: FadeOut(Text('la esperanza de una constante es la constante')):   0%|          | 0/21 [00:00<?, ?it/s]
Animation 36: FadeOut(Text('la esperanza de una constante es la constante')):  48%|####7     | 10/21 [00:00<00:00, 
94.42it/s]
Animation 36: FadeOut(Text('la esperanza de una constante es la constante')):  95%|#########5| 20/21 [00:00<00:00, 
94.05it/s]
                    INFO     Animation 36 : Partial    scene_file_writer.py:192
                             movie file written in                             
                             'C:\Users\Nacho\Documents                         
                             \Animaciones\Capitulo                             
                             7\media\videos\s03_media_                         
                             varianza\1080p60\partial_                         
                             movie_files\MediaYVarianz                         
                             a\2932440949_1790031894_1                         
                             438925836.mp4'                                    
                                                                                                                       
      

Animation 37: Circumscribe(Group):   0%|          | 0/60 [00:00<?, ?it/s]
Animation 37: Circumscribe(Group):  38%|###8      | 23/60 [00:00<00:00, 220.32it/s]
Animation 37: Circumscribe(Group):  77%|#######6  | 46/60 [00:00<00:00, 208.56it/s]
[09/10/26 10:34:23] INFO     Animation 37 : Partial    scene_file_writer.py:192
                             movie file written in                             
                             'C:\Users\Nacho\Documents                         
                             \Animaciones\Capitulo                             
                             7\media\videos\s03_media_                         
                             varianza\1080p60\partial_                         
                             movie_files\MediaYVarianz                         
                             a\2932440949_3654501920_3                         
                             901505308.mp4'                                    
[09/10/26 10:34:24] INFO     Animation 38 : Partial    scene_file_writer.py:192
                             movie file written in                             
                             'C:\Users\Nacho\Documents                         
                             \Animaciones\Capitulo                             
                             7\media\videos\s03_media_                         
                             varianza\1080p60\partial_                         
                             movie_files\MediaYVarianz                         
                             a\2932440949_3580093213_2                         
                             948998136.mp4'                                    
                                                                                   

Animation 39: FadeOut(VGroup of 5 submobjects):   0%|          | 0/60 [00:00<?, ?it/s]
Animation 39: FadeOut(VGroup of 5 submobjects):  13%|#3        | 8/60 [00:00<00:00, 79.51it/s]
Animation 39: FadeOut(VGroup of 5 submobjects):  28%|##8       | 17/60 [00:00<00:00, 78.00it/s]
Animation 39: FadeOut(VGroup of 5 submobjects):  43%|####3     | 26/60 [00:00<00:00, 77.80it/s]
Animation 39: FadeOut(VGroup of 5 submobjects):  57%|#####6    | 34/60 [00:00<00:00, 77.43it/s]
Animation 39: FadeOut(VGroup of 5 submobjects):  70%|#######   | 42/60 [00:00<00:00, 78.18it/s]
Animation 39: FadeOut(VGroup of 5 submobjects):  83%|########3 | 50/60 [00:00<00:00, 70.16it/s]
Animation 39: FadeOut(VGroup of 5 submobjects):  97%|#########6| 58/60 [00:00<00:00, 69.63it/s]
[09/10/26 10:34:25] INFO     Animation 39 : Partial    scene_file_writer.py:192
                             movie file written in                             
                             'C:\Users\Nacho\Documents                         
                             \Animaciones\Capitulo                             
                             7\media\videos\s03_media_                         
                             varianza\1080p60\partial_                         
                             movie_files\MediaYVarianz                         
                             a\2932440949_3348931677_4                         
                             15871269.mp4'                                     
                                                                                               

Animation 40: FadeIn(Text('¿Por qué nos conformamos con dos números?')):   0%|          | 0/60 [00:00<?, ?it/s]
Animation 40: FadeIn(Text('¿Por qué nos conformamos con dos números?')):  18%|#8        | 11/60 [00:00<00:00, 
101.67it/s]
Animation 40: FadeIn(Text('¿Por qué nos conformamos con dos números?')):  37%|###6      | 22/60 [00:00<00:00, 
99.86it/s] 
Animation 40: FadeIn(Text('¿Por qué nos conformamos con dos números?')):  53%|#####3    | 32/60 [00:00<00:00, 
98.83it/s]
Animation 40: FadeIn(Text('¿Por qué nos conformamos con dos números?')):  72%|#######1  | 43/60 [00:00<00:00, 
100.11it/s]
Animation 40: FadeIn(Text('¿Por qué nos conformamos con dos números?')):  90%|######### | 54/60 [00:00<00:00, 
101.32it/s]
[09/10/26 10:34:26] INFO     Animation 40 : Partial    scene_file_writer.py:192
                             movie file written in                             
                             'C:\Users\Nacho\Documents                         
                             \Animaciones\Capitulo                             
                             7\media\videos\s03_media_                         
                             varianza\1080p60\partial_                         
                             movie_files\MediaYVarianz                         
                             a\2932440949_964367230_73                         
                             0699417.mp4'                                      
[09/10/26 10:34:27] INFO     Animation 41 : Partial    scene_file_writer.py:192
                             movie file written in                             
                             'C:\Users\Nacho\Documents                         
                             \Animaciones\Capitulo                             
                             7\media\videos\s03_media_                         
                             varianza\1080p60\partial_                         
                             movie_files\MediaYVarianz                         
                             a\2932440949_3880968470_2                         
                             739617019.mp4'                                    
                                                                                                                       
  

Animation 42: FadeIn(Text('Porque trabajar con la densidad completa suele ser inviable…')):   0%|          | 0/60 
[00:00<?, ?it/s]
Animation 42: FadeIn(Text('Porque trabajar con la densidad completa suele ser inviable…')):  15%|#5        | 9/60 
[00:00<00:00, 89.56it/s]
Animation 42: FadeIn(Text('Porque trabajar con la densidad completa suele ser inviable…')):  30%|###       | 18/60 
[00:00<00:00, 89.81it/s]
Animation 42: FadeIn(Text('Porque trabajar con la densidad completa suele ser inviable…')):  45%|####5     | 27/60 
[00:00<00:00, 87.59it/s]
Animation 42: FadeIn(Text('Porque trabajar con la densidad completa suele ser inviable…')):  60%|######    | 36/60 
[00:00<00:00, 88.34it/s]
Animation 42: FadeIn(Text('Porque trabajar con la densidad completa suele ser inviable…')):  77%|#######6  | 46/60 
[00:00<00:00, 89.29it/s]
Animation 42: FadeIn(Text('Porque trabajar con la densidad completa suele ser inviable…')):  92%|#########1| 55/60 
[00:00<00:00, 80.60it/s]
[09/10/26 10:34:28] INFO     Animation 42 : Partial    scene_file_writer.py:192
                             movie file written in                             
                             'C:\Users\Nacho\Documents                         
                             \Animaciones\Capitulo                             
                             7\media\videos\s03_media_                         
                             varianza\1080p60\partial_                         
                             movie_files\MediaYVarianz                         
                             a\2932440949_1880711325_8                         
                             38852435.mp4'                                     
                    INFO     Animation 43 : Partial    scene_file_writer.py:192
                             movie file written in                             
                             'C:\Users\Nacho\Documents                         
                             \Animaciones\Capitulo                             
                             7\media\videos\s03_media_                         
                             varianza\1080p60\partial_                         
                             movie_files\MediaYVarianz                         
                             a\2932440949_125152860_25                         
                             45671494.mp4'                                     
                                                                                                                       
                    

Animation 44: FadeIn(Text('y porque para la normal y la uniforme,')), etc.:   0%|          | 0/60 [00:00<?, ?it/s]
Animation 44: FadeIn(Text('y porque para la normal y la uniforme,')), etc.:  15%|#5        | 9/60 [00:00<00:00, 
89.46it/s]
Animation 44: FadeIn(Text('y porque para la normal y la uniforme,')), etc.:  32%|###1      | 19/60 [00:00<00:00, 
87.05it/s]
Animation 44: FadeIn(Text('y porque para la normal y la uniforme,')), etc.:  47%|####6     | 28/60 [00:00<00:00, 
85.97it/s]
Animation 44: FadeIn(Text('y porque para la normal y la uniforme,')), etc.:  62%|######1   | 37/60 [00:00<00:00, 
84.21it/s]
Animation 44: FadeIn(Text('y porque para la normal y la uniforme,')), etc.:  78%|#######8  | 47/60 [00:00<00:00, 
84.62it/s]
Animation 44: FadeIn(Text('y porque para la normal y la uniforme,')), etc.:  93%|#########3| 56/60 [00:00<00:00, 
74.72it/s]
[09/10/26 10:34:30] INFO     Animation 44 : Partial    scene_file_writer.py:192
                             movie file written in                             
                             'C:\Users\Nacho\Documents                         
                             \Animaciones\Capitulo                             
                             7\media\videos\s03_media_                         
                             varianza\1080p60\partial_                         
                             movie_files\MediaYVarianz                         
                             a\2932440949_2227462262_3                         
                             631965075.mp4'                                    
[09/10/26 10:34:31] INFO     Animation 45 : Partial    scene_file_writer.py:192
                             movie file written in                             
                             'C:\Users\Nacho\Documents                         
                             \Animaciones\Capitulo                             
                             7\media\videos\s03_media_                         
                             varianza\1080p60\partial_                         
                             movie_files\MediaYVarianz                         
                             a\2932440949_266979614_33                         
                             18243004.mp4'                                     
                                                                                                                       
    

Animation 46: FadeOut(VGroup of 2 submobjects):   0%|          | 0/60 [00:00<?, ?it/s]
Animation 46: FadeOut(VGroup of 2 submobjects):   8%|8         | 5/60 [00:00<00:01, 37.60it/s]
Animation 46: FadeOut(VGroup of 2 submobjects):  15%|#5        | 9/60 [00:00<00:01, 38.02it/s]
Animation 46: FadeOut(VGroup of 2 submobjects):  22%|##1       | 13/60 [00:00<00:01, 38.74it/s]
Animation 46: FadeOut(VGroup of 2 submobjects):  28%|##8       | 17/60 [00:00<00:01, 37.67it/s]
Animation 46: FadeOut(VGroup of 2 submobjects):  37%|###6      | 22/60 [00:00<00:00, 39.47it/s]
Animation 46: FadeOut(VGroup of 2 submobjects):  43%|####3     | 26/60 [00:00<00:00, 39.43it/s]
Animation 46: FadeOut(VGroup of 2 submobjects):  50%|#####     | 30/60 [00:00<00:00, 38.99it/s]
Animation 46: FadeOut(VGroup of 2 submobjects):  57%|#####6    | 34/60 [00:00<00:00, 38.09it/s]
Animation 46: FadeOut(VGroup of 2 submobjects):  63%|######3   | 38/60 [00:01<00:00, 36.90it/s]
Animation 46: FadeOut(VGroup of 2 submobjects):  70%|#######   | 42/60 [00:01<00:00, 36.04it/s]
Animation 46: FadeOut(VGroup of 2 submobjects):  77%|#######6  | 46/60 [00:01<00:00, 34.01it/s]
Animation 46: FadeOut(VGroup of 2 submobjects):  83%|########3 | 50/60 [00:01<00:00, 34.06it/s]
Animation 46: FadeOut(VGroup of 2 submobjects):  90%|######### | 54/60 [00:01<00:00, 35.21it/s]
Animation 46: FadeOut(VGroup of 2 submobjects):  97%|#########6| 58/60 [00:01<00:00, 35.37it/s]
[09/10/26 10:34:34] INFO     Animation 46 : Partial    scene_file_writer.py:192
                             movie file written in                             
                             'C:\Users\Nacho\Documents                         
                             \Animaciones\Capitulo                             
                             7\media\videos\s03_media_                         
                             varianza\1080p60\partial_                         
                             movie_files\MediaYVarianz                         
                             a\2932440949_3683208310_3                         
                             703958228.mp4'                                    
                    INFO     Animation 47 : Partial    scene_file_writer.py:192
                             movie file written in                             
                             'C:\Users\Nacho\Documents                         
                             \Animaciones\Capitulo                             
                             7\media\videos\s03_media_                         
                             varianza\1080p60\partial_                         
                             movie_files\MediaYVarianz                         
                             a\2932440949_4235033027_2                         
                             728338385.mp4'                                    
                    INFO     Combining to Movie file.  scene_file_writer.py:952
                    INFO                              scene_file_writer.py:1103
                             File ready at                                     
                             'C:\Users\Nacho\Document                          
                             s\Animaciones\Capitulo                            
                             7\media\videos\s03_media                          
                             _varianza\1080p60\MediaY                          
                             Varianza.mp4'                                     
                                                                               
                    INFO     Rendered MediaYVarianza               scene.py:290
                             Played 48 animations                              
                                                                                               
Manim Community v0.21.0

manim.exe : 
En C:\Users\Nacho\Documents\Animaciones\Capitulo 7\render.ps1: 49 Carácter: 9
+         & manim "-$Calidad" $e.archivo $e.escena *>> $log
+         ~~~~~~~~~~~~~~~~~~~~~~~~~~~~~~~~~~~~~~~~~~~~~~~~~
    + CategoryInfo          : NotSpecified: (:String) [], RemoteException
    + FullyQualifiedErrorId : NativeCommandError
 
Animation 0: FadeIn(Text('Chebyshev: una cota que vale para cualquier distribución')):   0%|          | 0/60 [00:00<?, 
?it/s]
Animation 0: FadeIn(Text('Chebyshev: una cota que vale para cualquier distribución')):  17%|#6        | 10/60 
[00:00<00:00, 85.16it/s]
Animation 0: FadeIn(Text('Chebyshev: una cota que vale para cualquier distribución')):  32%|###1      | 19/60 
[00:00<00:00, 86.99it/s]
Animation 0: FadeIn(Text('Chebyshev: una cota que vale para cualquier distribución')):  47%|####6     | 28/60 
[00:00<00:00, 83.09it/s]
Animation 0: FadeIn(Text('Chebyshev: una cota que vale para cualquier distribución')):  62%|######1   | 37/60 
[00:00<00:00, 83.27it/s]
Animation 0: FadeIn(Text('Chebyshev: una cota que vale para cualquier distribución')):  78%|#######8  | 47/60 
[00:00<00:00, 86.66it/s]
Animation 0: FadeIn(Text('Chebyshev: una cota que vale para cualquier distribución')):  93%|#########3| 56/60 
[00:00<00:00, 78.95it/s]
[09/10/26 10:34:37] INFO     Animation 0 : Partial     scene_file_writer.py:192
                             movie file written in                             
                             'C:\Users\Nacho\Documents                         
                             \Animaciones\Capitulo                             
                             7\media\videos\s04_chebys                         
                             hev\1080p60\partial_movie                         
                             _files\Chebyshev\30100045                         
                             61_2740932090_223132457.m                         
                             p4'                                               
                    INFO     Animation 1 : Partial     scene_file_writer.py:192
                             movie file written in                             
                             'C:\Users\Nacho\Documents                         
                             \Animaciones\Capitulo                             
                             7\media\videos\s04_chebys                         
                             hev\1080p60\partial_movie                         
                             _files\Chebyshev\29324409                         
                             49_4235033027_2509638844.                         
                             mp4'                                              
                                                                                                                       
               

Animation 2: 
Write(MathTex('P\\!\\left(\\frac{|X-\\mu_X|}{\\sigma_X}\\geq\\alpha\\right)\\;\\leq\\;\\frac{1}{\\alpha^2}')):   0%|   
       | 0/120 [00:00<?, ?it/s]
Animation 2: 
Write(MathTex('P\\!\\left(\\frac{|X-\\mu_X|}{\\sigma_X}\\geq\\alpha\\right)\\;\\leq\\;\\frac{1}{\\alpha^2}')):  12%|#2 
       | 15/120 [00:00<00:00, 147.47it/s]
Animation 2: 
Write(MathTex('P\\!\\left(\\frac{|X-\\mu_X|}{\\sigma_X}\\geq\\alpha\\right)\\;\\leq\\;\\frac{1}{\\alpha^2}')):  
25%|##5       | 30/120 [00:00<00:00, 125.03it/s]
Animation 2: 
Write(MathTex('P\\!\\left(\\frac{|X-\\mu_X|}{\\sigma_X}\\geq\\alpha\\right)\\;\\leq\\;\\frac{1}{\\alpha^2}')):  
36%|###5      | 43/120 [00:00<00:00, 116.44it/s]
Animation 2: 
Write(MathTex('P\\!\\left(\\frac{|X-\\mu_X|}{\\sigma_X}\\geq\\alpha\\right)\\;\\leq\\;\\frac{1}{\\alpha^2}')):  
48%|####7     | 57/120 [00:00<00:00, 123.78it/s]
Animation 2: 
Write(MathTex('P\\!\\left(\\frac{|X-\\mu_X|}{\\sigma_X}\\geq\\alpha\\right)\\;\\leq\\;\\frac{1}{\\alpha^2}')):  
58%|#####8    | 70/120 [00:00<00:00, 115.23it/s]
Animation 2: 
Write(MathTex('P\\!\\left(\\frac{|X-\\mu_X|}{\\sigma_X}\\geq\\alpha\\right)\\;\\leq\\;\\frac{1}{\\alpha^2}')):  
68%|######8   | 82/120 [00:00<00:00, 108.25it/s]
Animation 2: 
Write(MathTex('P\\!\\left(\\frac{|X-\\mu_X|}{\\sigma_X}\\geq\\alpha\\right)\\;\\leq\\;\\frac{1}{\\alpha^2}')):  
78%|#######7  | 93/120 [00:00<00:00, 103.70it/s]
Animation 2: 
Write(MathTex('P\\!\\left(\\frac{|X-\\mu_X|}{\\sigma_X}\\geq\\alpha\\right)\\;\\leq\\;\\frac{1}{\\alpha^2}')):  
87%|########6 | 104/120 [00:00<00:00, 103.25it/s]
Animation 2: 
Write(MathTex('P\\!\\left(\\frac{|X-\\mu_X|}{\\sigma_X}\\geq\\alpha\\right)\\;\\leq\\;\\frac{1}{\\alpha^2}')):  
96%|#########5| 115/120 [00:01<00:00, 101.07it/s]
[09/10/26 10:34:39] INFO     Animation 2 : Partial     scene_file_writer.py:192
                             movie file written in                             
                             'C:\Users\Nacho\Documents                         
                             \Animaciones\Capitulo                             
                             7\media\videos\s04_chebys                         
                             hev\1080p60\partial_movie                         
                             _files\Chebyshev\29324409                         
                             49_1304222968_3701000934.                         
                             mp4'                                              
                    INFO     Animation 3 : Partial     scene_file_writer.py:192
                             movie file written in                             
                             'C:\Users\Nacho\Documents                         
                             \Animaciones\Capitulo                             
                             7\media\videos\s04_chebys                         
                             hev\1080p60\partial_movie                         
                             _files\Chebyshev\29324409                         
                             49_941615173_1615732998.m                         
                             p4'                                               
                                                                                                                       
                                                       

Animation 4: FadeIn(Text('no hace falta saber nada de la forma de la densidad: solo que tenga varianza finita')):   
0%|          | 0/60 [00:00<?, ?it/s]
Animation 4: FadeIn(Text('no hace falta saber nada de la forma de la densidad: solo que tenga varianza finita')):  
13%|#3        | 8/60 [00:00<00:00, 79.73it/s]
Animation 4: FadeIn(Text('no hace falta saber nada de la forma de la densidad: solo que tenga varianza finita')):  
28%|##8       | 17/60 [00:00<00:00, 76.12it/s]
Animation 4: FadeIn(Text('no hace falta saber nada de la forma de la densidad: solo que tenga varianza finita')):  
42%|####1     | 25/60 [00:00<00:00, 72.90it/s]
Animation 4: FadeIn(Text('no hace falta saber nada de la forma de la densidad: solo que tenga varianza finita')):  
55%|#####5    | 33/60 [00:00<00:00, 72.27it/s]
Animation 4: FadeIn(Text('no hace falta saber nada de la forma de la densidad: solo que tenga varianza finita')):  
68%|######8   | 41/60 [00:00<00:00, 72.11it/s]
Animation 4: FadeIn(Text('no hace falta saber nada de la forma de la densidad: solo que tenga varianza finita')):  
82%|########1 | 49/60 [00:00<00:00, 69.70it/s]
Animation 4: FadeIn(Text('no hace falta saber nada de la forma de la densidad: solo que tenga varianza finita')):  
93%|#########3| 56/60 [00:00<00:00, 67.44it/s]
[09/10/26 10:34:41] INFO     Animation 4 : Partial     scene_file_writer.py:192
                             movie file written in                             
                             'C:\Users\Nacho\Documents                         
                             \Animaciones\Capitulo                             
                             7\media\videos\s04_chebys                         
                             hev\1080p60\partial_movie                         
                             _files\Chebyshev\29324409                         
                             49_306844771_3939619670.m                         
                             p4'                                               
[09/10/26 10:34:42] INFO     Animation 5 : Partial     scene_file_writer.py:192
                             movie file written in                             
                             'C:\Users\Nacho\Documents                         
                             \Animaciones\Capitulo                             
                             7\media\videos\s04_chebys                         
                             hev\1080p60\partial_movie                         
                             _files\Chebyshev\29324409                         
                             49_499328632_3250033052.m                         
                             p4'                                               
                                                                                                                       
                                          

Animation 6: FadeOut(Text('no hace falta saber nada de la forma de la densidad: solo que tenga varianza finita')), 
etc.:   0%|          | 0/60 [00:00<?, ?it/s]
Animation 6: FadeOut(Text('no hace falta saber nada de la forma de la densidad: solo que tenga varianza finita')), 
etc.:  10%|#         | 6/60 [00:00<00:00, 54.63it/s]
Animation 6: FadeOut(Text('no hace falta saber nada de la forma de la densidad: solo que tenga varianza finita')), 
etc.:  20%|##        | 12/60 [00:00<00:00, 52.38it/s]
Animation 6: FadeOut(Text('no hace falta saber nada de la forma de la densidad: solo que tenga varianza finita')), 
etc.:  30%|###       | 18/60 [00:00<00:00, 54.92it/s]
Animation 6: FadeOut(Text('no hace falta saber nada de la forma de la densidad: solo que tenga varianza finita')), 
etc.:  42%|####1     | 25/60 [00:00<00:00, 57.73it/s]
Animation 6: FadeOut(Text('no hace falta saber nada de la forma de la densidad: solo que tenga varianza finita')), 
etc.:  52%|#####1    | 31/60 [00:00<00:00, 58.00it/s]
Animation 6: FadeOut(Text('no hace falta saber nada de la forma de la densidad: solo que tenga varianza finita')), 
etc.:  63%|######3   | 38/60 [00:00<00:00, 59.12it/s]
Animation 6: FadeOut(Text('no hace falta saber nada de la forma de la densidad: solo que tenga varianza finita')), 
etc.:  73%|#######3  | 44/60 [00:00<00:00, 56.56it/s]
Animation 6: FadeOut(Text('no hace falta saber nada de la forma de la densidad: solo que tenga varianza finita')), 
etc.:  83%|########3 | 50/60 [00:00<00:00, 53.79it/s]
Animation 6: FadeOut(Text('no hace falta saber nada de la forma de la densidad: solo que tenga varianza finita')), 
etc.:  93%|#########3| 56/60 [00:01<00:00, 55.22it/s]
[09/10/26 10:34:43] INFO     Animation 6 : Partial     scene_file_writer.py:192
                             movie file written in                             
                             'C:\Users\Nacho\Documents                         
                             \Animaciones\Capitulo                             
                             7\media\videos\s04_chebys                         
                             hev\1080p60\partial_movie                         
                             _files\Chebyshev\29324409                         
                             49_2995272030_1201313236.                         
                             mp4'                                              
                                                                                                                       
                                                 

Animation 7: Create(Axes of 2 submobjects), etc.:   0%|          | 0/60 [00:00<?, ?it/s]
Animation 7: Create(Axes of 2 submobjects), etc.:  30%|###       | 18/60 [00:00<00:00, 179.16it/s]
Animation 7: Create(Axes of 2 submobjects), etc.:  60%|######    | 36/60 [00:00<00:00, 159.21it/s]
Animation 7: Create(Axes of 2 submobjects), etc.:  88%|########8 | 53/60 [00:00<00:00, 155.83it/s]
[09/10/26 10:34:44] INFO     Animation 7 : Partial     scene_file_writer.py:192
                             movie file written in                             
                             'C:\Users\Nacho\Documents                         
                             \Animaciones\Capitulo                             
                             7\media\videos\s04_chebys                         
                             hev\1080p60\partial_movie                         
                             _files\Chebyshev\29324409                         
                             49_880219398_931614124.mp                         
                             4'                                                
                                                                                                  

Animation 8: Create(ParametricFunction), etc.:   0%|          | 0/60 [00:00<?, ?it/s]
Animation 8: Create(ParametricFunction), etc.:   2%|1         | 1/60 [00:00<00:14,  4.05it/s]
Animation 8: Create(ParametricFunction), etc.:   3%|3         | 2/60 [00:00<00:14,  3.98it/s]
Animation 8: Create(ParametricFunction), etc.:   5%|5         | 3/60 [00:00<00:13,  4.19it/s]
Animation 8: Create(ParametricFunction), etc.:   7%|6         | 4/60 [00:00<00:13,  4.23it/s]
Animation 8: Create(ParametricFunction), etc.:   8%|8         | 5/60 [00:01<00:12,  4.37it/s]
Animation 8: Create(ParametricFunction), etc.:  10%|#         | 6/60 [00:01<00:12,  4.34it/s]
Animation 8: Create(ParametricFunction), etc.:  12%|#1        | 7/60 [00:01<00:12,  4.32it/s]
Animation 8: Create(ParametricFunction), etc.:  13%|#3        | 8/60 [00:01<00:11,  4.35it/s]
Animation 8: Create(ParametricFunction), etc.:  15%|#5        | 9/60 [00:02<00:11,  4.36it/s]
Animation 8: Create(ParametricFunction), etc.:  17%|#6        | 10/60 [00:02<00:12,  4.05it/s]
Animation 8: Create(ParametricFunction), etc.:  18%|#8        | 11/60 [00:02<00:12,  3.99it/s]
Animation 8: Create(ParametricFunction), etc.:  20%|##        | 12/60 [00:02<00:11,  4.02it/s]
Animation 8: Create(ParametricFunction), etc.:  22%|##1       | 13/60 [00:03<00:11,  4.01it/s]
Animation 8: Create(ParametricFunction), etc.:  23%|##3       | 14/60 [00:03<00:11,  4.04it/s]
Animation 8: Create(ParametricFunction), etc.:  25%|##5       | 15/60 [00:03<00:10,  4.10it/s]
Animation 8: Create(ParametricFunction), etc.:  27%|##6       | 16/60 [00:03<00:10,  4.13it/s]
Animation 8: Create(ParametricFunction), etc.:  28%|##8       | 17/60 [00:04<00:10,  4.24it/s]
Animation 8: Create(ParametricFunction), etc.:  30%|###       | 18/60 [00:04<00:09,  4.28it/s]
Animation 8: Create(ParametricFunction), etc.:  32%|###1      | 19/60 [00:04<00:09,  4.29it/s]
Animation 8: Create(ParametricFunction), etc.:  33%|###3      | 20/60 [00:04<00:09,  4.34it/s]
Animation 8: Create(ParametricFunction), etc.:  35%|###5      | 21/60 [00:04<00:09,  4.31it/s]
Animation 8: Create(ParametricFunction), etc.:  37%|###6      | 22/60 [00:05<00:08,  4.31it/s]
Animation 8: Create(ParametricFunction), etc.:  38%|###8      | 23/60 [00:06<00:16,  2.25it/s]
Animation 8: Create(ParametricFunction), etc.:  40%|####      | 24/60 [00:07<00:23,  1.54it/s]
Animation 8: Create(ParametricFunction), etc.:  42%|####1     | 25/60 [00:08<00:27,  1.27it/s]
Animation 8: Create(ParametricFunction), etc.:  43%|####3     | 26/60 [00:09<00:30,  1.13it/s]
Animation 8: Create(ParametricFunction), etc.:  45%|####5     | 27/60 [00:10<00:31,  1.05it/s]
Animation 8: Create(ParametricFunction), etc.:  47%|####6     | 28/60 [00:11<00:32,  1.01s/it]
Animation 8: Create(ParametricFunction), etc.:  48%|####8     | 29/60 [00:12<00:32,  1.04s/it]
Animation 8: Create(ParametricFunction), etc.:  50%|#####     | 30/60 [00:13<00:31,  1.06s/it]
Animation 8: Create(ParametricFunction), etc.:  52%|#####1    | 31/60 [00:15<00:31,  1.09s/it]
Animation 8: Create(ParametricFunction), etc.:  53%|#####3    | 32/60 [00:16<00:30,  1.09s/it]
Animation 8: Create(ParametricFunction), etc.:  55%|#####5    | 33/60 [00:17<00:29,  1.09s/it]
Animation 8: Create(ParametricFunction), etc.:  57%|#####6    | 34/60 [00:18<00:28,  1.09s/it]
Animation 8: Create(ParametricFunction), etc.:  58%|#####8    | 35/60 [00:19<00:27,  1.09s/it]
Animation 8: Create(ParametricFunction), etc.:  60%|######    | 36/60 [00:20<00:26,  1.09s/it]
Animation 8: Create(ParametricFunction), etc.:  62%|######1   | 37/60 [00:21<00:24,  1.06s/it]
Animation 8: Create(ParametricFunction), etc.:  63%|######3   | 38/60 [00:22<00:23,  1.05s/it]
Animation 8: Create(ParametricFunction), etc.:  65%|######5   | 39/60 [00:23<00:22,  1.06s/it]
Animation 8: Create(ParametricFunction), etc.:  67%|######6   | 40/60 [00:24<00:21,  1.06s/it]
Animation 8: Create(ParametricFunction), etc.:  68%|######8   | 41/60 [00:25<00:20,  1.08s/it]
Animation 8: Create(ParametricFunction), etc.:  70%|#######   | 42/60 [00:27<00:19,  1.09s/it]
Animation 8: Create(ParametricFunction), etc.:  72%|#######1  | 43/60 [00:28<00:18,  1.09s/it]
Animation 8: Create(ParametricFunction), etc.:  73%|#######3  | 44/60 [00:29<00:17,  1.10s/it]
Animation 8: Create(ParametricFunction), etc.:  75%|#######5  | 45/60 [00:30<00:16,  1.10s/it]
Animation 8: Create(ParametricFunction), etc.:  77%|#######6  | 46/60 [00:31<00:15,  1.08s/it]
Animation 8: Create(ParametricFunction), etc.:  78%|#######8  | 47/60 [00:32<00:13,  1.06s/it]
Animation 8: Create(ParametricFunction), etc.:  80%|########  | 48/60 [00:33<00:12,  1.06s/it]
Animation 8: Create(ParametricFunction), etc.:  82%|########1 | 49/60 [00:34<00:11,  1.06s/it]
Animation 8: Create(ParametricFunction), etc.:  83%|########3 | 50/60 [00:35<00:10,  1.08s/it]
Animation 8: Create(ParametricFunction), etc.:  85%|########5 | 51/60 [00:36<00:09,  1.07s/it]
Animation 8: Create(ParametricFunction), etc.:  87%|########6 | 52/60 [00:37<00:08,  1.07s/it]
Animation 8: Create(ParametricFunction), etc.:  88%|########8 | 53/60 [00:38<00:07,  1.07s/it]
Animation 8: Create(ParametricFunction), etc.:  90%|######### | 54/60 [00:39<00:06,  1.09s/it]
Animation 8: Create(ParametricFunction), etc.:  92%|#########1| 55/60 [00:41<00:05,  1.10s/it]
Animation 8: Create(ParametricFunction), etc.:  93%|#########3| 56/60 [00:42<00:04,  1.08s/it]
Animation 8: Create(ParametricFunction), etc.:  95%|#########5| 57/60 [00:43<00:03,  1.03s/it]
Animation 8: Create(ParametricFunction), etc.:  97%|#########6| 58/60 [00:44<00:02,  1.02s/it]
Animation 8: Create(ParametricFunction), etc.:  98%|#########8| 59/60 [00:45<00:01,  1.03s/it]
Animation 8: Create(ParametricFunction), etc.: 100%|##########| 60/60 [00:46<00:00,  1.05s/it]
[09/10/26 10:35:32] INFO     Animation 8 : Partial     scene_file_writer.py:192
                             movie file written in                             
                             'C:\Users\Nacho\Documents                         
                             \Animaciones\Capitulo                             
                             7\media\videos\s04_chebys                         
                             hev\1080p60\partial_movie                         
                             _files\Chebyshev\29324409                         
                             49_332934523_600135656.mp                         
                             4'                                                
                                                                                              

Animation 9: Create(VGroup of 2 submobjects), etc.:   0%|          | 0/60 [00:00<?, ?it/s]
Animation 9: Create(VGroup of 2 submobjects), etc.:   2%|1         | 1/60 [00:00<00:38,  1.53it/s]
Animation 9: Create(VGroup of 2 submobjects), etc.:   3%|3         | 2/60 [00:01<00:40,  1.45it/s]
Animation 9: Create(VGroup of 2 submobjects), etc.:   5%|5         | 3/60 [00:01<00:37,  1.52it/s]
Animation 9: Create(VGroup of 2 submobjects), etc.:   7%|6         | 4/60 [00:02<00:37,  1.49it/s]
Animation 9: Create(VGroup of 2 submobjects), etc.:   8%|8         | 5/60 [00:03<00:35,  1.55it/s]
Animation 9: Create(VGroup of 2 submobjects), etc.:  10%|#         | 6/60 [00:03<00:34,  1.55it/s]
Animation 9: Create(VGroup of 2 submobjects), etc.:  12%|#1        | 7/60 [00:04<00:34,  1.54it/s]
Animation 9: Create(VGroup of 2 submobjects), etc.:  13%|#3        | 8/60 [00:05<00:33,  1.53it/s]
Animation 9: Create(VGroup of 2 submobjects), etc.:  15%|#5        | 9/60 [00:05<00:32,  1.55it/s]
Animation 9: Create(VGroup of 2 submobjects), etc.:  17%|#6        | 10/60 [00:06<00:32,  1.55it/s]
Animation 9: Create(VGroup of 2 submobjects), etc.:  18%|#8        | 11/60 [00:07<00:32,  1.53it/s]
Animation 9: Create(VGroup of 2 submobjects), etc.:  20%|##        | 12/60 [00:07<00:31,  1.52it/s]
Animation 9: Create(VGroup of 2 submobjects), etc.:  22%|##1       | 13/60 [00:08<00:30,  1.54it/s]
Animation 9: Create(VGroup of 2 submobjects), etc.:  23%|##3       | 14/60 [00:09<00:30,  1.53it/s]
Animation 9: Create(VGroup of 2 submobjects), etc.:  25%|##5       | 15/60 [00:09<00:29,  1.52it/s]
Animation 9: Create(VGroup of 2 submobjects), etc.:  27%|##6       | 16/60 [00:10<00:29,  1.51it/s]
Animation 9: Create(VGroup of 2 submobjects), etc.:  28%|##8       | 17/60 [00:11<00:28,  1.50it/s]
Animation 9: Create(VGroup of 2 submobjects), etc.:  30%|###       | 18/60 [00:11<00:28,  1.49it/s]
Animation 9: Create(VGroup of 2 submobjects), etc.:  32%|###1      | 19/60 [00:12<00:27,  1.48it/s]
Animation 9: Create(VGroup of 2 submobjects), etc.:  33%|###3      | 20/60 [00:13<00:26,  1.48it/s]
Animation 9: Create(VGroup of 2 submobjects), etc.:  35%|###5      | 21/60 [00:13<00:25,  1.51it/s]
Animation 9: Create(VGroup of 2 submobjects), etc.:  37%|###6      | 22/60 [00:14<00:25,  1.51it/s]
Animation 9: Create(VGroup of 2 submobjects), etc.:  38%|###8      | 23/60 [00:15<00:24,  1.52it/s]
Animation 9: Create(VGroup of 2 submobjects), etc.:  40%|####      | 24/60 [00:15<00:22,  1.57it/s]
Animation 9: Create(VGroup of 2 submobjects), etc.:  42%|####1     | 25/60 [00:16<00:22,  1.55it/s]
Animation 9: Create(VGroup of 2 submobjects), etc.:  43%|####3     | 26/60 [00:16<00:21,  1.58it/s]
Animation 9: Create(VGroup of 2 submobjects), etc.:  45%|####5     | 27/60 [00:17<00:19,  1.65it/s]
Animation 9: Create(VGroup of 2 submobjects), etc.:  47%|####6     | 28/60 [00:18<00:19,  1.65it/s]
Animation 9: Create(VGroup of 2 submobjects), etc.:  48%|####8     | 29/60 [00:18<00:19,  1.61it/s]
Animation 9: Create(VGroup of 2 submobjects), etc.:  50%|#####     | 30/60 [00:19<00:19,  1.56it/s]
Animation 9: Create(VGroup of 2 submobjects), etc.:  52%|#####1    | 31/60 [00:20<00:19,  1.48it/s]
Animation 9: Create(VGroup of 2 submobjects), etc.:  53%|#####3    | 32/60 [00:20<00:18,  1.49it/s]
Animation 9: Create(VGroup of 2 submobjects), etc.:  55%|#####5    | 33/60 [00:21<00:18,  1.45it/s]
Animation 9: Create(VGroup of 2 submobjects), etc.:  57%|#####6    | 34/60 [00:22<00:17,  1.47it/s]
Animation 9: Create(VGroup of 2 submobjects), etc.:  58%|#####8    | 35/60 [00:22<00:16,  1.50it/s]
Animation 9: Create(VGroup of 2 submobjects), etc.:  60%|######    | 36/60 [00:23<00:15,  1.57it/s]
Animation 9: Create(VGroup of 2 submobjects), etc.:  62%|######1   | 37/60 [00:24<00:14,  1.55it/s]
Animation 9: Create(VGroup of 2 submobjects), etc.:  63%|######3   | 38/60 [00:24<00:14,  1.54it/s]
Animation 9: Create(VGroup of 2 submobjects), etc.:  65%|######5   | 39/60 [00:25<00:13,  1.61it/s]
Animation 9: Create(VGroup of 2 submobjects), etc.:  67%|######6   | 40/60 [00:26<00:12,  1.60it/s]
Animation 9: Create(VGroup of 2 submobjects), etc.:  68%|######8   | 41/60 [00:26<00:11,  1.59it/s]
Animation 9: Create(VGroup of 2 submobjects), etc.:  70%|#######   | 42/60 [00:27<00:11,  1.60it/s]
Animation 9: Create(VGroup of 2 submobjects), etc.:  72%|#######1  | 43/60 [00:27<00:11,  1.54it/s]
Animation 9: Create(VGroup of 2 submobjects), etc.:  73%|#######3  | 44/60 [00:28<00:10,  1.52it/s]
Animation 9: Create(VGroup of 2 submobjects), etc.:  75%|#######5  | 45/60 [00:29<00:09,  1.53it/s]
Animation 9: Create(VGroup of 2 submobjects), etc.:  77%|#######6  | 46/60 [00:29<00:08,  1.72it/s]
Animation 9: Create(VGroup of 2 submobjects), etc.:  78%|#######8  | 47/60 [00:30<00:06,  1.94it/s]
Animation 9: Create(VGroup of 2 submobjects), etc.:  80%|########  | 48/60 [00:30<00:05,  2.16it/s]
Animation 9: Create(VGroup of 2 submobjects), etc.:  82%|########1 | 49/60 [00:30<00:04,  2.35it/s]
Animation 9: Create(VGroup of 2 submobjects), etc.:  83%|########3 | 50/60 [00:31<00:04,  2.46it/s]
Animation 9: Create(VGroup of 2 submobjects), etc.:  85%|########5 | 51/60 [00:31<00:03,  2.59it/s]
Animation 9: Create(VGroup of 2 submobjects), etc.:  87%|########6 | 52/60 [00:31<00:02,  2.67it/s]
Animation 9: Create(VGroup of 2 submobjects), etc.:  88%|########8 | 53/60 [00:32<00:02,  2.76it/s]
Animation 9: Create(VGroup of 2 submobjects), etc.:  90%|######### | 54/60 [00:32<00:02,  2.83it/s]
Animation 9: Create(VGroup of 2 submobjects), etc.:  92%|#########1| 55/60 [00:32<00:01,  2.78it/s]
Animation 9: Create(VGroup of 2 submobjects), etc.:  93%|#########3| 56/60 [00:33<00:01,  2.84it/s]
Animation 9: Create(VGroup of 2 submobjects), etc.:  95%|#########5| 57/60 [00:33<00:01,  2.29it/s]
Animation 9: Create(VGroup of 2 submobjects), etc.:  97%|#########6| 58/60 [00:34<00:00,  2.03it/s]
Animation 9: Create(VGroup of 2 submobjects), etc.:  98%|#########8| 59/60 [00:34<00:00,  2.04it/s]
Animation 9: Create(VGroup of 2 submobjects), etc.: 100%|##########| 60/60 [00:35<00:00,  2.06it/s]
[09/10/26 10:36:09] INFO     Animation 9 : Partial     scene_file_writer.py:192
                             movie file written in                             
                             'C:\Users\Nacho\Documents                         
                             \Animaciones\Capitulo                             
                             7\media\videos\s04_chebys                         
                             hev\1080p60\partial_movie                         
                             _files\Chebyshev\29324409                         
                             49_2364830988_2227286204.                         
                             mp4'                                              
                                                                                                   

Animation 10: FadeIn(Polygon), etc.:   0%|          | 0/60 [00:00<?, ?it/s]
Animation 10: FadeIn(Polygon), etc.:   2%|1         | 1/60 [00:02<02:23,  2.44s/it]
Animation 10: FadeIn(Polygon), etc.:   3%|3         | 2/60 [00:05<02:29,  2.57s/it]
Animation 10: FadeIn(Polygon), etc.:   5%|5         | 3/60 [00:07<02:27,  2.59s/it]
Animation 10: FadeIn(Polygon), etc.:   7%|6         | 4/60 [00:10<02:27,  2.64s/it]
Animation 10: FadeIn(Polygon), etc.:   8%|8         | 5/60 [00:13<02:25,  2.64s/it]
Animation 10: FadeIn(Polygon), etc.:  10%|#         | 6/60 [00:15<02:22,  2.64s/it]
Animation 10: FadeIn(Polygon), etc.:  12%|#1        | 7/60 [00:18<02:20,  2.65s/it]
Animation 10: FadeIn(Polygon), etc.:  13%|#3        | 8/60 [00:21<02:17,  2.64s/it]
Animation 10: FadeIn(Polygon), etc.:  15%|#5        | 9/60 [00:23<02:12,  2.61s/it]
Animation 10: FadeIn(Polygon), etc.:  17%|#6        | 10/60 [00:25<02:07,  2.54s/it]
Animation 10: FadeIn(Polygon), etc.:  18%|#8        | 11/60 [00:28<02:05,  2.55s/it]
Animation 10: FadeIn(Polygon), etc.:  20%|##        | 12/60 [00:31<02:03,  2.58s/it]
Animation 10: FadeIn(Polygon), etc.:  22%|##1       | 13/60 [00:33<01:58,  2.53s/it]
Animation 10: FadeIn(Polygon), etc.:  23%|##3       | 14/60 [00:36<01:56,  2.52s/it]
Animation 10: FadeIn(Polygon), etc.:  25%|##5       | 15/60 [00:38<01:53,  2.52s/it]
Animation 10: FadeIn(Polygon), etc.:  27%|##6       | 16/60 [00:41<01:49,  2.50s/it]
Animation 10: FadeIn(Polygon), etc.:  28%|##8       | 17/60 [00:43<01:47,  2.51s/it]
Animation 10: FadeIn(Polygon), etc.:  30%|###       | 18/60 [00:46<01:45,  2.51s/it]
Animation 10: FadeIn(Polygon), etc.:  32%|###1      | 19/60 [00:48<01:41,  2.49s/it]
Animation 10: FadeIn(Polygon), etc.:  33%|###3      | 20/60 [00:50<01:38,  2.45s/it]
Animation 10: FadeIn(Polygon), etc.:  35%|###5      | 21/60 [00:53<01:35,  2.45s/it]
Animation 10: FadeIn(Polygon), etc.:  37%|###6      | 22/60 [00:55<01:31,  2.42s/it]
Animation 10: FadeIn(Polygon), etc.:  38%|###8      | 23/60 [00:58<01:29,  2.42s/it]
Animation 10: FadeIn(Polygon), etc.:  40%|####      | 24/60 [01:00<01:28,  2.45s/it]
Animation 10: FadeIn(Polygon), etc.:  42%|####1     | 25/60 [01:03<01:26,  2.46s/it]
Animation 10: FadeIn(Polygon), etc.:  43%|####3     | 26/60 [01:05<01:24,  2.49s/it]
Animation 10: FadeIn(Polygon), etc.:  45%|####5     | 27/60 [01:08<01:21,  2.48s/it]
Animation 10: FadeIn(Polygon), etc.:  47%|####6     | 28/60 [01:10<01:19,  2.50s/it]
Animation 10: FadeIn(Polygon), etc.:  48%|####8     | 29/60 [01:13<01:16,  2.48s/it]
Animation 10: FadeIn(Polygon), etc.:  50%|#####     | 30/60 [01:15<01:13,  2.46s/it]
Animation 10: FadeIn(Polygon), etc.:  52%|#####1    | 31/60 [01:18<01:12,  2.50s/it]
Animation 10: FadeIn(Polygon), etc.:  53%|#####3    | 32/60 [01:20<01:09,  2.47s/it]
Animation 10: FadeIn(Polygon), etc.:  55%|#####5    | 33/60 [01:22<01:06,  2.45s/it]
Animation 10: FadeIn(Polygon), etc.:  57%|#####6    | 34/60 [01:25<01:03,  2.44s/it]
Animation 10: FadeIn(Polygon), etc.:  58%|#####8    | 35/60 [01:27<01:01,  2.48s/it]
Animation 10: FadeIn(Polygon), etc.:  60%|######    | 36/60 [01:29<00:52,  2.17s/it]
Animation 10: FadeIn(Polygon), etc.:  62%|######1   | 37/60 [01:30<00:43,  1.90s/it]
Animation 10: FadeIn(Polygon), etc.:  63%|######3   | 38/60 [01:31<00:37,  1.71s/it]
Animation 10: FadeIn(Polygon), etc.:  65%|######5   | 39/60 [01:33<00:36,  1.73s/it]
Animation 10: FadeIn(Polygon), etc.:  67%|######6   | 40/60 [01:36<00:39,  1.95s/it]
Animation 10: FadeIn(Polygon), etc.:  68%|######8   | 41/60 [01:38<00:39,  2.10s/it]
Animation 10: FadeIn(Polygon), etc.:  70%|#######   | 42/60 [01:40<00:38,  2.12s/it]
Animation 10: FadeIn(Polygon), etc.:  72%|#######1  | 43/60 [01:42<00:32,  1.89s/it]
Animation 10: FadeIn(Polygon), etc.:  73%|#######3  | 44/60 [01:43<00:27,  1.72s/it]
Animation 10: FadeIn(Polygon), etc.:  75%|#######5  | 45/60 [01:45<00:26,  1.79s/it]
Animation 10: FadeIn(Polygon), etc.:  77%|#######6  | 46/60 [01:47<00:24,  1.74s/it]
Animation 10: FadeIn(Polygon), etc.:  78%|#######8  | 47/60 [01:49<00:25,  1.96s/it]
Animation 10: FadeIn(Polygon), etc.:  80%|########  | 48/60 [01:52<00:25,  2.13s/it]
Animation 10: FadeIn(Polygon), etc.:  82%|########1 | 49/60 [01:54<00:24,  2.23s/it]
Animation 10: FadeIn(Polygon), etc.:  83%|########3 | 50/60 [01:56<00:22,  2.28s/it]
Animation 10: FadeIn(Polygon), etc.:  85%|########5 | 51/60 [01:59<00:21,  2.37s/it]
Animation 10: FadeIn(Polygon), etc.:  87%|########6 | 52/60 [02:01<00:19,  2.39s/it]
Animation 10: FadeIn(Polygon), etc.:  88%|########8 | 53/60 [02:04<00:17,  2.43s/it]
Animation 10: FadeIn(Polygon), etc.:  90%|######### | 54/60 [02:06<00:14,  2.47s/it]
Animation 10: FadeIn(Polygon), etc.:  92%|#########1| 55/60 [02:09<00:12,  2.49s/it]
Animation 10: FadeIn(Polygon), etc.:  93%|#########3| 56/60 [02:12<00:10,  2.51s/it]
Animation 10: FadeIn(Polygon), etc.:  95%|#########5| 57/60 [02:14<00:07,  2.49s/it]
Animation 10: FadeIn(Polygon), etc.:  97%|#########6| 58/60 [02:17<00:04,  2.49s/it]
Animation 10: FadeIn(Polygon), etc.:  98%|#########8| 59/60 [02:19<00:02,  2.50s/it]
Animation 10: FadeIn(Polygon), etc.: 100%|##########| 60/60 [02:22<00:00,  2.51s/it]
[09/10/26 10:38:34] INFO     Animation 10 : Partial    scene_file_writer.py:192
                             movie file written in                             
                             'C:\Users\Nacho\Documents                         
                             \Animaciones\Capitulo                             
                             7\media\videos\s04_chebys                         
                             hev\1080p60\partial_movie                         
                             _files\Chebyshev\29324409                         
                             49_2582187787_3106567055.                         
                             mp4'                                              
                                                                                    

Animation 11: FadeIn(Text('esto es lo que acota Chebyshev')):   0%|          | 0/60 [00:00<?, ?it/s]
Animation 11: FadeIn(Text('esto es lo que acota Chebyshev')):   2%|1         | 1/60 [00:01<01:30,  1.53s/it]
Animation 11: FadeIn(Text('esto es lo que acota Chebyshev')):   3%|3         | 2/60 [00:03<01:31,  1.59s/it]
Animation 11: FadeIn(Text('esto es lo que acota Chebyshev')):   5%|5         | 3/60 [00:04<01:31,  1.61s/it]
Animation 11: FadeIn(Text('esto es lo que acota Chebyshev')):   7%|6         | 4/60 [00:06<01:29,  1.61s/it]
Animation 11: FadeIn(Text('esto es lo que acota Chebyshev')):   8%|8         | 5/60 [00:08<01:28,  1.61s/it]
Animation 11: FadeIn(Text('esto es lo que acota Chebyshev')):  10%|#         | 6/60 [00:09<01:27,  1.61s/it]
Animation 11: FadeIn(Text('esto es lo que acota Chebyshev')):  12%|#1        | 7/60 [00:11<01:22,  1.56s/it]
Animation 11: FadeIn(Text('esto es lo que acota Chebyshev')):  13%|#3        | 8/60 [00:12<01:20,  1.54s/it]
Animation 11: FadeIn(Text('esto es lo que acota Chebyshev')):  15%|#5        | 9/60 [00:14<01:19,  1.56s/it]
Animation 11: FadeIn(Text('esto es lo que acota Chebyshev')):  17%|#6        | 10/60 [00:15<01:16,  1.52s/it]
Animation 11: FadeIn(Text('esto es lo que acota Chebyshev')):  18%|#8        | 11/60 [00:17<01:14,  1.52s/it]
Animation 11: FadeIn(Text('esto es lo que acota Chebyshev')):  20%|##        | 12/60 [00:18<01:14,  1.55s/it]
Animation 11: FadeIn(Text('esto es lo que acota Chebyshev')):  22%|##1       | 13/60 [00:20<01:11,  1.53s/it]
Animation 11: FadeIn(Text('esto es lo que acota Chebyshev')):  23%|##3       | 14/60 [00:21<01:12,  1.58s/it]
Animation 11: FadeIn(Text('esto es lo que acota Chebyshev')):  25%|##5       | 15/60 [00:23<01:12,  1.61s/it]
Animation 11: FadeIn(Text('esto es lo que acota Chebyshev')):  27%|##6       | 16/60 [00:25<01:11,  1.63s/it]
Animation 11: FadeIn(Text('esto es lo que acota Chebyshev')):  28%|##8       | 17/60 [00:26<01:09,  1.62s/it]
Animation 11: FadeIn(Text('esto es lo que acota Chebyshev')):  30%|###       | 18/60 [00:28<01:08,  1.62s/it]
Animation 11: FadeIn(Text('esto es lo que acota Chebyshev')):  32%|###1      | 19/60 [00:30<01:06,  1.63s/it]
Animation 11: FadeIn(Text('esto es lo que acota Chebyshev')):  33%|###3      | 20/60 [00:31<01:05,  1.64s/it]
Animation 11: FadeIn(Text('esto es lo que acota Chebyshev')):  35%|###5      | 21/60 [00:33<01:04,  1.65s/it]
Animation 11: FadeIn(Text('esto es lo que acota Chebyshev')):  37%|###6      | 22/60 [00:35<01:02,  1.65s/it]
Animation 11: FadeIn(Text('esto es lo que acota Chebyshev')):  38%|###8      | 23/60 [00:36<01:01,  1.65s/it]
Animation 11: FadeIn(Text('esto es lo que acota Chebyshev')):  40%|####      | 24/60 [00:38<00:59,  1.65s/it]
Animation 11: FadeIn(Text('esto es lo que acota Chebyshev')):  42%|####1     | 25/60 [00:40<00:57,  1.65s/it]
Animation 11: FadeIn(Text('esto es lo que acota Chebyshev')):  43%|####3     | 26/60 [00:41<00:54,  1.60s/it]
Animation 11: FadeIn(Text('esto es lo que acota Chebyshev')):  45%|####5     | 27/60 [00:43<00:53,  1.61s/it]
Animation 11: FadeIn(Text('esto es lo que acota Chebyshev')):  47%|####6     | 28/60 [00:44<00:51,  1.61s/it]
Animation 11: FadeIn(Text('esto es lo que acota Chebyshev')):  48%|####8     | 29/60 [00:46<00:50,  1.62s/it]
Animation 11: FadeIn(Text('esto es lo que acota Chebyshev')):  50%|#####     | 30/60 [00:48<00:48,  1.61s/it]
Animation 11: FadeIn(Text('esto es lo que acota Chebyshev')):  52%|#####1    | 31/60 [00:48<00:36,  1.27s/it]
Animation 11: FadeIn(Text('esto es lo que acota Chebyshev')):  53%|#####3    | 32/60 [00:48<00:27,  1.02it/s]
Animation 11: FadeIn(Text('esto es lo que acota Chebyshev')):  55%|#####5    | 33/60 [00:49<00:21,  1.28it/s]
Animation 11: FadeIn(Text('esto es lo que acota Chebyshev')):  57%|#####6    | 34/60 [00:49<00:16,  1.57it/s]
Animation 11: FadeIn(Text('esto es lo que acota Chebyshev')):  58%|#####8    | 35/60 [00:49<00:13,  1.82it/s]
Animation 11: FadeIn(Text('esto es lo que acota Chebyshev')):  60%|######    | 36/60 [00:50<00:11,  2.03it/s]
Animation 11: FadeIn(Text('esto es lo que acota Chebyshev')):  62%|######1   | 37/60 [00:50<00:10,  2.26it/s]
Animation 11: FadeIn(Text('esto es lo que acota Chebyshev')):  63%|######3   | 38/60 [00:50<00:08,  2.46it/s]
Animation 11: FadeIn(Text('esto es lo que acota Chebyshev')):  65%|######5   | 39/60 [00:51<00:07,  2.67it/s]
Animation 11: FadeIn(Text('esto es lo que acota Chebyshev')):  67%|######6   | 40/60 [00:51<00:07,  2.81it/s]
Animation 11: FadeIn(Text('esto es lo que acota Chebyshev')):  68%|######8   | 41/60 [00:51<00:06,  2.87it/s]
Animation 11: FadeIn(Text('esto es lo que acota Chebyshev')):  70%|#######   | 42/60 [00:52<00:06,  2.89it/s]
Animation 11: FadeIn(Text('esto es lo que acota Chebyshev')):  72%|#######1  | 43/60 [00:52<00:06,  2.80it/s]
Animation 11: FadeIn(Text('esto es lo que acota Chebyshev')):  73%|#######3  | 44/60 [00:52<00:05,  2.90it/s]
Animation 11: FadeIn(Text('esto es lo que acota Chebyshev')):  75%|#######5  | 45/60 [00:53<00:05,  2.91it/s]
Animation 11: FadeIn(Text('esto es lo que acota Chebyshev')):  77%|#######6  | 46/60 [00:53<00:04,  2.94it/s]
Animation 11: FadeIn(Text('esto es lo que acota Chebyshev')):  78%|#######8  | 47/60 [00:53<00:04,  2.99it/s]
Animation 11: FadeIn(Text('esto es lo que acota Chebyshev')):  80%|########  | 48/60 [00:54<00:03,  3.00it/s]
Animation 11: FadeIn(Text('esto es lo que acota Chebyshev')):  82%|########1 | 49/60 [00:54<00:03,  3.01it/s]
Animation 11: FadeIn(Text('esto es lo que acota Chebyshev')):  83%|########3 | 50/60 [00:54<00:03,  3.02it/s]
Animation 11: FadeIn(Text('esto es lo que acota Chebyshev')):  85%|########5 | 51/60 [00:55<00:02,  3.05it/s]
Animation 11: FadeIn(Text('esto es lo que acota Chebyshev')):  87%|########6 | 52/60 [00:55<00:02,  3.06it/s]
Animation 11: FadeIn(Text('esto es lo que acota Chebyshev')):  88%|########8 | 53/60 [00:55<00:02,  3.06it/s]
Animation 11: FadeIn(Text('esto es lo que acota Chebyshev')):  90%|######### | 54/60 [00:56<00:01,  3.06it/s]
Animation 11: FadeIn(Text('esto es lo que acota Chebyshev')):  92%|#########1| 55/60 [00:56<00:01,  3.04it/s]
Animation 11: FadeIn(Text('esto es lo que acota Chebyshev')):  93%|#########3| 56/60 [00:56<00:01,  3.07it/s]
Animation 11: FadeIn(Text('esto es lo que acota Chebyshev')):  95%|#########5| 57/60 [00:57<00:00,  3.05it/s]
Animation 11: FadeIn(Text('esto es lo que acota Chebyshev')):  97%|#########6| 58/60 [00:57<00:00,  2.94it/s]
Animation 11: FadeIn(Text('esto es lo que acota Chebyshev')):  98%|#########8| 59/60 [00:57<00:00,  2.94it/s]
Animation 11: FadeIn(Text('esto es lo que acota Chebyshev')): 100%|##########| 60/60 [00:58<00:00,  2.95it/s]
[09/10/26 10:39:33] INFO     Animation 11 : Partial    scene_file_writer.py:192
                             movie file written in                             
                             'C:\Users\Nacho\Documents                         
                             \Animaciones\Capitulo                             
                             7\media\videos\s04_chebys                         
                             hev\1080p60\partial_movie                         
                             _files\Chebyshev\29324409                         
                             49_3542106237_1096080470.                         
                             mp4'                                              
[09/10/26 10:39:34] INFO     Animation 12 : Partial    scene_file_writer.py:192
                             movie file written in                             
                             'C:\Users\Nacho\Documents                         
                             \Animaciones\Capitulo                             
                             7\media\videos\s04_chebys                         
                             hev\1080p60\partial_movie                         
                             _files\Chebyshev\29324409                         
                             49_3810316983_1440943193.                         
                             mp4'                                              
                                                                                                             

Animation 13: FadeOut(Text('esto es lo que acota Chebyshev')):   0%|          | 0/60 [00:00<?, ?it/s]
Animation 13: FadeOut(Text('esto es lo que acota Chebyshev')):   2%|1         | 1/60 [00:00<00:19,  3.05it/s]
Animation 13: FadeOut(Text('esto es lo que acota Chebyshev')):   3%|3         | 2/60 [00:00<00:19,  3.00it/s]
Animation 13: FadeOut(Text('esto es lo que acota Chebyshev')):   5%|5         | 3/60 [00:01<00:19,  2.99it/s]
Animation 13: FadeOut(Text('esto es lo que acota Chebyshev')):   7%|6         | 4/60 [00:01<00:19,  2.83it/s]
Animation 13: FadeOut(Text('esto es lo que acota Chebyshev')):   8%|8         | 5/60 [00:01<00:19,  2.85it/s]
Animation 13: FadeOut(Text('esto es lo que acota Chebyshev')):  10%|#         | 6/60 [00:02<00:18,  2.90it/s]
Animation 13: FadeOut(Text('esto es lo que acota Chebyshev')):  12%|#1        | 7/60 [00:02<00:18,  2.91it/s]
Animation 13: FadeOut(Text('esto es lo que acota Chebyshev')):  13%|#3        | 8/60 [00:02<00:17,  2.91it/s]
Animation 13: FadeOut(Text('esto es lo que acota Chebyshev')):  15%|#5        | 9/60 [00:03<00:18,  2.83it/s]
Animation 13: FadeOut(Text('esto es lo que acota Chebyshev')):  17%|#6        | 10/60 [00:03<00:17,  2.90it/s]
Animation 13: FadeOut(Text('esto es lo que acota Chebyshev')):  18%|#8        | 11/60 [00:03<00:16,  2.91it/s]
Animation 13: FadeOut(Text('esto es lo que acota Chebyshev')):  20%|##        | 12/60 [00:04<00:16,  2.93it/s]
Animation 13: FadeOut(Text('esto es lo que acota Chebyshev')):  22%|##1       | 13/60 [00:04<00:15,  2.98it/s]
Animation 13: FadeOut(Text('esto es lo que acota Chebyshev')):  23%|##3       | 14/60 [00:04<00:15,  2.92it/s]
Animation 13: FadeOut(Text('esto es lo que acota Chebyshev')):  25%|##5       | 15/60 [00:05<00:15,  2.96it/s]
Animation 13: FadeOut(Text('esto es lo que acota Chebyshev')):  27%|##6       | 16/60 [00:05<00:14,  3.00it/s]
Animation 13: FadeOut(Text('esto es lo que acota Chebyshev')):  28%|##8       | 17/60 [00:05<00:14,  2.98it/s]
Animation 13: FadeOut(Text('esto es lo que acota Chebyshev')):  30%|###       | 18/60 [00:06<00:14,  2.96it/s]
Animation 13: FadeOut(Text('esto es lo que acota Chebyshev')):  32%|###1      | 19/60 [00:06<00:13,  2.94it/s]
Animation 13: FadeOut(Text('esto es lo que acota Chebyshev')):  33%|###3      | 20/60 [00:06<00:13,  2.93it/s]
Animation 13: FadeOut(Text('esto es lo que acota Chebyshev')):  35%|###5      | 21/60 [00:07<00:13,  2.87it/s]
Animation 13: FadeOut(Text('esto es lo que acota Chebyshev')):  37%|###6      | 22/60 [00:07<00:13,  2.90it/s]
Animation 13: FadeOut(Text('esto es lo que acota Chebyshev')):  38%|###8      | 23/60 [00:07<00:12,  2.89it/s]
Animation 13: FadeOut(Text('esto es lo que acota Chebyshev')):  40%|####      | 24/60 [00:08<00:12,  2.84it/s]
Animation 13: FadeOut(Text('esto es lo que acota Chebyshev')):  42%|####1     | 25/60 [00:08<00:12,  2.88it/s]
Animation 13: FadeOut(Text('esto es lo que acota Chebyshev')):  43%|####3     | 26/60 [00:08<00:11,  2.87it/s]
Animation 13: FadeOut(Text('esto es lo que acota Chebyshev')):  45%|####5     | 27/60 [00:09<00:11,  2.87it/s]
Animation 13: FadeOut(Text('esto es lo que acota Chebyshev')):  47%|####6     | 28/60 [00:09<00:11,  2.89it/s]
Animation 13: FadeOut(Text('esto es lo que acota Chebyshev')):  48%|####8     | 29/60 [00:09<00:10,  2.91it/s]
Animation 13: FadeOut(Text('esto es lo que acota Chebyshev')):  50%|#####     | 30/60 [00:10<00:10,  2.92it/s]
Animation 13: FadeOut(Text('esto es lo que acota Chebyshev')):  52%|#####1    | 31/60 [00:10<00:09,  2.94it/s]
Animation 13: FadeOut(Text('esto es lo que acota Chebyshev')):  53%|#####3    | 32/60 [00:10<00:09,  2.88it/s]
Animation 13: FadeOut(Text('esto es lo que acota Chebyshev')):  55%|#####5    | 33/60 [00:11<00:09,  2.88it/s]
Animation 13: FadeOut(Text('esto es lo que acota Chebyshev')):  57%|#####6    | 34/60 [00:11<00:08,  2.94it/s]
Animation 13: FadeOut(Text('esto es lo que acota Chebyshev')):  58%|#####8    | 35/60 [00:12<00:08,  2.93it/s]
Animation 13: FadeOut(Text('esto es lo que acota Chebyshev')):  60%|######    | 36/60 [00:12<00:08,  2.94it/s]
Animation 13: FadeOut(Text('esto es lo que acota Chebyshev')):  62%|######1   | 37/60 [00:12<00:07,  2.98it/s]
Animation 13: FadeOut(Text('esto es lo que acota Chebyshev')):  63%|######3   | 38/60 [00:13<00:07,  2.94it/s]
Animation 13: FadeOut(Text('esto es lo que acota Chebyshev')):  65%|######5   | 39/60 [00:13<00:07,  2.96it/s]
Animation 13: FadeOut(Text('esto es lo que acota Chebyshev')):  67%|######6   | 40/60 [00:13<00:06,  2.93it/s]
Animation 13: FadeOut(Text('esto es lo que acota Chebyshev')):  68%|######8   | 41/60 [00:14<00:06,  2.93it/s]
Animation 13: FadeOut(Text('esto es lo que acota Chebyshev')):  70%|#######   | 42/60 [00:14<00:06,  2.89it/s]
Animation 13: FadeOut(Text('esto es lo que acota Chebyshev')):  72%|#######1  | 43/60 [00:14<00:05,  2.84it/s]
Animation 13: FadeOut(Text('esto es lo que acota Chebyshev')):  73%|#######3  | 44/60 [00:15<00:05,  2.84it/s]
Animation 13: FadeOut(Text('esto es lo que acota Chebyshev')):  75%|#######5  | 45/60 [00:15<00:05,  2.89it/s]
Animation 13: FadeOut(Text('esto es lo que acota Chebyshev')):  77%|#######6  | 46/60 [00:15<00:04,  2.88it/s]
Animation 13: FadeOut(Text('esto es lo que acota Chebyshev')):  78%|#######8  | 47/60 [00:16<00:04,  2.81it/s]
Animation 13: FadeOut(Text('esto es lo que acota Chebyshev')):  80%|########  | 48/60 [00:16<00:04,  2.79it/s]
Animation 13: FadeOut(Text('esto es lo que acota Chebyshev')):  82%|########1 | 49/60 [00:16<00:03,  2.82it/s]
Animation 13: FadeOut(Text('esto es lo que acota Chebyshev')):  83%|########3 | 50/60 [00:17<00:03,  2.70it/s]
Animation 13: FadeOut(Text('esto es lo que acota Chebyshev')):  85%|########5 | 51/60 [00:17<00:03,  2.75it/s]
Animation 13: FadeOut(Text('esto es lo que acota Chebyshev')):  87%|########6 | 52/60 [00:18<00:02,  2.70it/s]
Animation 13: FadeOut(Text('esto es lo que acota Chebyshev')):  88%|########8 | 53/60 [00:18<00:02,  2.71it/s]
Animation 13: FadeOut(Text('esto es lo que acota Chebyshev')):  90%|######### | 54/60 [00:18<00:02,  2.73it/s]
Animation 13: FadeOut(Text('esto es lo que acota Chebyshev')):  92%|#########1| 55/60 [00:19<00:01,  2.72it/s]
Animation 13: FadeOut(Text('esto es lo que acota Chebyshev')):  93%|#########3| 56/60 [00:19<00:01,  2.71it/s]
Animation 13: FadeOut(Text('esto es lo que acota Chebyshev')):  95%|#########5| 57/60 [00:19<00:01,  2.74it/s]
Animation 13: FadeOut(Text('esto es lo que acota Chebyshev')):  97%|#########6| 58/60 [00:20<00:00,  2.80it/s]
Animation 13: FadeOut(Text('esto es lo que acota Chebyshev')):  98%|#########8| 59/60 [00:20<00:00,  2.85it/s]
Animation 13: FadeOut(Text('esto es lo que acota Chebyshev')): 100%|##########| 60/60 [00:20<00:00,  2.89it/s]
[09/10/26 10:39:56] INFO     Animation 13 : Partial    scene_file_writer.py:192
                             movie file written in                             
                             'C:\Users\Nacho\Documents                         
                             \Animaciones\Capitulo                             
                             7\media\videos\s04_chebys                         
                             hev\1080p60\partial_movie                         
                             _files\Chebyshev\29324409                         
                             49_782058427_3710198679.m                         
                             p4'                                               
                                                                                                              

Animation 14: FadeIn(VGroup of 3 submobjects), etc.:   0%|          | 0/60 [00:00<?, ?it/s]
Animation 14: FadeIn(VGroup of 3 submobjects), etc.:   2%|1         | 1/60 [00:00<00:31,  1.88it/s]
Animation 14: FadeIn(VGroup of 3 submobjects), etc.:   3%|3         | 2/60 [00:01<00:29,  1.94it/s]
Animation 14: FadeIn(VGroup of 3 submobjects), etc.:   5%|5         | 3/60 [00:01<00:28,  1.97it/s]
Animation 14: FadeIn(VGroup of 3 submobjects), etc.:   7%|6         | 4/60 [00:02<00:28,  1.96it/s]
Animation 14: FadeIn(VGroup of 3 submobjects), etc.:   8%|8         | 5/60 [00:02<00:27,  1.98it/s]
Animation 14: FadeIn(VGroup of 3 submobjects), etc.:  10%|#         | 6/60 [00:03<00:27,  1.95it/s]
Animation 14: FadeIn(VGroup of 3 submobjects), etc.:  12%|#1        | 7/60 [00:03<00:26,  1.97it/s]
Animation 14: FadeIn(VGroup of 3 submobjects), etc.:  13%|#3        | 8/60 [00:04<00:26,  1.97it/s]
Animation 14: FadeIn(VGroup of 3 submobjects), etc.:  15%|#5        | 9/60 [00:04<00:25,  2.00it/s]
Animation 14: FadeIn(VGroup of 3 submobjects), etc.:  17%|#6        | 10/60 [00:05<00:25,  1.97it/s]
Animation 14: FadeIn(VGroup of 3 submobjects), etc.:  18%|#8        | 11/60 [00:05<00:24,  1.96it/s]
Animation 14: FadeIn(VGroup of 3 submobjects), etc.:  20%|##        | 12/60 [00:06<00:24,  1.96it/s]
Animation 14: FadeIn(VGroup of 3 submobjects), etc.:  22%|##1       | 13/60 [00:06<00:23,  1.98it/s]
Animation 14: FadeIn(VGroup of 3 submobjects), etc.:  23%|##3       | 14/60 [00:07<00:23,  1.99it/s]
Animation 14: FadeIn(VGroup of 3 submobjects), etc.:  25%|##5       | 15/60 [00:07<00:23,  1.93it/s]
Animation 14: FadeIn(VGroup of 3 submobjects), etc.:  27%|##6       | 16/60 [00:08<00:22,  1.96it/s]
Animation 14: FadeIn(VGroup of 3 submobjects), etc.:  28%|##8       | 17/60 [00:08<00:22,  1.93it/s]
Animation 14: FadeIn(VGroup of 3 submobjects), etc.:  30%|###       | 18/60 [00:09<00:21,  1.95it/s]
Animation 14: FadeIn(VGroup of 3 submobjects), etc.:  32%|###1      | 19/60 [00:09<00:22,  1.85it/s]
Animation 14: FadeIn(VGroup of 3 submobjects), etc.:  33%|###3      | 20/60 [00:10<00:21,  1.89it/s]
Animation 14: FadeIn(VGroup of 3 submobjects), etc.:  35%|###5      | 21/60 [00:10<00:20,  1.92it/s]
Animation 14: FadeIn(VGroup of 3 submobjects), etc.:  37%|###6      | 22/60 [00:11<00:19,  1.93it/s]
Animation 14: FadeIn(VGroup of 3 submobjects), etc.:  38%|###8      | 23/60 [00:11<00:19,  1.89it/s]
Animation 14: FadeIn(VGroup of 3 submobjects), etc.:  40%|####      | 24/60 [00:12<00:18,  1.93it/s]
Animation 14: FadeIn(VGroup of 3 submobjects), etc.:  42%|####1     | 25/60 [00:12<00:17,  1.95it/s]
Animation 14: FadeIn(VGroup of 3 submobjects), etc.:  43%|####3     | 26/60 [00:13<00:17,  1.95it/s]
Animation 14: FadeIn(VGroup of 3 submobjects), etc.:  45%|####5     | 27/60 [00:13<00:17,  1.93it/s]
Animation 14: FadeIn(VGroup of 3 submobjects), etc.:  47%|####6     | 28/60 [00:14<00:16,  1.97it/s]
Animation 14: FadeIn(VGroup of 3 submobjects), etc.:  48%|####8     | 29/60 [00:14<00:15,  1.96it/s]
Animation 14: FadeIn(VGroup of 3 submobjects), etc.:  50%|#####     | 30/60 [00:15<00:15,  1.94it/s]
Animation 14: FadeIn(VGroup of 3 submobjects), etc.:  52%|#####1    | 31/60 [00:15<00:14,  1.94it/s]
Animation 14: FadeIn(VGroup of 3 submobjects), etc.:  53%|#####3    | 32/60 [00:16<00:14,  1.91it/s]
Animation 14: FadeIn(VGroup of 3 submobjects), etc.:  55%|#####5    | 33/60 [00:17<00:14,  1.91it/s]
Animation 14: FadeIn(VGroup of 3 submobjects), etc.:  57%|#####6    | 34/60 [00:17<00:13,  1.95it/s]
Animation 14: FadeIn(VGroup of 3 submobjects), etc.:  58%|#####8    | 35/60 [00:18<00:12,  1.95it/s]
Animation 14: FadeIn(VGroup of 3 submobjects), etc.:  60%|######    | 36/60 [00:18<00:12,  1.97it/s]
Animation 14: FadeIn(VGroup of 3 submobjects), etc.:  62%|######1   | 37/60 [00:19<00:11,  1.98it/s]
Animation 14: FadeIn(VGroup of 3 submobjects), etc.:  63%|######3   | 38/60 [00:19<00:11,  1.94it/s]
Animation 14: FadeIn(VGroup of 3 submobjects), etc.:  65%|######5   | 39/60 [00:20<00:10,  1.93it/s]
Animation 14: FadeIn(VGroup of 3 submobjects), etc.:  67%|######6   | 40/60 [00:20<00:10,  1.94it/s]
Animation 14: FadeIn(VGroup of 3 submobjects), etc.:  68%|######8   | 41/60 [00:21<00:09,  1.98it/s]
Animation 14: FadeIn(VGroup of 3 submobjects), etc.:  70%|#######   | 42/60 [00:21<00:09,  1.97it/s]
Animation 14: FadeIn(VGroup of 3 submobjects), etc.:  72%|#######1  | 43/60 [00:22<00:08,  1.95it/s]
Animation 14: FadeIn(VGroup of 3 submobjects), etc.:  73%|#######3  | 44/60 [00:22<00:08,  1.97it/s]
Animation 14: FadeIn(VGroup of 3 submobjects), etc.:  75%|#######5  | 45/60 [00:23<00:07,  2.00it/s]
Animation 14: FadeIn(VGroup of 3 submobjects), etc.:  77%|#######6  | 46/60 [00:23<00:07,  1.96it/s]
Animation 14: FadeIn(VGroup of 3 submobjects), etc.:  78%|#######8  | 47/60 [00:24<00:06,  1.88it/s]
Animation 14: FadeIn(VGroup of 3 submobjects), etc.:  80%|########  | 48/60 [00:25<00:07,  1.60it/s]
Animation 14: FadeIn(VGroup of 3 submobjects), etc.:  82%|########1 | 49/60 [00:25<00:07,  1.48it/s]
Animation 14: FadeIn(VGroup of 3 submobjects), etc.:  83%|########3 | 50/60 [00:26<00:06,  1.44it/s]
Animation 14: FadeIn(VGroup of 3 submobjects), etc.:  85%|########5 | 51/60 [00:27<00:06,  1.41it/s]
Animation 14: FadeIn(VGroup of 3 submobjects), etc.:  87%|########6 | 52/60 [00:27<00:05,  1.44it/s]
Animation 14: FadeIn(VGroup of 3 submobjects), etc.:  88%|########8 | 53/60 [00:28<00:04,  1.55it/s]
Animation 14: FadeIn(VGroup of 3 submobjects), etc.:  90%|######### | 54/60 [00:28<00:03,  1.67it/s]
Animation 14: FadeIn(VGroup of 3 submobjects), etc.:  92%|#########1| 55/60 [00:29<00:02,  1.76it/s]
Animation 14: FadeIn(VGroup of 3 submobjects), etc.:  93%|#########3| 56/60 [00:30<00:02,  1.78it/s]
Animation 14: FadeIn(VGroup of 3 submobjects), etc.:  95%|#########5| 57/60 [00:30<00:01,  1.75it/s]
Animation 14: FadeIn(VGroup of 3 submobjects), etc.:  97%|#########6| 58/60 [00:31<00:01,  1.77it/s]
Animation 14: FadeIn(VGroup of 3 submobjects), etc.:  98%|#########8| 59/60 [00:31<00:00,  1.80it/s]
Animation 14: FadeIn(VGroup of 3 submobjects), etc.: 100%|##########| 60/60 [00:32<00:00,  1.78it/s]
[09/10/26 10:40:29] INFO     Animation 14 : Partial    scene_file_writer.py:192
                             movie file written in                             
                             'C:\Users\Nacho\Documents                         
                             \Animaciones\Capitulo                             
                             7\media\videos\s04_chebys                         
                             hev\1080p60\partial_movie                         
                             _files\Chebyshev\29324409                         
                             49_365610757_2930259133.m                         
                             p4'                                               
[09/10/26 10:40:30] INFO     Animation 15 : Partial    scene_file_writer.py:192
                             movie file written in                             
                             'C:\Users\Nacho\Documents                         
                             \Animaciones\Capitulo                             
                             7\media\videos\s04_chebys                         
                             hev\1080p60\partial_movie                         
                             _files\Chebyshev\29324409                         
                             49_941615173_3248189717.m                         
                             p4'                                               
                                                                                                    

Animation 16: _MethodAnimation(ValueTracker):   0%|          | 0/156 [00:00<?, ?it/s]
Animation 16: _MethodAnimation(ValueTracker):   1%|          | 1/156 [00:00<01:08,  2.25it/s]
Animation 16: _MethodAnimation(ValueTracker):   1%|1         | 2/156 [00:00<01:08,  2.24it/s]
Animation 16: _MethodAnimation(ValueTracker):   2%|1         | 3/156 [00:01<01:05,  2.34it/s]
Animation 16: _MethodAnimation(ValueTracker):   3%|2         | 4/156 [00:01<01:04,  2.37it/s]
Animation 16: _MethodAnimation(ValueTracker):   3%|3         | 5/156 [00:02<01:02,  2.40it/s]
Animation 16: _MethodAnimation(ValueTracker):   4%|3         | 6/156 [00:02<01:06,  2.26it/s]
Animation 16: _MethodAnimation(ValueTracker):   4%|4         | 7/156 [00:03<01:07,  2.21it/s]
Animation 16: _MethodAnimation(ValueTracker):   5%|5         | 8/156 [00:03<01:07,  2.18it/s]
Animation 16: _MethodAnimation(ValueTracker):   6%|5         | 9/156 [00:03<01:04,  2.27it/s]
Animation 16: _MethodAnimation(ValueTracker):   6%|6         | 10/156 [00:04<01:02,  2.34it/s]
Animation 16: _MethodAnimation(ValueTracker):   7%|7         | 11/156 [00:04<01:08,  2.12it/s]
Animation 16: _MethodAnimation(ValueTracker):   8%|7         | 12/156 [00:05<01:07,  2.13it/s]
Animation 16: _MethodAnimation(ValueTracker):   8%|8         | 13/156 [00:06<01:13,  1.94it/s]
Animation 16: _MethodAnimation(ValueTracker):   9%|8         | 14/156 [00:06<01:30,  1.56it/s]
Animation 16: _MethodAnimation(ValueTracker):  10%|9         | 15/156 [00:07<01:20,  1.74it/s]
Animation 16: _MethodAnimation(ValueTracker):  10%|#         | 16/156 [00:07<01:13,  1.90it/s]
Animation 16: _MethodAnimation(ValueTracker):  11%|#         | 17/156 [00:08<01:24,  1.64it/s]
Animation 16: _MethodAnimation(ValueTracker):  12%|#1        | 18/156 [00:08<01:15,  1.83it/s]
Animation 16: _MethodAnimation(ValueTracker):  12%|#2        | 19/156 [00:09<01:12,  1.89it/s]
Animation 16: _MethodAnimation(ValueTracker):  13%|#2        | 20/156 [00:09<01:07,  2.01it/s]
Animation 16: _MethodAnimation(ValueTracker):  13%|#3        | 21/156 [00:10<01:04,  2.09it/s]
Animation 16: _MethodAnimation(ValueTracker):  14%|#4        | 22/156 [00:10<01:11,  1.89it/s]
Animation 16: _MethodAnimation(ValueTracker):  15%|#4        | 23/156 [00:11<01:08,  1.94it/s]
Animation 16: _MethodAnimation(ValueTracker):  15%|#5        | 24/156 [00:11<01:08,  1.92it/s]
Animation 16: _MethodAnimation(ValueTracker):  16%|#6        | 25/156 [00:12<01:10,  1.87it/s]
Animation 16: _MethodAnimation(ValueTracker):  17%|#6        | 26/156 [00:13<01:09,  1.86it/s]
Animation 16: _MethodAnimation(ValueTracker):  17%|#7        | 27/156 [00:13<01:08,  1.89it/s]
Animation 16: _MethodAnimation(ValueTracker):  18%|#7        | 28/156 [00:14<01:10,  1.81it/s]
Animation 16: _MethodAnimation(ValueTracker):  19%|#8        | 29/156 [00:14<01:08,  1.85it/s]
Animation 16: _MethodAnimation(ValueTracker):  19%|#9        | 30/156 [00:15<01:04,  1.94it/s]
Animation 16: _MethodAnimation(ValueTracker):  20%|#9        | 31/156 [00:15<01:01,  2.02it/s]
Animation 16: _MethodAnimation(ValueTracker):  21%|##        | 32/156 [00:16<01:01,  2.00it/s]
Animation 16: _MethodAnimation(ValueTracker):  21%|##1       | 33/156 [00:16<01:03,  1.94it/s]
Animation 16: _MethodAnimation(ValueTracker):  22%|##1       | 34/156 [00:17<01:06,  1.85it/s]
Animation 16: _MethodAnimation(ValueTracker):  22%|##2       | 35/156 [00:17<01:07,  1.79it/s]
Animation 16: _MethodAnimation(ValueTracker):  23%|##3       | 36/156 [00:18<01:02,  1.92it/s]
Animation 16: _MethodAnimation(ValueTracker):  24%|##3       | 37/156 [00:18<00:59,  2.02it/s]
Animation 16: _MethodAnimation(ValueTracker):  24%|##4       | 38/156 [00:19<00:56,  2.10it/s]
Animation 16: _MethodAnimation(ValueTracker):  25%|##5       | 39/156 [00:19<00:54,  2.16it/s]
Animation 16: _MethodAnimation(ValueTracker):  26%|##5       | 40/156 [00:20<00:51,  2.25it/s]
Animation 16: _MethodAnimation(ValueTracker):  26%|##6       | 41/156 [00:20<00:50,  2.26it/s]
Animation 16: _MethodAnimation(ValueTracker):  27%|##6       | 42/156 [00:20<00:49,  2.32it/s]
Animation 16: _MethodAnimation(ValueTracker):  28%|##7       | 43/156 [00:21<00:50,  2.23it/s]
Animation 16: _MethodAnimation(ValueTracker):  28%|##8       | 44/156 [00:21<00:50,  2.20it/s]
Animation 16: _MethodAnimation(ValueTracker):  29%|##8       | 45/156 [00:22<00:48,  2.28it/s]
Animation 16: _MethodAnimation(ValueTracker):  29%|##9       | 46/156 [00:22<00:47,  2.34it/s]
Animation 16: _MethodAnimation(ValueTracker):  30%|###       | 47/156 [00:23<00:46,  2.37it/s]
Animation 16: _MethodAnimation(ValueTracker):  31%|###       | 48/156 [00:23<00:44,  2.42it/s]
Animation 16: _MethodAnimation(ValueTracker):  31%|###1      | 49/156 [00:23<00:44,  2.43it/s]
Animation 16: _MethodAnimation(ValueTracker):  32%|###2      | 50/156 [00:24<00:43,  2.45it/s]
Animation 16: _MethodAnimation(ValueTracker):  33%|###2      | 51/156 [00:24<00:43,  2.40it/s]
Animation 16: _MethodAnimation(ValueTracker):  33%|###3      | 52/156 [00:25<00:43,  2.40it/s]
Animation 16: _MethodAnimation(ValueTracker):  34%|###3      | 53/156 [00:25<00:44,  2.32it/s]
Animation 16: _MethodAnimation(ValueTracker):  35%|###4      | 54/156 [00:25<00:44,  2.32it/s]
Animation 16: _MethodAnimation(ValueTracker):  35%|###5      | 55/156 [00:26<00:42,  2.37it/s]
Animation 16: _MethodAnimation(ValueTracker):  36%|###5      | 56/156 [00:26<00:42,  2.37it/s]
Animation 16: _MethodAnimation(ValueTracker):  37%|###6      | 57/156 [00:27<00:40,  2.42it/s]
Animation 16: _MethodAnimation(ValueTracker):  37%|###7      | 58/156 [00:27<00:40,  2.44it/s]
Animation 16: _MethodAnimation(ValueTracker):  38%|###7      | 59/156 [00:28<00:40,  2.41it/s]
Animation 16: _MethodAnimation(ValueTracker):  38%|###8      | 60/156 [00:28<00:39,  2.42it/s]
Animation 16: _MethodAnimation(ValueTracker):  39%|###9      | 61/156 [00:28<00:39,  2.41it/s]
Animation 16: _MethodAnimation(ValueTracker):  40%|###9      | 62/156 [00:29<00:38,  2.41it/s]
Animation 16: _MethodAnimation(ValueTracker):  40%|####      | 63/156 [00:29<00:39,  2.38it/s]
Animation 16: _MethodAnimation(ValueTracker):  41%|####1     | 64/156 [00:30<00:41,  2.23it/s]
Animation 16: _MethodAnimation(ValueTracker):  42%|####1     | 65/156 [00:30<00:40,  2.22it/s]
Animation 16: _MethodAnimation(ValueTracker):  42%|####2     | 66/156 [00:31<00:39,  2.28it/s]
Animation 16: _MethodAnimation(ValueTracker):  43%|####2     | 67/156 [00:31<00:38,  2.34it/s]
Animation 16: _MethodAnimation(ValueTracker):  44%|####3     | 68/156 [00:31<00:37,  2.35it/s]
Animation 16: _MethodAnimation(ValueTracker):  44%|####4     | 69/156 [00:32<00:37,  2.34it/s]
Animation 16: _MethodAnimation(ValueTracker):  45%|####4     | 70/156 [00:32<00:36,  2.35it/s]
Animation 16: _MethodAnimation(ValueTracker):  46%|####5     | 71/156 [00:33<00:35,  2.40it/s]
Animation 16: _MethodAnimation(ValueTracker):  46%|####6     | 72/156 [00:33<00:34,  2.43it/s]
Animation 16: _MethodAnimation(ValueTracker):  47%|####6     | 73/156 [00:33<00:34,  2.40it/s]
Animation 16: _MethodAnimation(ValueTracker):  47%|####7     | 74/156 [00:34<00:34,  2.37it/s]
Animation 16: _MethodAnimation(ValueTracker):  48%|####8     | 75/156 [00:34<00:34,  2.35it/s]
Animation 16: _MethodAnimation(ValueTracker):  49%|####8     | 76/156 [00:35<00:33,  2.37it/s]
Animation 16: _MethodAnimation(ValueTracker):  49%|####9     | 77/156 [00:35<00:33,  2.36it/s]
Animation 16: _MethodAnimation(ValueTracker):  50%|#####     | 78/156 [00:36<00:32,  2.38it/s]
Animation 16: _MethodAnimation(ValueTracker):  51%|#####     | 79/156 [00:36<00:32,  2.37it/s]
Animation 16: _MethodAnimation(ValueTracker):  51%|#####1    | 80/156 [00:36<00:32,  2.33it/s]
Animation 16: _MethodAnimation(ValueTracker):  52%|#####1    | 81/156 [00:37<00:36,  2.05it/s]
Animation 16: _MethodAnimation(ValueTracker):  53%|#####2    | 82/156 [00:38<00:34,  2.12it/s]
Animation 16: _MethodAnimation(ValueTracker):  53%|#####3    | 83/156 [00:38<00:32,  2.22it/s]
Animation 16: _MethodAnimation(ValueTracker):  54%|#####3    | 84/156 [00:38<00:31,  2.27it/s]
Animation 16: _MethodAnimation(ValueTracker):  54%|#####4    | 85/156 [00:39<00:30,  2.34it/s]
Animation 16: _MethodAnimation(ValueTracker):  55%|#####5    | 86/156 [00:39<00:29,  2.38it/s]
Animation 16: _MethodAnimation(ValueTracker):  56%|#####5    | 87/156 [00:40<00:30,  2.28it/s]
Animation 16: _MethodAnimation(ValueTracker):  56%|#####6    | 88/156 [00:40<00:28,  2.37it/s]
Animation 16: _MethodAnimation(ValueTracker):  57%|#####7    | 89/156 [00:40<00:28,  2.32it/s]
Animation 16: _MethodAnimation(ValueTracker):  58%|#####7    | 90/156 [00:41<00:27,  2.38it/s]
Animation 16: _MethodAnimation(ValueTracker):  58%|#####8    | 91/156 [00:41<00:26,  2.44it/s]
Animation 16: _MethodAnimation(ValueTracker):  59%|#####8    | 92/156 [00:42<00:26,  2.39it/s]
Animation 16: _MethodAnimation(ValueTracker):  60%|#####9    | 93/156 [00:42<00:25,  2.46it/s]
Animation 16: _MethodAnimation(ValueTracker):  60%|######    | 94/156 [00:42<00:25,  2.46it/s]
Animation 16: _MethodAnimation(ValueTracker):  61%|######    | 95/156 [00:43<00:24,  2.45it/s]
Animation 16: _MethodAnimation(ValueTracker):  62%|######1   | 96/156 [00:43<00:24,  2.44it/s]
Animation 16: _MethodAnimation(ValueTracker):  62%|######2   | 97/156 [00:44<00:24,  2.37it/s]
Animation 16: _MethodAnimation(ValueTracker):  63%|######2   | 98/156 [00:44<00:24,  2.32it/s]
Animation 16: _MethodAnimation(ValueTracker):  63%|######3   | 99/156 [00:45<00:25,  2.26it/s]
Animation 16: _MethodAnimation(ValueTracker):  64%|######4   | 100/156 [00:45<00:26,  2.13it/s]
Animation 16: _MethodAnimation(ValueTracker):  65%|######4   | 101/156 [00:46<00:24,  2.23it/s]
Animation 16: _MethodAnimation(ValueTracker):  65%|######5   | 102/156 [00:46<00:23,  2.26it/s]
Animation 16: _MethodAnimation(ValueTracker):  66%|######6   | 103/156 [00:46<00:23,  2.30it/s]
Animation 16: _MethodAnimation(ValueTracker):  67%|######6   | 104/156 [00:47<00:22,  2.35it/s]
Animation 16: _MethodAnimation(ValueTracker):  67%|######7   | 105/156 [00:47<00:21,  2.34it/s]
Animation 16: _MethodAnimation(ValueTracker):  68%|######7   | 106/156 [00:48<00:20,  2.39it/s]
Animation 16: _MethodAnimation(ValueTracker):  69%|######8   | 107/156 [00:48<00:20,  2.39it/s]
Animation 16: _MethodAnimation(ValueTracker):  69%|######9   | 108/156 [00:49<00:19,  2.42it/s]
Animation 16: _MethodAnimation(ValueTracker):  70%|######9   | 109/156 [00:49<00:19,  2.36it/s]
Animation 16: _MethodAnimation(ValueTracker):  71%|#######   | 110/156 [00:49<00:20,  2.24it/s]
Animation 16: _MethodAnimation(ValueTracker):  71%|#######1  | 111/156 [00:50<00:19,  2.28it/s]
Animation 16: _MethodAnimation(ValueTracker):  72%|#######1  | 112/156 [00:50<00:19,  2.30it/s]
Animation 16: _MethodAnimation(ValueTracker):  72%|#######2  | 113/156 [00:51<00:18,  2.38it/s]
Animation 16: _MethodAnimation(ValueTracker):  73%|#######3  | 114/156 [00:51<00:17,  2.41it/s]
Animation 16: _MethodAnimation(ValueTracker):  74%|#######3  | 115/156 [00:51<00:16,  2.44it/s]
Animation 16: _MethodAnimation(ValueTracker):  74%|#######4  | 116/156 [00:52<00:16,  2.46it/s]
Animation 16: _MethodAnimation(ValueTracker):  75%|#######5  | 117/156 [00:52<00:16,  2.44it/s]
Animation 16: _MethodAnimation(ValueTracker):  76%|#######5  | 118/156 [00:53<00:15,  2.43it/s]
Animation 16: _MethodAnimation(ValueTracker):  76%|#######6  | 119/156 [00:53<00:15,  2.38it/s]
Animation 16: _MethodAnimation(ValueTracker):  77%|#######6  | 120/156 [00:54<00:14,  2.41it/s]
Animation 16: _MethodAnimation(ValueTracker):  78%|#######7  | 121/156 [00:54<00:14,  2.47it/s]
Animation 16: _MethodAnimation(ValueTracker):  78%|#######8  | 122/156 [00:54<00:13,  2.49it/s]
Animation 16: _MethodAnimation(ValueTracker):  79%|#######8  | 123/156 [00:55<00:13,  2.53it/s]
Animation 16: _MethodAnimation(ValueTracker):  79%|#######9  | 124/156 [00:55<00:12,  2.48it/s]
Animation 16: _MethodAnimation(ValueTracker):  80%|########  | 125/156 [00:56<00:12,  2.49it/s]
Animation 16: _MethodAnimation(ValueTracker):  81%|########  | 126/156 [00:56<00:12,  2.45it/s]
Animation 16: _MethodAnimation(ValueTracker):  81%|########1 | 127/156 [00:56<00:11,  2.47it/s]
Animation 16: _MethodAnimation(ValueTracker):  82%|########2 | 128/156 [00:57<00:11,  2.48it/s]
Animation 16: _MethodAnimation(ValueTracker):  83%|########2 | 129/156 [00:57<00:10,  2.49it/s]
Animation 16: _MethodAnimation(ValueTracker):  83%|########3 | 130/156 [00:58<00:11,  2.29it/s]
Animation 16: _MethodAnimation(ValueTracker):  84%|########3 | 131/156 [00:58<00:10,  2.34it/s]
Animation 16: _MethodAnimation(ValueTracker):  85%|########4 | 132/156 [00:58<00:10,  2.37it/s]
Animation 16: _MethodAnimation(ValueTracker):  85%|########5 | 133/156 [00:59<00:09,  2.43it/s]
Animation 16: _MethodAnimation(ValueTracker):  86%|########5 | 134/156 [00:59<00:09,  2.40it/s]
Animation 16: _MethodAnimation(ValueTracker):  87%|########6 | 135/156 [01:00<00:09,  2.11it/s]
Animation 16: _MethodAnimation(ValueTracker):  87%|########7 | 136/156 [01:00<00:09,  2.15it/s]
Animation 16: _MethodAnimation(ValueTracker):  88%|########7 | 137/156 [01:01<00:08,  2.26it/s]
Animation 16: _MethodAnimation(ValueTracker):  88%|########8 | 138/156 [01:01<00:07,  2.30it/s]
Animation 16: _MethodAnimation(ValueTracker):  89%|########9 | 139/156 [01:02<00:07,  2.34it/s]
Animation 16: _MethodAnimation(ValueTracker):  90%|########9 | 140/156 [01:02<00:06,  2.29it/s]
Animation 16: _MethodAnimation(ValueTracker):  90%|######### | 141/156 [01:02<00:06,  2.27it/s]
Animation 16: _MethodAnimation(ValueTracker):  91%|#########1| 142/156 [01:03<00:05,  2.34it/s]
Animation 16: _MethodAnimation(ValueTracker):  92%|#########1| 143/156 [01:03<00:05,  2.36it/s]
Animation 16: _MethodAnimation(ValueTracker):  92%|#########2| 144/156 [01:04<00:05,  2.31it/s]
Animation 16: _MethodAnimation(ValueTracker):  93%|#########2| 145/156 [01:04<00:04,  2.28it/s]
Animation 16: _MethodAnimation(ValueTracker):  94%|#########3| 146/156 [01:05<00:04,  2.35it/s]
Animation 16: _MethodAnimation(ValueTracker):  94%|#########4| 147/156 [01:05<00:03,  2.39it/s]
Animation 16: _MethodAnimation(ValueTracker):  95%|#########4| 148/156 [01:05<00:03,  2.41it/s]
Animation 16: _MethodAnimation(ValueTracker):  96%|#########5| 149/156 [01:06<00:02,  2.38it/s]
Animation 16: _MethodAnimation(ValueTracker):  96%|#########6| 150/156 [01:07<00:03,  1.84it/s]
Animation 16: _MethodAnimation(ValueTracker):  97%|#########6| 151/156 [01:07<00:02,  2.00it/s]
Animation 16: _MethodAnimation(ValueTracker):  97%|#########7| 152/156 [01:07<00:01,  2.14it/s]
Animation 16: _MethodAnimation(ValueTracker):  98%|#########8| 153/156 [01:08<00:01,  2.24it/s]
Animation 16: _MethodAnimation(ValueTracker):  99%|#########8| 154/156 [01:08<00:00,  2.32it/s]
Animation 16: _MethodAnimation(ValueTracker):  99%|#########9| 155/156 [01:09<00:00,  2.34it/s]
Animation 16: _MethodAnimation(ValueTracker): 100%|##########| 156/156 [01:09<00:00,  2.39it/s]
[09/10/26 10:41:40] INFO     Animation 16 : Partial    scene_file_writer.py:192
                             movie file written in                             
                             'C:\Users\Nacho\Documents                         
                             \Animaciones\Capitulo                             
                             7\media\videos\s04_chebys                         
                             hev\1080p60\partial_movie                         
                             _files\Chebyshev\29324409                         
                             49_2978011492_2482744866.                         
                             mp4'                                              
[09/10/26 10:41:41] INFO     Animation 17 : Partial    scene_file_writer.py:192
                             movie file written in                             
                             'C:\Users\Nacho\Documents                         
                             \Animaciones\Capitulo                             
                             7\media\videos\s04_chebys                         
                             hev\1080p60\partial_movie                         
                             _files\Chebyshev\29324409                         
                             49_125152860_2050388065.m                         
                             p4'                                               
                                                                                               

Animation 18: _MethodAnimation(ValueTracker):   0%|          | 0/132 [00:00<?, ?it/s]
Animation 18: _MethodAnimation(ValueTracker):   1%|          | 1/132 [00:00<00:52,  2.51it/s]
Animation 18: _MethodAnimation(ValueTracker):   2%|1         | 2/132 [00:00<00:53,  2.45it/s]
Animation 18: _MethodAnimation(ValueTracker):   2%|2         | 3/132 [00:01<00:53,  2.42it/s]
Animation 18: _MethodAnimation(ValueTracker):   3%|3         | 4/132 [00:01<00:51,  2.48it/s]
Animation 18: _MethodAnimation(ValueTracker):   4%|3         | 5/132 [00:02<00:51,  2.49it/s]
Animation 18: _MethodAnimation(ValueTracker):   5%|4         | 6/132 [00:02<00:51,  2.46it/s]
Animation 18: _MethodAnimation(ValueTracker):   5%|5         | 7/132 [00:02<00:53,  2.35it/s]
Animation 18: _MethodAnimation(ValueTracker):   6%|6         | 8/132 [00:03<00:53,  2.33it/s]
Animation 18: _MethodAnimation(ValueTracker):   7%|6         | 9/132 [00:03<00:55,  2.21it/s]
Animation 18: _MethodAnimation(ValueTracker):   8%|7         | 10/132 [00:04<00:55,  2.21it/s]
Animation 18: _MethodAnimation(ValueTracker):   8%|8         | 11/132 [00:04<00:56,  2.16it/s]
Animation 18: _MethodAnimation(ValueTracker):   9%|9         | 12/132 [00:05<00:56,  2.12it/s]
Animation 18: _MethodAnimation(ValueTracker):  10%|9         | 13/132 [00:05<01:00,  1.98it/s]
Animation 18: _MethodAnimation(ValueTracker):  11%|#         | 14/132 [00:06<00:58,  2.03it/s]
Animation 18: _MethodAnimation(ValueTracker):  11%|#1        | 15/132 [00:06<00:58,  2.00it/s]
Animation 18: _MethodAnimation(ValueTracker):  12%|#2        | 16/132 [00:07<00:56,  2.06it/s]
Animation 18: _MethodAnimation(ValueTracker):  13%|#2        | 17/132 [00:07<00:53,  2.15it/s]
Animation 18: _MethodAnimation(ValueTracker):  14%|#3        | 18/132 [00:08<00:51,  2.21it/s]
Animation 18: _MethodAnimation(ValueTracker):  14%|#4        | 19/132 [00:08<00:52,  2.17it/s]
Animation 18: _MethodAnimation(ValueTracker):  15%|#5        | 20/132 [00:09<00:50,  2.23it/s]
Animation 18: _MethodAnimation(ValueTracker):  16%|#5        | 21/132 [00:09<00:49,  2.25it/s]
Animation 18: _MethodAnimation(ValueTracker):  17%|#6        | 22/132 [00:09<00:48,  2.27it/s]
Animation 18: _MethodAnimation(ValueTracker):  17%|#7        | 23/132 [00:10<00:47,  2.28it/s]
Animation 18: _MethodAnimation(ValueTracker):  18%|#8        | 24/132 [00:10<00:47,  2.28it/s]
Animation 18: _MethodAnimation(ValueTracker):  19%|#8        | 25/132 [00:11<00:49,  2.16it/s]
Animation 18: _MethodAnimation(ValueTracker):  20%|#9        | 26/132 [00:11<00:47,  2.23it/s]
Animation 18: _MethodAnimation(ValueTracker):  20%|##        | 27/132 [00:12<00:46,  2.26it/s]
Animation 18: _MethodAnimation(ValueTracker):  21%|##1       | 28/132 [00:12<00:44,  2.31it/s]
Animation 18: _MethodAnimation(ValueTracker):  22%|##1       | 29/132 [00:12<00:44,  2.30it/s]
Animation 18: _MethodAnimation(ValueTracker):  23%|##2       | 30/132 [00:13<00:43,  2.33it/s]
Animation 18: _MethodAnimation(ValueTracker):  23%|##3       | 31/132 [00:13<00:42,  2.36it/s]
Animation 18: _MethodAnimation(ValueTracker):  24%|##4       | 32/132 [00:14<00:41,  2.38it/s]
Animation 18: _MethodAnimation(ValueTracker):  25%|##5       | 33/132 [00:14<00:41,  2.40it/s]
Animation 18: _MethodAnimation(ValueTracker):  26%|##5       | 34/132 [00:15<00:40,  2.42it/s]
Animation 18: _MethodAnimation(ValueTracker):  27%|##6       | 35/132 [00:15<00:39,  2.46it/s]
Animation 18: _MethodAnimation(ValueTracker):  27%|##7       | 36/132 [00:15<00:39,  2.45it/s]
Animation 18: _MethodAnimation(ValueTracker):  28%|##8       | 37/132 [00:16<00:39,  2.42it/s]
Animation 18: _MethodAnimation(ValueTracker):  29%|##8       | 38/132 [00:16<00:39,  2.37it/s]
Animation 18: _MethodAnimation(ValueTracker):  30%|##9       | 39/132 [00:17<00:39,  2.38it/s]
Animation 18: _MethodAnimation(ValueTracker):  30%|###       | 40/132 [00:17<00:38,  2.39it/s]
Animation 18: _MethodAnimation(ValueTracker):  31%|###1      | 41/132 [00:17<00:37,  2.40it/s]
Animation 18: _MethodAnimation(ValueTracker):  32%|###1      | 42/132 [00:18<00:37,  2.43it/s]
Animation 18: _MethodAnimation(ValueTracker):  33%|###2      | 43/132 [00:18<00:37,  2.37it/s]
Animation 18: _MethodAnimation(ValueTracker):  33%|###3      | 44/132 [00:19<00:36,  2.40it/s]
Animation 18: _MethodAnimation(ValueTracker):  34%|###4      | 45/132 [00:19<00:35,  2.43it/s]
Animation 18: _MethodAnimation(ValueTracker):  35%|###4      | 46/132 [00:20<00:36,  2.39it/s]
Animation 18: _MethodAnimation(ValueTracker):  36%|###5      | 47/132 [00:20<00:38,  2.20it/s]
Animation 18: _MethodAnimation(ValueTracker):  36%|###6      | 48/132 [00:21<00:38,  2.17it/s]
Animation 18: _MethodAnimation(ValueTracker):  37%|###7      | 49/132 [00:21<00:37,  2.23it/s]
Animation 18: _MethodAnimation(ValueTracker):  38%|###7      | 50/132 [00:21<00:35,  2.28it/s]
Animation 18: _MethodAnimation(ValueTracker):  39%|###8      | 51/132 [00:22<00:35,  2.29it/s]
Animation 18: _MethodAnimation(ValueTracker):  39%|###9      | 52/132 [00:22<00:35,  2.27it/s]
Animation 18: _MethodAnimation(ValueTracker):  40%|####      | 53/132 [00:23<00:34,  2.28it/s]
Animation 18: _MethodAnimation(ValueTracker):  41%|####      | 54/132 [00:23<00:34,  2.26it/s]
Animation 18: _MethodAnimation(ValueTracker):  42%|####1     | 55/132 [00:24<00:33,  2.30it/s]
Animation 18: _MethodAnimation(ValueTracker):  42%|####2     | 56/132 [00:24<00:32,  2.31it/s]
Animation 18: _MethodAnimation(ValueTracker):  43%|####3     | 57/132 [00:24<00:32,  2.31it/s]
Animation 18: _MethodAnimation(ValueTracker):  44%|####3     | 58/132 [00:25<00:32,  2.28it/s]
Animation 18: _MethodAnimation(ValueTracker):  45%|####4     | 59/132 [00:25<00:32,  2.28it/s]
Animation 18: _MethodAnimation(ValueTracker):  45%|####5     | 60/132 [00:26<00:31,  2.31it/s]
Animation 18: _MethodAnimation(ValueTracker):  46%|####6     | 61/132 [00:26<00:29,  2.41it/s]
Animation 18: _MethodAnimation(ValueTracker):  47%|####6     | 62/132 [00:27<00:31,  2.22it/s]
Animation 18: _MethodAnimation(ValueTracker):  48%|####7     | 63/132 [00:27<00:30,  2.23it/s]
Animation 18: _MethodAnimation(ValueTracker):  48%|####8     | 64/132 [00:28<00:31,  2.14it/s]
Animation 18: _MethodAnimation(ValueTracker):  49%|####9     | 65/132 [00:28<00:31,  2.10it/s]
Animation 18: _MethodAnimation(ValueTracker):  50%|#####     | 66/132 [00:29<00:31,  2.09it/s]
Animation 18: _MethodAnimation(ValueTracker):  51%|#####     | 67/132 [00:29<00:33,  1.92it/s]
Animation 18: _MethodAnimation(ValueTracker):  52%|#####1    | 68/132 [00:30<00:38,  1.68it/s]
Animation 18: _MethodAnimation(ValueTracker):  52%|#####2    | 69/132 [00:31<00:40,  1.54it/s]
Animation 18: _MethodAnimation(ValueTracker):  53%|#####3    | 70/132 [00:31<00:36,  1.68it/s]
Animation 18: _MethodAnimation(ValueTracker):  54%|#####3    | 71/132 [00:32<00:33,  1.83it/s]
Animation 18: _MethodAnimation(ValueTracker):  55%|#####4    | 72/132 [00:32<00:30,  1.94it/s]
Animation 18: _MethodAnimation(ValueTracker):  55%|#####5    | 73/132 [00:33<00:29,  1.99it/s]
Animation 18: _MethodAnimation(ValueTracker):  56%|#####6    | 74/132 [00:33<00:27,  2.11it/s]
Animation 18: _MethodAnimation(ValueTracker):  57%|#####6    | 75/132 [00:33<00:26,  2.19it/s]
Animation 18: _MethodAnimation(ValueTracker):  58%|#####7    | 76/132 [00:34<00:25,  2.22it/s]
Animation 18: _MethodAnimation(ValueTracker):  58%|#####8    | 77/132 [00:34<00:24,  2.28it/s]
Animation 18: _MethodAnimation(ValueTracker):  59%|#####9    | 78/132 [00:35<00:23,  2.35it/s]
Animation 18: _MethodAnimation(ValueTracker):  60%|#####9    | 79/132 [00:35<00:22,  2.39it/s]
Animation 18: _MethodAnimation(ValueTracker):  61%|######    | 80/132 [00:35<00:21,  2.42it/s]
Animation 18: _MethodAnimation(ValueTracker):  61%|######1   | 81/132 [00:36<00:21,  2.42it/s]
Animation 18: _MethodAnimation(ValueTracker):  62%|######2   | 82/132 [00:36<00:20,  2.41it/s]
Animation 18: _MethodAnimation(ValueTracker):  63%|######2   | 83/132 [00:37<00:20,  2.41it/s]
Animation 18: _MethodAnimation(ValueTracker):  64%|######3   | 84/132 [00:37<00:21,  2.25it/s]
Animation 18: _MethodAnimation(ValueTracker):  64%|######4   | 85/132 [00:38<00:21,  2.22it/s]
Animation 18: _MethodAnimation(ValueTracker):  65%|######5   | 86/132 [00:38<00:21,  2.13it/s]
Animation 18: _MethodAnimation(ValueTracker):  66%|######5   | 87/132 [00:39<00:20,  2.17it/s]
Animation 18: _MethodAnimation(ValueTracker):  67%|######6   | 88/132 [00:39<00:20,  2.12it/s]
Animation 18: _MethodAnimation(ValueTracker):  67%|######7   | 89/132 [00:40<00:19,  2.16it/s]
Animation 18: _MethodAnimation(ValueTracker):  68%|######8   | 90/132 [00:40<00:19,  2.19it/s]
Animation 18: _MethodAnimation(ValueTracker):  69%|######8   | 91/132 [00:40<00:18,  2.26it/s]
Animation 18: _MethodAnimation(ValueTracker):  70%|######9   | 92/132 [00:41<00:17,  2.33it/s]
Animation 18: _MethodAnimation(ValueTracker):  70%|#######   | 93/132 [00:41<00:16,  2.41it/s]
Animation 18: _MethodAnimation(ValueTracker):  71%|#######1  | 94/132 [00:42<00:15,  2.44it/s]
Animation 18: _MethodAnimation(ValueTracker):  72%|#######1  | 95/132 [00:42<00:15,  2.42it/s]
Animation 18: _MethodAnimation(ValueTracker):  73%|#######2  | 96/132 [00:42<00:14,  2.46it/s]
Animation 18: _MethodAnimation(ValueTracker):  73%|#######3  | 97/132 [00:43<00:14,  2.50it/s]
Animation 18: _MethodAnimation(ValueTracker):  74%|#######4  | 98/132 [00:43<00:13,  2.52it/s]
Animation 18: _MethodAnimation(ValueTracker):  75%|#######5  | 99/132 [00:44<00:13,  2.50it/s]
Animation 18: _MethodAnimation(ValueTracker):  76%|#######5  | 100/132 [00:44<00:12,  2.49it/s]
Animation 18: _MethodAnimation(ValueTracker):  77%|#######6  | 101/132 [00:44<00:12,  2.47it/s]
Animation 18: _MethodAnimation(ValueTracker):  77%|#######7  | 102/132 [00:45<00:12,  2.43it/s]
Animation 18: _MethodAnimation(ValueTracker):  78%|#######8  | 103/132 [00:45<00:11,  2.45it/s]
Animation 18: _MethodAnimation(ValueTracker):  79%|#######8  | 104/132 [00:46<00:11,  2.44it/s]
Animation 18: _MethodAnimation(ValueTracker):  80%|#######9  | 105/132 [00:46<00:11,  2.35it/s]
Animation 18: _MethodAnimation(ValueTracker):  80%|########  | 106/132 [00:47<00:11,  2.36it/s]
Animation 18: _MethodAnimation(ValueTracker):  81%|########1 | 107/132 [00:47<00:10,  2.42it/s]
Animation 18: _MethodAnimation(ValueTracker):  82%|########1 | 108/132 [00:47<00:09,  2.40it/s]
Animation 18: _MethodAnimation(ValueTracker):  83%|########2 | 109/132 [00:48<00:09,  2.43it/s]
Animation 18: _MethodAnimation(ValueTracker):  83%|########3 | 110/132 [00:48<00:09,  2.44it/s]
Animation 18: _MethodAnimation(ValueTracker):  84%|########4 | 111/132 [00:49<00:08,  2.46it/s]
Animation 18: _MethodAnimation(ValueTracker):  85%|########4 | 112/132 [00:49<00:08,  2.49it/s]
Animation 18: _MethodAnimation(ValueTracker):  86%|########5 | 113/132 [00:49<00:07,  2.48it/s]
Animation 18: _MethodAnimation(ValueTracker):  86%|########6 | 114/132 [00:50<00:07,  2.48it/s]
Animation 18: _MethodAnimation(ValueTracker):  87%|########7 | 115/132 [00:50<00:07,  2.28it/s]
Animation 18: _MethodAnimation(ValueTracker):  88%|########7 | 116/132 [00:51<00:07,  2.08it/s]
Animation 18: _MethodAnimation(ValueTracker):  89%|########8 | 117/132 [00:51<00:07,  2.12it/s]
Animation 18: _MethodAnimation(ValueTracker):  89%|########9 | 118/132 [00:52<00:06,  2.17it/s]
Animation 18: _MethodAnimation(ValueTracker):  90%|######### | 119/132 [00:52<00:05,  2.25it/s]
Animation 18: _MethodAnimation(ValueTracker):  91%|######### | 120/132 [00:53<00:05,  2.16it/s]
Animation 18: _MethodAnimation(ValueTracker):  92%|#########1| 121/132 [00:53<00:05,  2.15it/s]
Animation 18: _MethodAnimation(ValueTracker):  92%|#########2| 122/132 [00:54<00:04,  2.13it/s]
Animation 18: _MethodAnimation(ValueTracker):  93%|#########3| 123/132 [00:54<00:04,  2.16it/s]
Animation 18: _MethodAnimation(ValueTracker):  94%|#########3| 124/132 [00:54<00:03,  2.24it/s]
Animation 18: _MethodAnimation(ValueTracker):  95%|#########4| 125/132 [00:55<00:03,  2.27it/s]
Animation 18: _MethodAnimation(ValueTracker):  95%|#########5| 126/132 [00:55<00:02,  2.33it/s]
Animation 18: _MethodAnimation(ValueTracker):  96%|#########6| 127/132 [00:56<00:02,  2.27it/s]
Animation 18: _MethodAnimation(ValueTracker):  97%|#########6| 128/132 [00:56<00:01,  2.26it/s]
Animation 18: _MethodAnimation(ValueTracker):  98%|#########7| 129/132 [00:57<00:01,  2.31it/s]
Animation 18: _MethodAnimation(ValueTracker):  98%|#########8| 130/132 [00:57<00:00,  2.34it/s]
Animation 18: _MethodAnimation(ValueTracker):  99%|#########9| 131/132 [00:57<00:00,  2.41it/s]
Animation 18: _MethodAnimation(ValueTracker): 100%|##########| 132/132 [00:58<00:00,  2.42it/s]
[09/10/26 10:42:40] INFO     Animation 18 : Partial    scene_file_writer.py:192
                             movie file written in                             
                             'C:\Users\Nacho\Documents                         
                             \Animaciones\Capitulo                             
                             7\media\videos\s04_chebys                         
                             hev\1080p60\partial_movie                         
                             _files\Chebyshev\29324409                         
                             49_308364801_292031664.mp                         
                             4'                                                
                    INFO     Animation 19 : Partial    scene_file_writer.py:192
                             movie file written in                             
                             'C:\Users\Nacho\Documents                         
                             \Animaciones\Capitulo                             
                             7\media\videos\s04_chebys                         
                             hev\1080p60\partial_movie                         
                             _files\Chebyshev\29324409                         
                             49_941615173_2797089882.m                         
                             p4'                                               
                                                                                               

Animation 20: _MethodAnimation(ValueTracker):   0%|          | 0/84 [00:00<?, ?it/s]
Animation 20: _MethodAnimation(ValueTracker):   1%|1         | 1/84 [00:00<00:33,  2.47it/s]
Animation 20: _MethodAnimation(ValueTracker):   2%|2         | 2/84 [00:00<00:33,  2.46it/s]
Animation 20: _MethodAnimation(ValueTracker):   4%|3         | 3/84 [00:01<00:31,  2.54it/s]
Animation 20: _MethodAnimation(ValueTracker):   5%|4         | 4/84 [00:01<00:31,  2.55it/s]
Animation 20: _MethodAnimation(ValueTracker):   6%|5         | 5/84 [00:01<00:31,  2.53it/s]
Animation 20: _MethodAnimation(ValueTracker):   7%|7         | 6/84 [00:02<00:31,  2.47it/s]
Animation 20: _MethodAnimation(ValueTracker):   8%|8         | 7/84 [00:02<00:30,  2.51it/s]
Animation 20: _MethodAnimation(ValueTracker):  10%|9         | 8/84 [00:03<00:29,  2.54it/s]
Animation 20: _MethodAnimation(ValueTracker):  11%|#         | 9/84 [00:03<00:30,  2.48it/s]
Animation 20: _MethodAnimation(ValueTracker):  12%|#1        | 10/84 [00:03<00:29,  2.50it/s]
Animation 20: _MethodAnimation(ValueTracker):  13%|#3        | 11/84 [00:04<00:28,  2.52it/s]
Animation 20: _MethodAnimation(ValueTracker):  14%|#4        | 12/84 [00:04<00:28,  2.49it/s]
Animation 20: _MethodAnimation(ValueTracker):  15%|#5        | 13/84 [00:05<00:28,  2.46it/s]
Animation 20: _MethodAnimation(ValueTracker):  17%|#6        | 14/84 [00:05<00:28,  2.46it/s]
Animation 20: _MethodAnimation(ValueTracker):  18%|#7        | 15/84 [00:06<00:28,  2.45it/s]
Animation 20: _MethodAnimation(ValueTracker):  19%|#9        | 16/84 [00:06<00:27,  2.46it/s]
Animation 20: _MethodAnimation(ValueTracker):  20%|##        | 17/84 [00:06<00:27,  2.47it/s]
Animation 20: _MethodAnimation(ValueTracker):  21%|##1       | 18/84 [00:07<00:27,  2.37it/s]
Animation 20: _MethodAnimation(ValueTracker):  23%|##2       | 19/84 [00:07<00:27,  2.39it/s]
Animation 20: _MethodAnimation(ValueTracker):  24%|##3       | 20/84 [00:08<00:27,  2.34it/s]
Animation 20: _MethodAnimation(ValueTracker):  25%|##5       | 21/84 [00:08<00:26,  2.39it/s]
Animation 20: _MethodAnimation(ValueTracker):  26%|##6       | 22/84 [00:08<00:26,  2.37it/s]
Animation 20: _MethodAnimation(ValueTracker):  27%|##7       | 23/84 [00:09<00:25,  2.37it/s]
Animation 20: _MethodAnimation(ValueTracker):  29%|##8       | 24/84 [00:09<00:25,  2.37it/s]
Animation 20: _MethodAnimation(ValueTracker):  30%|##9       | 25/84 [00:10<00:24,  2.37it/s]
Animation 20: _MethodAnimation(ValueTracker):  31%|###       | 26/84 [00:10<00:25,  2.31it/s]
Animation 20: _MethodAnimation(ValueTracker):  32%|###2      | 27/84 [00:11<00:26,  2.18it/s]
Animation 20: _MethodAnimation(ValueTracker):  33%|###3      | 28/84 [00:11<00:25,  2.23it/s]
Animation 20: _MethodAnimation(ValueTracker):  35%|###4      | 29/84 [00:12<00:23,  2.30it/s]
Animation 20: _MethodAnimation(ValueTracker):  36%|###5      | 30/84 [00:12<00:22,  2.36it/s]
Animation 20: _MethodAnimation(ValueTracker):  37%|###6      | 31/84 [00:12<00:22,  2.40it/s]
Animation 20: _MethodAnimation(ValueTracker):  38%|###8      | 32/84 [00:13<00:21,  2.44it/s]
Animation 20: _MethodAnimation(ValueTracker):  39%|###9      | 33/84 [00:13<00:20,  2.47it/s]
Animation 20: _MethodAnimation(ValueTracker):  40%|####      | 34/84 [00:14<00:21,  2.34it/s]
Animation 20: _MethodAnimation(ValueTracker):  42%|####1     | 35/84 [00:14<00:21,  2.31it/s]
Animation 20: _MethodAnimation(ValueTracker):  43%|####2     | 36/84 [00:14<00:20,  2.33it/s]
Animation 20: _MethodAnimation(ValueTracker):  44%|####4     | 37/84 [00:15<00:20,  2.27it/s]
Animation 20: _MethodAnimation(ValueTracker):  45%|####5     | 38/84 [00:15<00:19,  2.36it/s]
Animation 20: _MethodAnimation(ValueTracker):  46%|####6     | 39/84 [00:16<00:18,  2.40it/s]
Animation 20: _MethodAnimation(ValueTracker):  48%|####7     | 40/84 [00:16<00:17,  2.46it/s]
Animation 20: _MethodAnimation(ValueTracker):  49%|####8     | 41/84 [00:17<00:17,  2.47it/s]
Animation 20: _MethodAnimation(ValueTracker):  50%|#####     | 42/84 [00:17<00:16,  2.48it/s]
Animation 20: _MethodAnimation(ValueTracker):  51%|#####1    | 43/84 [00:17<00:16,  2.46it/s]
Animation 20: _MethodAnimation(ValueTracker):  52%|#####2    | 44/84 [00:18<00:16,  2.49it/s]
Animation 20: _MethodAnimation(ValueTracker):  54%|#####3    | 45/84 [00:18<00:15,  2.49it/s]
Animation 20: _MethodAnimation(ValueTracker):  55%|#####4    | 46/84 [00:19<00:15,  2.45it/s]
Animation 20: _MethodAnimation(ValueTracker):  56%|#####5    | 47/84 [00:19<00:15,  2.46it/s]
Animation 20: _MethodAnimation(ValueTracker):  57%|#####7    | 48/84 [00:19<00:14,  2.48it/s]
Animation 20: _MethodAnimation(ValueTracker):  58%|#####8    | 49/84 [00:20<00:13,  2.51it/s]
Animation 20: _MethodAnimation(ValueTracker):  60%|#####9    | 50/84 [00:20<00:13,  2.50it/s]
Animation 20: _MethodAnimation(ValueTracker):  61%|######    | 51/84 [00:21<00:13,  2.50it/s]
Animation 20: _MethodAnimation(ValueTracker):  62%|######1   | 52/84 [00:21<00:12,  2.50it/s]
Animation 20: _MethodAnimation(ValueTracker):  63%|######3   | 53/84 [00:21<00:12,  2.52it/s]
Animation 20: _MethodAnimation(ValueTracker):  64%|######4   | 54/84 [00:22<00:11,  2.53it/s]
Animation 20: _MethodAnimation(ValueTracker):  65%|######5   | 55/84 [00:22<00:11,  2.49it/s]
Animation 20: _MethodAnimation(ValueTracker):  67%|######6   | 56/84 [00:23<00:11,  2.49it/s]
Animation 20: _MethodAnimation(ValueTracker):  68%|######7   | 57/84 [00:23<00:10,  2.53it/s]
Animation 20: _MethodAnimation(ValueTracker):  69%|######9   | 58/84 [00:23<00:10,  2.46it/s]
Animation 20: _MethodAnimation(ValueTracker):  70%|#######   | 59/84 [00:24<00:11,  2.20it/s]
Animation 20: _MethodAnimation(ValueTracker):  71%|#######1  | 60/84 [00:24<00:10,  2.23it/s]
Animation 20: _MethodAnimation(ValueTracker):  73%|#######2  | 61/84 [00:25<00:09,  2.32it/s]
Animation 20: _MethodAnimation(ValueTracker):  74%|#######3  | 62/84 [00:25<00:09,  2.32it/s]
Animation 20: _MethodAnimation(ValueTracker):  75%|#######5  | 63/84 [00:26<00:09,  2.27it/s]
Animation 20: _MethodAnimation(ValueTracker):  76%|#######6  | 64/84 [00:26<00:08,  2.33it/s]
Animation 20: _MethodAnimation(ValueTracker):  77%|#######7  | 65/84 [00:26<00:08,  2.37it/s]
Animation 20: _MethodAnimation(ValueTracker):  79%|#######8  | 66/84 [00:27<00:07,  2.34it/s]
Animation 20: _MethodAnimation(ValueTracker):  80%|#######9  | 67/84 [00:27<00:07,  2.34it/s]
Animation 20: _MethodAnimation(ValueTracker):  81%|########  | 68/84 [00:28<00:06,  2.33it/s]
Animation 20: _MethodAnimation(ValueTracker):  82%|########2 | 69/84 [00:28<00:06,  2.38it/s]
Animation 20: _MethodAnimation(ValueTracker):  83%|########3 | 70/84 [00:29<00:05,  2.39it/s]
Animation 20: _MethodAnimation(ValueTracker):  85%|########4 | 71/84 [00:29<00:05,  2.39it/s]
Animation 20: _MethodAnimation(ValueTracker):  86%|########5 | 72/84 [00:29<00:05,  2.29it/s]
Animation 20: _MethodAnimation(ValueTracker):  87%|########6 | 73/84 [00:30<00:04,  2.32it/s]
Animation 20: _MethodAnimation(ValueTracker):  88%|########8 | 74/84 [00:30<00:04,  2.36it/s]
Animation 20: _MethodAnimation(ValueTracker):  89%|########9 | 75/84 [00:31<00:03,  2.38it/s]
Animation 20: _MethodAnimation(ValueTracker):  90%|######### | 76/84 [00:31<00:03,  2.42it/s]
Animation 20: _MethodAnimation(ValueTracker):  92%|#########1| 77/84 [00:32<00:02,  2.37it/s]
Animation 20: _MethodAnimation(ValueTracker):  93%|#########2| 78/84 [00:32<00:02,  2.42it/s]
Animation 20: _MethodAnimation(ValueTracker):  94%|#########4| 79/84 [00:32<00:02,  2.44it/s]
Animation 20: _MethodAnimation(ValueTracker):  95%|#########5| 80/84 [00:33<00:01,  2.45it/s]
Animation 20: _MethodAnimation(ValueTracker):  96%|#########6| 81/84 [00:33<00:01,  2.40it/s]
Animation 20: _MethodAnimation(ValueTracker):  98%|#########7| 82/84 [00:34<00:00,  2.45it/s]
Animation 20: _MethodAnimation(ValueTracker):  99%|#########8| 83/84 [00:34<00:00,  2.47it/s]
Animation 20: _MethodAnimation(ValueTracker): 100%|##########| 84/84 [00:34<00:00,  2.47it/s]
[09/10/26 10:43:16] INFO     Animation 20 : Partial    scene_file_writer.py:192
                             movie file written in                             
                             'C:\Users\Nacho\Documents                         
                             \Animaciones\Capitulo                             
                             7\media\videos\s04_chebys                         
                             hev\1080p60\partial_movie                         
                             _files\Chebyshev\29324409                         
                             49_4020685606_2392127852.                         
                             mp4'                                              
                    INFO     Animation 21 : Partial    scene_file_writer.py:192
                             movie file written in                             
                             'C:\Users\Nacho\Documents                         
                             \Animaciones\Capitulo                             
                             7\media\videos\s04_chebys                         
                             hev\1080p60\partial_movie                         
                             _files\Chebyshev\29324409                         
                             49_125152860_130857560.mp                         
                             4'                                                
                                                                                             

Animation 22: FadeIn(Text('la MISMA cota, con distribuciones muy distintas')):   0%|          | 0/60 [00:00<?, ?it/s]
Animation 22: FadeIn(Text('la MISMA cota, con distribuciones muy distintas')):   2%|1         | 1/60 [00:00<00:22,  
2.63it/s]
Animation 22: FadeIn(Text('la MISMA cota, con distribuciones muy distintas')):   3%|3         | 2/60 [00:00<00:23,  
2.48it/s]
Animation 22: FadeIn(Text('la MISMA cota, con distribuciones muy distintas')):   5%|5         | 3/60 [00:01<00:22,  
2.51it/s]
Animation 22: FadeIn(Text('la MISMA cota, con distribuciones muy distintas')):   7%|6         | 4/60 [00:01<00:22,  
2.50it/s]
Animation 22: FadeIn(Text('la MISMA cota, con distribuciones muy distintas')):   8%|8         | 5/60 [00:02<00:22,  
2.48it/s]
Animation 22: FadeIn(Text('la MISMA cota, con distribuciones muy distintas')):  10%|#         | 6/60 [00:02<00:22,  
2.44it/s]
Animation 22: FadeIn(Text('la MISMA cota, con distribuciones muy distintas')):  12%|#1        | 7/60 [00:02<00:21,  
2.42it/s]
Animation 22: FadeIn(Text('la MISMA cota, con distribuciones muy distintas')):  13%|#3        | 8/60 [00:03<00:21,  
2.44it/s]
Animation 22: FadeIn(Text('la MISMA cota, con distribuciones muy distintas')):  15%|#5        | 9/60 [00:03<00:20,  
2.50it/s]
Animation 22: FadeIn(Text('la MISMA cota, con distribuciones muy distintas')):  17%|#6        | 10/60 [00:04<00:20,  
2.48it/s]
Animation 22: FadeIn(Text('la MISMA cota, con distribuciones muy distintas')):  18%|#8        | 11/60 [00:04<00:19,  
2.50it/s]
Animation 22: FadeIn(Text('la MISMA cota, con distribuciones muy distintas')):  20%|##        | 12/60 [00:04<00:19,  
2.52it/s]
Animation 22: FadeIn(Text('la MISMA cota, con distribuciones muy distintas')):  22%|##1       | 13/60 [00:05<00:18,  
2.52it/s]
Animation 22: FadeIn(Text('la MISMA cota, con distribuciones muy distintas')):  23%|##3       | 14/60 [00:05<00:18,  
2.49it/s]
Animation 22: FadeIn(Text('la MISMA cota, con distribuciones muy distintas')):  25%|##5       | 15/60 [00:06<00:18,  
2.48it/s]
Animation 22: FadeIn(Text('la MISMA cota, con distribuciones muy distintas')):  27%|##6       | 16/60 [00:06<00:17,  
2.49it/s]
Animation 22: FadeIn(Text('la MISMA cota, con distribuciones muy distintas')):  28%|##8       | 17/60 [00:06<00:17,  
2.44it/s]
Animation 22: FadeIn(Text('la MISMA cota, con distribuciones muy distintas')):  30%|###       | 18/60 [00:07<00:17,  
2.46it/s]
Animation 22: FadeIn(Text('la MISMA cota, con distribuciones muy distintas')):  32%|###1      | 19/60 [00:07<00:16,  
2.48it/s]
Animation 22: FadeIn(Text('la MISMA cota, con distribuciones muy distintas')):  33%|###3      | 20/60 [00:08<00:16,  
2.46it/s]
Animation 22: FadeIn(Text('la MISMA cota, con distribuciones muy distintas')):  35%|###5      | 21/60 [00:08<00:15,  
2.51it/s]
Animation 22: FadeIn(Text('la MISMA cota, con distribuciones muy distintas')):  37%|###6      | 22/60 [00:08<00:15,  
2.50it/s]
Animation 22: FadeIn(Text('la MISMA cota, con distribuciones muy distintas')):  38%|###8      | 23/60 [00:09<00:14,  
2.51it/s]
Animation 22: FadeIn(Text('la MISMA cota, con distribuciones muy distintas')):  40%|####      | 24/60 [00:09<00:14,  
2.53it/s]
Animation 22: FadeIn(Text('la MISMA cota, con distribuciones muy distintas')):  42%|####1     | 25/60 [00:10<00:13,  
2.54it/s]
Animation 22: FadeIn(Text('la MISMA cota, con distribuciones muy distintas')):  43%|####3     | 26/60 [00:10<00:13,  
2.56it/s]
Animation 22: FadeIn(Text('la MISMA cota, con distribuciones muy distintas')):  45%|####5     | 27/60 [00:10<00:12,  
2.57it/s]
Animation 22: FadeIn(Text('la MISMA cota, con distribuciones muy distintas')):  47%|####6     | 28/60 [00:11<00:12,  
2.55it/s]
Animation 22: FadeIn(Text('la MISMA cota, con distribuciones muy distintas')):  48%|####8     | 29/60 [00:11<00:12,  
2.47it/s]
Animation 22: FadeIn(Text('la MISMA cota, con distribuciones muy distintas')):  50%|#####     | 30/60 [00:12<00:12,  
2.47it/s]
Animation 22: FadeIn(Text('la MISMA cota, con distribuciones muy distintas')):  52%|#####1    | 31/60 [00:12<00:11,  
2.46it/s]
Animation 22: FadeIn(Text('la MISMA cota, con distribuciones muy distintas')):  53%|#####3    | 32/60 [00:12<00:11,  
2.47it/s]
Animation 22: FadeIn(Text('la MISMA cota, con distribuciones muy distintas')):  55%|#####5    | 33/60 [00:13<00:11,  
2.44it/s]
Animation 22: FadeIn(Text('la MISMA cota, con distribuciones muy distintas')):  57%|#####6    | 34/60 [00:13<00:10,  
2.48it/s]
Animation 22: FadeIn(Text('la MISMA cota, con distribuciones muy distintas')):  58%|#####8    | 35/60 [00:14<00:10,  
2.46it/s]
Animation 22: FadeIn(Text('la MISMA cota, con distribuciones muy distintas')):  60%|######    | 36/60 [00:14<00:09,  
2.46it/s]
Animation 22: FadeIn(Text('la MISMA cota, con distribuciones muy distintas')):  62%|######1   | 37/60 [00:14<00:09,  
2.47it/s]
Animation 22: FadeIn(Text('la MISMA cota, con distribuciones muy distintas')):  63%|######3   | 38/60 [00:15<00:08,  
2.48it/s]
Animation 22: FadeIn(Text('la MISMA cota, con distribuciones muy distintas')):  65%|######5   | 39/60 [00:15<00:08,  
2.54it/s]
Animation 22: FadeIn(Text('la MISMA cota, con distribuciones muy distintas')):  67%|######6   | 40/60 [00:16<00:07,  
2.53it/s]
Animation 22: FadeIn(Text('la MISMA cota, con distribuciones muy distintas')):  68%|######8   | 41/60 [00:16<00:07,  
2.46it/s]
Animation 22: FadeIn(Text('la MISMA cota, con distribuciones muy distintas')):  70%|#######   | 42/60 [00:16<00:07,  
2.46it/s]
Animation 22: FadeIn(Text('la MISMA cota, con distribuciones muy distintas')):  72%|#######1  | 43/60 [00:17<00:07,  
2.37it/s]
Animation 22: FadeIn(Text('la MISMA cota, con distribuciones muy distintas')):  73%|#######3  | 44/60 [00:17<00:06,  
2.40it/s]
Animation 22: FadeIn(Text('la MISMA cota, con distribuciones muy distintas')):  75%|#######5  | 45/60 [00:18<00:06,  
2.39it/s]
Animation 22: FadeIn(Text('la MISMA cota, con distribuciones muy distintas')):  77%|#######6  | 46/60 [00:18<00:05,  
2.37it/s]
Animation 22: FadeIn(Text('la MISMA cota, con distribuciones muy distintas')):  78%|#######8  | 47/60 [00:19<00:05,  
2.22it/s]
Animation 22: FadeIn(Text('la MISMA cota, con distribuciones muy distintas')):  80%|########  | 48/60 [00:19<00:05,  
2.14it/s]
Animation 22: FadeIn(Text('la MISMA cota, con distribuciones muy distintas')):  82%|########1 | 49/60 [00:20<00:04,  
2.21it/s]
Animation 22: FadeIn(Text('la MISMA cota, con distribuciones muy distintas')):  83%|########3 | 50/60 [00:20<00:04,  
2.22it/s]
Animation 22: FadeIn(Text('la MISMA cota, con distribuciones muy distintas')):  85%|########5 | 51/60 [00:21<00:04,  
2.13it/s]
Animation 22: FadeIn(Text('la MISMA cota, con distribuciones muy distintas')):  87%|########6 | 52/60 [00:21<00:03,  
2.14it/s]
Animation 22: FadeIn(Text('la MISMA cota, con distribuciones muy distintas')):  88%|########8 | 53/60 [00:21<00:03,  
2.18it/s]
Animation 22: FadeIn(Text('la MISMA cota, con distribuciones muy distintas')):  90%|######### | 54/60 [00:22<00:03,  
1.90it/s]
Animation 22: FadeIn(Text('la MISMA cota, con distribuciones muy distintas')):  92%|#########1| 55/60 [00:23<00:02,  
2.02it/s]
Animation 22: FadeIn(Text('la MISMA cota, con distribuciones muy distintas')):  93%|#########3| 56/60 [00:23<00:01,  
2.11it/s]
Animation 22: FadeIn(Text('la MISMA cota, con distribuciones muy distintas')):  95%|#########5| 57/60 [00:23<00:01,  
2.18it/s]
Animation 22: FadeIn(Text('la MISMA cota, con distribuciones muy distintas')):  97%|#########6| 58/60 [00:24<00:00,  
2.24it/s]
Animation 22: FadeIn(Text('la MISMA cota, con distribuciones muy distintas')):  98%|#########8| 59/60 [00:24<00:00,  
2.28it/s]
Animation 22: FadeIn(Text('la MISMA cota, con distribuciones muy distintas')): 100%|##########| 60/60 [00:25<00:00,  
2.25it/s]
[09/10/26 10:43:42] INFO     Animation 22 : Partial    scene_file_writer.py:192
                             movie file written in                             
                             'C:\Users\Nacho\Documents                         
                             \Animaciones\Capitulo                             
                             7\media\videos\s04_chebys                         
                             hev\1080p60\partial_movie                         
                             _files\Chebyshev\29324409                         
                             49_3419806032_644199096.m                         
                             p4'                                               
[09/10/26 10:43:43] INFO     Animation 23 : Partial    scene_file_writer.py:192
                             movie file written in                             
                             'C:\Users\Nacho\Documents                         
                             \Animaciones\Capitulo                             
                             7\media\videos\s04_chebys                         
                             hev\1080p60\partial_movie                         
                             _files\Chebyshev\29324409                         
                             49_170846798_3665141535.m                         
                             p4'                                               
[09/10/26 10:43:44] INFO     Animation 24 : Partial    scene_file_writer.py:192
                             movie file written in                             
                             'C:\Users\Nacho\Documents                         
                             \Animaciones\Capitulo                             
                             7\media\videos\s04_chebys                         
                             hev\1080p60\partial_movie                         
                             _files\Chebyshev\29324409                         
                             49_170846798_2608245954.m                         
                             p4'                                               
[09/10/26 10:43:45] INFO     Animation 25 : Partial    scene_file_writer.py:192
                             movie file written in                             
                             'C:\Users\Nacho\Documents                         
                             \Animaciones\Capitulo                             
                             7\media\videos\s04_chebys                         
                             hev\1080p60\partial_movie                         
                             _files\Chebyshev\29324409                         
                             49_170846798_3060428083.m                         
                             p4'                                               
[09/10/26 10:43:46] INFO     Animation 26 : Partial    scene_file_writer.py:192
                             movie file written in                             
                             'C:\Users\Nacho\Documents                         
                             \Animaciones\Capitulo                             
                             7\media\videos\s04_chebys                         
                             hev\1080p60\partial_movie                         
                             _files\Chebyshev\29324409                         
                             49_241228271_3495258068.m                         
                             p4'                                               
                                                                                                                       
       

Animation 27: FadeOut(Text('la MISMA cota, con distribuciones muy distintas')):   0%|          | 0/60 [00:00<?, ?it/s]
Animation 27: FadeOut(Text('la MISMA cota, con distribuciones muy distintas')):   2%|1         | 1/60 [00:00<00:24,  
2.39it/s]
Animation 27: FadeOut(Text('la MISMA cota, con distribuciones muy distintas')):   3%|3         | 2/60 [00:00<00:26,  
2.21it/s]
Animation 27: FadeOut(Text('la MISMA cota, con distribuciones muy distintas')):   5%|5         | 3/60 [00:01<00:24,  
2.32it/s]
Animation 27: FadeOut(Text('la MISMA cota, con distribuciones muy distintas')):   7%|6         | 4/60 [00:01<00:23,  
2.35it/s]
Animation 27: FadeOut(Text('la MISMA cota, con distribuciones muy distintas')):   8%|8         | 5/60 [00:02<00:23,  
2.39it/s]
Animation 27: FadeOut(Text('la MISMA cota, con distribuciones muy distintas')):  10%|#         | 6/60 [00:02<00:22,  
2.37it/s]
Animation 27: FadeOut(Text('la MISMA cota, con distribuciones muy distintas')):  12%|#1        | 7/60 [00:03<00:22,  
2.32it/s]
Animation 27: FadeOut(Text('la MISMA cota, con distribuciones muy distintas')):  13%|#3        | 8/60 [00:03<00:21,  
2.37it/s]
Animation 27: FadeOut(Text('la MISMA cota, con distribuciones muy distintas')):  15%|#5        | 9/60 [00:03<00:21,  
2.39it/s]
Animation 27: FadeOut(Text('la MISMA cota, con distribuciones muy distintas')):  17%|#6        | 10/60 [00:04<00:20,  
2.39it/s]
Animation 27: FadeOut(Text('la MISMA cota, con distribuciones muy distintas')):  18%|#8        | 11/60 [00:04<00:20,  
2.40it/s]
Animation 27: FadeOut(Text('la MISMA cota, con distribuciones muy distintas')):  20%|##        | 12/60 [00:05<00:19,  
2.43it/s]
Animation 27: FadeOut(Text('la MISMA cota, con distribuciones muy distintas')):  22%|##1       | 13/60 [00:05<00:19,  
2.36it/s]
Animation 27: FadeOut(Text('la MISMA cota, con distribuciones muy distintas')):  23%|##3       | 14/60 [00:05<00:18,  
2.42it/s]
Animation 27: FadeOut(Text('la MISMA cota, con distribuciones muy distintas')):  25%|##5       | 15/60 [00:06<00:18,  
2.42it/s]
Animation 27: FadeOut(Text('la MISMA cota, con distribuciones muy distintas')):  27%|##6       | 16/60 [00:06<00:18,  
2.42it/s]
Animation 27: FadeOut(Text('la MISMA cota, con distribuciones muy distintas')):  28%|##8       | 17/60 [00:07<00:17,  
2.42it/s]
Animation 27: FadeOut(Text('la MISMA cota, con distribuciones muy distintas')):  30%|###       | 18/60 [00:07<00:17,  
2.42it/s]
Animation 27: FadeOut(Text('la MISMA cota, con distribuciones muy distintas')):  32%|###1      | 19/60 [00:07<00:16,  
2.42it/s]
Animation 27: FadeOut(Text('la MISMA cota, con distribuciones muy distintas')):  33%|###3      | 20/60 [00:08<00:16,  
2.46it/s]
Animation 27: FadeOut(Text('la MISMA cota, con distribuciones muy distintas')):  35%|###5      | 21/60 [00:08<00:16,  
2.44it/s]
Animation 27: FadeOut(Text('la MISMA cota, con distribuciones muy distintas')):  37%|###6      | 22/60 [00:09<00:15,  
2.42it/s]
Animation 27: FadeOut(Text('la MISMA cota, con distribuciones muy distintas')):  38%|###8      | 23/60 [00:09<00:15,  
2.46it/s]
Animation 27: FadeOut(Text('la MISMA cota, con distribuciones muy distintas')):  40%|####      | 24/60 [00:09<00:14,  
2.49it/s]
Animation 27: FadeOut(Text('la MISMA cota, con distribuciones muy distintas')):  42%|####1     | 25/60 [00:10<00:14,  
2.39it/s]
Animation 27: FadeOut(Text('la MISMA cota, con distribuciones muy distintas')):  43%|####3     | 26/60 [00:10<00:14,  
2.38it/s]
Animation 27: FadeOut(Text('la MISMA cota, con distribuciones muy distintas')):  45%|####5     | 27/60 [00:11<00:13,  
2.38it/s]
Animation 27: FadeOut(Text('la MISMA cota, con distribuciones muy distintas')):  47%|####6     | 28/60 [00:11<00:13,  
2.38it/s]
Animation 27: FadeOut(Text('la MISMA cota, con distribuciones muy distintas')):  48%|####8     | 29/60 [00:12<00:12,  
2.42it/s]
Animation 27: FadeOut(Text('la MISMA cota, con distribuciones muy distintas')):  50%|#####     | 30/60 [00:12<00:13,  
2.27it/s]
Animation 27: FadeOut(Text('la MISMA cota, con distribuciones muy distintas')):  52%|#####1    | 31/60 [00:13<00:14,  
2.05it/s]
Animation 27: FadeOut(Text('la MISMA cota, con distribuciones muy distintas')):  53%|#####3    | 32/60 [00:13<00:14,  
1.95it/s]
Animation 27: FadeOut(Text('la MISMA cota, con distribuciones muy distintas')):  55%|#####5    | 33/60 [00:14<00:16,  
1.65it/s]
Animation 27: FadeOut(Text('la MISMA cota, con distribuciones muy distintas')):  57%|#####6    | 34/60 [00:15<00:14,  
1.79it/s]
Animation 27: FadeOut(Text('la MISMA cota, con distribuciones muy distintas')):  58%|#####8    | 35/60 [00:15<00:16,  
1.56it/s]
Animation 27: FadeOut(Text('la MISMA cota, con distribuciones muy distintas')):  60%|######    | 36/60 [00:16<00:14,  
1.62it/s]
Animation 27: FadeOut(Text('la MISMA cota, con distribuciones muy distintas')):  62%|######1   | 37/60 [00:17<00:13,  
1.65it/s]
Animation 27: FadeOut(Text('la MISMA cota, con distribuciones muy distintas')):  63%|######3   | 38/60 [00:17<00:13,  
1.58it/s]
Animation 27: FadeOut(Text('la MISMA cota, con distribuciones muy distintas')):  65%|######5   | 39/60 [00:18<00:12,  
1.74it/s]
Animation 27: FadeOut(Text('la MISMA cota, con distribuciones muy distintas')):  67%|######6   | 40/60 [00:18<00:10,  
1.87it/s]
Animation 27: FadeOut(Text('la MISMA cota, con distribuciones muy distintas')):  68%|######8   | 41/60 [00:19<00:09,  
1.95it/s]
Animation 27: FadeOut(Text('la MISMA cota, con distribuciones muy distintas')):  70%|#######   | 42/60 [00:19<00:08,  
2.04it/s]
Animation 27: FadeOut(Text('la MISMA cota, con distribuciones muy distintas')):  72%|#######1  | 43/60 [00:19<00:08,  
2.09it/s]
Animation 27: FadeOut(Text('la MISMA cota, con distribuciones muy distintas')):  73%|#######3  | 44/60 [00:20<00:07,  
2.15it/s]
Animation 27: FadeOut(Text('la MISMA cota, con distribuciones muy distintas')):  75%|#######5  | 45/60 [00:21<00:10,  
1.38it/s]
Animation 27: FadeOut(Text('la MISMA cota, con distribuciones muy distintas')):  77%|#######6  | 46/60 [00:23<00:15,  
1.07s/it]
Animation 27: FadeOut(Text('la MISMA cota, con distribuciones muy distintas')):  78%|#######8  | 47/60 [00:25<00:17,  
1.37s/it]
Animation 27: FadeOut(Text('la MISMA cota, con distribuciones muy distintas')):  80%|########  | 48/60 [00:27<00:19,  
1.59s/it]
Animation 27: FadeOut(Text('la MISMA cota, con distribuciones muy distintas')):  82%|########1 | 49/60 [00:29<00:18,  
1.69s/it]
Animation 27: FadeOut(Text('la MISMA cota, con distribuciones muy distintas')):  83%|########3 | 50/60 [00:31<00:17,  
1.74s/it]
Animation 27: FadeOut(Text('la MISMA cota, con distribuciones muy distintas')):  85%|########5 | 51/60 [00:33<00:15,  
1.77s/it]
Animation 27: FadeOut(Text('la MISMA cota, con distribuciones muy distintas')):  87%|########6 | 52/60 [00:35<00:14,  
1.77s/it]
Animation 27: FadeOut(Text('la MISMA cota, con distribuciones muy distintas')):  88%|########8 | 53/60 [00:37<00:12,  
1.82s/it]
Animation 27: FadeOut(Text('la MISMA cota, con distribuciones muy distintas')):  90%|######### | 54/60 [00:39<00:11,  
1.87s/it]
Animation 27: FadeOut(Text('la MISMA cota, con distribuciones muy distintas')):  92%|#########1| 55/60 [00:41<00:09,  
1.90s/it]
Animation 27: FadeOut(Text('la MISMA cota, con distribuciones muy distintas')):  93%|#########3| 56/60 [00:42<00:07,  
1.84s/it]
Animation 27: FadeOut(Text('la MISMA cota, con distribuciones muy distintas')):  95%|#########5| 57/60 [00:44<00:05,  
1.87s/it]
Animation 27: FadeOut(Text('la MISMA cota, con distribuciones muy distintas')):  97%|#########6| 58/60 [00:46<00:03,  
1.85s/it]
Animation 27: FadeOut(Text('la MISMA cota, con distribuciones muy distintas')):  98%|#########8| 59/60 [00:48<00:01,  
1.85s/it]
Animation 27: FadeOut(Text('la MISMA cota, con distribuciones muy distintas')): 100%|##########| 60/60 [00:50<00:00,  
1.85s/it]
[09/10/26 10:44:39] INFO     Animation 27 : Partial    scene_file_writer.py:192
                             movie file written in                             
                             'C:\Users\Nacho\Documents                         
                             \Animaciones\Capitulo                             
                             7\media\videos\s04_chebys                         
                             hev\1080p60\partial_movie                         
                             _files\Chebyshev\29324409                         
                             49_1645803403_579405961.m                         
                             p4'                                               
                                                                                                                       
        

Animation 28: FadeIn(Text('la cota siempre se cumple, pero es holgada')):   0%|          | 0/60 [00:00<?, ?it/s]
Animation 28: FadeIn(Text('la cota siempre se cumple, pero es holgada')):   2%|1         | 1/60 [00:01<01:46,  
1.80s/it]
Animation 28: FadeIn(Text('la cota siempre se cumple, pero es holgada')):   3%|3         | 2/60 [00:03<01:51,  
1.92s/it]
Animation 28: FadeIn(Text('la cota siempre se cumple, pero es holgada')):   5%|5         | 3/60 [00:05<01:42,  
1.80s/it]
Animation 28: FadeIn(Text('la cota siempre se cumple, pero es holgada')):   7%|6         | 4/60 [00:07<01:43,  
1.85s/it]
Animation 28: FadeIn(Text('la cota siempre se cumple, pero es holgada')):   8%|8         | 5/60 [00:09<01:40,  
1.82s/it]
Animation 28: FadeIn(Text('la cota siempre se cumple, pero es holgada')):  10%|#         | 6/60 [00:10<01:37,  
1.81s/it]
Animation 28: FadeIn(Text('la cota siempre se cumple, pero es holgada')):  12%|#1        | 7/60 [00:12<01:35,  
1.80s/it]
Animation 28: FadeIn(Text('la cota siempre se cumple, pero es holgada')):  13%|#3        | 8/60 [00:14<01:33,  
1.81s/it]
Animation 28: FadeIn(Text('la cota siempre se cumple, pero es holgada')):  15%|#5        | 9/60 [00:16<01:28,  
1.73s/it]
Animation 28: FadeIn(Text('la cota siempre se cumple, pero es holgada')):  17%|#6        | 10/60 [00:17<01:28,  
1.77s/it]
Animation 28: FadeIn(Text('la cota siempre se cumple, pero es holgada')):  18%|#8        | 11/60 [00:19<01:25,  
1.75s/it]
Animation 28: FadeIn(Text('la cota siempre se cumple, pero es holgada')):  20%|##        | 12/60 [00:21<01:26,  
1.80s/it]
Animation 28: FadeIn(Text('la cota siempre se cumple, pero es holgada')):  22%|##1       | 13/60 [00:23<01:24,  
1.79s/it]
Animation 28: FadeIn(Text('la cota siempre se cumple, pero es holgada')):  23%|##3       | 14/60 [00:25<01:23,  
1.81s/it]
Animation 28: FadeIn(Text('la cota siempre se cumple, pero es holgada')):  25%|##5       | 15/60 [00:26<01:21,  
1.80s/it]
Animation 28: FadeIn(Text('la cota siempre se cumple, pero es holgada')):  27%|##6       | 16/60 [00:28<01:17,  
1.77s/it]
Animation 28: FadeIn(Text('la cota siempre se cumple, pero es holgada')):  28%|##8       | 17/60 [00:30<01:16,  
1.79s/it]
Animation 28: FadeIn(Text('la cota siempre se cumple, pero es holgada')):  30%|###       | 18/60 [00:32<01:14,  
1.78s/it]
Animation 28: FadeIn(Text('la cota siempre se cumple, pero es holgada')):  32%|###1      | 19/60 [00:34<01:13,  
1.80s/it]
Animation 28: FadeIn(Text('la cota siempre se cumple, pero es holgada')):  33%|###3      | 20/60 [00:36<01:12,  
1.82s/it]
Animation 28: FadeIn(Text('la cota siempre se cumple, pero es holgada')):  35%|###5      | 21/60 [00:37<01:11,  
1.83s/it]
Animation 28: FadeIn(Text('la cota siempre se cumple, pero es holgada')):  37%|###6      | 22/60 [00:39<01:10,  
1.84s/it]
Animation 28: FadeIn(Text('la cota siempre se cumple, pero es holgada')):  38%|###8      | 23/60 [00:41<01:07,  
1.82s/it]
Animation 28: FadeIn(Text('la cota siempre se cumple, pero es holgada')):  40%|####      | 24/60 [00:43<01:04,  
1.80s/it]
Animation 28: FadeIn(Text('la cota siempre se cumple, pero es holgada')):  42%|####1     | 25/60 [00:45<01:03,  
1.81s/it]
Animation 28: FadeIn(Text('la cota siempre se cumple, pero es holgada')):  43%|####3     | 26/60 [00:46<01:01,  
1.81s/it]
Animation 28: FadeIn(Text('la cota siempre se cumple, pero es holgada')):  45%|####5     | 27/60 [00:48<01:00,  
1.85s/it]
Animation 28: FadeIn(Text('la cota siempre se cumple, pero es holgada')):  47%|####6     | 28/60 [00:50<00:58,  
1.83s/it]
Animation 28: FadeIn(Text('la cota siempre se cumple, pero es holgada')):  48%|####8     | 29/60 [00:52<00:55,  
1.79s/it]
Animation 28: FadeIn(Text('la cota siempre se cumple, pero es holgada')):  50%|#####     | 30/60 [00:54<00:53,  
1.77s/it]
Animation 28: FadeIn(Text('la cota siempre se cumple, pero es holgada')):  52%|#####1    | 31/60 [00:55<00:50,  
1.75s/it]
Animation 28: FadeIn(Text('la cota siempre se cumple, pero es holgada')):  53%|#####3    | 32/60 [00:57<00:49,  
1.75s/it]
Animation 28: FadeIn(Text('la cota siempre se cumple, pero es holgada')):  55%|#####5    | 33/60 [00:59<00:47,  
1.76s/it]
Animation 28: FadeIn(Text('la cota siempre se cumple, pero es holgada')):  57%|#####6    | 34/60 [01:01<00:45,  
1.77s/it]
Animation 28: FadeIn(Text('la cota siempre se cumple, pero es holgada')):  58%|#####8    | 35/60 [01:02<00:44,  
1.76s/it]
Animation 28: FadeIn(Text('la cota siempre se cumple, pero es holgada')):  60%|######    | 36/60 [01:04<00:42,  
1.78s/it]
Animation 28: FadeIn(Text('la cota siempre se cumple, pero es holgada')):  62%|######1   | 37/60 [01:06<00:41,  
1.81s/it]
Animation 28: FadeIn(Text('la cota siempre se cumple, pero es holgada')):  63%|######3   | 38/60 [01:08<00:39,  
1.78s/it]
Animation 28: FadeIn(Text('la cota siempre se cumple, pero es holgada')):  65%|######5   | 39/60 [01:10<00:37,  
1.78s/it]
Animation 28: FadeIn(Text('la cota siempre se cumple, pero es holgada')):  67%|######6   | 40/60 [01:11<00:35,  
1.79s/it]
Animation 28: FadeIn(Text('la cota siempre se cumple, pero es holgada')):  68%|######8   | 41/60 [01:13<00:32,  
1.70s/it]
Animation 28: FadeIn(Text('la cota siempre se cumple, pero es holgada')):  70%|#######   | 42/60 [01:14<00:26,  
1.48s/it]
Animation 28: FadeIn(Text('la cota siempre se cumple, pero es holgada')):  72%|#######1  | 43/60 [01:14<00:20,  
1.19s/it]
Animation 28: FadeIn(Text('la cota siempre se cumple, pero es holgada')):  73%|#######3  | 44/60 [01:15<00:15,  
1.03it/s]
Animation 28: FadeIn(Text('la cota siempre se cumple, pero es holgada')):  75%|#######5  | 45/60 [01:15<00:12,  
1.20it/s]
Animation 28: FadeIn(Text('la cota siempre se cumple, pero es holgada')):  77%|#######6  | 46/60 [01:16<00:12,  
1.14it/s]
Animation 28: FadeIn(Text('la cota siempre se cumple, pero es holgada')):  78%|#######8  | 47/60 [01:17<00:11,  
1.11it/s]
Animation 28: FadeIn(Text('la cota siempre se cumple, pero es holgada')):  80%|########  | 48/60 [01:18<00:10,  
1.09it/s]
Animation 28: FadeIn(Text('la cota siempre se cumple, pero es holgada')):  82%|########1 | 49/60 [01:20<00:12,  
1.13s/it]
Animation 28: FadeIn(Text('la cota siempre se cumple, pero es holgada')):  83%|########3 | 50/60 [01:21<00:12,  
1.23s/it]
Animation 28: FadeIn(Text('la cota siempre se cumple, pero es holgada')):  85%|########5 | 51/60 [01:22<00:08,  
1.01it/s]
Animation 28: FadeIn(Text('la cota siempre se cumple, pero es holgada')):  87%|########6 | 52/60 [01:22<00:06,  
1.22it/s]
Animation 28: FadeIn(Text('la cota siempre se cumple, pero es holgada')):  88%|########8 | 53/60 [01:23<00:04,  
1.43it/s]
Animation 28: FadeIn(Text('la cota siempre se cumple, pero es holgada')):  90%|######### | 54/60 [01:23<00:03,  
1.61it/s]
Animation 28: FadeIn(Text('la cota siempre se cumple, pero es holgada')):  92%|#########1| 55/60 [01:23<00:02,  
1.76it/s]
Animation 28: FadeIn(Text('la cota siempre se cumple, pero es holgada')):  93%|#########3| 56/60 [01:24<00:02,  
1.91it/s]
Animation 28: FadeIn(Text('la cota siempre se cumple, pero es holgada')):  95%|#########5| 57/60 [01:24<00:01,  
2.06it/s]
Animation 28: FadeIn(Text('la cota siempre se cumple, pero es holgada')):  97%|#########6| 58/60 [01:25<00:00,  
2.17it/s]
Animation 28: FadeIn(Text('la cota siempre se cumple, pero es holgada')):  98%|#########8| 59/60 [01:25<00:00,  
2.24it/s]
Animation 28: FadeIn(Text('la cota siempre se cumple, pero es holgada')): 100%|##########| 60/60 [01:25<00:00,  
2.34it/s]
[09/10/26 10:46:06] INFO     Animation 28 : Partial    scene_file_writer.py:192
                             movie file written in                             
                             'C:\Users\Nacho\Documents                         
                             \Animaciones\Capitulo                             
                             7\media\videos\s04_chebys                         
                             hev\1080p60\partial_movie                         
                             _files\Chebyshev\29324409                         
                             49_2578888379_1282769016.                         
                             mp4'                                              
[09/10/26 10:46:08] INFO     Animation 29 : Partial    scene_file_writer.py:192
                             movie file written in                             
                             'C:\Users\Nacho\Documents                         
                             \Animaciones\Capitulo                             
                             7\media\videos\s04_chebys                         
                             hev\1080p60\partial_movie                         
                             _files\Chebyshev\29324409                         
                             49_499328632_2507951375.m                         
                             p4'                                               
                                                                                                                       
  

Animation 30: FadeOut(VGroup of 12 submobjects):   0%|          | 0/60 [00:00<?, ?it/s]
Animation 30: FadeOut(VGroup of 12 submobjects):   2%|1         | 1/60 [00:02<02:07,  2.15s/it]
Animation 30: FadeOut(VGroup of 12 submobjects):   3%|3         | 2/60 [00:06<03:16,  3.38s/it]
Animation 30: FadeOut(VGroup of 12 submobjects):   5%|5         | 3/60 [00:09<03:10,  3.34s/it]
Animation 30: FadeOut(VGroup of 12 submobjects):   7%|6         | 4/60 [00:11<02:27,  2.64s/it]
Animation 30: FadeOut(VGroup of 12 submobjects):   8%|8         | 5/60 [00:12<01:57,  2.14s/it]
Animation 30: FadeOut(VGroup of 12 submobjects):  10%|#         | 6/60 [00:13<01:39,  1.84s/it]
Animation 30: FadeOut(VGroup of 12 submobjects):  12%|#1        | 7/60 [00:15<01:30,  1.71s/it]
Animation 30: FadeOut(VGroup of 12 submobjects):  13%|#3        | 8/60 [00:16<01:21,  1.58s/it]
Animation 30: FadeOut(VGroup of 12 submobjects):  15%|#5        | 9/60 [00:17<01:16,  1.51s/it]
Animation 30: FadeOut(VGroup of 12 submobjects):  17%|#6        | 10/60 [00:19<01:12,  1.46s/it]
Animation 30: FadeOut(VGroup of 12 submobjects):  18%|#8        | 11/60 [00:20<01:06,  1.36s/it]
Animation 30: FadeOut(VGroup of 12 submobjects):  20%|##        | 12/60 [00:21<01:03,  1.32s/it]
Animation 30: FadeOut(VGroup of 12 submobjects):  22%|##1       | 13/60 [00:22<01:00,  1.28s/it]
Animation 30: FadeOut(VGroup of 12 submobjects):  23%|##3       | 14/60 [00:23<00:57,  1.26s/it]
Animation 30: FadeOut(VGroup of 12 submobjects):  25%|##5       | 15/60 [00:25<00:55,  1.23s/it]
Animation 30: FadeOut(VGroup of 12 submobjects):  27%|##6       | 16/60 [00:26<00:54,  1.25s/it]
Animation 30: FadeOut(VGroup of 12 submobjects):  28%|##8       | 17/60 [00:27<00:52,  1.23s/it]
Animation 30: FadeOut(VGroup of 12 submobjects):  30%|###       | 18/60 [00:28<00:50,  1.21s/it]
Animation 30: FadeOut(VGroup of 12 submobjects):  32%|###1      | 19/60 [00:32<01:24,  2.05s/it]
Animation 30: FadeOut(VGroup of 12 submobjects):  33%|###3      | 20/60 [00:38<02:04,  3.11s/it]
Animation 30: FadeOut(VGroup of 12 submobjects):  35%|###5      | 21/60 [00:43<02:29,  3.83s/it]
Animation 30: FadeOut(VGroup of 12 submobjects):  37%|###6      | 22/60 [00:50<02:56,  4.66s/it]
Animation 30: FadeOut(VGroup of 12 submobjects):  38%|###8      | 23/60 [00:57<03:14,  5.27s/it]
Animation 30: FadeOut(VGroup of 12 submobjects):  40%|####      | 24/60 [01:03<03:21,  5.60s/it]
Animation 30: FadeOut(VGroup of 12 submobjects):  42%|####1     | 25/60 [01:09<03:22,  5.78s/it]
Animation 30: FadeOut(VGroup of 12 submobjects):  43%|####3     | 26/60 [01:16<03:23,  6.00s/it]
Animation 30: FadeOut(VGroup of 12 submobjects):  45%|####5     | 27/60 [01:22<03:21,  6.11s/it]
Animation 30: FadeOut(VGroup of 12 submobjects):  47%|####6     | 28/60 [01:28<03:13,  6.04s/it]
Animation 30: FadeOut(VGroup of 12 submobjects):  48%|####8     | 29/60 [01:33<02:58,  5.76s/it]
Animation 30: FadeOut(VGroup of 12 submobjects):  50%|#####     | 30/60 [01:39<02:53,  5.80s/it]
Animation 30: FadeOut(VGroup of 12 submobjects):  52%|#####1    | 31/60 [01:42<02:25,  5.03s/it]
Animation 30: FadeOut(VGroup of 12 submobjects):  53%|#####3    | 32/60 [01:48<02:28,  5.32s/it]
Animation 30: FadeOut(VGroup of 12 submobjects):  55%|#####5    | 33/60 [01:55<02:31,  5.63s/it]
Animation 30: FadeOut(VGroup of 12 submobjects):  57%|#####6    | 34/60 [01:58<02:12,  5.11s/it]
Animation 30: FadeOut(VGroup of 12 submobjects):  58%|#####8    | 35/60 [02:04<02:08,  5.14s/it]
Animation 30: FadeOut(VGroup of 12 submobjects):  60%|######    | 36/60 [02:10<02:12,  5.54s/it]
Animation 30: FadeOut(VGroup of 12 submobjects):  62%|######1   | 37/60 [02:16<02:08,  5.59s/it]
Animation 30: FadeOut(VGroup of 12 submobjects):  63%|######3   | 38/60 [02:20<01:56,  5.29s/it]
Animation 30: FadeOut(VGroup of 12 submobjects):  65%|######5   | 39/60 [02:25<01:45,  5.00s/it]
Animation 30: FadeOut(VGroup of 12 submobjects):  67%|######6   | 40/60 [02:31<01:48,  5.41s/it]
Animation 30: FadeOut(VGroup of 12 submobjects):  68%|######8   | 41/60 [02:37<01:46,  5.60s/it]
Animation 30: FadeOut(VGroup of 12 submobjects):  70%|#######   | 42/60 [02:43<01:40,  5.60s/it]
Animation 30: FadeOut(VGroup of 12 submobjects):  72%|#######1  | 43/60 [02:45<01:18,  4.60s/it]
Animation 30: FadeOut(VGroup of 12 submobjects):  73%|#######3  | 44/60 [02:46<00:58,  3.63s/it]
Animation 30: FadeOut(VGroup of 12 submobjects):  75%|#######5  | 45/60 [02:48<00:44,  2.98s/it]
Animation 30: FadeOut(VGroup of 12 submobjects):  77%|#######6  | 46/60 [02:49<00:35,  2.52s/it]
Animation 30: FadeOut(VGroup of 12 submobjects):  78%|#######8  | 47/60 [02:51<00:28,  2.20s/it]
Animation 30: FadeOut(VGroup of 12 submobjects):  80%|########  | 48/60 [02:52<00:23,  1.96s/it]
Animation 30: FadeOut(VGroup of 12 submobjects):  82%|########1 | 49/60 [02:54<00:19,  1.79s/it]
Animation 30: FadeOut(VGroup of 12 submobjects):  83%|########3 | 50/60 [02:55<00:17,  1.70s/it]
Animation 30: FadeOut(VGroup of 12 submobjects):  85%|########5 | 51/60 [02:56<00:14,  1.60s/it]
Animation 30: FadeOut(VGroup of 12 submobjects):  87%|########6 | 52/60 [02:58<00:12,  1.52s/it]
Animation 30: FadeOut(VGroup of 12 submobjects):  88%|########8 | 53/60 [02:59<00:10,  1.46s/it]
Animation 30: FadeOut(VGroup of 12 submobjects):  90%|######### | 54/60 [03:00<00:08,  1.43s/it]
Animation 30: FadeOut(VGroup of 12 submobjects):  92%|#########1| 55/60 [03:02<00:07,  1.43s/it]
Animation 30: FadeOut(VGroup of 12 submobjects):  93%|#########3| 56/60 [03:03<00:05,  1.39s/it]
Animation 30: FadeOut(VGroup of 12 submobjects):  95%|#########5| 57/60 [03:04<00:04,  1.35s/it]
Animation 30: FadeOut(VGroup of 12 submobjects):  97%|#########6| 58/60 [03:06<00:02,  1.34s/it]
Animation 30: FadeOut(VGroup of 12 submobjects):  98%|#########8| 59/60 [03:07<00:01,  1.36s/it]
Animation 30: FadeOut(VGroup of 12 submobjects): 100%|##########| 60/60 [03:09<00:00,  1.39s/it]
[09/10/26 10:49:18] INFO     Animation 30 : Partial    scene_file_writer.py:192
                             movie file written in                             
                             'C:\Users\Nacho\Documents                         
                             \Animaciones\Capitulo                             
                             7\media\videos\s04_chebys                         
                             hev\1080p60\partial_movie                         
                             _files\Chebyshev\29324409                         
                             49_3103894910_2931609915.                         
                             mp4'                                              
                                                                                                

Animation 31: FadeIn(Text('Ese es el trato:')):   0%|          | 0/60 [00:00<?, ?it/s]
Animation 31: FadeIn(Text('Ese es el trato:')):  23%|##3       | 14/60 [00:00<00:00, 124.59it/s]
Animation 31: FadeIn(Text('Ese es el trato:')):  45%|####5     | 27/60 [00:00<00:00, 120.00it/s]
Animation 31: FadeIn(Text('Ese es el trato:')):  65%|######5   | 39/60 [00:00<00:00, 115.63it/s]
Animation 31: FadeIn(Text('Ese es el trato:')):  88%|########8 | 53/60 [00:00<00:00, 123.76it/s]
[09/10/26 10:49:19] INFO     Animation 31 : Partial    scene_file_writer.py:192
                             movie file written in                             
                             'C:\Users\Nacho\Documents                         
                             \Animaciones\Capitulo                             
                             7\media\videos\s04_chebys                         
                             hev\1080p60\partial_movie                         
                             _files\Chebyshev\29324409                         
                             49_3004724602_3340769173.                         
                             mp4'                                              
                                                                                                

Animation 32: FadeIn(Text('no necesitás conocer la distribución…')):   0%|          | 0/60 [00:00<?, ?it/s]
Animation 32: FadeIn(Text('no necesitás conocer la distribución…')):  17%|#6        | 10/60 [00:00<00:00, 97.30it/s]
Animation 32: FadeIn(Text('no necesitás conocer la distribución…')):  33%|###3      | 20/60 [00:00<00:00, 93.00it/s]
Animation 32: FadeIn(Text('no necesitás conocer la distribución…')):  50%|#####     | 30/60 [00:00<00:00, 86.24it/s]
Animation 32: FadeIn(Text('no necesitás conocer la distribución…')):  65%|######5   | 39/60 [00:00<00:00, 85.51it/s]
Animation 32: FadeIn(Text('no necesitás conocer la distribución…')):  80%|########  | 48/60 [00:00<00:00, 83.69it/s]
Animation 32: FadeIn(Text('no necesitás conocer la distribución…')):  95%|#########5| 57/60 [00:00<00:00, 77.71it/s]
[09/10/26 10:49:20] INFO     Animation 32 : Partial    scene_file_writer.py:192
                             movie file written in                             
                             'C:\Users\Nacho\Documents                         
                             \Animaciones\Capitulo                             
                             7\media\videos\s04_chebys                         
                             hev\1080p60\partial_movie                         
                             _files\Chebyshev\29324409                         
                             49_3795208354_1759737212.                         
                             mp4'                                              
                                                                                                                    

Animation 33: FadeIn(Text('…pero a cambio la cota es floja.')):   0%|          | 0/60 [00:00<?, ?it/s]
Animation 33: FadeIn(Text('…pero a cambio la cota es floja.')):  18%|#8        | 11/60 [00:00<00:00, 95.17it/s]
Animation 33: FadeIn(Text('…pero a cambio la cota es floja.')):  35%|###5      | 21/60 [00:00<00:00, 94.57it/s]
Animation 33: FadeIn(Text('…pero a cambio la cota es floja.')):  52%|#####1    | 31/60 [00:00<00:00, 91.64it/s]
Animation 33: FadeIn(Text('…pero a cambio la cota es floja.')):  68%|######8   | 41/60 [00:00<00:00, 92.24it/s]
Animation 33: FadeIn(Text('…pero a cambio la cota es floja.')):  87%|########6 | 52/60 [00:00<00:00, 94.61it/s]
[09/10/26 10:49:21] INFO     Animation 33 : Partial    scene_file_writer.py:192
                             movie file written in                             
                             'C:\Users\Nacho\Documents                         
                             \Animaciones\Capitulo                             
                             7\media\videos\s04_chebys                         
                             hev\1080p60\partial_movie                         
                             _files\Chebyshev\29324409                         
                             49_1870457143_2824397751.                         
                             mp4'                                              
[09/10/26 10:49:22] INFO     Animation 34 : Partial    scene_file_writer.py:192
                             movie file written in                             
                             'C:\Users\Nacho\Documents                         
                             \Animaciones\Capitulo                             
                             7\media\videos\s04_chebys                         
                             hev\1080p60\partial_movie                         
                             _files\Chebyshev\29324409                         
                             49_3880968470_2089346104.                         
                             mp4'                                              
                                                                                                               

Animation 35: FadeIn(Text('Cuando sí conocés la densidad, siempre podés hacerlo mejor.')):   0%|          | 0/60 
[00:00<?, ?it/s]
Animation 35: FadeIn(Text('Cuando sí conocés la densidad, siempre podés hacerlo mejor.')):  13%|#3        | 8/60 
[00:00<00:00, 79.59it/s]
Animation 35: FadeIn(Text('Cuando sí conocés la densidad, siempre podés hacerlo mejor.')):  27%|##6       | 16/60 
[00:00<00:00, 72.73it/s]
Animation 35: FadeIn(Text('Cuando sí conocés la densidad, siempre podés hacerlo mejor.')):  40%|####      | 24/60 
[00:00<00:00, 71.70it/s]
Animation 35: FadeIn(Text('Cuando sí conocés la densidad, siempre podés hacerlo mejor.')):  53%|#####3    | 32/60 
[00:00<00:00, 73.89it/s]
Animation 35: FadeIn(Text('Cuando sí conocés la densidad, siempre podés hacerlo mejor.')):  67%|######6   | 40/60 
[00:00<00:00, 71.17it/s]
Animation 35: FadeIn(Text('Cuando sí conocés la densidad, siempre podés hacerlo mejor.')):  82%|########1 | 49/60 
[00:00<00:00, 72.84it/s]
Animation 35: FadeIn(Text('Cuando sí conocés la densidad, siempre podés hacerlo mejor.')):  95%|#########5| 57/60 
[00:00<00:00, 66.41it/s]
[09/10/26 10:49:23] INFO     Animation 35 : Partial    scene_file_writer.py:192
                             movie file written in                             
                             'C:\Users\Nacho\Documents                         
                             \Animaciones\Capitulo                             
                             7\media\videos\s04_chebys                         
                             hev\1080p60\partial_movie                         
                             _files\Chebyshev\29324409                         
                             49_381863762_3788555429.m                         
                             p4'                                               
[09/10/26 10:49:25] INFO     Animation 36 : Partial    scene_file_writer.py:192
                             movie file written in                             
                             'C:\Users\Nacho\Documents                         
                             \Animaciones\Capitulo                             
                             7\media\videos\s04_chebys                         
                             hev\1080p60\partial_movie                         
                             _files\Chebyshev\29324409                         
                             49_349589963_48684276.mp4                         
                             '                                                 
                                                                                                                       
                   

Animation 37: FadeOut(VGroup of 2 submobjects):   0%|          | 0/60 [00:00<?, ?it/s]
Animation 37: FadeOut(VGroup of 2 submobjects):   8%|8         | 5/60 [00:00<00:01, 39.55it/s]
Animation 37: FadeOut(VGroup of 2 submobjects):  15%|#5        | 9/60 [00:00<00:01, 35.24it/s]
Animation 37: FadeOut(VGroup of 2 submobjects):  22%|##1       | 13/60 [00:00<00:01, 35.93it/s]
Animation 37: FadeOut(VGroup of 2 submobjects):  28%|##8       | 17/60 [00:00<00:01, 35.85it/s]
Animation 37: FadeOut(VGroup of 2 submobjects):  35%|###5      | 21/60 [00:00<00:01, 36.20it/s]
Animation 37: FadeOut(VGroup of 2 submobjects):  42%|####1     | 25/60 [00:00<00:01, 31.70it/s]
Animation 37: FadeOut(VGroup of 2 submobjects):  48%|####8     | 29/60 [00:00<00:01, 30.78it/s]
Animation 37: FadeOut(VGroup of 2 submobjects):  55%|#####5    | 33/60 [00:01<00:00, 29.52it/s]
Animation 37: FadeOut(VGroup of 2 submobjects):  62%|######1   | 37/60 [00:01<00:00, 28.70it/s]
Animation 37: FadeOut(VGroup of 2 submobjects):  68%|######8   | 41/60 [00:01<00:00, 28.78it/s]
Animation 37: FadeOut(VGroup of 2 submobjects):  73%|#######3  | 44/60 [00:01<00:00, 28.74it/s]
Animation 37: FadeOut(VGroup of 2 submobjects):  78%|#######8  | 47/60 [00:01<00:00, 27.24it/s]
Animation 37: FadeOut(VGroup of 2 submobjects):  83%|########3 | 50/60 [00:01<00:00, 26.37it/s]
Animation 37: FadeOut(VGroup of 2 submobjects):  88%|########8 | 53/60 [00:01<00:00, 26.97it/s]
Animation 37: FadeOut(VGroup of 2 submobjects):  93%|#########3| 56/60 [00:01<00:00, 27.75it/s]
Animation 37: FadeOut(VGroup of 2 submobjects):  98%|#########8| 59/60 [00:01<00:00, 28.35it/s]
[09/10/26 10:49:28] INFO     Animation 37 : Partial    scene_file_writer.py:192
                             movie file written in                             
                             'C:\Users\Nacho\Documents                         
                             \Animaciones\Capitulo                             
                             7\media\videos\s04_chebys                         
                             hev\1080p60\partial_movie                         
                             _files\Chebyshev\29324409                         
                             49_4221019269_3158388292.                         
                             mp4'                                              
                    INFO     Animation 38 : Partial    scene_file_writer.py:192
                             movie file written in                             
                             'C:\Users\Nacho\Documents                         
                             \Animaciones\Capitulo                             
                             7\media\videos\s04_chebys                         
                             hev\1080p60\partial_movie                         
                             _files\Chebyshev\29324409                         
                             49_4235033027_670102163.m                         
                             p4'                                               
                    INFO     Combining to Movie file.  scene_file_writer.py:952
                    INFO                              scene_file_writer.py:1103
                             File ready at                                     
                             'C:\Users\Nacho\Document                          
                             s\Animaciones\Capitulo                            
                             7\media\videos\s04_cheby                          
                             shev\1080p60\Chebyshev.m                          
                             p4'                                               
                                                                               
                    INFO     Rendered Chebyshev                    scene.py:290
                             Played 39 animations                              
                                                                                               
Manim Community v0.21.0

manim.exe : 
En C:\Users\Nacho\Documents\Animaciones\Capitulo 7\render.ps1: 49 Carácter: 9
+         & manim "-$Calidad" $e.archivo $e.escena *>> $log
+         ~~~~~~~~~~~~~~~~~~~~~~~~~~~~~~~~~~~~~~~~~~~~~~~~~
    + CategoryInfo          : NotSpecified: (:String) [], RemoteException
    + FullyQualifiedErrorId : NativeCommandError
 
Animation 0: FadeIn(Text('La propiedad de la torre')):   0%|          | 0/60 [00:00<?, ?it/s]
Animation 0: FadeIn(Text('La propiedad de la torre')):  17%|#6        | 10/60 [00:00<00:00, 95.74it/s]
Animation 0: FadeIn(Text('La propiedad de la torre')):  35%|###5      | 21/60 [00:00<00:00, 98.55it/s]
Animation 0: FadeIn(Text('La propiedad de la torre')):  53%|#####3    | 32/60 [00:00<00:00, 100.34it/s]
Animation 0: FadeIn(Text('La propiedad de la torre')):  73%|#######3  | 44/60 [00:00<00:00, 105.73it/s]
Animation 0: FadeIn(Text('La propiedad de la torre')):  95%|#########5| 57/60 [00:00<00:00, 112.80it/s]
[09/10/26 10:49:31] INFO     Animation 0 : Partial     scene_file_writer.py:192
                             movie file written in                             
                             'C:\Users\Nacho\Documents                         
                             \Animaciones\Capitulo                             
                             7\media\videos\s05_torre\                         
                             1080p60\partial_movie_fil                         
                             es\EsperanzaIterada\30100                         
                             04561_138215777_223132457                         
                             .mp4'                                             
                                                                                                       

Animation 1: Write(MathTex('E[X]\\;=\\;E\\big[\\,E[X\\mid Y]\\,\\big]')):   0%|          | 0/60 [00:00<?, ?it/s]
Animation 1: Write(MathTex('E[X]\\;=\\;E\\big[\\,E[X\\mid Y]\\,\\big]')):  23%|##3       | 14/60 [00:00<00:00, 
134.05it/s]
Animation 1: Write(MathTex('E[X]\\;=\\;E\\big[\\,E[X\\mid Y]\\,\\big]')):  47%|####6     | 28/60 [00:00<00:00, 
119.67it/s]
Animation 1: Write(MathTex('E[X]\\;=\\;E\\big[\\,E[X\\mid Y]\\,\\big]')):  68%|######8   | 41/60 [00:00<00:00, 
116.05it/s]
Animation 1: Write(MathTex('E[X]\\;=\\;E\\big[\\,E[X\\mid Y]\\,\\big]')):  95%|#########5| 57/60 [00:00<00:00, 
128.16it/s]
[09/10/26 10:49:32] INFO     Animation 1 : Partial     scene_file_writer.py:192
                             movie file written in                             
                             'C:\Users\Nacho\Documents                         
                             \Animaciones\Capitulo                             
                             7\media\videos\s05_torre\                         
                             1080p60\partial_movie_fil                         
                             es\EsperanzaIterada\29324                         
                             40949_77393672_2566470794                         
                             .mp4'                                             
[09/10/26 10:49:33] INFO     Animation 2 : Partial     scene_file_writer.py:192
                             movie file written in                             
                             'C:\Users\Nacho\Documents                         
                             \Animaciones\Capitulo                             
                             7\media\videos\s05_torre\                         
                             1080p60\partial_movie_fil                         
                             es\EsperanzaIterada\29324                         
                             40949_4046863825_31450632                         
                             25.mp4'                                           
                                                                                                                       
   

Animation 3: FadeIn(Text('se lee de adentro hacia afuera; el ejemplo lo hace obvio')):   0%|          | 0/60 [00:00<?, 
?it/s]
Animation 3: FadeIn(Text('se lee de adentro hacia afuera; el ejemplo lo hace obvio')):  15%|#5        | 9/60 
[00:00<00:00, 82.58it/s]
Animation 3: FadeIn(Text('se lee de adentro hacia afuera; el ejemplo lo hace obvio')):  30%|###       | 18/60 
[00:00<00:00, 75.13it/s]
Animation 3: FadeIn(Text('se lee de adentro hacia afuera; el ejemplo lo hace obvio')):  43%|####3     | 26/60 
[00:00<00:00, 74.32it/s]
Animation 3: FadeIn(Text('se lee de adentro hacia afuera; el ejemplo lo hace obvio')):  58%|#####8    | 35/60 
[00:00<00:00, 74.92it/s]
Animation 3: FadeIn(Text('se lee de adentro hacia afuera; el ejemplo lo hace obvio')):  72%|#######1  | 43/60 
[00:00<00:00, 73.73it/s]
Animation 3: FadeIn(Text('se lee de adentro hacia afuera; el ejemplo lo hace obvio')):  85%|########5 | 51/60 
[00:00<00:00, 67.89it/s]
Animation 3: FadeIn(Text('se lee de adentro hacia afuera; el ejemplo lo hace obvio')):  97%|#########6| 58/60 
[00:00<00:00, 67.19it/s]
[09/10/26 10:49:34] INFO     Animation 3 : Partial     scene_file_writer.py:192
                             movie file written in                             
                             'C:\Users\Nacho\Documents                         
                             \Animaciones\Capitulo                             
                             7\media\videos\s05_torre\                         
                             1080p60\partial_movie_fil                         
                             es\EsperanzaIterada\29324                         
                             40949_2263529356_23504709                         
                             44.mp4'                                           
[09/10/26 10:49:35] INFO     Animation 4 : Partial     scene_file_writer.py:192
                             movie file written in                             
                             'C:\Users\Nacho\Documents                         
                             \Animaciones\Capitulo                             
                             7\media\videos\s05_torre\                         
                             1080p60\partial_movie_fil                         
                             es\EsperanzaIterada\29324                         
                             40949_3926500612_22014391                         
                             51.mp4'                                           
                                                                                                                       
               

Animation 5: FadeOut(Text('se lee de adentro hacia afuera; el ejemplo lo hace obvio')), etc.:   0%|          | 0/60 
[00:00<?, ?it/s]
Animation 5: FadeOut(Text('se lee de adentro hacia afuera; el ejemplo lo hace obvio')), etc.:  12%|#1        | 7/60 
[00:00<00:00, 68.38it/s]
Animation 5: FadeOut(Text('se lee de adentro hacia afuera; el ejemplo lo hace obvio')), etc.:  23%|##3       | 14/60 
[00:00<00:00, 64.01it/s]
Animation 5: FadeOut(Text('se lee de adentro hacia afuera; el ejemplo lo hace obvio')), etc.:  35%|###5      | 21/60 
[00:00<00:00, 64.64it/s]
Animation 5: FadeOut(Text('se lee de adentro hacia afuera; el ejemplo lo hace obvio')), etc.:  47%|####6     | 28/60 
[00:00<00:00, 60.64it/s]
Animation 5: FadeOut(Text('se lee de adentro hacia afuera; el ejemplo lo hace obvio')), etc.:  58%|#####8    | 35/60 
[00:00<00:00, 62.53it/s]
Animation 5: FadeOut(Text('se lee de adentro hacia afuera; el ejemplo lo hace obvio')), etc.:  72%|#######1  | 43/60 
[00:00<00:00, 65.73it/s]
Animation 5: FadeOut(Text('se lee de adentro hacia afuera; el ejemplo lo hace obvio')), etc.:  83%|########3 | 50/60 
[00:00<00:00, 63.79it/s]
Animation 5: FadeOut(Text('se lee de adentro hacia afuera; el ejemplo lo hace obvio')), etc.:  95%|#########5| 57/60 
[00:00<00:00, 59.25it/s]
[09/10/26 10:49:37] INFO     Animation 5 : Partial     scene_file_writer.py:192
                             movie file written in                             
                             'C:\Users\Nacho\Documents                         
                             \Animaciones\Capitulo                             
                             7\media\videos\s05_torre\                         
                             1080p60\partial_movie_fil                         
                             es\EsperanzaIterada\29324                         
                             40949_954182423_153071918                         
                             3.mp4'                                            
                                                                                                                       
                      

Animation 6: FadeIn(Text('Altura promedio de una población')):   0%|          | 0/60 [00:00<?, ?it/s]
Animation 6: FadeIn(Text('Altura promedio de una población')):  15%|#5        | 9/60 [00:00<00:00, 84.60it/s]
Animation 6: FadeIn(Text('Altura promedio de una población')):  30%|###       | 18/60 [00:00<00:00, 87.15it/s]
Animation 6: FadeIn(Text('Altura promedio de una población')):  45%|####5     | 27/60 [00:00<00:00, 88.25it/s]
Animation 6: FadeIn(Text('Altura promedio de una población')):  60%|######    | 36/60 [00:00<00:00, 82.17it/s]
Animation 6: FadeIn(Text('Altura promedio de una población')):  77%|#######6  | 46/60 [00:00<00:00, 86.65it/s]
Animation 6: FadeIn(Text('Altura promedio de una población')):  92%|#########1| 55/60 [00:00<00:00, 84.69it/s]
[09/10/26 10:49:38] INFO     Animation 6 : Partial     scene_file_writer.py:192
                             movie file written in                             
                             'C:\Users\Nacho\Documents                         
                             \Animaciones\Capitulo                             
                             7\media\videos\s05_torre\                         
                             1080p60\partial_movie_fil                         
                             es\EsperanzaIterada\29324                         
                             40949_2603268876_10484965                         
                             98.mp4'                                           
[09/10/26 10:49:39] INFO     Animation 7 : Partial     scene_file_writer.py:192
                             movie file written in                             
                             'C:\Users\Nacho\Documents                         
                             \Animaciones\Capitulo                             
                             7\media\videos\s05_torre\                         
                             1080p60\partial_movie_fil                         
                             es\EsperanzaIterada\29324                         
                             40949_941615173_231459823                         
                             3.mp4'                                            
                                                                                                              

Animation 8: GrowFromEdge(Rectangle), etc.:   0%|          | 0/60 [00:00<?, ?it/s]
Animation 8: GrowFromEdge(Rectangle), etc.:  28%|##8       | 17/60 [00:00<00:00, 168.13it/s]
Animation 8: GrowFromEdge(Rectangle), etc.:  58%|#####8    | 35/60 [00:00<00:00, 172.13it/s]
Animation 8: GrowFromEdge(Rectangle), etc.:  88%|########8 | 53/60 [00:00<00:00, 163.39it/s]
[09/10/26 10:49:40] INFO     Animation 8 : Partial     scene_file_writer.py:192
                             movie file written in                             
                             'C:\Users\Nacho\Documents                         
                             \Animaciones\Capitulo                             
                             7\media\videos\s05_torre\                         
                             1080p60\partial_movie_fil                         
                             es\EsperanzaIterada\29324                         
                             40949_687433962_150517606                         
                             6.mp4'                                            
                                                                                            

Animation 9: FadeIn(VGroup of 2 submobjects), etc.:   0%|          | 0/60 [00:00<?, ?it/s]
Animation 9: FadeIn(VGroup of 2 submobjects), etc.:  15%|#5        | 9/60 [00:00<00:00, 84.88it/s]
Animation 9: FadeIn(VGroup of 2 submobjects), etc.:  32%|###1      | 19/60 [00:00<00:00, 85.48it/s]
Animation 9: FadeIn(VGroup of 2 submobjects), etc.:  47%|####6     | 28/60 [00:00<00:00, 79.93it/s]
Animation 9: FadeIn(VGroup of 2 submobjects), etc.:  62%|######1   | 37/60 [00:00<00:00, 71.53it/s]
Animation 9: FadeIn(VGroup of 2 submobjects), etc.:  75%|#######5  | 45/60 [00:00<00:00, 73.75it/s]
Animation 9: FadeIn(VGroup of 2 submobjects), etc.:  88%|########8 | 53/60 [00:00<00:00, 72.04it/s]
[09/10/26 10:49:41] INFO     Animation 9 : Partial     scene_file_writer.py:192
                             movie file written in                             
                             'C:\Users\Nacho\Documents                         
                             \Animaciones\Capitulo                             
                             7\media\videos\s05_torre\                         
                             1080p60\partial_movie_fil                         
                             es\EsperanzaIterada\29324                         
                             40949_351483119_411855422                         
                             0.mp4'                                            
                                                                                                   

Animation 10: FadeIn(Text('la variable Y es el grupo')):   0%|          | 0/60 [00:00<?, ?it/s]
Animation 10: FadeIn(Text('la variable Y es el grupo')):  17%|#6        | 10/60 [00:00<00:00, 98.95it/s]
Animation 10: FadeIn(Text('la variable Y es el grupo')):  33%|###3      | 20/60 [00:00<00:00, 93.86it/s]
Animation 10: FadeIn(Text('la variable Y es el grupo')):  50%|#####     | 30/60 [00:00<00:00, 89.99it/s]
Animation 10: FadeIn(Text('la variable Y es el grupo')):  67%|######6   | 40/60 [00:00<00:00, 88.97it/s]
Animation 10: FadeIn(Text('la variable Y es el grupo')):  87%|########6 | 52/60 [00:00<00:00, 97.07it/s]
[09/10/26 10:49:42] INFO     Animation 10 : Partial    scene_file_writer.py:192
                             movie file written in                             
                             'C:\Users\Nacho\Documents                         
                             \Animaciones\Capitulo                             
                             7\media\videos\s05_torre\                         
                             1080p60\partial_movie_fil                         
                             es\EsperanzaIterada\29324                         
                             40949_3337614330_79826882                         
                             2.mp4'                                            
[09/10/26 10:49:43] INFO     Animation 11 : Partial    scene_file_writer.py:192
                             movie file written in                             
                             'C:\Users\Nacho\Documents                         
                             \Animaciones\Capitulo                             
                             7\media\videos\s05_torre\                         
                             1080p60\partial_movie_fil                         
                             es\EsperanzaIterada\29324                         
                             40949_4163062370_15724463                         
                             91.mp4'                                           
                                                                                                        

Animation 12: FadeOut(Text('Altura promedio de una población')), etc.:   0%|          | 0/60 [00:00<?, ?it/s]
Animation 12: FadeOut(Text('Altura promedio de una población')), etc.:   8%|8         | 5/60 [00:00<00:01, 48.13it/s]
Animation 12: FadeOut(Text('Altura promedio de una población')), etc.:  17%|#6        | 10/60 [00:00<00:01, 46.23it/s]
Animation 12: FadeOut(Text('Altura promedio de una población')), etc.:  25%|##5       | 15/60 [00:00<00:00, 45.33it/s]
Animation 12: FadeOut(Text('Altura promedio de una población')), etc.:  35%|###5      | 21/60 [00:00<00:00, 47.86it/s]
Animation 12: FadeOut(Text('Altura promedio de una población')), etc.:  45%|####5     | 27/60 [00:00<00:00, 48.19it/s]
Animation 12: FadeOut(Text('Altura promedio de una población')), etc.:  53%|#####3    | 32/60 [00:00<00:00, 47.03it/s]
Animation 12: FadeOut(Text('Altura promedio de una población')), etc.:  63%|######3   | 38/60 [00:00<00:00, 48.68it/s]
Animation 12: FadeOut(Text('Altura promedio de una población')), etc.:  72%|#######1  | 43/60 [00:00<00:00, 45.11it/s]
Animation 12: FadeOut(Text('Altura promedio de una población')), etc.:  80%|########  | 48/60 [00:01<00:00, 41.31it/s]
Animation 12: FadeOut(Text('Altura promedio de una población')), etc.:  88%|########8 | 53/60 [00:01<00:00, 41.43it/s]
Animation 12: FadeOut(Text('Altura promedio de una población')), etc.:  97%|#########6| 58/60 [00:01<00:00, 41.52it/s]
[09/10/26 10:49:45] INFO     Animation 12 : Partial    scene_file_writer.py:192
                             movie file written in                             
                             'C:\Users\Nacho\Documents                         
                             \Animaciones\Capitulo                             
                             7\media\videos\s05_torre\                         
                             1080p60\partial_movie_fil                         
                             es\EsperanzaIterada\29324                         
                             40949_2077513252_38149926                         
                             85.mp4'                                           
                                                                                                                      

Animation 13: _MethodAnimation(Text('1.  Promedio DENTRO de cada grupo')):   0%|          | 0/60 [00:00<?, ?it/s]
Animation 13: _MethodAnimation(Text('1.  Promedio DENTRO de cada grupo')):  13%|#3        | 8/60 [00:00<00:00, 
75.42it/s]
Animation 13: _MethodAnimation(Text('1.  Promedio DENTRO de cada grupo')):  27%|##6       | 16/60 [00:00<00:00, 
72.70it/s]
Animation 13: _MethodAnimation(Text('1.  Promedio DENTRO de cada grupo')):  42%|####1     | 25/60 [00:00<00:00, 
76.40it/s]
Animation 13: _MethodAnimation(Text('1.  Promedio DENTRO de cada grupo')):  55%|#####5    | 33/60 [00:00<00:00, 
77.27it/s]
Animation 13: _MethodAnimation(Text('1.  Promedio DENTRO de cada grupo')):  70%|#######   | 42/60 [00:00<00:00, 
77.02it/s]
Animation 13: _MethodAnimation(Text('1.  Promedio DENTRO de cada grupo')):  85%|########5 | 51/60 [00:00<00:00, 
78.41it/s]
Animation 13: _MethodAnimation(Text('1.  Promedio DENTRO de cada grupo')):  98%|#########8| 59/60 [00:00<00:00, 
68.78it/s]
[09/10/26 10:49:47] INFO     Animation 13 : Partial    scene_file_writer.py:192
                             movie file written in                             
                             'C:\Users\Nacho\Documents                         
                             \Animaciones\Capitulo                             
                             7\media\videos\s05_torre\                         
                             1080p60\partial_movie_fil                         
                             es\EsperanzaIterada\29324                         
                             40949_1896738795_29029087                         
                             40.mp4'                                           
                                                                                                                       
   

Animation 14: FadeIn(MathTex('E[X\\mid Y=\\text{h}]=175')), etc.:   0%|          | 0/60 [00:00<?, ?it/s]
Animation 14: FadeIn(MathTex('E[X\\mid Y=\\text{h}]=175')), etc.:  18%|#8        | 11/60 [00:00<00:00, 106.48it/s]
Animation 14: FadeIn(MathTex('E[X\\mid Y=\\text{h}]=175')), etc.:  37%|###6      | 22/60 [00:00<00:00, 90.18it/s] 
Animation 14: FadeIn(MathTex('E[X\\mid Y=\\text{h}]=175')), etc.:  53%|#####3    | 32/60 [00:00<00:00, 90.67it/s]
Animation 14: FadeIn(MathTex('E[X\\mid Y=\\text{h}]=175')), etc.:  70%|#######   | 42/60 [00:00<00:00, 91.63it/s]
Animation 14: FadeIn(MathTex('E[X\\mid Y=\\text{h}]=175')), etc.:  87%|########6 | 52/60 [00:00<00:00, 88.29it/s]
[09/10/26 10:49:48] INFO     Animation 14 : Partial    scene_file_writer.py:192
                             movie file written in                             
                             'C:\Users\Nacho\Documents                         
                             \Animaciones\Capitulo                             
                             7\media\videos\s05_torre\                         
                             1080p60\partial_movie_fil                         
                             es\EsperanzaIterada\29324                         
                             40949_4103678075_20714711                         
                             33.mp4'                                           
[09/10/26 10:49:49] INFO     Animation 15 : Partial    scene_file_writer.py:192
                             movie file written in                             
                             'C:\Users\Nacho\Documents                         
                             \Animaciones\Capitulo                             
                             7\media\videos\s05_torre\                         
                             1080p60\partial_movie_fil                         
                             es\EsperanzaIterada\29324                         
                             40949_125152860_310024910                         
                             7.mp4'                                            
                                                                                                                 

Animation 16: FadeIn(Text('esto es g(y) = E[X | Y = y]: una función del grupo')):   0%|          | 0/60 [00:00<?, 
?it/s]
Animation 16: FadeIn(Text('esto es g(y) = E[X | Y = y]: una función del grupo')):  12%|#1        | 7/60 [00:00<00:00, 
60.08it/s]
Animation 16: FadeIn(Text('esto es g(y) = E[X | Y = y]: una función del grupo')):  25%|##5       | 15/60 [00:00<00:00, 
67.82it/s]
Animation 16: FadeIn(Text('esto es g(y) = E[X | Y = y]: una función del grupo')):  38%|###8      | 23/60 [00:00<00:00, 
71.86it/s]
Animation 16: FadeIn(Text('esto es g(y) = E[X | Y = y]: una función del grupo')):  52%|#####1    | 31/60 [00:00<00:00, 
71.95it/s]
Animation 16: FadeIn(Text('esto es g(y) = E[X | Y = y]: una función del grupo')):  65%|######5   | 39/60 [00:00<00:00, 
71.99it/s]
Animation 16: FadeIn(Text('esto es g(y) = E[X | Y = y]: una función del grupo')):  80%|########  | 48/60 [00:00<00:00, 
76.43it/s]
Animation 16: FadeIn(Text('esto es g(y) = E[X | Y = y]: una función del grupo')):  93%|#########3| 56/60 [00:00<00:00, 
68.18it/s]
[09/10/26 10:49:50] INFO     Animation 16 : Partial    scene_file_writer.py:192
                             movie file written in                             
                             'C:\Users\Nacho\Documents                         
                             \Animaciones\Capitulo                             
                             7\media\videos\s05_torre\                         
                             1080p60\partial_movie_fil                         
                             es\EsperanzaIterada\29324                         
                             40949_3866719772_63674186                         
                             5.mp4'                                            
[09/10/26 10:49:52] INFO     Animation 17 : Partial    scene_file_writer.py:192
                             movie file written in                             
                             'C:\Users\Nacho\Documents                         
                             \Animaciones\Capitulo                             
                             7\media\videos\s05_torre\                         
                             1080p60\partial_movie_fil                         
                             es\EsperanzaIterada\29324                         
                             40949_3580093213_32951910                         
                             4.mp4'                                            
                                                                                                                       
          

Animation 18: FadeOut(Text('esto es g(y) = E[X | Y = y]: una función del grupo')):   0%|          | 0/60 [00:00<?, 
?it/s]
Animation 18: FadeOut(Text('esto es g(y) = E[X | Y = y]: una función del grupo')):  15%|#5        | 9/60 [00:00<00:00, 
79.64it/s]
Animation 18: FadeOut(Text('esto es g(y) = E[X | Y = y]: una función del grupo')):  28%|##8       | 17/60 
[00:00<00:00, 77.20it/s]
Animation 18: FadeOut(Text('esto es g(y) = E[X | Y = y]: una función del grupo')):  43%|####3     | 26/60 
[00:00<00:00, 78.53it/s]
Animation 18: FadeOut(Text('esto es g(y) = E[X | Y = y]: una función del grupo')):  58%|#####8    | 35/60 
[00:00<00:00, 78.75it/s]
Animation 18: FadeOut(Text('esto es g(y) = E[X | Y = y]: una función del grupo')):  72%|#######1  | 43/60 
[00:00<00:00, 78.98it/s]
Animation 18: FadeOut(Text('esto es g(y) = E[X | Y = y]: una función del grupo')):  87%|########6 | 52/60 
[00:00<00:00, 78.94it/s]
Animation 18: FadeOut(Text('esto es g(y) = E[X | Y = y]: una función del grupo')): 100%|##########| 60/60 
[00:00<00:00, 73.85it/s]
[09/10/26 10:49:53] INFO     Animation 18 : Partial    scene_file_writer.py:192
                             movie file written in                             
                             'C:\Users\Nacho\Documents                         
                             \Animaciones\Capitulo                             
                             7\media\videos\s05_torre\                         
                             1080p60\partial_movie_fil                         
                             es\EsperanzaIterada\29324                         
                             40949_1913403202_34291111                         
                             39.mp4'                                           
                                                                                                                       
           

Animation 19: Transform(Text('1.  Promedio DENTRO de cada grupo')):   0%|          | 0/60 [00:00<?, ?it/s]
Animation 19: Transform(Text('1.  Promedio DENTRO de cada grupo')):  10%|#         | 6/60 [00:00<00:00, 59.16it/s]
Animation 19: Transform(Text('1.  Promedio DENTRO de cada grupo')):  22%|##1       | 13/60 [00:00<00:00, 58.94it/s]
Animation 19: Transform(Text('1.  Promedio DENTRO de cada grupo')):  32%|###1      | 19/60 [00:00<00:00, 58.38it/s]
Animation 19: Transform(Text('1.  Promedio DENTRO de cada grupo')):  42%|####1     | 25/60 [00:00<00:00, 57.44it/s]
Animation 19: Transform(Text('1.  Promedio DENTRO de cada grupo')):  53%|#####3    | 32/60 [00:00<00:00, 57.40it/s]
Animation 19: Transform(Text('1.  Promedio DENTRO de cada grupo')):  63%|######3   | 38/60 [00:00<00:00, 57.73it/s]
Animation 19: Transform(Text('1.  Promedio DENTRO de cada grupo')):  73%|#######3  | 44/60 [00:00<00:00, 56.94it/s]
Animation 19: Transform(Text('1.  Promedio DENTRO de cada grupo')):  83%|########3 | 50/60 [00:00<00:00, 50.18it/s]
Animation 19: Transform(Text('1.  Promedio DENTRO de cada grupo')):  93%|#########3| 56/60 [00:01<00:00, 50.68it/s]
[09/10/26 10:49:55] INFO     Animation 19 : Partial    scene_file_writer.py:192
                             movie file written in                             
                             'C:\Users\Nacho\Documents                         
                             \Animaciones\Capitulo                             
                             7\media\videos\s05_torre\                         
                             1080p60\partial_movie_fil                         
                             es\EsperanzaIterada\29324                         
                             40949_2615417765_40938522                         
                             84.mp4'                                           
[09/10/26 10:49:56] INFO     Animation 20 : Partial    scene_file_writer.py:192
                             movie file written in                             
                             'C:\Users\Nacho\Documents                         
                             \Animaciones\Capitulo                             
                             7\media\videos\s05_torre\                         
                             1080p60\partial_movie_fil                         
                             es\EsperanzaIterada\29324                         
                             40949_3880968470_65223722                         
                             5.mp4'                                            
                                                                                                                   

Animation 21: Write(MathTexPart('E[X]')), etc.:   0%|          | 0/60 [00:00<?, ?it/s]
Animation 21: Write(MathTexPart('E[X]')), etc.:  27%|##6       | 16/60 [00:00<00:00, 153.36it/s]
Animation 21: Write(MathTexPart('E[X]')), etc.:  53%|#####3    | 32/60 [00:00<00:00, 124.84it/s]
Animation 21: Write(MathTexPart('E[X]')), etc.:  75%|#######5  | 45/60 [00:00<00:00, 119.02it/s]
[09/10/26 10:49:57] INFO     Animation 21 : Partial    scene_file_writer.py:192
                             movie file written in                             
                             'C:\Users\Nacho\Documents                         
                             \Animaciones\Capitulo                             
                             7\media\videos\s05_torre\                         
                             1080p60\partial_movie_fil                         
                             es\EsperanzaIterada\29324                         
                             40949_30699662_368487300.                         
                             mp4'                                              
                                                                                                

Animation 22: TransformFromCopy(MathTexPart('0{,}4\\cdot 175')):   0%|          | 0/60 [00:00<?, ?it/s]
Animation 22: TransformFromCopy(MathTexPart('0{,}4\\cdot 175')):  13%|#3        | 8/60 [00:00<00:00, 71.04it/s]
Animation 22: TransformFromCopy(MathTexPart('0{,}4\\cdot 175')):  27%|##6       | 16/60 [00:00<00:00, 68.69it/s]
Animation 22: TransformFromCopy(MathTexPart('0{,}4\\cdot 175')):  38%|###8      | 23/60 [00:00<00:00, 65.03it/s]
Animation 22: TransformFromCopy(MathTexPart('0{,}4\\cdot 175')):  50%|#####     | 30/60 [00:00<00:00, 65.61it/s]
Animation 22: TransformFromCopy(MathTexPart('0{,}4\\cdot 175')):  62%|######1   | 37/60 [00:00<00:00, 66.34it/s]
Animation 22: TransformFromCopy(MathTexPart('0{,}4\\cdot 175')):  73%|#######3  | 44/60 [00:00<00:00, 64.75it/s]
Animation 22: TransformFromCopy(MathTexPart('0{,}4\\cdot 175')):  85%|########5 | 51/60 [00:00<00:00, 62.63it/s]
Animation 22: TransformFromCopy(MathTexPart('0{,}4\\cdot 175')):  97%|#########6| 58/60 [00:00<00:00, 62.86it/s]
[09/10/26 10:49:59] INFO     Animation 22 : Partial    scene_file_writer.py:192
                             movie file written in                             
                             'C:\Users\Nacho\Documents                         
                             \Animaciones\Capitulo                             
                             7\media\videos\s05_torre\                         
                             1080p60\partial_movie_fil                         
                             es\EsperanzaIterada\29324                         
                             40949_727983208_577458457                         
                             .mp4'                                             
                                                                                                                

Animation 23: Write(MathTexPart('+')):   0%|          | 0/60 [00:00<?, ?it/s]
Animation 23: Write(MathTexPart('+')):  32%|###1      | 19/60 [00:00<00:00, 179.24it/s]
Animation 23: Write(MathTexPart('+')):  62%|######1   | 37/60 [00:00<00:00, 168.44it/s]
Animation 23: Write(MathTexPart('+')):  90%|######### | 54/60 [00:00<00:00, 160.76it/s]
[09/10/26 10:50:00] INFO     Animation 23 : Partial    scene_file_writer.py:192
                             movie file written in                             
                             'C:\Users\Nacho\Documents                         
                             \Animaciones\Capitulo                             
                             7\media\videos\s05_torre\                         
                             1080p60\partial_movie_fil                         
                             es\EsperanzaIterada\29324                         
                             40949_1707460191_22497427                         
                             78.mp4'                                           
                                                                                       

Animation 24: TransformFromCopy(MathTexPart('0{,}6\\cdot 162')):   0%|          | 0/60 [00:00<?, ?it/s]
Animation 24: TransformFromCopy(MathTexPart('0{,}6\\cdot 162')):  12%|#1        | 7/60 [00:00<00:00, 62.68it/s]
Animation 24: TransformFromCopy(MathTexPart('0{,}6\\cdot 162')):  25%|##5       | 15/60 [00:00<00:00, 65.93it/s]
Animation 24: TransformFromCopy(MathTexPart('0{,}6\\cdot 162')):  38%|###8      | 23/60 [00:00<00:00, 68.51it/s]
Animation 24: TransformFromCopy(MathTexPart('0{,}6\\cdot 162')):  50%|#####     | 30/60 [00:00<00:00, 65.83it/s]
Animation 24: TransformFromCopy(MathTexPart('0{,}6\\cdot 162')):  62%|######1   | 37/60 [00:00<00:00, 63.81it/s]
Animation 24: TransformFromCopy(MathTexPart('0{,}6\\cdot 162')):  73%|#######3  | 44/60 [00:00<00:00, 65.28it/s]
Animation 24: TransformFromCopy(MathTexPart('0{,}6\\cdot 162')):  85%|########5 | 51/60 [00:00<00:00, 63.88it/s]
Animation 24: TransformFromCopy(MathTexPart('0{,}6\\cdot 162')):  97%|#########6| 58/60 [00:00<00:00, 62.49it/s]
[09/10/26 10:50:01] INFO     Animation 24 : Partial    scene_file_writer.py:192
                             movie file written in                             
                             'C:\Users\Nacho\Documents                         
                             \Animaciones\Capitulo                             
                             7\media\videos\s05_torre\                         
                             1080p60\partial_movie_fil                         
                             es\EsperanzaIterada\29324                         
                             40949_3945399764_15489120                         
                             38.mp4'                                           
                                                                                                                

Animation 25: Write(MathTexPart('=')), etc.:   0%|          | 0/60 [00:00<?, ?it/s]
Animation 25: Write(MathTexPart('=')), etc.:  25%|##5       | 15/60 [00:00<00:00, 139.70it/s]
Animation 25: Write(MathTexPart('=')), etc.:  48%|####8     | 29/60 [00:00<00:00, 129.50it/s]
Animation 25: Write(MathTexPart('=')), etc.:  70%|#######   | 42/60 [00:00<00:00, 123.09it/s]
Animation 25: Write(MathTexPart('=')), etc.:  98%|#########8| 59/60 [00:00<00:00, 137.96it/s]
[09/10/26 10:50:02] INFO     Animation 25 : Partial    scene_file_writer.py:192
                             movie file written in                             
                             'C:\Users\Nacho\Documents                         
                             \Animaciones\Capitulo                             
                             7\media\videos\s05_torre\                         
                             1080p60\partial_movie_fil                         
                             es\EsperanzaIterada\29324                         
                             40949_3362259144_54530585                         
                             4.mp4'                                            
[09/10/26 10:50:03] INFO     Animation 26 : Partial    scene_file_writer.py:192
                             movie file written in                             
                             'C:\Users\Nacho\Documents                         
                             \Animaciones\Capitulo                             
                             7\media\videos\s05_torre\                         
                             1080p60\partial_movie_fil                         
                             es\EsperanzaIterada\29324                         
                             40949_125152860_265244577                         
                             7.mp4'                                            
                                                                                             

Animation 27: Create(Line), etc.:   0%|          | 0/60 [00:00<?, ?it/s]
Animation 27: Create(Line), etc.:  28%|##8       | 17/60 [00:00<00:00, 168.37it/s]
Animation 27: Create(Line), etc.:  57%|#####6    | 34/60 [00:00<00:00, 141.43it/s]
Animation 27: Create(Line), etc.:  82%|########1 | 49/60 [00:00<00:00, 136.07it/s]
[09/10/26 10:50:04] INFO     Animation 27 : Partial    scene_file_writer.py:192
                             movie file written in                             
                             'C:\Users\Nacho\Documents                         
                             \Animaciones\Capitulo                             
                             7\media\videos\s05_torre\                         
                             1080p60\partial_movie_fil                         
                             es\EsperanzaIterada\29324                         
                             40949_3565003934_46372189                         
                             0.mp4'                                            
[09/10/26 10:50:05] INFO     Animation 28 : Partial    scene_file_writer.py:192
                             movie file written in                             
                             'C:\Users\Nacho\Documents                         
                             \Animaciones\Capitulo                             
                             7\media\videos\s05_torre\                         
                             1080p60\partial_movie_fil                         
                             es\EsperanzaIterada\29324                         
                             40949_3580093213_32527260                         
                             22.mp4'                                           
                                                                                  

Animation 29: FadeOut(VGroup of 9 submobjects):   0%|          | 0/60 [00:00<?, ?it/s]
Animation 29: FadeOut(VGroup of 9 submobjects):   5%|5         | 3/60 [00:00<00:01, 29.17it/s]
Animation 29: FadeOut(VGroup of 9 submobjects):  12%|#1        | 7/60 [00:00<00:01, 29.67it/s]
Animation 29: FadeOut(VGroup of 9 submobjects):  17%|#6        | 10/60 [00:00<00:01, 27.95it/s]
Animation 29: FadeOut(VGroup of 9 submobjects):  22%|##1       | 13/60 [00:00<00:01, 28.32it/s]
Animation 29: FadeOut(VGroup of 9 submobjects):  27%|##6       | 16/60 [00:00<00:01, 28.03it/s]
Animation 29: FadeOut(VGroup of 9 submobjects):  32%|###1      | 19/60 [00:00<00:01, 27.99it/s]
Animation 29: FadeOut(VGroup of 9 submobjects):  37%|###6      | 22/60 [00:00<00:01, 28.41it/s]
Animation 29: FadeOut(VGroup of 9 submobjects):  43%|####3     | 26/60 [00:00<00:01, 29.47it/s]
Animation 29: FadeOut(VGroup of 9 submobjects):  48%|####8     | 29/60 [00:01<00:01, 29.23it/s]
Animation 29: FadeOut(VGroup of 9 submobjects):  53%|#####3    | 32/60 [00:01<00:00, 28.90it/s]
Animation 29: FadeOut(VGroup of 9 submobjects):  60%|######    | 36/60 [00:01<00:00, 28.68it/s]
Animation 29: FadeOut(VGroup of 9 submobjects):  65%|######5   | 39/60 [00:01<00:00, 29.02it/s]
Animation 29: FadeOut(VGroup of 9 submobjects):  72%|#######1  | 43/60 [00:01<00:00, 28.61it/s]
Animation 29: FadeOut(VGroup of 9 submobjects):  77%|#######6  | 46/60 [00:01<00:00, 27.50it/s]
Animation 29: FadeOut(VGroup of 9 submobjects):  82%|########1 | 49/60 [00:01<00:00, 27.50it/s]
Animation 29: FadeOut(VGroup of 9 submobjects):  87%|########6 | 52/60 [00:01<00:00, 27.91it/s]
Animation 29: FadeOut(VGroup of 9 submobjects):  92%|#########1| 55/60 [00:01<00:00, 28.13it/s]
Animation 29: FadeOut(VGroup of 9 submobjects):  97%|#########6| 58/60 [00:02<00:00, 27.80it/s]
[09/10/26 10:50:08] INFO     Animation 29 : Partial    scene_file_writer.py:192
                             movie file written in                             
                             'C:\Users\Nacho\Documents                         
                             \Animaciones\Capitulo                             
                             7\media\videos\s05_torre\                         
                             1080p60\partial_movie_fil                         
                             es\EsperanzaIterada\29324                         
                             40949_787133415_815451820                         
                             .mp4'                                             
                                                                                               

Animation 30: FadeIn(MathTex('E[X\\mid Y]')):   0%|          | 0/60 [00:00<?, ?it/s]
Animation 30: FadeIn(MathTex('E[X\\mid Y]')):  27%|##6       | 16/60 [00:00<00:00, 149.09it/s]
Animation 30: FadeIn(MathTex('E[X\\mid Y]')):  52%|#####1    | 31/60 [00:00<00:00, 131.89it/s]
Animation 30: FadeIn(MathTex('E[X\\mid Y]')):  75%|#######5  | 45/60 [00:00<00:00, 125.96it/s]
[09/10/26 10:50:09] INFO     Animation 30 : Partial    scene_file_writer.py:192
                             movie file written in                             
                             'C:\Users\Nacho\Documents                         
                             \Animaciones\Capitulo                             
                             7\media\videos\s05_torre\                         
                             1080p60\partial_movie_fil                         
                             es\EsperanzaIterada\29324                         
                             40949_3765419167_26731557                         
                             47.mp4'                                           
                                                                                              

Animation 31: FadeIn(Text('es una variable aleatoria')):   0%|          | 0/60 [00:00<?, ?it/s]
Animation 31: FadeIn(Text('es una variable aleatoria')):  18%|#8        | 11/60 [00:00<00:00, 103.66it/s]
Animation 31: FadeIn(Text('es una variable aleatoria')):  38%|###8      | 23/60 [00:00<00:00, 104.40it/s]
Animation 31: FadeIn(Text('es una variable aleatoria')):  60%|######    | 36/60 [00:00<00:00, 107.88it/s]
Animation 31: FadeIn(Text('es una variable aleatoria')):  83%|########3 | 50/60 [00:00<00:00, 117.84it/s]
[09/10/26 10:50:10] INFO     Animation 31 : Partial    scene_file_writer.py:192
                             movie file written in                             
                             'C:\Users\Nacho\Documents                         
                             \Animaciones\Capitulo                             
                             7\media\videos\s05_torre\                         
                             1080p60\partial_movie_fil                         
                             es\EsperanzaIterada\29324                         
                             40949_973824096_341845499                         
                             3.mp4'                                            
                    INFO     Animation 32 : Partial    scene_file_writer.py:192
                             movie file written in                             
                             'C:\Users\Nacho\Documents                         
                             \Animaciones\Capitulo                             
                             7\media\videos\s05_torre\                         
                             1080p60\partial_movie_fil                         
                             es\EsperanzaIterada\29324                         
                             40949_3880968470_58105850                         
                             0.mp4'                                            
                                                                                                         

Animation 33: FadeIn(Text('toma el valor 175 con probabilidad 0,4\ny el valor 162 con probabilidad 0,6')):   0%|       
   | 0/60 [00:00<?, ?it/s]
Animation 33: FadeIn(Text('toma el valor 175 con probabilidad 0,4\ny el valor 162 con probabilidad 0,6')):  13%|#3     
   | 8/60 [00:00<00:00, 75.27it/s]
Animation 33: FadeIn(Text('toma el valor 175 con probabilidad 0,4\ny el valor 162 con probabilidad 0,6')):  27%|##6    
   | 16/60 [00:00<00:00, 72.77it/s]
Animation 33: FadeIn(Text('toma el valor 175 con probabilidad 0,4\ny el valor 162 con probabilidad 0,6')):  40%|####   
   | 24/60 [00:00<00:00, 71.64it/s]
Animation 33: FadeIn(Text('toma el valor 175 con probabilidad 0,4\ny el valor 162 con probabilidad 0,6')):  53%|#####3 
   | 32/60 [00:00<00:00, 70.97it/s]
Animation 33: FadeIn(Text('toma el valor 175 con probabilidad 0,4\ny el valor 162 con probabilidad 0,6')):  
67%|######6   | 40/60 [00:00<00:00, 69.72it/s]
Animation 33: FadeIn(Text('toma el valor 175 con probabilidad 0,4\ny el valor 162 con probabilidad 0,6')):  
80%|########  | 48/60 [00:00<00:00, 67.77it/s]
Animation 33: FadeIn(Text('toma el valor 175 con probabilidad 0,4\ny el valor 162 con probabilidad 0,6')):  
92%|#########1| 55/60 [00:00<00:00, 65.80it/s]
[09/10/26 10:50:12] INFO     Animation 33 : Partial    scene_file_writer.py:192
                             movie file written in                             
                             'C:\Users\Nacho\Documents                         
                             \Animaciones\Capitulo                             
                             7\media\videos\s05_torre\                         
                             1080p60\partial_movie_fil                         
                             es\EsperanzaIterada\29324                         
                             40949_4168967136_25293823                         
                             90.mp4'                                           
[09/10/26 10:50:13] INFO     Animation 34 : Partial    scene_file_writer.py:192
                             movie file written in                             
                             'C:\Users\Nacho\Documents                         
                             \Animaciones\Capitulo                             
                             7\media\videos\s05_torre\                         
                             1080p60\partial_movie_fil                         
                             es\EsperanzaIterada\29324                         
                             40949_3926500612_96605119                         
                             7.mp4'                                            
                                                                                                                       
                                   

Animation 35: Write(MathTex('E\\big[\\,E[X\\mid Y]\\,\\big]\\;=\\;E[X]')):   0%|          | 0/60 [00:00<?, ?it/s]
Animation 35: Write(MathTex('E\\big[\\,E[X\\mid Y]\\,\\big]\\;=\\;E[X]')):  22%|##1       | 13/60 [00:00<00:00, 
128.75it/s]
Animation 35: Write(MathTex('E\\big[\\,E[X\\mid Y]\\,\\big]\\;=\\;E[X]')):  43%|####3     | 26/60 [00:00<00:00, 
114.33it/s]
Animation 35: Write(MathTex('E\\big[\\,E[X\\mid Y]\\,\\big]\\;=\\;E[X]')):  63%|######3   | 38/60 [00:00<00:00, 
111.50it/s]
Animation 35: Write(MathTex('E\\big[\\,E[X\\mid Y]\\,\\big]\\;=\\;E[X]')):  87%|########6 | 52/60 [00:00<00:00, 
121.18it/s]
[09/10/26 10:50:14] INFO     Animation 35 : Partial    scene_file_writer.py:192
                             movie file written in                             
                             'C:\Users\Nacho\Documents                         
                             \Animaciones\Capitulo                             
                             7\media\videos\s05_torre\                         
                             1080p60\partial_movie_fil                         
                             es\EsperanzaIterada\29324                         
                             40949_828397626_167369663                         
                             .mp4'                                             
                    INFO     Animation 36 : Partial    scene_file_writer.py:192
                             movie file written in                             
                             'C:\Users\Nacho\Documents                         
                             \Animaciones\Capitulo                             
                             7\media\videos\s05_torre\                         
                             1080p60\partial_movie_fil                         
                             es\EsperanzaIterada\29324                         
                             40949_125152860_350115841                         
                             4.mp4'                                            
                                                                                                                       
    

Animation 37: FadeIn(Text('tomarle la esperanza a esa variable aleatoria devuelve la media original')):   0%|          
| 0/60 [00:00<?, ?it/s]
Animation 37: FadeIn(Text('tomarle la esperanza a esa variable aleatoria devuelve la media original')):  13%|#3        
| 8/60 [00:00<00:00, 68.82it/s]
Animation 37: FadeIn(Text('tomarle la esperanza a esa variable aleatoria devuelve la media original')):  27%|##6       
| 16/60 [00:00<00:00, 70.10it/s]
Animation 37: FadeIn(Text('tomarle la esperanza a esa variable aleatoria devuelve la media original')):  40%|####      
| 24/60 [00:00<00:00, 65.37it/s]
Animation 37: FadeIn(Text('tomarle la esperanza a esa variable aleatoria devuelve la media original')):  52%|#####1    
| 31/60 [00:00<00:00, 62.67it/s]
Animation 37: FadeIn(Text('tomarle la esperanza a esa variable aleatoria devuelve la media original')):  63%|######3   
| 38/60 [00:00<00:00, 57.43it/s]
Animation 37: FadeIn(Text('tomarle la esperanza a esa variable aleatoria devuelve la media original')):  73%|#######3  
| 44/60 [00:00<00:00, 55.40it/s]
Animation 37: FadeIn(Text('tomarle la esperanza a esa variable aleatoria devuelve la media original')):  83%|########3 
| 50/60 [00:00<00:00, 50.94it/s]
Animation 37: FadeIn(Text('tomarle la esperanza a esa variable aleatoria devuelve la media original')):  
95%|#########5| 57/60 [00:00<00:00, 53.65it/s]
[09/10/26 10:50:16] INFO     Animation 37 : Partial    scene_file_writer.py:192
                             movie file written in                             
                             'C:\Users\Nacho\Documents                         
                             \Animaciones\Capitulo                             
                             7\media\videos\s05_torre\                         
                             1080p60\partial_movie_fil                         
                             es\EsperanzaIterada\29324                         
                             40949_4001649729_72040507                         
                             2.mp4'                                            
[09/10/26 10:50:17] INFO     Animation 38 : Partial    scene_file_writer.py:192
                             movie file written in                             
                             'C:\Users\Nacho\Documents                         
                             \Animaciones\Capitulo                             
                             7\media\videos\s05_torre\                         
                             1080p60\partial_movie_fil                         
                             es\EsperanzaIterada\29324                         
                             40949_266979614_201046113                         
                             0.mp4'                                            
                                                                                                                       
                                

Animation 39: FadeOut(VGroup of 5 submobjects):   0%|          | 0/60 [00:00<?, ?it/s]
Animation 39: FadeOut(VGroup of 5 submobjects):   7%|6         | 4/60 [00:00<00:01, 35.13it/s]
Animation 39: FadeOut(VGroup of 5 submobjects):  13%|#3        | 8/60 [00:00<00:01, 35.46it/s]
Animation 39: FadeOut(VGroup of 5 submobjects):  20%|##        | 12/60 [00:00<00:01, 35.53it/s]
Animation 39: FadeOut(VGroup of 5 submobjects):  27%|##6       | 16/60 [00:00<00:01, 34.64it/s]
Animation 39: FadeOut(VGroup of 5 submobjects):  33%|###3      | 20/60 [00:00<00:01, 34.60it/s]
Animation 39: FadeOut(VGroup of 5 submobjects):  40%|####      | 24/60 [00:00<00:01, 33.66it/s]
Animation 39: FadeOut(VGroup of 5 submobjects):  47%|####6     | 28/60 [00:00<00:00, 34.06it/s]
Animation 39: FadeOut(VGroup of 5 submobjects):  53%|#####3    | 32/60 [00:00<00:00, 35.31it/s]
Animation 39: FadeOut(VGroup of 5 submobjects):  60%|######    | 36/60 [00:01<00:00, 34.44it/s]
Animation 39: FadeOut(VGroup of 5 submobjects):  67%|######6   | 40/60 [00:01<00:00, 31.61it/s]
Animation 39: FadeOut(VGroup of 5 submobjects):  73%|#######3  | 44/60 [00:01<00:00, 31.24it/s]
Animation 39: FadeOut(VGroup of 5 submobjects):  80%|########  | 48/60 [00:01<00:00, 30.72it/s]
Animation 39: FadeOut(VGroup of 5 submobjects):  87%|########6 | 52/60 [00:01<00:00, 31.27it/s]
Animation 39: FadeOut(VGroup of 5 submobjects):  93%|#########3| 56/60 [00:01<00:00, 32.20it/s]
Animation 39: FadeOut(VGroup of 5 submobjects): 100%|##########| 60/60 [00:01<00:00, 33.24it/s]
[09/10/26 10:50:20] INFO     Animation 39 : Partial    scene_file_writer.py:192
                             movie file written in                             
                             'C:\Users\Nacho\Documents                         
                             \Animaciones\Capitulo                             
                             7\media\videos\s05_torre\                         
                             1080p60\partial_movie_fil                         
                             es\EsperanzaIterada\29324                         
                             40949_854356485_785824184                         
                             .mp4'                                             
[09/10/26 10:50:21] INFO     Animation 40 : Partial    scene_file_writer.py:192
                             movie file written in                             
                             'C:\Users\Nacho\Documents                         
                             \Animaciones\Capitulo                             
                             7\media\videos\s05_torre\                         
                             1080p60\partial_movie_fil                         
                             es\EsperanzaIterada\29324                         
                             40949_4235033027_26356749                         
                             67.mp4'                                           
                    INFO     Combining to Movie file.  scene_file_writer.py:952
                    INFO                              scene_file_writer.py:1103
                             File ready at                                     
                             'C:\Users\Nacho\Document                          
                             s\Animaciones\Capitulo                            
                             7\media\videos\s05_torre                          
                             \1080p60\EsperanzaIterad                          
                             a.mp4'                                            
                                                                               
                    INFO     Rendered EsperanzaIterada             scene.py:290
                             Played 41 animations                              
                                                                                               
Manim Community v0.21.0

manim.exe : 
En C:\Users\Nacho\Documents\Animaciones\Capitulo 7\render.ps1: 49 Carácter: 9
+         & manim "-$Calidad" $e.archivo $e.escena *>> $log
+         ~~~~~~~~~~~~~~~~~~~~~~~~~~~~~~~~~~~~~~~~~~~~~~~~~
    + CategoryInfo          : NotSpecified: (:String) [], RemoteException
    + FullyQualifiedErrorId : NativeCommandError
 
Animation 0: FadeIn(Text('La conjunta y sus marginales')):   0%|          | 0/60 [00:00<?, ?it/s]
Animation 0: FadeIn(Text('La conjunta y sus marginales')):  17%|#6        | 10/60 [00:00<00:00, 92.96it/s]
Animation 0: FadeIn(Text('La conjunta y sus marginales')):  33%|###3      | 20/60 [00:00<00:00, 95.82it/s]
Animation 0: FadeIn(Text('La conjunta y sus marginales')):  50%|#####     | 30/60 [00:00<00:00, 97.38it/s]
Animation 0: FadeIn(Text('La conjunta y sus marginales')):  68%|######8   | 41/60 [00:00<00:00, 98.43it/s]
Animation 0: FadeIn(Text('La conjunta y sus marginales')):  90%|######### | 54/60 [00:00<00:00, 107.25it/s]
[09/10/26 10:50:24] INFO     Animation 0 : Partial     scene_file_writer.py:192
                             movie file written in                             
                             'C:\Users\Nacho\Documents                         
                             \Animaciones\Capitulo                             
                             7\media\videos\s06_conjun                         
                             ta\1080p60\partial_movie_                         
                             files\Conjunta\3010004561                         
                             _4188355938_223132457.mp4                         
                             '                                                 
                    INFO     Animation 1 : Partial     scene_file_writer.py:192
                             movie file written in                             
                             'C:\Users\Nacho\Documents                         
                             \Animaciones\Capitulo                             
                             7\media\videos\s06_conjun                         
                             ta\1080p60\partial_movie_                         
                             files\Conjunta\2932440949                         
                             _4235033027_1182987434.mp                         
                             4'                                                
                                                                                                           

Animation 2: FadeIn(Text('Con dos variables a la vez —una señal transmitida y la recibida, por ejemplo—')):   0%|      
    | 0/60 [00:00<?, ?it/s]
Animation 2: FadeIn(Text('Con dos variables a la vez —una señal transmitida y la recibida, por ejemplo—')):  13%|#3    
    | 8/60 [00:00<00:00, 75.34it/s]
Animation 2: FadeIn(Text('Con dos variables a la vez —una señal transmitida y la recibida, por ejemplo—')):  27%|##6   
    | 16/60 [00:00<00:00, 72.66it/s]
Animation 2: FadeIn(Text('Con dos variables a la vez —una señal transmitida y la recibida, por ejemplo—')):  40%|####  
    | 24/60 [00:00<00:00, 72.54it/s]
Animation 2: FadeIn(Text('Con dos variables a la vez —una señal transmitida y la recibida, por ejemplo—')):  
53%|#####3    | 32/60 [00:00<00:00, 72.92it/s]
Animation 2: FadeIn(Text('Con dos variables a la vez —una señal transmitida y la recibida, por ejemplo—')):  
67%|######6   | 40/60 [00:00<00:00, 71.98it/s]
Animation 2: FadeIn(Text('Con dos variables a la vez —una señal transmitida y la recibida, por ejemplo—')):  
80%|########  | 48/60 [00:00<00:00, 68.57it/s]
Animation 2: FadeIn(Text('Con dos variables a la vez —una señal transmitida y la recibida, por ejemplo—')):  
92%|#########1| 55/60 [00:00<00:00, 62.69it/s]
[09/10/26 10:50:25] INFO     Animation 2 : Partial     scene_file_writer.py:192
                             movie file written in                             
                             'C:\Users\Nacho\Documents                         
                             \Animaciones\Capitulo                             
                             7\media\videos\s06_conjun                         
                             ta\1080p60\partial_movie_                         
                             files\Conjunta\2932440949                         
                             _3246053711_3886328419.mp                         
                             4'                                                
[09/10/26 10:50:27] INFO     Animation 3 : Partial     scene_file_writer.py:192
                             movie file written in                             
                             'C:\Users\Nacho\Documents                         
                             \Animaciones\Capitulo                             
                             7\media\videos\s06_conjun                         
                             ta\1080p60\partial_movie_                         
                             files\Conjunta\2932440949                         
                             _3810316983_2193678874.mp                         
                             4'                                                
                                                                                                                       
                                    

Animation 4: FadeOut(Text('Con dos variables a la vez —una señal transmitida y la recibida, por ejemplo—')):   0%|     
     | 0/60 [00:00<?, ?it/s]
Animation 4: FadeOut(Text('Con dos variables a la vez —una señal transmitida y la recibida, por ejemplo—')):  13%|#3   
     | 8/60 [00:00<00:00, 71.33it/s]
Animation 4: FadeOut(Text('Con dos variables a la vez —una señal transmitida y la recibida, por ejemplo—')):  27%|##6  
     | 16/60 [00:00<00:00, 69.38it/s]
Animation 4: FadeOut(Text('Con dos variables a la vez —una señal transmitida y la recibida, por ejemplo—')):  40%|#### 
     | 24/60 [00:00<00:00, 71.36it/s]
Animation 4: FadeOut(Text('Con dos variables a la vez —una señal transmitida y la recibida, por ejemplo—')):  
53%|#####3    | 32/60 [00:00<00:00, 70.77it/s]
Animation 4: FadeOut(Text('Con dos variables a la vez —una señal transmitida y la recibida, por ejemplo—')):  
67%|######6   | 40/60 [00:00<00:00, 71.54it/s]
Animation 4: FadeOut(Text('Con dos variables a la vez —una señal transmitida y la recibida, por ejemplo—')):  
80%|########  | 48/60 [00:00<00:00, 66.00it/s]
Animation 4: FadeOut(Text('Con dos variables a la vez —una señal transmitida y la recibida, por ejemplo—')):  
92%|#########1| 55/60 [00:00<00:00, 58.57it/s]
[09/10/26 10:50:28] INFO     Animation 4 : Partial     scene_file_writer.py:192
                             movie file written in                             
                             'C:\Users\Nacho\Documents                         
                             \Animaciones\Capitulo                             
                             7\media\videos\s06_conjun                         
                             ta\1080p60\partial_movie_                         
                             files\Conjunta\2932440949                         
                             _4240349686_1508184123.mp                         
                             4'                                                
                                                                                                                       
                                     

Animation 5: Create(Axes of 2 submobjects), etc.:   0%|          | 0/60 [00:00<?, ?it/s]
Animation 5: Create(Axes of 2 submobjects), etc.:  27%|##6       | 16/60 [00:00<00:00, 145.60it/s]
Animation 5: Create(Axes of 2 submobjects), etc.:  52%|#####1    | 31/60 [00:00<00:00, 142.37it/s]
Animation 5: Create(Axes of 2 submobjects), etc.:  77%|#######6  | 46/60 [00:00<00:00, 126.15it/s]
[09/10/26 10:50:29] INFO     Animation 5 : Partial     scene_file_writer.py:192
                             movie file written in                             
                             'C:\Users\Nacho\Documents                         
                             \Animaciones\Capitulo                             
                             7\media\videos\s06_conjun                         
                             ta\1080p60\partial_movie_                         
                             files\Conjunta\2932440949                         
                             _356960259_3002931562.mp4                         
                             '                                                 
                                                                                                  

Animation 6: FadeIn(VGroup of 300 submobjects):   0%|          | 0/96 [00:00<?, ?it/s]
Animation 6: FadeIn(VGroup of 300 submobjects):   4%|4         | 4/96 [00:00<00:02, 33.99it/s]
Animation 6: FadeIn(VGroup of 300 submobjects):   8%|8         | 8/96 [00:00<00:04, 21.15it/s]
Animation 6: FadeIn(VGroup of 300 submobjects):  11%|#1        | 11/96 [00:00<00:05, 15.51it/s]
Animation 6: FadeIn(VGroup of 300 submobjects):  14%|#3        | 13/96 [00:00<00:05, 14.38it/s]
Animation 6: FadeIn(VGroup of 300 submobjects):  16%|#5        | 15/96 [00:00<00:05, 13.59it/s]
Animation 6: FadeIn(VGroup of 300 submobjects):  18%|#7        | 17/96 [00:01<00:06, 13.09it/s]
Animation 6: FadeIn(VGroup of 300 submobjects):  20%|#9        | 19/96 [00:01<00:06, 12.29it/s]
Animation 6: FadeIn(VGroup of 300 submobjects):  22%|##1       | 21/96 [00:01<00:06, 11.89it/s]
Animation 6: FadeIn(VGroup of 300 submobjects):  24%|##3       | 23/96 [00:01<00:06, 11.61it/s]
Animation 6: FadeIn(VGroup of 300 submobjects):  26%|##6       | 25/96 [00:01<00:06, 11.42it/s]
Animation 6: FadeIn(VGroup of 300 submobjects):  28%|##8       | 27/96 [00:02<00:06, 11.42it/s]
Animation 6: FadeIn(VGroup of 300 submobjects):  30%|###       | 29/96 [00:02<00:05, 11.18it/s]
Animation 6: FadeIn(VGroup of 300 submobjects):  32%|###2      | 31/96 [00:02<00:05, 10.95it/s]
Animation 6: FadeIn(VGroup of 300 submobjects):  34%|###4      | 33/96 [00:02<00:05, 10.92it/s]
Animation 6: FadeIn(VGroup of 300 submobjects):  36%|###6      | 35/96 [00:02<00:05, 11.10it/s]
Animation 6: FadeIn(VGroup of 300 submobjects):  39%|###8      | 37/96 [00:03<00:06,  9.34it/s]
Animation 6: FadeIn(VGroup of 300 submobjects):  41%|####      | 39/96 [00:03<00:05,  9.98it/s]
Animation 6: FadeIn(VGroup of 300 submobjects):  43%|####2     | 41/96 [00:03<00:05, 10.13it/s]
Animation 6: FadeIn(VGroup of 300 submobjects):  45%|####4     | 43/96 [00:03<00:05,  9.53it/s]
Animation 6: FadeIn(VGroup of 300 submobjects):  47%|####6     | 45/96 [00:03<00:05,  9.78it/s]
Animation 6: FadeIn(VGroup of 300 submobjects):  49%|####8     | 47/96 [00:04<00:04, 10.15it/s]
Animation 6: FadeIn(VGroup of 300 submobjects):  51%|#####1    | 49/96 [00:04<00:04,  9.84it/s]
Animation 6: FadeIn(VGroup of 300 submobjects):  53%|#####3    | 51/96 [00:04<00:04, 10.03it/s]
Animation 6: FadeIn(VGroup of 300 submobjects):  55%|#####5    | 53/96 [00:04<00:04, 10.30it/s]
Animation 6: FadeIn(VGroup of 300 submobjects):  57%|#####7    | 55/96 [00:04<00:03, 10.30it/s]
Animation 6: FadeIn(VGroup of 300 submobjects):  59%|#####9    | 57/96 [00:05<00:03, 10.32it/s]
Animation 6: FadeIn(VGroup of 300 submobjects):  61%|######1   | 59/96 [00:05<00:03, 10.39it/s]
Animation 6: FadeIn(VGroup of 300 submobjects):  64%|######3   | 61/96 [00:05<00:03, 10.19it/s]
Animation 6: FadeIn(VGroup of 300 submobjects):  66%|######5   | 63/96 [00:05<00:03, 10.25it/s]
Animation 6: FadeIn(VGroup of 300 submobjects):  68%|######7   | 65/96 [00:05<00:03, 10.29it/s]
Animation 6: FadeIn(VGroup of 300 submobjects):  70%|######9   | 67/96 [00:05<00:02, 10.23it/s]
Animation 6: FadeIn(VGroup of 300 submobjects):  72%|#######1  | 69/96 [00:06<00:02, 10.24it/s]
Animation 6: FadeIn(VGroup of 300 submobjects):  74%|#######3  | 71/96 [00:06<00:02, 10.31it/s]
Animation 6: FadeIn(VGroup of 300 submobjects):  76%|#######6  | 73/96 [00:06<00:02, 10.38it/s]
Animation 6: FadeIn(VGroup of 300 submobjects):  78%|#######8  | 75/96 [00:06<00:01, 10.69it/s]
Animation 6: FadeIn(VGroup of 300 submobjects):  80%|########  | 77/96 [00:06<00:01, 10.52it/s]
Animation 6: FadeIn(VGroup of 300 submobjects):  82%|########2 | 79/96 [00:07<00:01, 10.21it/s]
Animation 6: FadeIn(VGroup of 300 submobjects):  84%|########4 | 81/96 [00:07<00:01, 10.22it/s]
Animation 6: FadeIn(VGroup of 300 submobjects):  86%|########6 | 83/96 [00:07<00:01, 10.44it/s]
Animation 6: FadeIn(VGroup of 300 submobjects):  89%|########8 | 85/96 [00:07<00:01, 10.32it/s]
Animation 6: FadeIn(VGroup of 300 submobjects):  91%|######### | 87/96 [00:07<00:00, 10.40it/s]
Animation 6: FadeIn(VGroup of 300 submobjects):  93%|#########2| 89/96 [00:08<00:00, 10.36it/s]
Animation 6: FadeIn(VGroup of 300 submobjects):  95%|#########4| 91/96 [00:08<00:00, 10.35it/s]
Animation 6: FadeIn(VGroup of 300 submobjects):  97%|#########6| 93/96 [00:08<00:00, 10.01it/s]
Animation 6: FadeIn(VGroup of 300 submobjects):  99%|#########8| 95/96 [00:08<00:00, 10.30it/s]
[09/10/26 10:50:39] INFO     Animation 6 : Partial     scene_file_writer.py:192
                             movie file written in                             
                             'C:\Users\Nacho\Documents                         
                             \Animaciones\Capitulo                             
                             7\media\videos\s06_conjun                         
                             ta\1080p60\partial_movie_                         
                             files\Conjunta\2932440949                         
                             _3043023611_1923564391.mp                         
                             4'                                                
                                                                                               

Animation 7: FadeIn(VGroup of 2 submobjects), etc.:   0%|          | 0/60 [00:00<?, ?it/s]
Animation 7: FadeIn(VGroup of 2 submobjects), etc.:   2%|1         | 1/60 [00:00<00:06,  9.04it/s]
Animation 7: FadeIn(VGroup of 2 submobjects), etc.:   3%|3         | 2/60 [00:00<00:06,  8.60it/s]
Animation 7: FadeIn(VGroup of 2 submobjects), etc.:   5%|5         | 3/60 [00:00<00:06,  8.84it/s]
Animation 7: FadeIn(VGroup of 2 submobjects), etc.:   7%|6         | 4/60 [00:00<00:06,  8.43it/s]
Animation 7: FadeIn(VGroup of 2 submobjects), etc.:   8%|8         | 5/60 [00:00<00:06,  8.25it/s]
Animation 7: FadeIn(VGroup of 2 submobjects), etc.:  10%|#         | 6/60 [00:00<00:06,  8.39it/s]
Animation 7: FadeIn(VGroup of 2 submobjects), etc.:  12%|#1        | 7/60 [00:00<00:06,  8.28it/s]
Animation 7: FadeIn(VGroup of 2 submobjects), etc.:  13%|#3        | 8/60 [00:00<00:06,  8.19it/s]
Animation 7: FadeIn(VGroup of 2 submobjects), etc.:  15%|#5        | 9/60 [00:01<00:06,  8.19it/s]
Animation 7: FadeIn(VGroup of 2 submobjects), etc.:  17%|#6        | 10/60 [00:01<00:06,  8.31it/s]
Animation 7: FadeIn(VGroup of 2 submobjects), etc.:  18%|#8        | 11/60 [00:01<00:06,  8.09it/s]
Animation 7: FadeIn(VGroup of 2 submobjects), etc.:  20%|##        | 12/60 [00:01<00:05,  8.37it/s]
Animation 7: FadeIn(VGroup of 2 submobjects), etc.:  22%|##1       | 13/60 [00:01<00:05,  8.58it/s]
Animation 7: FadeIn(VGroup of 2 submobjects), etc.:  23%|##3       | 14/60 [00:01<00:05,  8.41it/s]
Animation 7: FadeIn(VGroup of 2 submobjects), etc.:  25%|##5       | 15/60 [00:01<00:05,  8.57it/s]
Animation 7: FadeIn(VGroup of 2 submobjects), etc.:  27%|##6       | 16/60 [00:01<00:05,  7.93it/s]
Animation 7: FadeIn(VGroup of 2 submobjects), etc.:  28%|##8       | 17/60 [00:02<00:05,  8.03it/s]
Animation 7: FadeIn(VGroup of 2 submobjects), etc.:  30%|###       | 18/60 [00:02<00:05,  8.32it/s]
Animation 7: FadeIn(VGroup of 2 submobjects), etc.:  32%|###1      | 19/60 [00:02<00:05,  8.18it/s]
Animation 7: FadeIn(VGroup of 2 submobjects), etc.:  33%|###3      | 20/60 [00:02<00:04,  8.41it/s]
Animation 7: FadeIn(VGroup of 2 submobjects), etc.:  35%|###5      | 21/60 [00:02<00:04,  8.13it/s]
Animation 7: FadeIn(VGroup of 2 submobjects), etc.:  37%|###6      | 22/60 [00:02<00:04,  8.25it/s]
Animation 7: FadeIn(VGroup of 2 submobjects), etc.:  38%|###8      | 23/60 [00:02<00:04,  8.21it/s]
Animation 7: FadeIn(VGroup of 2 submobjects), etc.:  40%|####      | 24/60 [00:02<00:04,  8.42it/s]
Animation 7: FadeIn(VGroup of 2 submobjects), etc.:  42%|####1     | 25/60 [00:03<00:04,  8.37it/s]
Animation 7: FadeIn(VGroup of 2 submobjects), etc.:  43%|####3     | 26/60 [00:03<00:04,  8.20it/s]
Animation 7: FadeIn(VGroup of 2 submobjects), etc.:  45%|####5     | 27/60 [00:03<00:04,  8.09it/s]
Animation 7: FadeIn(VGroup of 2 submobjects), etc.:  47%|####6     | 28/60 [00:03<00:03,  8.33it/s]
Animation 7: FadeIn(VGroup of 2 submobjects), etc.:  48%|####8     | 29/60 [00:03<00:03,  8.03it/s]
Animation 7: FadeIn(VGroup of 2 submobjects), etc.:  50%|#####     | 30/60 [00:03<00:03,  8.11it/s]
Animation 7: FadeIn(VGroup of 2 submobjects), etc.:  52%|#####1    | 31/60 [00:03<00:03,  7.99it/s]
Animation 7: FadeIn(VGroup of 2 submobjects), etc.:  53%|#####3    | 32/60 [00:03<00:03,  7.86it/s]
Animation 7: FadeIn(VGroup of 2 submobjects), etc.:  55%|#####5    | 33/60 [00:04<00:03,  8.01it/s]
Animation 7: FadeIn(VGroup of 2 submobjects), etc.:  57%|#####6    | 34/60 [00:04<00:03,  7.98it/s]
Animation 7: FadeIn(VGroup of 2 submobjects), etc.:  58%|#####8    | 35/60 [00:04<00:03,  8.08it/s]
Animation 7: FadeIn(VGroup of 2 submobjects), etc.:  60%|######    | 36/60 [00:04<00:02,  8.15it/s]
Animation 7: FadeIn(VGroup of 2 submobjects), etc.:  62%|######1   | 37/60 [00:04<00:02,  8.15it/s]
Animation 7: FadeIn(VGroup of 2 submobjects), etc.:  63%|######3   | 38/60 [00:04<00:02,  8.31it/s]
Animation 7: FadeIn(VGroup of 2 submobjects), etc.:  65%|######5   | 39/60 [00:04<00:02,  8.50it/s]
Animation 7: FadeIn(VGroup of 2 submobjects), etc.:  67%|######6   | 40/60 [00:04<00:02,  8.11it/s]
Animation 7: FadeIn(VGroup of 2 submobjects), etc.:  68%|######8   | 41/60 [00:04<00:02,  8.06it/s]
Animation 7: FadeIn(VGroup of 2 submobjects), etc.:  70%|#######   | 42/60 [00:05<00:02,  8.17it/s]
Animation 7: FadeIn(VGroup of 2 submobjects), etc.:  72%|#######1  | 43/60 [00:05<00:02,  7.33it/s]
Animation 7: FadeIn(VGroup of 2 submobjects), etc.:  73%|#######3  | 44/60 [00:05<00:02,  7.64it/s]
Animation 7: FadeIn(VGroup of 2 submobjects), etc.:  75%|#######5  | 45/60 [00:05<00:01,  7.93it/s]
Animation 7: FadeIn(VGroup of 2 submobjects), etc.:  77%|#######6  | 46/60 [00:05<00:01,  7.99it/s]
Animation 7: FadeIn(VGroup of 2 submobjects), etc.:  78%|#######8  | 47/60 [00:05<00:01,  6.83it/s]
Animation 7: FadeIn(VGroup of 2 submobjects), etc.:  80%|########  | 48/60 [00:05<00:01,  7.45it/s]
Animation 7: FadeIn(VGroup of 2 submobjects), etc.:  82%|########1 | 49/60 [00:06<00:01,  7.81it/s]
Animation 7: FadeIn(VGroup of 2 submobjects), etc.:  83%|########3 | 50/60 [00:06<00:01,  7.87it/s]
Animation 7: FadeIn(VGroup of 2 submobjects), etc.:  85%|########5 | 51/60 [00:06<00:01,  7.95it/s]
Animation 7: FadeIn(VGroup of 2 submobjects), etc.:  87%|########6 | 52/60 [00:06<00:01,  7.79it/s]
Animation 7: FadeIn(VGroup of 2 submobjects), etc.:  88%|########8 | 53/60 [00:06<00:00,  7.90it/s]
Animation 7: FadeIn(VGroup of 2 submobjects), etc.:  90%|######### | 54/60 [00:06<00:00,  7.78it/s]
Animation 7: FadeIn(VGroup of 2 submobjects), etc.:  92%|#########1| 55/60 [00:06<00:00,  7.94it/s]
Animation 7: FadeIn(VGroup of 2 submobjects), etc.:  93%|#########3| 56/60 [00:06<00:00,  7.73it/s]
Animation 7: FadeIn(VGroup of 2 submobjects), etc.:  95%|#########5| 57/60 [00:07<00:00,  7.86it/s]
Animation 7: FadeIn(VGroup of 2 submobjects), etc.:  97%|#########6| 58/60 [00:07<00:00,  7.66it/s]
Animation 7: FadeIn(VGroup of 2 submobjects), etc.:  98%|#########8| 59/60 [00:07<00:00,  8.01it/s]
Animation 7: FadeIn(VGroup of 2 submobjects), etc.: 100%|##########| 60/60 [00:07<00:00,  7.70it/s]
[09/10/26 10:50:47] INFO     Animation 7 : Partial     scene_file_writer.py:192
                             movie file written in                             
                             'C:\Users\Nacho\Documents                         
                             \Animaciones\Capitulo                             
                             7\media\videos\s06_conjun                         
                             ta\1080p60\partial_movie_                         
                             files\Conjunta\2932440949                         
                             _3839749528_3883340326.mp                         
                             4'                                                
[09/10/26 10:50:49] INFO     Animation 8 : Partial     scene_file_writer.py:192
                             movie file written in                             
                             'C:\Users\Nacho\Documents                         
                             \Animaciones\Capitulo                             
                             7\media\videos\s06_conjun                         
                             ta\1080p60\partial_movie_                         
                             files\Conjunta\2932440949                         
                             _941615173_3681526407.mp4                         
                             '                                                 
                                                                                                   

Animation 9: FadeIn(Text('vive en el plano: la probabilidad de una región\nes una integral doble sobre esa región')):  
 0%|          | 0/60 [00:00<?, ?it/s]
Animation 9: FadeIn(Text('vive en el plano: la probabilidad de una región\nes una integral doble sobre esa región')):  
 3%|3         | 2/60 [00:00<00:04, 12.60it/s]
Animation 9: FadeIn(Text('vive en el plano: la probabilidad de una región\nes una integral doble sobre esa región')):  
 7%|6         | 4/60 [00:00<00:04, 11.32it/s]
Animation 9: FadeIn(Text('vive en el plano: la probabilidad de una región\nes una integral doble sobre esa región')):  
10%|#         | 6/60 [00:00<00:05, 10.52it/s]
Animation 9: FadeIn(Text('vive en el plano: la probabilidad de una región\nes una integral doble sobre esa región')):  
13%|#3        | 8/60 [00:00<00:05, 10.15it/s]
Animation 9: FadeIn(Text('vive en el plano: la probabilidad de una región\nes una integral doble sobre esa región')):  
17%|#6        | 10/60 [00:00<00:05,  9.98it/s]
Animation 9: FadeIn(Text('vive en el plano: la probabilidad de una región\nes una integral doble sobre esa región')):  
20%|##        | 12/60 [00:01<00:04, 10.16it/s]
Animation 9: FadeIn(Text('vive en el plano: la probabilidad de una región\nes una integral doble sobre esa región')):  
23%|##3       | 14/60 [00:01<00:04, 10.03it/s]
Animation 9: FadeIn(Text('vive en el plano: la probabilidad de una región\nes una integral doble sobre esa región')):  
27%|##6       | 16/60 [00:01<00:04, 10.06it/s]
Animation 9: FadeIn(Text('vive en el plano: la probabilidad de una región\nes una integral doble sobre esa región')):  
30%|###       | 18/60 [00:01<00:04, 10.02it/s]
Animation 9: FadeIn(Text('vive en el plano: la probabilidad de una región\nes una integral doble sobre esa región')):  
33%|###3      | 20/60 [00:01<00:04,  9.91it/s]
Animation 9: FadeIn(Text('vive en el plano: la probabilidad de una región\nes una integral doble sobre esa región')):  
35%|###5      | 21/60 [00:02<00:03,  9.76it/s]
Animation 9: FadeIn(Text('vive en el plano: la probabilidad de una región\nes una integral doble sobre esa región')):  
38%|###8      | 23/60 [00:02<00:03,  9.87it/s]
Animation 9: FadeIn(Text('vive en el plano: la probabilidad de una región\nes una integral doble sobre esa región')):  
42%|####1     | 25/60 [00:02<00:03,  9.92it/s]
Animation 9: FadeIn(Text('vive en el plano: la probabilidad de una región\nes una integral doble sobre esa región')):  
45%|####5     | 27/60 [00:02<00:03, 10.12it/s]
Animation 9: FadeIn(Text('vive en el plano: la probabilidad de una región\nes una integral doble sobre esa región')):  
48%|####8     | 29/60 [00:02<00:03, 10.23it/s]
Animation 9: FadeIn(Text('vive en el plano: la probabilidad de una región\nes una integral doble sobre esa región')):  
52%|#####1    | 31/60 [00:03<00:02, 10.31it/s]
Animation 9: FadeIn(Text('vive en el plano: la probabilidad de una región\nes una integral doble sobre esa región')):  
55%|#####5    | 33/60 [00:03<00:02, 10.35it/s]
Animation 9: FadeIn(Text('vive en el plano: la probabilidad de una región\nes una integral doble sobre esa región')):  
58%|#####8    | 35/60 [00:03<00:02, 10.39it/s]
Animation 9: FadeIn(Text('vive en el plano: la probabilidad de una región\nes una integral doble sobre esa región')):  
62%|######1   | 37/60 [00:03<00:02, 10.43it/s]
Animation 9: FadeIn(Text('vive en el plano: la probabilidad de una región\nes una integral doble sobre esa región')):  
65%|######5   | 39/60 [00:03<00:02, 10.02it/s]
Animation 9: FadeIn(Text('vive en el plano: la probabilidad de una región\nes una integral doble sobre esa región')):  
68%|######8   | 41/60 [00:04<00:01, 10.08it/s]
Animation 9: FadeIn(Text('vive en el plano: la probabilidad de una región\nes una integral doble sobre esa región')):  
72%|#######1  | 43/60 [00:04<00:01,  9.26it/s]
Animation 9: FadeIn(Text('vive en el plano: la probabilidad de una región\nes una integral doble sobre esa región')):  
75%|#######5  | 45/60 [00:04<00:01,  9.53it/s]
Animation 9: FadeIn(Text('vive en el plano: la probabilidad de una región\nes una integral doble sobre esa región')):  
78%|#######8  | 47/60 [00:04<00:01,  9.72it/s]
Animation 9: FadeIn(Text('vive en el plano: la probabilidad de una región\nes una integral doble sobre esa región')):  
80%|########  | 48/60 [00:04<00:01,  9.59it/s]
Animation 9: FadeIn(Text('vive en el plano: la probabilidad de una región\nes una integral doble sobre esa región')):  
83%|########3 | 50/60 [00:04<00:01,  9.73it/s]
Animation 9: FadeIn(Text('vive en el plano: la probabilidad de una región\nes una integral doble sobre esa región')):  
85%|########5 | 51/60 [00:05<00:00,  9.70it/s]
Animation 9: FadeIn(Text('vive en el plano: la probabilidad de una región\nes una integral doble sobre esa región')):  
87%|########6 | 52/60 [00:05<00:00,  9.56it/s]
Animation 9: FadeIn(Text('vive en el plano: la probabilidad de una región\nes una integral doble sobre esa región')):  
90%|######### | 54/60 [00:05<00:00,  9.90it/s]
Animation 9: FadeIn(Text('vive en el plano: la probabilidad de una región\nes una integral doble sobre esa región')):  
93%|#########3| 56/60 [00:05<00:00, 10.09it/s]
Animation 9: FadeIn(Text('vive en el plano: la probabilidad de una región\nes una integral doble sobre esa región')):  
95%|#########5| 57/60 [00:05<00:00, 10.01it/s]
Animation 9: FadeIn(Text('vive en el plano: la probabilidad de una región\nes una integral doble sobre esa región')):  
97%|#########6| 58/60 [00:05<00:00,  9.95it/s]
Animation 9: FadeIn(Text('vive en el plano: la probabilidad de una región\nes una integral doble sobre esa región')): 
100%|##########| 60/60 [00:05<00:00, 10.13it/s]
[09/10/26 10:50:56] INFO     Animation 9 : Partial     scene_file_writer.py:192
                             movie file written in                             
                             'C:\Users\Nacho\Documents                         
                             \Animaciones\Capitulo                             
                             7\media\videos\s06_conjun                         
                             ta\1080p60\partial_movie_                         
                             files\Conjunta\2932440949                         
                             _1074386418_2494649307.mp                         
                             4'                                                
[09/10/26 10:51:00] INFO     Animation 10 : Partial    scene_file_writer.py:192
                             movie file written in                             
                             'C:\Users\Nacho\Documents                         
                             \Animaciones\Capitulo                             
                             7\media\videos\s06_conjun                         
                             ta\1080p60\partial_movie_                         
                             files\Conjunta\2932440949                         
                             _3580093213_938753250.mp4                         
                             '                                                 
                                                                                                                       
                                              

Animation 11: Create(Rectangle), etc.:   0%|          | 0/60 [00:00<?, ?it/s]
Animation 11: Create(Rectangle), etc.:   3%|3         | 2/60 [00:00<00:05,  9.88it/s]
Animation 11: Create(Rectangle), etc.:   5%|5         | 3/60 [00:00<00:05,  9.53it/s]
Animation 11: Create(Rectangle), etc.:   8%|8         | 5/60 [00:00<00:05,  9.26it/s]
Animation 11: Create(Rectangle), etc.:  10%|#         | 6/60 [00:00<00:05,  9.02it/s]
Animation 11: Create(Rectangle), etc.:  12%|#1        | 7/60 [00:00<00:05,  8.95it/s]
Animation 11: Create(Rectangle), etc.:  13%|#3        | 8/60 [00:00<00:06,  8.48it/s]
Animation 11: Create(Rectangle), etc.:  15%|#5        | 9/60 [00:01<00:05,  8.65it/s]
Animation 11: Create(Rectangle), etc.:  17%|#6        | 10/60 [00:01<00:05,  8.86it/s]
Animation 11: Create(Rectangle), etc.:  20%|##        | 12/60 [00:01<00:05,  9.13it/s]
Animation 11: Create(Rectangle), etc.:  22%|##1       | 13/60 [00:01<00:05,  8.88it/s]
Animation 11: Create(Rectangle), etc.:  23%|##3       | 14/60 [00:01<00:05,  8.95it/s]
Animation 11: Create(Rectangle), etc.:  25%|##5       | 15/60 [00:01<00:05,  8.78it/s]
Animation 11: Create(Rectangle), etc.:  28%|##8       | 17/60 [00:01<00:04,  9.59it/s]
Animation 11: Create(Rectangle), etc.:  30%|###       | 18/60 [00:01<00:04,  9.41it/s]
Animation 11: Create(Rectangle), etc.:  32%|###1      | 19/60 [00:02<00:04,  9.46it/s]
Animation 11: Create(Rectangle), etc.:  33%|###3      | 20/60 [00:02<00:04,  9.30it/s]
Animation 11: Create(Rectangle), etc.:  35%|###5      | 21/60 [00:02<00:04,  9.03it/s]
Animation 11: Create(Rectangle), etc.:  37%|###6      | 22/60 [00:02<00:04,  8.09it/s]
Animation 11: Create(Rectangle), etc.:  38%|###8      | 23/60 [00:02<00:05,  6.64it/s]
Animation 11: Create(Rectangle), etc.:  40%|####      | 24/60 [00:02<00:04,  7.27it/s]
Animation 11: Create(Rectangle), etc.:  42%|####1     | 25/60 [00:02<00:04,  7.89it/s]
Animation 11: Create(Rectangle), etc.:  43%|####3     | 26/60 [00:03<00:04,  8.14it/s]
Animation 11: Create(Rectangle), etc.:  45%|####5     | 27/60 [00:03<00:03,  8.39it/s]
Animation 11: Create(Rectangle), etc.:  47%|####6     | 28/60 [00:03<00:03,  8.55it/s]
Animation 11: Create(Rectangle), etc.:  48%|####8     | 29/60 [00:03<00:03,  8.63it/s]
Animation 11: Create(Rectangle), etc.:  50%|#####     | 30/60 [00:03<00:03,  8.78it/s]
Animation 11: Create(Rectangle), etc.:  52%|#####1    | 31/60 [00:03<00:03,  8.99it/s]
Animation 11: Create(Rectangle), etc.:  53%|#####3    | 32/60 [00:03<00:03,  8.96it/s]
Animation 11: Create(Rectangle), etc.:  55%|#####5    | 33/60 [00:03<00:02,  9.19it/s]
Animation 11: Create(Rectangle), etc.:  57%|#####6    | 34/60 [00:03<00:02,  9.09it/s]
Animation 11: Create(Rectangle), etc.:  58%|#####8    | 35/60 [00:03<00:02,  9.33it/s]
Animation 11: Create(Rectangle), etc.:  60%|######    | 36/60 [00:04<00:02,  9.03it/s]
Animation 11: Create(Rectangle), etc.:  63%|######3   | 38/60 [00:04<00:02,  9.29it/s]
Animation 11: Create(Rectangle), etc.:  65%|######5   | 39/60 [00:04<00:02,  9.21it/s]
Animation 11: Create(Rectangle), etc.:  67%|######6   | 40/60 [00:04<00:02,  9.16it/s]
Animation 11: Create(Rectangle), etc.:  68%|######8   | 41/60 [00:04<00:02,  8.96it/s]
Animation 11: Create(Rectangle), etc.:  70%|#######   | 42/60 [00:04<00:01,  9.04it/s]
Animation 11: Create(Rectangle), etc.:  72%|#######1  | 43/60 [00:04<00:02,  7.55it/s]
Animation 11: Create(Rectangle), etc.:  73%|#######3  | 44/60 [00:05<00:02,  7.69it/s]
Animation 11: Create(Rectangle), etc.:  75%|#######5  | 45/60 [00:05<00:01,  8.22it/s]
Animation 11: Create(Rectangle), etc.:  77%|#######6  | 46/60 [00:05<00:01,  8.51it/s]
Animation 11: Create(Rectangle), etc.:  78%|#######8  | 47/60 [00:05<00:01,  8.67it/s]
Animation 11: Create(Rectangle), etc.:  80%|########  | 48/60 [00:05<00:01,  8.75it/s]
Animation 11: Create(Rectangle), etc.:  82%|########1 | 49/60 [00:05<00:01,  8.82it/s]
Animation 11: Create(Rectangle), etc.:  83%|########3 | 50/60 [00:05<00:01,  8.71it/s]
Animation 11: Create(Rectangle), etc.:  85%|########5 | 51/60 [00:05<00:01,  8.27it/s]
Animation 11: Create(Rectangle), etc.:  87%|########6 | 52/60 [00:05<00:00,  8.43it/s]
Animation 11: Create(Rectangle), etc.:  88%|########8 | 53/60 [00:06<00:00,  8.67it/s]
Animation 11: Create(Rectangle), etc.:  92%|#########1| 55/60 [00:06<00:00,  9.12it/s]
Animation 11: Create(Rectangle), etc.:  93%|#########3| 56/60 [00:06<00:00,  9.03it/s]
Animation 11: Create(Rectangle), etc.:  95%|#########5| 57/60 [00:06<00:00,  9.02it/s]
Animation 11: Create(Rectangle), etc.:  97%|#########6| 58/60 [00:06<00:00,  9.11it/s]
Animation 11: Create(Rectangle), etc.:  98%|#########8| 59/60 [00:06<00:00,  8.90it/s]
Animation 11: Create(Rectangle), etc.: 100%|##########| 60/60 [00:06<00:00,  8.74it/s]
[09/10/26 10:51:09] INFO     Animation 11 : Partial    scene_file_writer.py:192
                             movie file written in                             
                             'C:\Users\Nacho\Documents                         
                             \Animaciones\Capitulo                             
                             7\media\videos\s06_conjun                         
                             ta\1080p60\partial_movie_                         
                             files\Conjunta\2932440949                         
                             _2203505521_330452225.mp4                         
                             '                                                 
[09/10/26 10:51:12] INFO     Animation 12 : Partial    scene_file_writer.py:192
                             movie file written in                             
                             'C:\Users\Nacho\Documents                         
                             \Animaciones\Capitulo                             
                             7\media\videos\s06_conjun                         
                             ta\1080p60\partial_movie_                         
                             files\Conjunta\2932440949                         
                             _499328632_3599678711.mp4                         
                             '                                                 
                                                                                      

Animation 13: FadeOut(Rectangle), etc.:   0%|          | 0/60 [00:00<?, ?it/s]
Animation 13: FadeOut(Rectangle), etc.:   3%|3         | 2/60 [00:00<00:04, 12.76it/s]
Animation 13: FadeOut(Rectangle), etc.:   7%|6         | 4/60 [00:00<00:04, 12.66it/s]
Animation 13: FadeOut(Rectangle), etc.:  10%|#         | 6/60 [00:00<00:04, 12.54it/s]
Animation 13: FadeOut(Rectangle), etc.:  13%|#3        | 8/60 [00:00<00:04, 12.48it/s]
Animation 13: FadeOut(Rectangle), etc.:  17%|#6        | 10/60 [00:00<00:04, 12.20it/s]
Animation 13: FadeOut(Rectangle), etc.:  20%|##        | 12/60 [00:00<00:03, 12.17it/s]
Animation 13: FadeOut(Rectangle), etc.:  23%|##3       | 14/60 [00:01<00:03, 12.44it/s]
Animation 13: FadeOut(Rectangle), etc.:  27%|##6       | 16/60 [00:01<00:03, 12.48it/s]
Animation 13: FadeOut(Rectangle), etc.:  30%|###       | 18/60 [00:01<00:03, 12.41it/s]
Animation 13: FadeOut(Rectangle), etc.:  33%|###3      | 20/60 [00:01<00:03, 12.59it/s]
Animation 13: FadeOut(Rectangle), etc.:  37%|###6      | 22/60 [00:01<00:03, 12.06it/s]
Animation 13: FadeOut(Rectangle), etc.:  40%|####      | 24/60 [00:01<00:02, 12.35it/s]
Animation 13: FadeOut(Rectangle), etc.:  43%|####3     | 26/60 [00:02<00:02, 12.40it/s]
Animation 13: FadeOut(Rectangle), etc.:  47%|####6     | 28/60 [00:02<00:02, 12.14it/s]
Animation 13: FadeOut(Rectangle), etc.:  50%|#####     | 30/60 [00:02<00:02, 12.23it/s]
Animation 13: FadeOut(Rectangle), etc.:  53%|#####3    | 32/60 [00:02<00:02, 12.34it/s]
Animation 13: FadeOut(Rectangle), etc.:  57%|#####6    | 34/60 [00:02<00:02, 12.43it/s]
Animation 13: FadeOut(Rectangle), etc.:  60%|######    | 36/60 [00:02<00:01, 12.32it/s]
Animation 13: FadeOut(Rectangle), etc.:  63%|######3   | 38/60 [00:03<00:01, 12.31it/s]
Animation 13: FadeOut(Rectangle), etc.:  67%|######6   | 40/60 [00:03<00:01, 12.40it/s]
Animation 13: FadeOut(Rectangle), etc.:  70%|#######   | 42/60 [00:03<00:01, 12.23it/s]
Animation 13: FadeOut(Rectangle), etc.:  73%|#######3  | 44/60 [00:03<00:01, 10.84it/s]
Animation 13: FadeOut(Rectangle), etc.:  77%|#######6  | 46/60 [00:03<00:01, 11.38it/s]
Animation 13: FadeOut(Rectangle), etc.:  80%|########  | 48/60 [00:03<00:01, 11.54it/s]
Animation 13: FadeOut(Rectangle), etc.:  83%|########3 | 50/60 [00:04<00:00, 11.80it/s]
Animation 13: FadeOut(Rectangle), etc.:  87%|########6 | 52/60 [00:04<00:00, 11.96it/s]
Animation 13: FadeOut(Rectangle), etc.:  90%|######### | 54/60 [00:04<00:00, 12.06it/s]
Animation 13: FadeOut(Rectangle), etc.:  93%|#########3| 56/60 [00:04<00:00, 12.22it/s]
Animation 13: FadeOut(Rectangle), etc.:  97%|#########6| 58/60 [00:04<00:00, 12.50it/s]
Animation 13: FadeOut(Rectangle), etc.: 100%|##########| 60/60 [00:04<00:00, 12.26it/s]
[09/10/26 10:51:18] INFO     Animation 13 : Partial    scene_file_writer.py:192
                             movie file written in                             
                             'C:\Users\Nacho\Documents                         
                             \Animaciones\Capitulo                             
                             7\media\videos\s06_conjun                         
                             ta\1080p60\partial_movie_                         
                             files\Conjunta\2932440949                         
                             _615333458_795799548.mp4'                         
                                                                                       

Animation 14: FadeIn(Text('proyectar = integrar sobre la otra variable')):   0%|          | 0/60 [00:00<?, ?it/s]
Animation 14: FadeIn(Text('proyectar = integrar sobre la otra variable')):   3%|3         | 2/60 [00:00<00:04, 
12.30it/s]
Animation 14: FadeIn(Text('proyectar = integrar sobre la otra variable')):   7%|6         | 4/60 [00:00<00:04, 
11.78it/s]
Animation 14: FadeIn(Text('proyectar = integrar sobre la otra variable')):  10%|#         | 6/60 [00:00<00:04, 
11.97it/s]
Animation 14: FadeIn(Text('proyectar = integrar sobre la otra variable')):  13%|#3        | 8/60 [00:00<00:04, 
11.77it/s]
Animation 14: FadeIn(Text('proyectar = integrar sobre la otra variable')):  17%|#6        | 10/60 [00:00<00:04, 
11.72it/s]
Animation 14: FadeIn(Text('proyectar = integrar sobre la otra variable')):  20%|##        | 12/60 [00:01<00:04, 
11.63it/s]
Animation 14: FadeIn(Text('proyectar = integrar sobre la otra variable')):  23%|##3       | 14/60 [00:01<00:03, 
11.59it/s]
Animation 14: FadeIn(Text('proyectar = integrar sobre la otra variable')):  27%|##6       | 16/60 [00:01<00:03, 
11.62it/s]
Animation 14: FadeIn(Text('proyectar = integrar sobre la otra variable')):  30%|###       | 18/60 [00:01<00:03, 
11.68it/s]
Animation 14: FadeIn(Text('proyectar = integrar sobre la otra variable')):  33%|###3      | 20/60 [00:01<00:03, 
11.68it/s]
Animation 14: FadeIn(Text('proyectar = integrar sobre la otra variable')):  37%|###6      | 22/60 [00:01<00:03, 
11.59it/s]
Animation 14: FadeIn(Text('proyectar = integrar sobre la otra variable')):  40%|####      | 24/60 [00:02<00:03, 
11.53it/s]
Animation 14: FadeIn(Text('proyectar = integrar sobre la otra variable')):  43%|####3     | 26/60 [00:02<00:02, 
11.48it/s]
Animation 14: FadeIn(Text('proyectar = integrar sobre la otra variable')):  47%|####6     | 28/60 [00:02<00:02, 
11.29it/s]
Animation 14: FadeIn(Text('proyectar = integrar sobre la otra variable')):  50%|#####     | 30/60 [00:02<00:02, 
11.50it/s]
Animation 14: FadeIn(Text('proyectar = integrar sobre la otra variable')):  53%|#####3    | 32/60 [00:02<00:02, 
11.69it/s]
Animation 14: FadeIn(Text('proyectar = integrar sobre la otra variable')):  57%|#####6    | 34/60 [00:02<00:02, 
12.06it/s]
Animation 14: FadeIn(Text('proyectar = integrar sobre la otra variable')):  60%|######    | 36/60 [00:03<00:02, 
12.00it/s]
Animation 14: FadeIn(Text('proyectar = integrar sobre la otra variable')):  63%|######3   | 38/60 [00:03<00:01, 
12.05it/s]
Animation 14: FadeIn(Text('proyectar = integrar sobre la otra variable')):  67%|######6   | 40/60 [00:03<00:01, 
12.15it/s]
Animation 14: FadeIn(Text('proyectar = integrar sobre la otra variable')):  70%|#######   | 42/60 [00:03<00:01, 
11.97it/s]
Animation 14: FadeIn(Text('proyectar = integrar sobre la otra variable')):  73%|#######3  | 44/60 [00:03<00:01, 
11.18it/s]
Animation 14: FadeIn(Text('proyectar = integrar sobre la otra variable')):  77%|#######6  | 46/60 [00:03<00:01, 
11.12it/s]
Animation 14: FadeIn(Text('proyectar = integrar sobre la otra variable')):  80%|########  | 48/60 [00:04<00:01, 
11.39it/s]
Animation 14: FadeIn(Text('proyectar = integrar sobre la otra variable')):  83%|########3 | 50/60 [00:04<00:00, 
11.32it/s]
Animation 14: FadeIn(Text('proyectar = integrar sobre la otra variable')):  87%|########6 | 52/60 [00:04<00:00, 
11.14it/s]
Animation 14: FadeIn(Text('proyectar = integrar sobre la otra variable')):  90%|######### | 54/60 [00:04<00:00, 
11.21it/s]
Animation 14: FadeIn(Text('proyectar = integrar sobre la otra variable')):  93%|#########3| 56/60 [00:04<00:00, 
11.29it/s]
Animation 14: FadeIn(Text('proyectar = integrar sobre la otra variable')):  97%|#########6| 58/60 [00:05<00:00, 
11.34it/s]
Animation 14: FadeIn(Text('proyectar = integrar sobre la otra variable')): 100%|##########| 60/60 [00:05<00:00, 
11.37it/s]
[09/10/26 10:51:25] INFO     Animation 14 : Partial    scene_file_writer.py:192
                             movie file written in                             
                             'C:\Users\Nacho\Documents                         
                             \Animaciones\Capitulo                             
                             7\media\videos\s06_conjun                         
                             ta\1080p60\partial_movie_                         
                             files\Conjunta\2932440949                         
                             _3809601411_3840423871.mp                         
                             4'                                                
                                                                                                                       
   

Animation 15: Create(Axes of 2 submobjects), etc.:   0%|          | 0/84 [00:00<?, ?it/s]
Animation 15: Create(Axes of 2 submobjects), etc.:   2%|2         | 2/84 [00:00<00:07, 11.40it/s]
Animation 15: Create(Axes of 2 submobjects), etc.:   5%|4         | 4/84 [00:00<00:05, 14.51it/s]
Animation 15: Create(Axes of 2 submobjects), etc.:   7%|7         | 6/84 [00:00<00:04, 15.78it/s]
Animation 15: Create(Axes of 2 submobjects), etc.:  11%|#         | 9/84 [00:00<00:04, 17.85it/s]
Animation 15: Create(Axes of 2 submobjects), etc.:  14%|#4        | 12/84 [00:00<00:03, 19.44it/s]
Animation 15: Create(Axes of 2 submobjects), etc.:  17%|#6        | 14/84 [00:00<00:03, 19.07it/s]
Animation 15: Create(Axes of 2 submobjects), etc.:  20%|##        | 17/84 [00:00<00:03, 19.72it/s]
Animation 15: Create(Axes of 2 submobjects), etc.:  24%|##3       | 20/84 [00:01<00:03, 20.01it/s]
Animation 15: Create(Axes of 2 submobjects), etc.:  27%|##7       | 23/84 [00:01<00:02, 20.55it/s]
Animation 15: Create(Axes of 2 submobjects), etc.:  31%|###       | 26/84 [00:01<00:02, 21.30it/s]
Animation 15: Create(Axes of 2 submobjects), etc.:  35%|###4      | 29/84 [00:01<00:02, 19.79it/s]
Animation 15: Create(Axes of 2 submobjects), etc.:  38%|###8      | 32/84 [00:01<00:02, 19.65it/s]
Animation 15: Create(Axes of 2 submobjects), etc.:  42%|####1     | 35/84 [00:01<00:02, 20.47it/s]
Animation 15: Create(Axes of 2 submobjects), etc.:  45%|####5     | 38/84 [00:01<00:02, 20.34it/s]
Animation 15: Create(Axes of 2 submobjects), etc.:  49%|####8     | 41/84 [00:02<00:02, 20.42it/s]
Animation 15: Create(Axes of 2 submobjects), etc.:  52%|#####2    | 44/84 [00:02<00:02, 17.75it/s]
Animation 15: Create(Axes of 2 submobjects), etc.:  55%|#####4    | 46/84 [00:02<00:02, 15.23it/s]
Animation 15: Create(Axes of 2 submobjects), etc.:  57%|#####7    | 48/84 [00:02<00:02, 13.49it/s]
Animation 15: Create(Axes of 2 submobjects), etc.:  60%|#####9    | 50/84 [00:02<00:02, 12.56it/s]
Animation 15: Create(Axes of 2 submobjects), etc.:  62%|######1   | 52/84 [00:03<00:02, 11.70it/s]
Animation 15: Create(Axes of 2 submobjects), etc.:  64%|######4   | 54/84 [00:03<00:02, 11.21it/s]
Animation 15: Create(Axes of 2 submobjects), etc.:  67%|######6   | 56/84 [00:03<00:02, 10.71it/s]
Animation 15: Create(Axes of 2 submobjects), etc.:  69%|######9   | 58/84 [00:03<00:02, 10.73it/s]
Animation 15: Create(Axes of 2 submobjects), etc.:  71%|#######1  | 60/84 [00:03<00:02, 10.44it/s]
Animation 15: Create(Axes of 2 submobjects), etc.:  74%|#######3  | 62/84 [00:04<00:02, 10.19it/s]
Animation 15: Create(Axes of 2 submobjects), etc.:  76%|#######6  | 64/84 [00:04<00:01, 10.31it/s]
Animation 15: Create(Axes of 2 submobjects), etc.:  79%|#######8  | 66/84 [00:04<00:01, 10.20it/s]
Animation 15: Create(Axes of 2 submobjects), etc.:  81%|########  | 68/84 [00:04<00:01, 10.14it/s]
Animation 15: Create(Axes of 2 submobjects), etc.:  83%|########3 | 70/84 [00:04<00:01, 10.23it/s]
Animation 15: Create(Axes of 2 submobjects), etc.:  86%|########5 | 72/84 [00:05<00:01, 10.02it/s]
Animation 15: Create(Axes of 2 submobjects), etc.:  88%|########8 | 74/84 [00:05<00:00, 10.27it/s]
Animation 15: Create(Axes of 2 submobjects), etc.:  90%|######### | 76/84 [00:05<00:00, 10.09it/s]
Animation 15: Create(Axes of 2 submobjects), etc.:  93%|#########2| 78/84 [00:05<00:00,  9.96it/s]
Animation 15: Create(Axes of 2 submobjects), etc.:  94%|#########4| 79/84 [00:05<00:00,  9.94it/s]
Animation 15: Create(Axes of 2 submobjects), etc.:  96%|#########6| 81/84 [00:05<00:00, 10.15it/s]
Animation 15: Create(Axes of 2 submobjects), etc.:  99%|#########8| 83/84 [00:06<00:00, 10.01it/s]
[09/10/26 10:51:32] INFO     Animation 15 : Partial    scene_file_writer.py:192
                             movie file written in                             
                             'C:\Users\Nacho\Documents                         
                             \Animaciones\Capitulo                             
                             7\media\videos\s06_conjun                         
                             ta\1080p60\partial_movie_                         
                             files\Conjunta\2932440949                         
                             _633738792_3850136734.mp4                         
                             '                                                 
[09/10/26 10:51:33] INFO     Animation 16 : Partial    scene_file_writer.py:192
                             movie file written in                             
                             'C:\Users\Nacho\Documents                         
                             \Animaciones\Capitulo                             
                             7\media\videos\s06_conjun                         
                             ta\1080p60\partial_movie_                         
                             files\Conjunta\2932440949                         
                             _3880968470_3461574097.mp                         
                             4'                                                
                                                                                                  

Animation 17: Create(Axes of 2 submobjects), etc.:   0%|          | 0/84 [00:00<?, ?it/s]
Animation 17: Create(Axes of 2 submobjects), etc.:   2%|2         | 2/84 [00:00<00:08,  9.60it/s]
Animation 17: Create(Axes of 2 submobjects), etc.:   5%|4         | 4/84 [00:00<00:08,  9.54it/s]
Animation 17: Create(Axes of 2 submobjects), etc.:   6%|5         | 5/84 [00:00<00:08,  9.61it/s]
Animation 17: Create(Axes of 2 submobjects), etc.:   8%|8         | 7/84 [00:00<00:07,  9.83it/s]
Animation 17: Create(Axes of 2 submobjects), etc.:  11%|#         | 9/84 [00:00<00:07, 10.06it/s]
Animation 17: Create(Axes of 2 submobjects), etc.:  13%|#3        | 11/84 [00:01<00:07,  9.67it/s]
Animation 17: Create(Axes of 2 submobjects), etc.:  15%|#5        | 13/84 [00:01<00:07,  9.67it/s]
Animation 17: Create(Axes of 2 submobjects), etc.:  18%|#7        | 15/84 [00:01<00:07,  9.73it/s]
Animation 17: Create(Axes of 2 submobjects), etc.:  19%|#9        | 16/84 [00:01<00:07,  9.71it/s]
Animation 17: Create(Axes of 2 submobjects), etc.:  21%|##1       | 18/84 [00:01<00:06,  9.77it/s]
Animation 17: Create(Axes of 2 submobjects), etc.:  23%|##2       | 19/84 [00:01<00:06,  9.52it/s]
Animation 17: Create(Axes of 2 submobjects), etc.:  24%|##3       | 20/84 [00:02<00:06,  9.52it/s]
Animation 17: Create(Axes of 2 submobjects), etc.:  26%|##6       | 22/84 [00:02<00:06,  9.75it/s]
Animation 17: Create(Axes of 2 submobjects), etc.:  27%|##7       | 23/84 [00:02<00:06,  9.62it/s]
Animation 17: Create(Axes of 2 submobjects), etc.:  29%|##8       | 24/84 [00:02<00:06,  9.65it/s]
Animation 17: Create(Axes of 2 submobjects), etc.:  30%|##9       | 25/84 [00:02<00:06,  9.58it/s]
Animation 17: Create(Axes of 2 submobjects), etc.:  31%|###       | 26/84 [00:02<00:06,  9.58it/s]
Animation 17: Create(Axes of 2 submobjects), etc.:  33%|###3      | 28/84 [00:02<00:05,  9.73it/s]
Animation 17: Create(Axes of 2 submobjects), etc.:  35%|###4      | 29/84 [00:02<00:05,  9.72it/s]
Animation 17: Create(Axes of 2 submobjects), etc.:  36%|###5      | 30/84 [00:03<00:05,  9.78it/s]
Animation 17: Create(Axes of 2 submobjects), etc.:  37%|###6      | 31/84 [00:03<00:05,  9.83it/s]
Animation 17: Create(Axes of 2 submobjects), etc.:  38%|###8      | 32/84 [00:03<00:05,  9.74it/s]
Animation 17: Create(Axes of 2 submobjects), etc.:  39%|###9      | 33/84 [00:03<00:05,  9.50it/s]
Animation 17: Create(Axes of 2 submobjects), etc.:  40%|####      | 34/84 [00:03<00:05,  9.57it/s]
Animation 17: Create(Axes of 2 submobjects), etc.:  42%|####1     | 35/84 [00:03<00:05,  9.57it/s]
Animation 17: Create(Axes of 2 submobjects), etc.:  44%|####4     | 37/84 [00:03<00:04,  9.91it/s]
Animation 17: Create(Axes of 2 submobjects), etc.:  45%|####5     | 38/84 [00:03<00:04,  9.80it/s]
Animation 17: Create(Axes of 2 submobjects), etc.:  46%|####6     | 39/84 [00:04<00:04,  9.83it/s]
Animation 17: Create(Axes of 2 submobjects), etc.:  48%|####7     | 40/84 [00:04<00:04,  9.86it/s]
Animation 17: Create(Axes of 2 submobjects), etc.:  49%|####8     | 41/84 [00:04<00:04,  9.38it/s]
Animation 17: Create(Axes of 2 submobjects), etc.:  51%|#####1    | 43/84 [00:04<00:04,  8.43it/s]
Animation 17: Create(Axes of 2 submobjects), etc.:  52%|#####2    | 44/84 [00:04<00:04,  8.74it/s]
Animation 17: Create(Axes of 2 submobjects), etc.:  54%|#####3    | 45/84 [00:04<00:04,  8.86it/s]
Animation 17: Create(Axes of 2 submobjects), etc.:  56%|#####5    | 47/84 [00:04<00:04,  9.19it/s]
Animation 17: Create(Axes of 2 submobjects), etc.:  57%|#####7    | 48/84 [00:05<00:04,  8.85it/s]
Animation 17: Create(Axes of 2 submobjects), etc.:  58%|#####8    | 49/84 [00:05<00:04,  8.50it/s]
Animation 17: Create(Axes of 2 submobjects), etc.:  60%|#####9    | 50/84 [00:05<00:04,  8.14it/s]
Animation 17: Create(Axes of 2 submobjects), etc.:  61%|######    | 51/84 [00:05<00:03,  8.52it/s]
Animation 17: Create(Axes of 2 submobjects), etc.:  62%|######1   | 52/84 [00:05<00:03,  8.80it/s]
Animation 17: Create(Axes of 2 submobjects), etc.:  64%|######4   | 54/84 [00:05<00:03,  9.16it/s]
Animation 17: Create(Axes of 2 submobjects), etc.:  65%|######5   | 55/84 [00:05<00:03,  8.80it/s]
Animation 17: Create(Axes of 2 submobjects), etc.:  67%|######6   | 56/84 [00:05<00:03,  8.84it/s]
Animation 17: Create(Axes of 2 submobjects), etc.:  68%|######7   | 57/84 [00:06<00:03,  8.89it/s]
Animation 17: Create(Axes of 2 submobjects), etc.:  69%|######9   | 58/84 [00:06<00:02,  9.10it/s]
Animation 17: Create(Axes of 2 submobjects), etc.:  70%|#######   | 59/84 [00:06<00:02,  8.95it/s]
Animation 17: Create(Axes of 2 submobjects), etc.:  71%|#######1  | 60/84 [00:06<00:02,  8.87it/s]
Animation 17: Create(Axes of 2 submobjects), etc.:  73%|#######2  | 61/84 [00:06<00:02,  8.88it/s]
Animation 17: Create(Axes of 2 submobjects), etc.:  75%|#######5  | 63/84 [00:06<00:02,  9.22it/s]
Animation 17: Create(Axes of 2 submobjects), etc.:  76%|#######6  | 64/84 [00:06<00:02,  9.16it/s]
Animation 17: Create(Axes of 2 submobjects), etc.:  77%|#######7  | 65/84 [00:06<00:02,  9.07it/s]
Animation 17: Create(Axes of 2 submobjects), etc.:  79%|#######8  | 66/84 [00:07<00:01,  9.18it/s]
Animation 17: Create(Axes of 2 submobjects), etc.:  81%|########  | 68/84 [00:07<00:01,  9.36it/s]
Animation 17: Create(Axes of 2 submobjects), etc.:  82%|########2 | 69/84 [00:07<00:01,  9.03it/s]
Animation 17: Create(Axes of 2 submobjects), etc.:  83%|########3 | 70/84 [00:07<00:01,  9.24it/s]
Animation 17: Create(Axes of 2 submobjects), etc.:  86%|########5 | 72/84 [00:07<00:01,  9.29it/s]
Animation 17: Create(Axes of 2 submobjects), etc.:  87%|########6 | 73/84 [00:07<00:01,  9.30it/s]
Animation 17: Create(Axes of 2 submobjects), etc.:  88%|########8 | 74/84 [00:07<00:01,  9.06it/s]
Animation 17: Create(Axes of 2 submobjects), etc.:  89%|########9 | 75/84 [00:08<00:01,  8.87it/s]
Animation 17: Create(Axes of 2 submobjects), etc.:  90%|######### | 76/84 [00:08<00:00,  8.84it/s]
Animation 17: Create(Axes of 2 submobjects), etc.:  92%|#########1| 77/84 [00:08<00:00,  9.02it/s]
Animation 17: Create(Axes of 2 submobjects), etc.:  93%|#########2| 78/84 [00:08<00:00,  9.17it/s]
Animation 17: Create(Axes of 2 submobjects), etc.:  94%|#########4| 79/84 [00:08<00:00,  9.26it/s]
Animation 17: Create(Axes of 2 submobjects), etc.:  95%|#########5| 80/84 [00:08<00:00,  9.18it/s]
Animation 17: Create(Axes of 2 submobjects), etc.:  96%|#########6| 81/84 [00:08<00:00,  9.40it/s]
Animation 17: Create(Axes of 2 submobjects), etc.:  98%|#########7| 82/84 [00:08<00:00,  9.22it/s]
Animation 17: Create(Axes of 2 submobjects), etc.:  99%|#########8| 83/84 [00:08<00:00,  9.23it/s]
Animation 17: Create(Axes of 2 submobjects), etc.: 100%|##########| 84/84 [00:09<00:00,  9.19it/s]
[09/10/26 10:51:43] INFO     Animation 17 : Partial    scene_file_writer.py:192
                             movie file written in                             
                             'C:\Users\Nacho\Documents                         
                             \Animaciones\Capitulo                             
                             7\media\videos\s06_conjun                         
                             ta\1080p60\partial_movie_                         
                             files\Conjunta\2932440949                         
                             _99153903_191039637.mp4'                          
[09/10/26 10:51:46] INFO     Animation 18 : Partial    scene_file_writer.py:192
                             movie file written in                             
                             'C:\Users\Nacho\Documents                         
                             \Animaciones\Capitulo                             
                             7\media\videos\s06_conjun                         
                             ta\1080p60\partial_movie_                         
                             files\Conjunta\2932440949                         
                             _3926500612_243753445.mp4                         
                             '                                                 
                                                                                                  

Animation 19: FadeOut(Text('proyectar = integrar sobre la otra variable')):   0%|          | 0/60 [00:00<?, ?it/s]
Animation 19: FadeOut(Text('proyectar = integrar sobre la otra variable')):   3%|3         | 2/60 [00:00<00:06,  
9.58it/s]
Animation 19: FadeOut(Text('proyectar = integrar sobre la otra variable')):   5%|5         | 3/60 [00:00<00:06,  
9.24it/s]
Animation 19: FadeOut(Text('proyectar = integrar sobre la otra variable')):   7%|6         | 4/60 [00:00<00:05,  
9.46it/s]
Animation 19: FadeOut(Text('proyectar = integrar sobre la otra variable')):   8%|8         | 5/60 [00:00<00:05,  
9.54it/s]
Animation 19: FadeOut(Text('proyectar = integrar sobre la otra variable')):  12%|#1        | 7/60 [00:00<00:05,  
9.62it/s]
Animation 19: FadeOut(Text('proyectar = integrar sobre la otra variable')):  15%|#5        | 9/60 [00:00<00:05,  
9.53it/s]
Animation 19: FadeOut(Text('proyectar = integrar sobre la otra variable')):  17%|#6        | 10/60 [00:01<00:05,  
9.47it/s]
Animation 19: FadeOut(Text('proyectar = integrar sobre la otra variable')):  18%|#8        | 11/60 [00:01<00:05,  
9.39it/s]
Animation 19: FadeOut(Text('proyectar = integrar sobre la otra variable')):  22%|##1       | 13/60 [00:01<00:04,  
9.45it/s]
Animation 19: FadeOut(Text('proyectar = integrar sobre la otra variable')):  25%|##5       | 15/60 [00:01<00:04,  
9.59it/s]
Animation 19: FadeOut(Text('proyectar = integrar sobre la otra variable')):  27%|##6       | 16/60 [00:01<00:04,  
9.55it/s]
Animation 19: FadeOut(Text('proyectar = integrar sobre la otra variable')):  28%|##8       | 17/60 [00:01<00:04,  
9.54it/s]
Animation 19: FadeOut(Text('proyectar = integrar sobre la otra variable')):  30%|###       | 18/60 [00:01<00:04,  
9.51it/s]
Animation 19: FadeOut(Text('proyectar = integrar sobre la otra variable')):  33%|###3      | 20/60 [00:02<00:04,  
9.48it/s]
Animation 19: FadeOut(Text('proyectar = integrar sobre la otra variable')):  37%|###6      | 22/60 [00:02<00:03,  
9.55it/s]
Animation 19: FadeOut(Text('proyectar = integrar sobre la otra variable')):  38%|###8      | 23/60 [00:02<00:03,  
9.61it/s]
Animation 19: FadeOut(Text('proyectar = integrar sobre la otra variable')):  40%|####      | 24/60 [00:02<00:03,  
9.69it/s]
Animation 19: FadeOut(Text('proyectar = integrar sobre la otra variable')):  42%|####1     | 25/60 [00:02<00:03,  
9.69it/s]
Animation 19: FadeOut(Text('proyectar = integrar sobre la otra variable')):  43%|####3     | 26/60 [00:02<00:03,  
9.70it/s]
Animation 19: FadeOut(Text('proyectar = integrar sobre la otra variable')):  45%|####5     | 27/60 [00:02<00:03,  
9.39it/s]
Animation 19: FadeOut(Text('proyectar = integrar sobre la otra variable')):  47%|####6     | 28/60 [00:02<00:03,  
9.47it/s]
Animation 19: FadeOut(Text('proyectar = integrar sobre la otra variable')):  48%|####8     | 29/60 [00:03<00:03,  
9.45it/s]
Animation 19: FadeOut(Text('proyectar = integrar sobre la otra variable')):  50%|#####     | 30/60 [00:03<00:03,  
9.52it/s]
Animation 19: FadeOut(Text('proyectar = integrar sobre la otra variable')):  52%|#####1    | 31/60 [00:03<00:03,  
9.48it/s]
Animation 19: FadeOut(Text('proyectar = integrar sobre la otra variable')):  53%|#####3    | 32/60 [00:03<00:02,  
9.50it/s]
Animation 19: FadeOut(Text('proyectar = integrar sobre la otra variable')):  55%|#####5    | 33/60 [00:03<00:03,  
8.74it/s]
Animation 19: FadeOut(Text('proyectar = integrar sobre la otra variable')):  57%|#####6    | 34/60 [00:03<00:02,  
9.08it/s]
Animation 19: FadeOut(Text('proyectar = integrar sobre la otra variable')):  58%|#####8    | 35/60 [00:03<00:02,  
9.10it/s]
Animation 19: FadeOut(Text('proyectar = integrar sobre la otra variable')):  62%|######1   | 37/60 [00:03<00:02,  
9.31it/s]
Animation 19: FadeOut(Text('proyectar = integrar sobre la otra variable')):  65%|######5   | 39/60 [00:04<00:02,  
9.40it/s]
Animation 19: FadeOut(Text('proyectar = integrar sobre la otra variable')):  67%|######6   | 40/60 [00:04<00:02,  
9.18it/s]
Animation 19: FadeOut(Text('proyectar = integrar sobre la otra variable')):  68%|######8   | 41/60 [00:04<00:02,  
9.33it/s]
Animation 19: FadeOut(Text('proyectar = integrar sobre la otra variable')):  72%|#######1  | 43/60 [00:04<00:01,  
8.65it/s]
Animation 19: FadeOut(Text('proyectar = integrar sobre la otra variable')):  73%|#######3  | 44/60 [00:04<00:01,  
8.55it/s]
Animation 19: FadeOut(Text('proyectar = integrar sobre la otra variable')):  75%|#######5  | 45/60 [00:04<00:01,  
8.78it/s]
Animation 19: FadeOut(Text('proyectar = integrar sobre la otra variable')):  77%|#######6  | 46/60 [00:04<00:01,  
8.91it/s]
Animation 19: FadeOut(Text('proyectar = integrar sobre la otra variable')):  78%|#######8  | 47/60 [00:05<00:01,  
8.94it/s]
Animation 19: FadeOut(Text('proyectar = integrar sobre la otra variable')):  80%|########  | 48/60 [00:05<00:01,  
8.89it/s]
Animation 19: FadeOut(Text('proyectar = integrar sobre la otra variable')):  82%|########1 | 49/60 [00:05<00:01,  
9.17it/s]
Animation 19: FadeOut(Text('proyectar = integrar sobre la otra variable')):  83%|########3 | 50/60 [00:05<00:01,  
9.07it/s]
Animation 19: FadeOut(Text('proyectar = integrar sobre la otra variable')):  85%|########5 | 51/60 [00:05<00:00,  
9.19it/s]
Animation 19: FadeOut(Text('proyectar = integrar sobre la otra variable')):  87%|########6 | 52/60 [00:05<00:00,  
9.08it/s]
Animation 19: FadeOut(Text('proyectar = integrar sobre la otra variable')):  88%|########8 | 53/60 [00:05<00:00,  
9.26it/s]
Animation 19: FadeOut(Text('proyectar = integrar sobre la otra variable')):  90%|######### | 54/60 [00:05<00:00,  
9.33it/s]
Animation 19: FadeOut(Text('proyectar = integrar sobre la otra variable')):  93%|#########3| 56/60 [00:06<00:00,  
9.26it/s]
Animation 19: FadeOut(Text('proyectar = integrar sobre la otra variable')):  95%|#########5| 57/60 [00:06<00:00,  
9.21it/s]
Animation 19: FadeOut(Text('proyectar = integrar sobre la otra variable')):  98%|#########8| 59/60 [00:06<00:00,  
9.38it/s]
Animation 19: FadeOut(Text('proyectar = integrar sobre la otra variable')): 100%|##########| 60/60 [00:06<00:00,  
9.28it/s]
[09/10/26 10:51:54] INFO     Animation 19 : Partial    scene_file_writer.py:192
                             movie file written in                             
                             'C:\Users\Nacho\Documents                         
                             \Animaciones\Capitulo                             
                             7\media\videos\s06_conjun                         
                             ta\1080p60\partial_movie_                         
                             files\Conjunta\2932440949                         
                             _3014366485_1566198305.mp                         
                             4'                                                
                                                                                                                       
    

Animation 20: FadeIn(Text('Ojo: las marginales NO determinan la conjunta')):   0%|          | 0/60 [00:00<?, ?it/s]
Animation 20: FadeIn(Text('Ojo: las marginales NO determinan la conjunta')):   3%|3         | 2/60 [00:00<00:06,  
8.70it/s]
Animation 20: FadeIn(Text('Ojo: las marginales NO determinan la conjunta')):   5%|5         | 3/60 [00:00<00:06,  
8.63it/s]
Animation 20: FadeIn(Text('Ojo: las marginales NO determinan la conjunta')):   7%|6         | 4/60 [00:00<00:06,  
8.34it/s]
Animation 20: FadeIn(Text('Ojo: las marginales NO determinan la conjunta')):   8%|8         | 5/60 [00:00<00:07,  
7.83it/s]
Animation 20: FadeIn(Text('Ojo: las marginales NO determinan la conjunta')):  10%|#         | 6/60 [00:00<00:07,  
7.48it/s]
Animation 20: FadeIn(Text('Ojo: las marginales NO determinan la conjunta')):  13%|#3        | 8/60 [00:00<00:06,  
8.46it/s]
Animation 20: FadeIn(Text('Ojo: las marginales NO determinan la conjunta')):  15%|#5        | 9/60 [00:01<00:05,  
8.61it/s]
Animation 20: FadeIn(Text('Ojo: las marginales NO determinan la conjunta')):  18%|#8        | 11/60 [00:01<00:05,  
8.96it/s]
Animation 20: FadeIn(Text('Ojo: las marginales NO determinan la conjunta')):  20%|##        | 12/60 [00:01<00:05,  
9.11it/s]
Animation 20: FadeIn(Text('Ojo: las marginales NO determinan la conjunta')):  22%|##1       | 13/60 [00:01<00:05,  
9.31it/s]
Animation 20: FadeIn(Text('Ojo: las marginales NO determinan la conjunta')):  23%|##3       | 14/60 [00:01<00:05,  
8.86it/s]
Animation 20: FadeIn(Text('Ojo: las marginales NO determinan la conjunta')):  25%|##5       | 15/60 [00:01<00:05,  
8.94it/s]
Animation 20: FadeIn(Text('Ojo: las marginales NO determinan la conjunta')):  27%|##6       | 16/60 [00:01<00:05,  
8.57it/s]
Animation 20: FadeIn(Text('Ojo: las marginales NO determinan la conjunta')):  28%|##8       | 17/60 [00:01<00:04,  
8.60it/s]
Animation 20: FadeIn(Text('Ojo: las marginales NO determinan la conjunta')):  30%|###       | 18/60 [00:02<00:05,  
8.33it/s]
Animation 20: FadeIn(Text('Ojo: las marginales NO determinan la conjunta')):  32%|###1      | 19/60 [00:02<00:04,  
8.31it/s]
Animation 20: FadeIn(Text('Ojo: las marginales NO determinan la conjunta')):  33%|###3      | 20/60 [00:02<00:04,  
8.51it/s]
Animation 20: FadeIn(Text('Ojo: las marginales NO determinan la conjunta')):  35%|###5      | 21/60 [00:02<00:04,  
8.43it/s]
Animation 20: FadeIn(Text('Ojo: las marginales NO determinan la conjunta')):  37%|###6      | 22/60 [00:02<00:04,  
8.43it/s]
Animation 20: FadeIn(Text('Ojo: las marginales NO determinan la conjunta')):  38%|###8      | 23/60 [00:02<00:05,  
6.99it/s]
Animation 20: FadeIn(Text('Ojo: las marginales NO determinan la conjunta')):  40%|####      | 24/60 [00:02<00:05,  
7.13it/s]
Animation 20: FadeIn(Text('Ojo: las marginales NO determinan la conjunta')):  42%|####1     | 25/60 [00:03<00:04,  
7.25it/s]
Animation 20: FadeIn(Text('Ojo: las marginales NO determinan la conjunta')):  43%|####3     | 26/60 [00:03<00:04,  
7.21it/s]
Animation 20: FadeIn(Text('Ojo: las marginales NO determinan la conjunta')):  45%|####5     | 27/60 [00:03<00:04,  
6.92it/s]
Animation 20: FadeIn(Text('Ojo: las marginales NO determinan la conjunta')):  47%|####6     | 28/60 [00:03<00:04,  
6.67it/s]
Animation 20: FadeIn(Text('Ojo: las marginales NO determinan la conjunta')):  50%|#####     | 30/60 [00:03<00:03,  
7.77it/s]
Animation 20: FadeIn(Text('Ojo: las marginales NO determinan la conjunta')):  52%|#####1    | 31/60 [00:03<00:03,  
7.94it/s]
Animation 20: FadeIn(Text('Ojo: las marginales NO determinan la conjunta')):  53%|#####3    | 32/60 [00:03<00:03,  
8.04it/s]
Animation 20: FadeIn(Text('Ojo: las marginales NO determinan la conjunta')):  55%|#####5    | 33/60 [00:04<00:03,  
8.13it/s]
Animation 20: FadeIn(Text('Ojo: las marginales NO determinan la conjunta')):  57%|#####6    | 34/60 [00:04<00:03,  
8.40it/s]
Animation 20: FadeIn(Text('Ojo: las marginales NO determinan la conjunta')):  58%|#####8    | 35/60 [00:04<00:03,  
7.59it/s]
Animation 20: FadeIn(Text('Ojo: las marginales NO determinan la conjunta')):  60%|######    | 36/60 [00:04<00:03,  
7.06it/s]
Animation 20: FadeIn(Text('Ojo: las marginales NO determinan la conjunta')):  62%|######1   | 37/60 [00:04<00:03,  
7.54it/s]
Animation 20: FadeIn(Text('Ojo: las marginales NO determinan la conjunta')):  65%|######5   | 39/60 [00:04<00:02,  
8.38it/s]
Animation 20: FadeIn(Text('Ojo: las marginales NO determinan la conjunta')):  67%|######6   | 40/60 [00:04<00:02,  
8.55it/s]
Animation 20: FadeIn(Text('Ojo: las marginales NO determinan la conjunta')):  68%|######8   | 41/60 [00:05<00:02,  
8.27it/s]
Animation 20: FadeIn(Text('Ojo: las marginales NO determinan la conjunta')):  70%|#######   | 42/60 [00:05<00:02,  
8.21it/s]
Animation 20: FadeIn(Text('Ojo: las marginales NO determinan la conjunta')):  72%|#######1  | 43/60 [00:05<00:02,  
7.09it/s]
Animation 20: FadeIn(Text('Ojo: las marginales NO determinan la conjunta')):  73%|#######3  | 44/60 [00:05<00:02,  
7.54it/s]
Animation 20: FadeIn(Text('Ojo: las marginales NO determinan la conjunta')):  75%|#######5  | 45/60 [00:05<00:01,  
7.62it/s]
Animation 20: FadeIn(Text('Ojo: las marginales NO determinan la conjunta')):  77%|#######6  | 46/60 [00:05<00:01,  
7.98it/s]
Animation 20: FadeIn(Text('Ojo: las marginales NO determinan la conjunta')):  78%|#######8  | 47/60 [00:05<00:01,  
7.83it/s]
Animation 20: FadeIn(Text('Ojo: las marginales NO determinan la conjunta')):  80%|########  | 48/60 [00:05<00:01,  
7.84it/s]
Animation 20: FadeIn(Text('Ojo: las marginales NO determinan la conjunta')):  82%|########1 | 49/60 [00:06<00:01,  
7.97it/s]
Animation 20: FadeIn(Text('Ojo: las marginales NO determinan la conjunta')):  83%|########3 | 50/60 [00:06<00:01,  
8.25it/s]
Animation 20: FadeIn(Text('Ojo: las marginales NO determinan la conjunta')):  85%|########5 | 51/60 [00:06<00:01,  
8.46it/s]
Animation 20: FadeIn(Text('Ojo: las marginales NO determinan la conjunta')):  87%|########6 | 52/60 [00:06<00:01,  
7.16it/s]
Animation 20: FadeIn(Text('Ojo: las marginales NO determinan la conjunta')):  88%|########8 | 53/60 [00:06<00:00,  
7.33it/s]
Animation 20: FadeIn(Text('Ojo: las marginales NO determinan la conjunta')):  90%|######### | 54/60 [00:06<00:00,  
7.09it/s]
Animation 20: FadeIn(Text('Ojo: las marginales NO determinan la conjunta')):  92%|#########1| 55/60 [00:06<00:00,  
7.20it/s]
Animation 20: FadeIn(Text('Ojo: las marginales NO determinan la conjunta')):  93%|#########3| 56/60 [00:07<00:00,  
7.13it/s]
Animation 20: FadeIn(Text('Ojo: las marginales NO determinan la conjunta')):  95%|#########5| 57/60 [00:07<00:00,  
7.09it/s]
Animation 20: FadeIn(Text('Ojo: las marginales NO determinan la conjunta')):  97%|#########6| 58/60 [00:07<00:00,  
6.83it/s]
Animation 20: FadeIn(Text('Ojo: las marginales NO determinan la conjunta')):  98%|#########8| 59/60 [00:07<00:00,  
7.33it/s]
Animation 20: FadeIn(Text('Ojo: las marginales NO determinan la conjunta')): 100%|##########| 60/60 [00:07<00:00,  
7.53it/s]
[09/10/26 10:52:03] INFO     Animation 20 : Partial    scene_file_writer.py:192
                             movie file written in                             
                             'C:\Users\Nacho\Documents                         
                             \Animaciones\Capitulo                             
                             7\media\videos\s06_conjun                         
                             ta\1080p60\partial_movie_                         
                             files\Conjunta\2932440949                         
                             _4184361571_445475899.mp4                         
                             '                                                 
[09/10/26 10:52:06] INFO     Animation 21 : Partial    scene_file_writer.py:192
                             movie file written in                             
                             'C:\Users\Nacho\Documents                         
                             \Animaciones\Capitulo                             
                             7\media\videos\s06_conjun                         
                             ta\1080p60\partial_movie_                         
                             files\Conjunta\2932440949                         
                             _4046863825_1205864914.mp                         
                             4'                                                
                                                                                                                       
     

Animation 22: Transform(VGroup of 300 submobjects), etc.:   0%|          | 0/90 [00:00<?, ?it/s]
Animation 22: Transform(VGroup of 300 submobjects), etc.:   1%|1         | 1/90 [00:00<00:15,  5.80it/s]
Animation 22: Transform(VGroup of 300 submobjects), etc.:   2%|2         | 2/90 [00:00<00:16,  5.40it/s]
Animation 22: Transform(VGroup of 300 submobjects), etc.:   3%|3         | 3/90 [00:00<00:15,  5.51it/s]
Animation 22: Transform(VGroup of 300 submobjects), etc.:   4%|4         | 4/90 [00:00<00:15,  5.38it/s]
Animation 22: Transform(VGroup of 300 submobjects), etc.:   6%|5         | 5/90 [00:00<00:16,  5.25it/s]
Animation 22: Transform(VGroup of 300 submobjects), etc.:   7%|6         | 6/90 [00:01<00:15,  5.31it/s]
Animation 22: Transform(VGroup of 300 submobjects), etc.:   8%|7         | 7/90 [00:01<00:17,  4.78it/s]
Animation 22: Transform(VGroup of 300 submobjects), etc.:   9%|8         | 8/90 [00:01<00:16,  4.96it/s]
Animation 22: Transform(VGroup of 300 submobjects), etc.:  10%|#         | 9/90 [00:01<00:15,  5.11it/s]
Animation 22: Transform(VGroup of 300 submobjects), etc.:  11%|#1        | 10/90 [00:01<00:15,  5.06it/s]
Animation 22: Transform(VGroup of 300 submobjects), etc.:  12%|#2        | 11/90 [00:02<00:15,  5.08it/s]
Animation 22: Transform(VGroup of 300 submobjects), etc.:  13%|#3        | 12/90 [00:02<00:15,  5.00it/s]
Animation 22: Transform(VGroup of 300 submobjects), etc.:  14%|#4        | 13/90 [00:02<00:14,  5.16it/s]
Animation 22: Transform(VGroup of 300 submobjects), etc.:  16%|#5        | 14/90 [00:02<00:14,  5.08it/s]
Animation 22: Transform(VGroup of 300 submobjects), etc.:  17%|#6        | 15/90 [00:02<00:14,  5.02it/s]
Animation 22: Transform(VGroup of 300 submobjects), etc.:  18%|#7        | 16/90 [00:03<00:16,  4.57it/s]
Animation 22: Transform(VGroup of 300 submobjects), etc.:  19%|#8        | 17/90 [00:03<00:15,  4.61it/s]
Animation 22: Transform(VGroup of 300 submobjects), etc.:  20%|##        | 18/90 [00:03<00:15,  4.71it/s]
Animation 22: Transform(VGroup of 300 submobjects), etc.:  21%|##1       | 19/90 [00:03<00:15,  4.70it/s]
Animation 22: Transform(VGroup of 300 submobjects), etc.:  22%|##2       | 20/90 [00:04<00:15,  4.64it/s]
Animation 22: Transform(VGroup of 300 submobjects), etc.:  23%|##3       | 21/90 [00:04<00:16,  4.23it/s]
Animation 22: Transform(VGroup of 300 submobjects), etc.:  24%|##4       | 22/90 [00:04<00:15,  4.48it/s]
Animation 22: Transform(VGroup of 300 submobjects), etc.:  26%|##5       | 23/90 [00:04<00:14,  4.69it/s]
Animation 22: Transform(VGroup of 300 submobjects), etc.:  27%|##6       | 24/90 [00:04<00:15,  4.39it/s]
Animation 22: Transform(VGroup of 300 submobjects), etc.:  28%|##7       | 25/90 [00:05<00:13,  4.76it/s]
Animation 22: Transform(VGroup of 300 submobjects), etc.:  29%|##8       | 26/90 [00:05<00:13,  4.79it/s]
Animation 22: Transform(VGroup of 300 submobjects), etc.:  30%|###       | 27/90 [00:05<00:12,  5.00it/s]
Animation 22: Transform(VGroup of 300 submobjects), etc.:  31%|###1      | 28/90 [00:05<00:12,  5.09it/s]
Animation 22: Transform(VGroup of 300 submobjects), etc.:  32%|###2      | 29/90 [00:05<00:11,  5.26it/s]
Animation 22: Transform(VGroup of 300 submobjects), etc.:  33%|###3      | 30/90 [00:06<00:11,  5.19it/s]
Animation 22: Transform(VGroup of 300 submobjects), etc.:  34%|###4      | 31/90 [00:06<00:11,  5.25it/s]
Animation 22: Transform(VGroup of 300 submobjects), etc.:  36%|###5      | 32/90 [00:06<00:10,  5.36it/s]
Animation 22: Transform(VGroup of 300 submobjects), etc.:  37%|###6      | 33/90 [00:06<00:10,  5.51it/s]
Animation 22: Transform(VGroup of 300 submobjects), etc.:  38%|###7      | 34/90 [00:06<00:10,  5.53it/s]
Animation 22: Transform(VGroup of 300 submobjects), etc.:  39%|###8      | 35/90 [00:06<00:10,  5.48it/s]
Animation 22: Transform(VGroup of 300 submobjects), etc.:  40%|####      | 36/90 [00:07<00:09,  5.56it/s]
Animation 22: Transform(VGroup of 300 submobjects), etc.:  41%|####1     | 37/90 [00:07<00:09,  5.56it/s]
Animation 22: Transform(VGroup of 300 submobjects), etc.:  42%|####2     | 38/90 [00:07<00:09,  5.61it/s]
Animation 22: Transform(VGroup of 300 submobjects), etc.:  43%|####3     | 39/90 [00:07<00:09,  5.64it/s]
Animation 22: Transform(VGroup of 300 submobjects), etc.:  44%|####4     | 40/90 [00:07<00:08,  5.70it/s]
Animation 22: Transform(VGroup of 300 submobjects), etc.:  46%|####5     | 41/90 [00:08<00:08,  5.86it/s]
Animation 22: Transform(VGroup of 300 submobjects), etc.:  47%|####6     | 42/90 [00:08<00:07,  6.01it/s]
Animation 22: Transform(VGroup of 300 submobjects), etc.:  48%|####7     | 43/90 [00:08<00:08,  5.51it/s]
Animation 22: Transform(VGroup of 300 submobjects), etc.:  49%|####8     | 44/90 [00:08<00:07,  5.83it/s]
Animation 22: Transform(VGroup of 300 submobjects), etc.:  50%|#####     | 45/90 [00:08<00:07,  6.02it/s]
Animation 22: Transform(VGroup of 300 submobjects), etc.:  51%|#####1    | 46/90 [00:08<00:07,  6.19it/s]
Animation 22: Transform(VGroup of 300 submobjects), etc.:  52%|#####2    | 47/90 [00:09<00:07,  6.13it/s]
Animation 22: Transform(VGroup of 300 submobjects), etc.:  53%|#####3    | 48/90 [00:09<00:07,  5.90it/s]
Animation 22: Transform(VGroup of 300 submobjects), etc.:  54%|#####4    | 49/90 [00:09<00:07,  5.27it/s]
Animation 22: Transform(VGroup of 300 submobjects), etc.:  56%|#####5    | 50/90 [00:09<00:07,  5.15it/s]
Animation 22: Transform(VGroup of 300 submobjects), etc.:  57%|#####6    | 51/90 [00:09<00:07,  4.95it/s]
Animation 22: Transform(VGroup of 300 submobjects), etc.:  58%|#####7    | 52/90 [00:10<00:07,  4.85it/s]
Animation 22: Transform(VGroup of 300 submobjects), etc.:  59%|#####8    | 53/90 [00:10<00:07,  4.76it/s]
Animation 22: Transform(VGroup of 300 submobjects), etc.:  60%|######    | 54/90 [00:10<00:08,  4.36it/s]
Animation 22: Transform(VGroup of 300 submobjects), etc.:  61%|######1   | 55/90 [00:10<00:07,  4.41it/s]
Animation 22: Transform(VGroup of 300 submobjects), etc.:  62%|######2   | 56/90 [00:11<00:07,  4.26it/s]
Animation 22: Transform(VGroup of 300 submobjects), etc.:  63%|######3   | 57/90 [00:11<00:08,  4.07it/s]
Animation 22: Transform(VGroup of 300 submobjects), etc.:  64%|######4   | 58/90 [00:11<00:07,  4.46it/s]
Animation 22: Transform(VGroup of 300 submobjects), etc.:  66%|######5   | 59/90 [00:11<00:06,  4.61it/s]
Animation 22: Transform(VGroup of 300 submobjects), etc.:  67%|######6   | 60/90 [00:11<00:06,  4.53it/s]
Animation 22: Transform(VGroup of 300 submobjects), etc.:  68%|######7   | 61/90 [00:12<00:06,  4.53it/s]
Animation 22: Transform(VGroup of 300 submobjects), etc.:  69%|######8   | 62/90 [00:12<00:06,  4.51it/s]
Animation 22: Transform(VGroup of 300 submobjects), etc.:  70%|#######   | 63/90 [00:12<00:06,  4.18it/s]
Animation 22: Transform(VGroup of 300 submobjects), etc.:  71%|#######1  | 64/90 [00:12<00:06,  4.14it/s]
Animation 22: Transform(VGroup of 300 submobjects), etc.:  72%|#######2  | 65/90 [00:13<00:05,  4.18it/s]
Animation 22: Transform(VGroup of 300 submobjects), etc.:  73%|#######3  | 66/90 [00:13<00:05,  4.16it/s]
Animation 22: Transform(VGroup of 300 submobjects), etc.:  74%|#######4  | 67/90 [00:13<00:05,  4.43it/s]
Animation 22: Transform(VGroup of 300 submobjects), etc.:  76%|#######5  | 68/90 [00:13<00:04,  4.73it/s]
Animation 22: Transform(VGroup of 300 submobjects), etc.:  77%|#######6  | 69/90 [00:13<00:04,  4.90it/s]
Animation 22: Transform(VGroup of 300 submobjects), etc.:  78%|#######7  | 70/90 [00:14<00:04,  4.86it/s]
Animation 22: Transform(VGroup of 300 submobjects), etc.:  79%|#######8  | 71/90 [00:14<00:04,  4.65it/s]
Animation 22: Transform(VGroup of 300 submobjects), etc.:  80%|########  | 72/90 [00:14<00:03,  4.71it/s]
Animation 22: Transform(VGroup of 300 submobjects), etc.:  81%|########1 | 73/90 [00:14<00:03,  4.70it/s]
Animation 22: Transform(VGroup of 300 submobjects), etc.:  82%|########2 | 74/90 [00:14<00:03,  4.77it/s]
Animation 22: Transform(VGroup of 300 submobjects), etc.:  83%|########3 | 75/90 [00:15<00:03,  4.66it/s]
Animation 22: Transform(VGroup of 300 submobjects), etc.:  84%|########4 | 76/90 [00:15<00:03,  4.26it/s]
Animation 22: Transform(VGroup of 300 submobjects), etc.:  86%|########5 | 77/90 [00:15<00:03,  4.27it/s]
Animation 22: Transform(VGroup of 300 submobjects), etc.:  87%|########6 | 78/90 [00:15<00:02,  4.22it/s]
Animation 22: Transform(VGroup of 300 submobjects), etc.:  88%|########7 | 79/90 [00:16<00:02,  4.09it/s]
Animation 22: Transform(VGroup of 300 submobjects), etc.:  89%|########8 | 80/90 [00:16<00:02,  4.37it/s]
Animation 22: Transform(VGroup of 300 submobjects), etc.:  90%|######### | 81/90 [00:16<00:01,  4.64it/s]
Animation 22: Transform(VGroup of 300 submobjects), etc.:  91%|#########1| 82/90 [00:16<00:01,  4.70it/s]
Animation 22: Transform(VGroup of 300 submobjects), etc.:  92%|#########2| 83/90 [00:17<00:01,  4.71it/s]
Animation 22: Transform(VGroup of 300 submobjects), etc.:  93%|#########3| 84/90 [00:17<00:01,  4.61it/s]
Animation 22: Transform(VGroup of 300 submobjects), etc.:  94%|#########4| 85/90 [00:17<00:01,  4.32it/s]
Animation 22: Transform(VGroup of 300 submobjects), etc.:  96%|#########5| 86/90 [00:17<00:00,  4.38it/s]
Animation 22: Transform(VGroup of 300 submobjects), etc.:  97%|#########6| 87/90 [00:17<00:00,  4.33it/s]
Animation 22: Transform(VGroup of 300 submobjects), etc.:  98%|#########7| 88/90 [00:18<00:00,  4.24it/s]
Animation 22: Transform(VGroup of 300 submobjects), etc.:  99%|#########8| 89/90 [00:18<00:00,  4.24it/s]
Animation 22: Transform(VGroup of 300 submobjects), etc.: 100%|##########| 90/90 [00:18<00:00,  4.33it/s]
[09/10/26 10:52:26] INFO     Animation 22 : Partial    scene_file_writer.py:192
                             movie file written in                             
                             'C:\Users\Nacho\Documents                         
                             \Animaciones\Capitulo                             
                             7\media\videos\s06_conjun                         
                             ta\1080p60\partial_movie_                         
                             files\Conjunta\2932440949                         
                             _3450410053_122721208.mp4                         
                             '                                                 
[09/10/26 10:52:28] INFO     Animation 23 : Partial    scene_file_writer.py:192
                             movie file written in                             
                             'C:\Users\Nacho\Documents                         
                             \Animaciones\Capitulo                             
                             7\media\videos\s06_conjun                         
                             ta\1080p60\partial_movie_                         
                             files\Conjunta\2932440949                         
                             _3997669029_3189692952.mp                         
                             4'                                                
                                                                                                         

Animation 24: Transform(VGroup of 300 submobjects), etc.:   0%|          | 0/90 [00:00<?, ?it/s]
Animation 24: Transform(VGroup of 300 submobjects), etc.:   1%|1         | 1/90 [00:00<00:19,  4.61it/s]
Animation 24: Transform(VGroup of 300 submobjects), etc.:   2%|2         | 2/90 [00:00<00:18,  4.64it/s]
Animation 24: Transform(VGroup of 300 submobjects), etc.:   3%|3         | 3/90 [00:00<00:20,  4.23it/s]
Animation 24: Transform(VGroup of 300 submobjects), etc.:   4%|4         | 4/90 [00:00<00:20,  4.29it/s]
Animation 24: Transform(VGroup of 300 submobjects), etc.:   6%|5         | 5/90 [00:01<00:18,  4.67it/s]
Animation 24: Transform(VGroup of 300 submobjects), etc.:   7%|6         | 6/90 [00:01<00:17,  4.89it/s]
Animation 24: Transform(VGroup of 300 submobjects), etc.:   8%|7         | 7/90 [00:01<00:17,  4.87it/s]
Animation 24: Transform(VGroup of 300 submobjects), etc.:   9%|8         | 8/90 [00:01<00:16,  4.91it/s]
Animation 24: Transform(VGroup of 300 submobjects), etc.:  10%|#         | 9/90 [00:01<00:16,  4.80it/s]
Animation 24: Transform(VGroup of 300 submobjects), etc.:  11%|#1        | 10/90 [00:02<00:17,  4.54it/s]
Animation 24: Transform(VGroup of 300 submobjects), etc.:  12%|#2        | 11/90 [00:02<00:19,  4.02it/s]
Animation 24: Transform(VGroup of 300 submobjects), etc.:  13%|#3        | 12/90 [00:02<00:19,  4.10it/s]
Animation 24: Transform(VGroup of 300 submobjects), etc.:  14%|#4        | 13/90 [00:02<00:18,  4.17it/s]
Animation 24: Transform(VGroup of 300 submobjects), etc.:  16%|#5        | 14/90 [00:03<00:18,  4.19it/s]
Animation 24: Transform(VGroup of 300 submobjects), etc.:  17%|#6        | 15/90 [00:03<00:17,  4.28it/s]
Animation 24: Transform(VGroup of 300 submobjects), etc.:  18%|#7        | 16/90 [00:03<00:17,  4.32it/s]
Animation 24: Transform(VGroup of 300 submobjects), etc.:  19%|#8        | 17/90 [00:03<00:18,  3.94it/s]
Animation 24: Transform(VGroup of 300 submobjects), etc.:  20%|##        | 18/90 [00:04<00:16,  4.29it/s]
Animation 24: Transform(VGroup of 300 submobjects), etc.:  21%|##1       | 19/90 [00:04<00:15,  4.63it/s]
Animation 24: Transform(VGroup of 300 submobjects), etc.:  22%|##2       | 20/90 [00:04<00:14,  4.91it/s]
Animation 24: Transform(VGroup of 300 submobjects), etc.:  23%|##3       | 21/90 [00:04<00:13,  5.06it/s]
Animation 24: Transform(VGroup of 300 submobjects), etc.:  24%|##4       | 22/90 [00:04<00:13,  5.17it/s]
Animation 24: Transform(VGroup of 300 submobjects), etc.:  26%|##5       | 23/90 [00:05<00:12,  5.24it/s]
Animation 24: Transform(VGroup of 300 submobjects), etc.:  27%|##6       | 24/90 [00:05<00:12,  5.23it/s]
Animation 24: Transform(VGroup of 300 submobjects), etc.:  28%|##7       | 25/90 [00:05<00:12,  5.33it/s]
Animation 24: Transform(VGroup of 300 submobjects), etc.:  29%|##8       | 26/90 [00:05<00:12,  5.31it/s]
Animation 24: Transform(VGroup of 300 submobjects), etc.:  30%|###       | 27/90 [00:05<00:11,  5.29it/s]
Animation 24: Transform(VGroup of 300 submobjects), etc.:  31%|###1      | 28/90 [00:05<00:10,  5.70it/s]
Animation 24: Transform(VGroup of 300 submobjects), etc.:  32%|###2      | 29/90 [00:06<00:10,  5.55it/s]
Animation 24: Transform(VGroup of 300 submobjects), etc.:  33%|###3      | 30/90 [00:06<00:11,  5.44it/s]
Animation 24: Transform(VGroup of 300 submobjects), etc.:  34%|###4      | 31/90 [00:06<00:10,  5.50it/s]
Animation 24: Transform(VGroup of 300 submobjects), etc.:  36%|###5      | 32/90 [00:06<00:10,  5.29it/s]
Animation 24: Transform(VGroup of 300 submobjects), etc.:  37%|###6      | 33/90 [00:06<00:10,  5.26it/s]
Animation 24: Transform(VGroup of 300 submobjects), etc.:  38%|###7      | 34/90 [00:07<00:10,  5.17it/s]
Animation 24: Transform(VGroup of 300 submobjects), etc.:  39%|###8      | 35/90 [00:07<00:10,  5.22it/s]
Animation 24: Transform(VGroup of 300 submobjects), etc.:  40%|####      | 36/90 [00:07<00:10,  5.22it/s]
Animation 24: Transform(VGroup of 300 submobjects), etc.:  41%|####1     | 37/90 [00:07<00:10,  5.20it/s]
Animation 24: Transform(VGroup of 300 submobjects), etc.:  42%|####2     | 38/90 [00:07<00:10,  5.13it/s]
Animation 24: Transform(VGroup of 300 submobjects), etc.:  43%|####3     | 39/90 [00:08<00:10,  4.67it/s]
Animation 24: Transform(VGroup of 300 submobjects), etc.:  44%|####4     | 40/90 [00:08<00:10,  4.61it/s]
Animation 24: Transform(VGroup of 300 submobjects), etc.:  46%|####5     | 41/90 [00:08<00:10,  4.68it/s]
Animation 24: Transform(VGroup of 300 submobjects), etc.:  47%|####6     | 42/90 [00:08<00:10,  4.63it/s]
Animation 24: Transform(VGroup of 300 submobjects), etc.:  48%|####7     | 43/90 [00:09<00:11,  4.14it/s]
Animation 24: Transform(VGroup of 300 submobjects), etc.:  49%|####8     | 44/90 [00:09<00:10,  4.22it/s]
Animation 24: Transform(VGroup of 300 submobjects), etc.:  50%|#####     | 45/90 [00:09<00:10,  4.14it/s]
Animation 24: Transform(VGroup of 300 submobjects), etc.:  51%|#####1    | 46/90 [00:09<00:10,  4.32it/s]
Animation 24: Transform(VGroup of 300 submobjects), etc.:  52%|#####2    | 47/90 [00:09<00:09,  4.65it/s]
Animation 24: Transform(VGroup of 300 submobjects), etc.:  53%|#####3    | 48/90 [00:10<00:08,  4.79it/s]
Animation 24: Transform(VGroup of 300 submobjects), etc.:  54%|#####4    | 49/90 [00:10<00:08,  4.84it/s]
Animation 24: Transform(VGroup of 300 submobjects), etc.:  56%|#####5    | 50/90 [00:10<00:07,  5.07it/s]
Animation 24: Transform(VGroup of 300 submobjects), etc.:  57%|#####6    | 51/90 [00:10<00:07,  5.11it/s]
Animation 24: Transform(VGroup of 300 submobjects), etc.:  58%|#####7    | 52/90 [00:10<00:07,  5.15it/s]
Animation 24: Transform(VGroup of 300 submobjects), etc.:  59%|#####8    | 53/90 [00:11<00:07,  5.26it/s]
Animation 24: Transform(VGroup of 300 submobjects), etc.:  60%|######    | 54/90 [00:11<00:06,  5.17it/s]
Animation 24: Transform(VGroup of 300 submobjects), etc.:  61%|######1   | 55/90 [00:11<00:06,  5.18it/s]
Animation 24: Transform(VGroup of 300 submobjects), etc.:  62%|######2   | 56/90 [00:11<00:06,  5.04it/s]
Animation 24: Transform(VGroup of 300 submobjects), etc.:  63%|######3   | 57/90 [00:11<00:06,  4.95it/s]
Animation 24: Transform(VGroup of 300 submobjects), etc.:  64%|######4   | 58/90 [00:12<00:06,  4.95it/s]
Animation 24: Transform(VGroup of 300 submobjects), etc.:  66%|######5   | 59/90 [00:12<00:06,  4.87it/s]
Animation 24: Transform(VGroup of 300 submobjects), etc.:  67%|######6   | 60/90 [00:12<00:06,  4.89it/s]
Animation 24: Transform(VGroup of 300 submobjects), etc.:  68%|######7   | 61/90 [00:12<00:06,  4.38it/s]
Animation 24: Transform(VGroup of 300 submobjects), etc.:  69%|######8   | 62/90 [00:12<00:06,  4.42it/s]
Animation 24: Transform(VGroup of 300 submobjects), etc.:  70%|#######   | 63/90 [00:13<00:06,  4.44it/s]
Animation 24: Transform(VGroup of 300 submobjects), etc.:  71%|#######1  | 64/90 [00:13<00:06,  4.23it/s]
Animation 24: Transform(VGroup of 300 submobjects), etc.:  72%|#######2  | 65/90 [00:13<00:06,  4.14it/s]
Animation 24: Transform(VGroup of 300 submobjects), etc.:  73%|#######3  | 66/90 [00:13<00:05,  4.45it/s]
Animation 24: Transform(VGroup of 300 submobjects), etc.:  74%|#######4  | 67/90 [00:14<00:04,  4.71it/s]
Animation 24: Transform(VGroup of 300 submobjects), etc.:  76%|#######5  | 68/90 [00:14<00:04,  4.44it/s]
Animation 24: Transform(VGroup of 300 submobjects), etc.:  77%|#######6  | 69/90 [00:14<00:04,  4.52it/s]
Animation 24: Transform(VGroup of 300 submobjects), etc.:  78%|#######7  | 70/90 [00:14<00:04,  4.65it/s]
Animation 24: Transform(VGroup of 300 submobjects), etc.:  79%|#######8  | 71/90 [00:15<00:04,  4.18it/s]
Animation 24: Transform(VGroup of 300 submobjects), etc.:  80%|########  | 72/90 [00:15<00:04,  4.18it/s]
Animation 24: Transform(VGroup of 300 submobjects), etc.:  81%|########1 | 73/90 [00:15<00:04,  4.17it/s]
Animation 24: Transform(VGroup of 300 submobjects), etc.:  82%|########2 | 74/90 [00:15<00:04,  3.99it/s]
Animation 24: Transform(VGroup of 300 submobjects), etc.:  83%|########3 | 75/90 [00:16<00:03,  4.05it/s]
Animation 24: Transform(VGroup of 300 submobjects), etc.:  84%|########4 | 76/90 [00:16<00:03,  4.36it/s]
Animation 24: Transform(VGroup of 300 submobjects), etc.:  86%|########5 | 77/90 [00:16<00:02,  4.64it/s]
Animation 24: Transform(VGroup of 300 submobjects), etc.:  87%|########6 | 78/90 [00:16<00:02,  4.85it/s]
Animation 24: Transform(VGroup of 300 submobjects), etc.:  88%|########7 | 79/90 [00:16<00:02,  5.04it/s]
Animation 24: Transform(VGroup of 300 submobjects), etc.:  89%|########8 | 80/90 [00:16<00:01,  5.11it/s]
Animation 24: Transform(VGroup of 300 submobjects), etc.:  90%|######### | 81/90 [00:17<00:01,  5.02it/s]
Animation 24: Transform(VGroup of 300 submobjects), etc.:  91%|#########1| 82/90 [00:17<00:01,  5.08it/s]
Animation 24: Transform(VGroup of 300 submobjects), etc.:  92%|#########2| 83/90 [00:17<00:01,  4.99it/s]
Animation 24: Transform(VGroup of 300 submobjects), etc.:  93%|#########3| 84/90 [00:17<00:01,  4.94it/s]
Animation 24: Transform(VGroup of 300 submobjects), etc.:  94%|#########4| 85/90 [00:18<00:01,  4.89it/s]
Animation 24: Transform(VGroup of 300 submobjects), etc.:  96%|#########5| 86/90 [00:18<00:00,  4.93it/s]
Animation 24: Transform(VGroup of 300 submobjects), etc.:  97%|#########6| 87/90 [00:18<00:00,  4.98it/s]
Animation 24: Transform(VGroup of 300 submobjects), etc.:  98%|#########7| 88/90 [00:18<00:00,  4.94it/s]
Animation 24: Transform(VGroup of 300 submobjects), etc.:  99%|#########8| 89/90 [00:18<00:00,  4.45it/s]
Animation 24: Transform(VGroup of 300 submobjects), etc.: 100%|##########| 90/90 [00:19<00:00,  4.47it/s]
[09/10/26 10:52:49] INFO     Animation 24 : Partial    scene_file_writer.py:192
                             movie file written in                             
                             'C:\Users\Nacho\Documents                         
                             \Animaciones\Capitulo                             
                             7\media\videos\s06_conjun                         
                             ta\1080p60\partial_movie_                         
                             files\Conjunta\2932440949                         
                             _3517248932_4151670487.mp                         
                             4'                                                
[09/10/26 10:52:51] INFO     Animation 25 : Partial    scene_file_writer.py:192
                             movie file written in                             
                             'C:\Users\Nacho\Documents                         
                             \Animaciones\Capitulo                             
                             7\media\videos\s06_conjun                         
                             ta\1080p60\partial_movie_                         
                             files\Conjunta\2932440949                         
                             _3997669029_2560681054.mp                         
                             4'                                                
                                                                                                         

Animation 26: Transform(VGroup of 300 submobjects), etc.:   0%|          | 0/90 [00:00<?, ?it/s]
Animation 26: Transform(VGroup of 300 submobjects), etc.:   1%|1         | 1/90 [00:00<00:17,  4.95it/s]
Animation 26: Transform(VGroup of 300 submobjects), etc.:   2%|2         | 2/90 [00:00<00:18,  4.68it/s]
Animation 26: Transform(VGroup of 300 submobjects), etc.:   3%|3         | 3/90 [00:00<00:20,  4.27it/s]
Animation 26: Transform(VGroup of 300 submobjects), etc.:   4%|4         | 4/90 [00:00<00:18,  4.75it/s]
Animation 26: Transform(VGroup of 300 submobjects), etc.:   7%|6         | 6/90 [00:00<00:11,  7.55it/s]
Animation 26: Transform(VGroup of 300 submobjects), etc.:  10%|#         | 9/90 [00:01<00:06, 11.91it/s]
Animation 26: Transform(VGroup of 300 submobjects), etc.:  13%|#3        | 12/90 [00:01<00:05, 15.23it/s]
Animation 26: Transform(VGroup of 300 submobjects), etc.:  17%|#6        | 15/90 [00:01<00:04, 18.08it/s]
Animation 26: Transform(VGroup of 300 submobjects), etc.:  20%|##        | 18/90 [00:01<00:03, 19.37it/s]
Animation 26: Transform(VGroup of 300 submobjects), etc.:  23%|##3       | 21/90 [00:01<00:03, 20.29it/s]
Animation 26: Transform(VGroup of 300 submobjects), etc.:  27%|##6       | 24/90 [00:01<00:03, 21.19it/s]
Animation 26: Transform(VGroup of 300 submobjects), etc.:  30%|###       | 27/90 [00:01<00:02, 21.53it/s]
Animation 26: Transform(VGroup of 300 submobjects), etc.:  33%|###3      | 30/90 [00:02<00:02, 21.49it/s]
Animation 26: Transform(VGroup of 300 submobjects), etc.:  37%|###6      | 33/90 [00:02<00:02, 22.04it/s]
Animation 26: Transform(VGroup of 300 submobjects), etc.:  40%|####      | 36/90 [00:02<00:02, 21.13it/s]
Animation 26: Transform(VGroup of 300 submobjects), etc.:  43%|####3     | 39/90 [00:02<00:02, 20.83it/s]
Animation 26: Transform(VGroup of 300 submobjects), etc.:  47%|####6     | 42/90 [00:02<00:02, 20.76it/s]
Animation 26: Transform(VGroup of 300 submobjects), etc.:  50%|#####     | 45/90 [00:02<00:02, 19.64it/s]
Animation 26: Transform(VGroup of 300 submobjects), etc.:  53%|#####3    | 48/90 [00:02<00:02, 20.69it/s]
Animation 26: Transform(VGroup of 300 submobjects), etc.:  57%|#####6    | 51/90 [00:03<00:01, 20.77it/s]
Animation 26: Transform(VGroup of 300 submobjects), etc.:  60%|######    | 54/90 [00:03<00:01, 18.97it/s]
Animation 26: Transform(VGroup of 300 submobjects), etc.:  62%|######2   | 56/90 [00:03<00:01, 17.30it/s]
Animation 26: Transform(VGroup of 300 submobjects), etc.:  64%|######4   | 58/90 [00:03<00:01, 16.79it/s]
Animation 26: Transform(VGroup of 300 submobjects), etc.:  67%|######6   | 60/90 [00:03<00:01, 16.62it/s]
Animation 26: Transform(VGroup of 300 submobjects), etc.:  69%|######8   | 62/90 [00:03<00:01, 15.69it/s]
Animation 26: Transform(VGroup of 300 submobjects), etc.:  71%|#######1  | 64/90 [00:03<00:01, 16.39it/s]
Animation 26: Transform(VGroup of 300 submobjects), etc.:  73%|#######3  | 66/90 [00:04<00:01, 16.61it/s]
Animation 26: Transform(VGroup of 300 submobjects), etc.:  76%|#######5  | 68/90 [00:04<00:01, 17.17it/s]
Animation 26: Transform(VGroup of 300 submobjects), etc.:  78%|#######7  | 70/90 [00:04<00:01, 17.48it/s]
Animation 26: Transform(VGroup of 300 submobjects), etc.:  80%|########  | 72/90 [00:04<00:00, 18.06it/s]
Animation 26: Transform(VGroup of 300 submobjects), etc.:  82%|########2 | 74/90 [00:04<00:00, 18.08it/s]
Animation 26: Transform(VGroup of 300 submobjects), etc.:  86%|########5 | 77/90 [00:04<00:00, 18.98it/s]
Animation 26: Transform(VGroup of 300 submobjects), etc.:  88%|########7 | 79/90 [00:04<00:00, 18.95it/s]
Animation 26: Transform(VGroup of 300 submobjects), etc.:  90%|######### | 81/90 [00:04<00:00, 17.74it/s]
Animation 26: Transform(VGroup of 300 submobjects), etc.:  93%|#########3| 84/90 [00:04<00:00, 18.71it/s]
Animation 26: Transform(VGroup of 300 submobjects), etc.:  97%|#########6| 87/90 [00:05<00:00, 19.92it/s]
Animation 26: Transform(VGroup of 300 submobjects), etc.:  99%|#########8| 89/90 [00:05<00:00, 19.87it/s]
[09/10/26 10:52:57] INFO     Animation 26 : Partial    scene_file_writer.py:192
                             movie file written in                             
                             'C:\Users\Nacho\Documents                         
                             \Animaciones\Capitulo                             
                             7\media\videos\s06_conjun                         
                             ta\1080p60\partial_movie_                         
                             files\Conjunta\2932440949                         
                             _2064253563_1736500194.mp                         
                             4'                                                
[09/10/26 10:52:58] INFO     Animation 27 : Partial    scene_file_writer.py:192
                             movie file written in                             
                             'C:\Users\Nacho\Documents                         
                             \Animaciones\Capitulo                             
                             7\media\videos\s06_conjun                         
                             ta\1080p60\partial_movie_                         
                             files\Conjunta\2932440949                         
                             _3997669029_3592627479.mp                         
                             4'                                                
                                                                                                         

Animation 28: FadeIn(Text('la nube cambió por completo y las dos marginales siguen siendo las mismas')):   0%|         
 | 0/60 [00:00<?, ?it/s]
Animation 28: FadeIn(Text('la nube cambió por completo y las dos marginales siguen siendo las mismas')):   5%|5        
 | 3/60 [00:00<00:01, 29.68it/s]
Animation 28: FadeIn(Text('la nube cambió por completo y las dos marginales siguen siendo las mismas')):  10%|#        
 | 6/60 [00:00<00:01, 27.56it/s]
Animation 28: FadeIn(Text('la nube cambió por completo y las dos marginales siguen siendo las mismas')):  15%|#5       
 | 9/60 [00:00<00:01, 25.75it/s]
Animation 28: FadeIn(Text('la nube cambió por completo y las dos marginales siguen siendo las mismas')):  20%|##       
 | 12/60 [00:00<00:01, 25.13it/s]
Animation 28: FadeIn(Text('la nube cambió por completo y las dos marginales siguen siendo las mismas')):  25%|##5      
 | 15/60 [00:00<00:01, 24.02it/s]
Animation 28: FadeIn(Text('la nube cambió por completo y las dos marginales siguen siendo las mismas')):  32%|###1     
 | 19/60 [00:00<00:01, 26.33it/s]
Animation 28: FadeIn(Text('la nube cambió por completo y las dos marginales siguen siendo las mismas')):  38%|###8     
 | 23/60 [00:00<00:01, 27.51it/s]
Animation 28: FadeIn(Text('la nube cambió por completo y las dos marginales siguen siendo las mismas')):  43%|####3    
 | 26/60 [00:00<00:01, 28.11it/s]
Animation 28: FadeIn(Text('la nube cambió por completo y las dos marginales siguen siendo las mismas')):  48%|####8    
 | 29/60 [00:01<00:01, 26.30it/s]
Animation 28: FadeIn(Text('la nube cambió por completo y las dos marginales siguen siendo las mismas')):  55%|#####5   
 | 33/60 [00:01<00:00, 27.76it/s]
Animation 28: FadeIn(Text('la nube cambió por completo y las dos marginales siguen siendo las mismas')):  62%|######1  
 | 37/60 [00:01<00:00, 28.47it/s]
Animation 28: FadeIn(Text('la nube cambió por completo y las dos marginales siguen siendo las mismas')):  67%|######6  
 | 40/60 [00:01<00:00, 28.57it/s]
Animation 28: FadeIn(Text('la nube cambió por completo y las dos marginales siguen siendo las mismas')):  72%|#######1 
 | 43/60 [00:01<00:00, 28.90it/s]
Animation 28: FadeIn(Text('la nube cambió por completo y las dos marginales siguen siendo las mismas')):  77%|#######6 
 | 46/60 [00:01<00:00, 26.80it/s]
Animation 28: FadeIn(Text('la nube cambió por completo y las dos marginales siguen siendo las mismas')):  
82%|########1 | 49/60 [00:01<00:00, 26.89it/s]
Animation 28: FadeIn(Text('la nube cambió por completo y las dos marginales siguen siendo las mismas')):  
87%|########6 | 52/60 [00:01<00:00, 27.26it/s]
Animation 28: FadeIn(Text('la nube cambió por completo y las dos marginales siguen siendo las mismas')):  
92%|#########1| 55/60 [00:02<00:00, 25.57it/s]
Animation 28: FadeIn(Text('la nube cambió por completo y las dos marginales siguen siendo las mismas')):  
97%|#########6| 58/60 [00:02<00:00, 25.42it/s]
[09/10/26 10:53:01] INFO     Animation 28 : Partial    scene_file_writer.py:192
                             movie file written in                             
                             'C:\Users\Nacho\Documents                         
                             \Animaciones\Capitulo                             
                             7\media\videos\s06_conjun                         
                             ta\1080p60\partial_movie_                         
                             files\Conjunta\2932440949                         
                             _3351462138_4200545643.mp                         
                             4'                                                
[09/10/26 10:53:03] INFO     Animation 29 : Partial    scene_file_writer.py:192
                             movie file written in                             
                             'C:\Users\Nacho\Documents                         
                             \Animaciones\Capitulo                             
                             7\media\videos\s06_conjun                         
                             ta\1080p60\partial_movie_                         
                             files\Conjunta\2932440949                         
                             _266979614_2041277876.mp4                         
                             '                                                 
                                                                                                                       
                                 

Animation 30: FadeOut(VGroup of 16 submobjects):   0%|          | 0/60 [00:00<?, ?it/s]
Animation 30: FadeOut(VGroup of 16 submobjects):   3%|3         | 2/60 [00:00<00:05, 11.25it/s]
Animation 30: FadeOut(VGroup of 16 submobjects):   7%|6         | 4/60 [00:00<00:04, 12.02it/s]
Animation 30: FadeOut(VGroup of 16 submobjects):  10%|#         | 6/60 [00:00<00:04, 11.90it/s]
Animation 30: FadeOut(VGroup of 16 submobjects):  13%|#3        | 8/60 [00:00<00:04, 12.00it/s]
Animation 30: FadeOut(VGroup of 16 submobjects):  17%|#6        | 10/60 [00:00<00:04, 11.60it/s]
Animation 30: FadeOut(VGroup of 16 submobjects):  20%|##        | 12/60 [00:01<00:04, 11.17it/s]
Animation 30: FadeOut(VGroup of 16 submobjects):  23%|##3       | 14/60 [00:01<00:03, 11.72it/s]
Animation 30: FadeOut(VGroup of 16 submobjects):  27%|##6       | 16/60 [00:01<00:03, 12.13it/s]
Animation 30: FadeOut(VGroup of 16 submobjects):  30%|###       | 18/60 [00:01<00:03, 12.34it/s]
Animation 30: FadeOut(VGroup of 16 submobjects):  33%|###3      | 20/60 [00:01<00:03, 12.02it/s]
Animation 30: FadeOut(VGroup of 16 submobjects):  37%|###6      | 22/60 [00:01<00:03, 11.94it/s]
Animation 30: FadeOut(VGroup of 16 submobjects):  40%|####      | 24/60 [00:02<00:03, 11.71it/s]
Animation 30: FadeOut(VGroup of 16 submobjects):  43%|####3     | 26/60 [00:02<00:02, 11.47it/s]
Animation 30: FadeOut(VGroup of 16 submobjects):  47%|####6     | 28/60 [00:02<00:02, 10.89it/s]
Animation 30: FadeOut(VGroup of 16 submobjects):  50%|#####     | 30/60 [00:02<00:02, 11.45it/s]
Animation 30: FadeOut(VGroup of 16 submobjects):  53%|#####3    | 32/60 [00:02<00:02, 11.82it/s]
Animation 30: FadeOut(VGroup of 16 submobjects):  57%|#####6    | 34/60 [00:02<00:02, 11.78it/s]
Animation 30: FadeOut(VGroup of 16 submobjects):  60%|######    | 36/60 [00:03<00:02, 11.37it/s]
Animation 30: FadeOut(VGroup of 16 submobjects):  63%|######3   | 38/60 [00:03<00:01, 11.79it/s]
Animation 30: FadeOut(VGroup of 16 submobjects):  67%|######6   | 40/60 [00:03<00:01, 12.27it/s]
Animation 30: FadeOut(VGroup of 16 submobjects):  70%|#######   | 42/60 [00:03<00:01, 12.61it/s]
Animation 30: FadeOut(VGroup of 16 submobjects):  73%|#######3  | 44/60 [00:03<00:01, 12.06it/s]
Animation 30: FadeOut(VGroup of 16 submobjects):  77%|#######6  | 46/60 [00:03<00:01, 12.15it/s]
Animation 30: FadeOut(VGroup of 16 submobjects):  80%|########  | 48/60 [00:04<00:00, 12.42it/s]
Animation 30: FadeOut(VGroup of 16 submobjects):  83%|########3 | 50/60 [00:04<00:00, 12.51it/s]
Animation 30: FadeOut(VGroup of 16 submobjects):  87%|########6 | 52/60 [00:04<00:00, 12.41it/s]
Animation 30: FadeOut(VGroup of 16 submobjects):  90%|######### | 54/60 [00:04<00:00, 12.33it/s]
Animation 30: FadeOut(VGroup of 16 submobjects):  93%|#########3| 56/60 [00:04<00:00, 11.70it/s]
Animation 30: FadeOut(VGroup of 16 submobjects):  97%|#########6| 58/60 [00:04<00:00, 11.52it/s]
Animation 30: FadeOut(VGroup of 16 submobjects): 100%|##########| 60/60 [00:05<00:00, 11.73it/s]
[09/10/26 10:53:09] INFO     Animation 30 : Partial    scene_file_writer.py:192
                             movie file written in                             
                             'C:\Users\Nacho\Documents                         
                             \Animaciones\Capitulo                             
                             7\media\videos\s06_conjun                         
                             ta\1080p60\partial_movie_                         
                             files\Conjunta\2932440949                         
                             _1912336525_2706313130.mp                         
                             4'                                                
                                                                                                

Animation 31: FadeIn(Text('Las marginales son sombras de la conjunta.')):   0%|          | 0/60 [00:00<?, ?it/s]
Animation 31: FadeIn(Text('Las marginales son sombras de la conjunta.')):  15%|#5        | 9/60 [00:00<00:00, 
89.98it/s]
Animation 31: FadeIn(Text('Las marginales son sombras de la conjunta.')):  30%|###       | 18/60 [00:00<00:00, 
85.01it/s]
Animation 31: FadeIn(Text('Las marginales son sombras de la conjunta.')):  45%|####5     | 27/60 [00:00<00:00, 
86.42it/s]
Animation 31: FadeIn(Text('Las marginales son sombras de la conjunta.')):  60%|######    | 36/60 [00:00<00:00, 
82.99it/s]
Animation 31: FadeIn(Text('Las marginales son sombras de la conjunta.')):  77%|#######6  | 46/60 [00:00<00:00, 
86.72it/s]
Animation 31: FadeIn(Text('Las marginales son sombras de la conjunta.')):  92%|#########1| 55/60 [00:00<00:00, 
79.23it/s]
[09/10/26 10:53:10] INFO     Animation 31 : Partial    scene_file_writer.py:192
                             movie file written in                             
                             'C:\Users\Nacho\Documents                         
                             \Animaciones\Capitulo                             
                             7\media\videos\s06_conjun                         
                             ta\1080p60\partial_movie_                         
                             files\Conjunta\2932440949                         
                             _1973901061_3404447100.mp                         
                             4'                                                
                                                                                                                       
  

Animation 32: FadeIn(Text('Muchas conjuntas distintas proyectan la misma sombra.')):   0%|          | 0/60 [00:00<?, 
?it/s]
Animation 32: FadeIn(Text('Muchas conjuntas distintas proyectan la misma sombra.')):  15%|#5        | 9/60 
[00:00<00:00, 82.42it/s]
Animation 32: FadeIn(Text('Muchas conjuntas distintas proyectan la misma sombra.')):  30%|###       | 18/60 
[00:00<00:00, 79.44it/s]
Animation 32: FadeIn(Text('Muchas conjuntas distintas proyectan la misma sombra.')):  43%|####3     | 26/60 
[00:00<00:00, 74.18it/s]
Animation 32: FadeIn(Text('Muchas conjuntas distintas proyectan la misma sombra.')):  57%|#####6    | 34/60 
[00:00<00:00, 74.64it/s]
Animation 32: FadeIn(Text('Muchas conjuntas distintas proyectan la misma sombra.')):  70%|#######   | 42/60 
[00:00<00:00, 69.81it/s]
Animation 32: FadeIn(Text('Muchas conjuntas distintas proyectan la misma sombra.')):  83%|########3 | 50/60 
[00:00<00:00, 59.48it/s]
Animation 32: FadeIn(Text('Muchas conjuntas distintas proyectan la misma sombra.')):  97%|#########6| 58/60 
[00:00<00:00, 62.70it/s]
[09/10/26 10:53:12] INFO     Animation 32 : Partial    scene_file_writer.py:192
                             movie file written in                             
                             'C:\Users\Nacho\Documents                         
                             \Animaciones\Capitulo                             
                             7\media\videos\s06_conjun                         
                             ta\1080p60\partial_movie_                         
                             files\Conjunta\2932440949                         
                             _2780939157_2242312007.mp                         
                             4'                                                
                    INFO     Animation 33 : Partial    scene_file_writer.py:192
                             movie file written in                             
                             'C:\Users\Nacho\Documents                         
                             \Animaciones\Capitulo                             
                             7\media\videos\s06_conjun                         
                             ta\1080p60\partial_movie_                         
                             files\Conjunta\2932440949                         
                             _125152860_1479409296.mp4                         
                             '                                                 
                                                                                                                       
             

Animation 34: FadeIn(Text('Lo que falta es la dependencia entre las dos:')), etc.:   0%|          | 0/60 [00:00<?, 
?it/s]
Animation 34: FadeIn(Text('Lo que falta es la dependencia entre las dos:')), etc.:   5%|5         | 3/60 [00:00<00:02, 
26.24it/s]
Animation 34: FadeIn(Text('Lo que falta es la dependencia entre las dos:')), etc.:  10%|#         | 6/60 [00:00<00:02, 
23.83it/s]
Animation 34: FadeIn(Text('Lo que falta es la dependencia entre las dos:')), etc.:  15%|#5        | 9/60 [00:00<00:02, 
23.22it/s]
Animation 34: FadeIn(Text('Lo que falta es la dependencia entre las dos:')), etc.:  20%|##        | 12/60 
[00:00<00:02, 22.23it/s]
Animation 34: FadeIn(Text('Lo que falta es la dependencia entre las dos:')), etc.:  25%|##5       | 15/60 
[00:00<00:02, 22.30it/s]
Animation 34: FadeIn(Text('Lo que falta es la dependencia entre las dos:')), etc.:  30%|###       | 18/60 
[00:00<00:01, 21.53it/s]
Animation 34: FadeIn(Text('Lo que falta es la dependencia entre las dos:')), etc.:  35%|###5      | 21/60 
[00:00<00:01, 21.93it/s]
Animation 34: FadeIn(Text('Lo que falta es la dependencia entre las dos:')), etc.:  40%|####      | 24/60 
[00:01<00:01, 22.11it/s]
Animation 34: FadeIn(Text('Lo que falta es la dependencia entre las dos:')), etc.:  45%|####5     | 27/60 
[00:01<00:01, 22.01it/s]
Animation 34: FadeIn(Text('Lo que falta es la dependencia entre las dos:')), etc.:  50%|#####     | 30/60 
[00:01<00:01, 22.37it/s]
Animation 34: FadeIn(Text('Lo que falta es la dependencia entre las dos:')), etc.:  55%|#####5    | 33/60 
[00:01<00:01, 22.51it/s]
Animation 34: FadeIn(Text('Lo que falta es la dependencia entre las dos:')), etc.:  60%|######    | 36/60 
[00:01<00:01, 22.33it/s]
Animation 34: FadeIn(Text('Lo que falta es la dependencia entre las dos:')), etc.:  65%|######5   | 39/60 
[00:01<00:00, 22.65it/s]
Animation 34: FadeIn(Text('Lo que falta es la dependencia entre las dos:')), etc.:  70%|#######   | 42/60 
[00:01<00:00, 22.38it/s]
Animation 34: FadeIn(Text('Lo que falta es la dependencia entre las dos:')), etc.:  75%|#######5  | 45/60 
[00:02<00:00, 19.43it/s]
Animation 34: FadeIn(Text('Lo que falta es la dependencia entre las dos:')), etc.:  80%|########  | 48/60 
[00:02<00:00, 19.38it/s]
Animation 34: FadeIn(Text('Lo que falta es la dependencia entre las dos:')), etc.:  85%|########5 | 51/60 
[00:02<00:00, 19.97it/s]
Animation 34: FadeIn(Text('Lo que falta es la dependencia entre las dos:')), etc.:  90%|######### | 54/60 
[00:02<00:00, 19.97it/s]
Animation 34: FadeIn(Text('Lo que falta es la dependencia entre las dos:')), etc.:  95%|#########5| 57/60 
[00:02<00:00, 17.63it/s]
Animation 34: FadeIn(Text('Lo que falta es la dependencia entre las dos:')), etc.:  98%|#########8| 59/60 
[00:02<00:00, 17.79it/s]
[09/10/26 10:53:17] INFO     Animation 34 : Partial    scene_file_writer.py:192
                             movie file written in                             
                             'C:\Users\Nacho\Documents                         
                             \Animaciones\Capitulo                             
                             7\media\videos\s06_conjun                         
                             ta\1080p60\partial_movie_                         
                             files\Conjunta\2932440949                         
                             _2987057946_137445902.mp4                         
                             '                                                 
[09/10/26 10:53:21] INFO     Animation 35 : Partial    scene_file_writer.py:192
                             movie file written in                             
                             'C:\Users\Nacho\Documents                         
                             \Animaciones\Capitulo                             
                             7\media\videos\s06_conjun                         
                             ta\1080p60\partial_movie_                         
                             files\Conjunta\2932440949                         
                             _349589963_3289796434.mp4                         
                             '                                                 
                                                                                                                       
           

Animation 36: FadeOut(VGroup of 2 submobjects):   0%|          | 0/60 [00:00<?, ?it/s]
Animation 36: FadeOut(VGroup of 2 submobjects):   3%|3         | 2/60 [00:00<00:05, 11.34it/s]
Animation 36: FadeOut(VGroup of 2 submobjects):   7%|6         | 4/60 [00:00<00:04, 11.23it/s]
Animation 36: FadeOut(VGroup of 2 submobjects):  10%|#         | 6/60 [00:00<00:04, 10.93it/s]
Animation 36: FadeOut(VGroup of 2 submobjects):  13%|#3        | 8/60 [00:00<00:04, 11.13it/s]
Animation 36: FadeOut(VGroup of 2 submobjects):  17%|#6        | 10/60 [00:00<00:04, 10.95it/s]
Animation 36: FadeOut(VGroup of 2 submobjects):  20%|##        | 12/60 [00:01<00:04, 10.97it/s]
Animation 36: FadeOut(VGroup of 2 submobjects):  23%|##3       | 14/60 [00:01<00:04, 10.88it/s]
Animation 36: FadeOut(VGroup of 2 submobjects):  27%|##6       | 16/60 [00:01<00:04, 10.99it/s]
Animation 36: FadeOut(VGroup of 2 submobjects):  30%|###       | 18/60 [00:01<00:03, 11.06it/s]
Animation 36: FadeOut(VGroup of 2 submobjects):  33%|###3      | 20/60 [00:01<00:03, 11.03it/s]
Animation 36: FadeOut(VGroup of 2 submobjects):  37%|###6      | 22/60 [00:01<00:03, 11.06it/s]
Animation 36: FadeOut(VGroup of 2 submobjects):  40%|####      | 24/60 [00:02<00:03, 11.04it/s]
Animation 36: FadeOut(VGroup of 2 submobjects):  43%|####3     | 26/60 [00:02<00:03, 11.33it/s]
Animation 36: FadeOut(VGroup of 2 submobjects):  47%|####6     | 28/60 [00:02<00:02, 10.81it/s]
Animation 36: FadeOut(VGroup of 2 submobjects):  50%|#####     | 30/60 [00:02<00:02, 10.85it/s]
Animation 36: FadeOut(VGroup of 2 submobjects):  53%|#####3    | 32/60 [00:02<00:02, 10.74it/s]
Animation 36: FadeOut(VGroup of 2 submobjects):  57%|#####6    | 34/60 [00:03<00:02, 10.09it/s]
Animation 36: FadeOut(VGroup of 2 submobjects):  60%|######    | 36/60 [00:03<00:02, 10.07it/s]
Animation 36: FadeOut(VGroup of 2 submobjects):  63%|######3   | 38/60 [00:03<00:02, 10.16it/s]
Animation 36: FadeOut(VGroup of 2 submobjects):  67%|######6   | 40/60 [00:03<00:01, 10.31it/s]
Animation 36: FadeOut(VGroup of 2 submobjects):  70%|#######   | 42/60 [00:03<00:01, 10.24it/s]
Animation 36: FadeOut(VGroup of 2 submobjects):  73%|#######3  | 44/60 [00:04<00:01,  9.03it/s]
Animation 36: FadeOut(VGroup of 2 submobjects):  77%|#######6  | 46/60 [00:04<00:01,  9.51it/s]
Animation 36: FadeOut(VGroup of 2 submobjects):  78%|#######8  | 47/60 [00:04<00:01,  9.31it/s]
Animation 36: FadeOut(VGroup of 2 submobjects):  80%|########  | 48/60 [00:04<00:01,  9.29it/s]
Animation 36: FadeOut(VGroup of 2 submobjects):  83%|########3 | 50/60 [00:04<00:01,  9.73it/s]
Animation 36: FadeOut(VGroup of 2 submobjects):  85%|########5 | 51/60 [00:04<00:00,  9.71it/s]
Animation 36: FadeOut(VGroup of 2 submobjects):  87%|########6 | 52/60 [00:05<00:00,  9.31it/s]
Animation 36: FadeOut(VGroup of 2 submobjects):  90%|######### | 54/60 [00:05<00:00,  9.73it/s]
Animation 36: FadeOut(VGroup of 2 submobjects):  92%|#########1| 55/60 [00:05<00:00,  9.75it/s]
Animation 36: FadeOut(VGroup of 2 submobjects):  93%|#########3| 56/60 [00:05<00:00,  9.68it/s]
Animation 36: FadeOut(VGroup of 2 submobjects):  95%|#########5| 57/60 [00:05<00:00,  9.70it/s]
Animation 36: FadeOut(VGroup of 2 submobjects):  98%|#########8| 59/60 [00:05<00:00, 10.25it/s]
[09/10/26 10:53:30] INFO     Animation 36 : Partial    scene_file_writer.py:192
                             movie file written in                             
                             'C:\Users\Nacho\Documents                         
                             \Animaciones\Capitulo                             
                             7\media\videos\s06_conjun                         
                             ta\1080p60\partial_movie_                         
                             files\Conjunta\2932440949                         
                             _90787282_3347429768.mp4'                         
[09/10/26 10:53:31] INFO     Animation 37 : Partial    scene_file_writer.py:192
                             movie file written in                             
                             'C:\Users\Nacho\Documents                         
                             \Animaciones\Capitulo                             
                             7\media\videos\s06_conjun                         
                             ta\1080p60\partial_movie_                         
                             files\Conjunta\2932440949                         
                             _4235033027_4241209112.mp                         
                             4'                                                
                    INFO     Combining to Movie file.  scene_file_writer.py:952
                    INFO                              scene_file_writer.py:1103
                             File ready at                                     
                             'C:\Users\Nacho\Document                          
                             s\Animaciones\Capitulo                            
                             7\media\videos\s06_conju                          
                             nta\1080p60\Conjunta.mp4                          
                             '                                                 
                                                                               
                    INFO     Rendered Conjunta                     scene.py:290
                             Played 38 animations                              
                                                                                               
Manim Community v0.21.0

manim.exe : 
En C:\Users\Nacho\Documents\Animaciones\Capitulo 7\render.ps1: 49 Carácter: 9
+         & manim "-$Calidad" $e.archivo $e.escena *>> $log
+         ~~~~~~~~~~~~~~~~~~~~~~~~~~~~~~~~~~~~~~~~~~~~~~~~~
    + CategoryInfo          : NotSpecified: (:String) [], RemoteException
    + FullyQualifiedErrorId : NativeCommandError
 
Animation 0: FadeIn(Text('Covarianza y coeficiente de correlación')):   0%|          | 0/60 [00:00<?, ?it/s]
Animation 0: FadeIn(Text('Covarianza y coeficiente de correlación')):  17%|#6        | 10/60 [00:00<00:00, 91.85it/s]
Animation 0: FadeIn(Text('Covarianza y coeficiente de correlación')):  33%|###3      | 20/60 [00:00<00:00, 85.64it/s]
Animation 0: FadeIn(Text('Covarianza y coeficiente de correlación')):  50%|#####     | 30/60 [00:00<00:00, 90.46it/s]
Animation 0: FadeIn(Text('Covarianza y coeficiente de correlación')):  67%|######6   | 40/60 [00:00<00:00, 87.73it/s]
Animation 0: FadeIn(Text('Covarianza y coeficiente de correlación')):  87%|########6 | 52/60 [00:00<00:00, 95.93it/s]
[09/10/26 10:53:34] INFO     Animation 0 : Partial     scene_file_writer.py:192
                             movie file written in                             
                             'C:\Users\Nacho\Documents                         
                             \Animaciones\Capitulo                             
                             7\media\videos\s07_correl                         
                             acion\1080p60\partial_mov                         
                             ie_files\Correlacion\3010                         
                             004561_3475735109_2231324                         
                             57.mp4'                                           
[09/10/26 10:53:35] INFO     Animation 1 : Partial     scene_file_writer.py:192
                             movie file written in                             
                             'C:\Users\Nacho\Documents                         
                             \Animaciones\Capitulo                             
                             7\media\videos\s07_correl                         
                             acion\1080p60\partial_mov                         
                             ie_files\Correlacion\2932                         
                             440949_4235033027_7266698                         
                             67.mp4'                                           
                                                                                                                     

Animation 2: Create(Axes of 2 submobjects), etc.:   0%|          | 0/60 [00:00<?, ?it/s]
Animation 2: Create(Axes of 2 submobjects), etc.:  32%|###1      | 19/60 [00:00<00:00, 185.59it/s]
Animation 2: Create(Axes of 2 submobjects), etc.:  63%|######3   | 38/60 [00:00<00:00, 158.67it/s]
Animation 2: Create(Axes of 2 submobjects), etc.:  92%|#########1| 55/60 [00:00<00:00, 80.87it/s] 
[09/10/26 10:53:36] INFO     Animation 2 : Partial     scene_file_writer.py:192
                             movie file written in                             
                             'C:\Users\Nacho\Documents                         
                             \Animaciones\Capitulo                             
                             7\media\videos\s07_correl                         
                             acion\1080p60\partial_mov                         
                             ie_files\Correlacion\2932                         
                             440949_3261933559_1045771                         
                             281.mp4'                                          
                                                                                                 

Animation 3: FadeIn(MathTex('r_{X,Y}=E[XY]')), etc.:   0%|          | 0/36 [00:00<?, ?it/s]
Animation 3: FadeIn(MathTex('r_{X,Y}=E[XY]')), etc.:  11%|#1        | 4/36 [00:00<00:00, 39.12it/s]
Animation 3: FadeIn(MathTex('r_{X,Y}=E[XY]')), etc.:  22%|##2       | 8/36 [00:00<00:00, 35.72it/s]
Animation 3: FadeIn(MathTex('r_{X,Y}=E[XY]')), etc.:  36%|###6      | 13/36 [00:00<00:00, 39.93it/s]
Animation 3: FadeIn(MathTex('r_{X,Y}=E[XY]')), etc.:  50%|#####     | 18/36 [00:00<00:00, 38.76it/s]
Animation 3: FadeIn(MathTex('r_{X,Y}=E[XY]')), etc.:  61%|######1   | 22/36 [00:00<00:00, 38.64it/s]
Animation 3: FadeIn(MathTex('r_{X,Y}=E[XY]')), etc.:  75%|#######5  | 27/36 [00:00<00:00, 38.73it/s]
Animation 3: FadeIn(MathTex('r_{X,Y}=E[XY]')), etc.:  86%|########6 | 31/36 [00:00<00:00, 38.03it/s]
Animation 3: FadeIn(MathTex('r_{X,Y}=E[XY]')), etc.:  97%|#########7| 35/36 [00:00<00:00, 38.47it/s]
[09/10/26 10:53:38] INFO     Animation 3 : Partial     scene_file_writer.py:192
                             movie file written in                             
                             'C:\Users\Nacho\Documents                         
                             \Animaciones\Capitulo                             
                             7\media\videos\s07_correl                         
                             acion\1080p60\partial_mov                         
                             ie_files\Correlacion\2932                         
                             440949_3164507284_1469249                         
                             458.mp4'                                          
                                                                                                    

Animation 4: FadeIn(MathTex('\\sigma_{X,Y}=E[XY]-E[X]E[Y]')), etc.:   0%|          | 0/36 [00:00<?, ?it/s]
Animation 4: FadeIn(MathTex('\\sigma_{X,Y}=E[XY]-E[X]E[Y]')), etc.:  11%|#1        | 4/36 [00:00<00:00, 35.65it/s]
Animation 4: FadeIn(MathTex('\\sigma_{X,Y}=E[XY]-E[X]E[Y]')), etc.:  22%|##2       | 8/36 [00:00<00:00, 34.08it/s]
Animation 4: FadeIn(MathTex('\\sigma_{X,Y}=E[XY]-E[X]E[Y]')), etc.:  33%|###3      | 12/36 [00:00<00:00, 33.96it/s]
Animation 4: FadeIn(MathTex('\\sigma_{X,Y}=E[XY]-E[X]E[Y]')), etc.:  44%|####4     | 16/36 [00:00<00:00, 34.89it/s]
Animation 4: FadeIn(MathTex('\\sigma_{X,Y}=E[XY]-E[X]E[Y]')), etc.:  56%|#####5    | 20/36 [00:00<00:00, 34.94it/s]
Animation 4: FadeIn(MathTex('\\sigma_{X,Y}=E[XY]-E[X]E[Y]')), etc.:  67%|######6   | 24/36 [00:00<00:00, 33.42it/s]
Animation 4: FadeIn(MathTex('\\sigma_{X,Y}=E[XY]-E[X]E[Y]')), etc.:  78%|#######7  | 28/36 [00:00<00:00, 33.13it/s]
Animation 4: FadeIn(MathTex('\\sigma_{X,Y}=E[XY]-E[X]E[Y]')), etc.:  89%|########8 | 32/36 [00:00<00:00, 32.59it/s]
Animation 4: FadeIn(MathTex('\\sigma_{X,Y}=E[XY]-E[X]E[Y]')), etc.: 100%|##########| 36/36 [00:01<00:00, 32.20it/s]
[09/10/26 10:53:40] INFO     Animation 4 : Partial     scene_file_writer.py:192
                             movie file written in                             
                             'C:\Users\Nacho\Documents                         
                             \Animaciones\Capitulo                             
                             7\media\videos\s07_correl                         
                             acion\1080p60\partial_mov                         
                             ie_files\Correlacion\2932                         
                             440949_551135202_36696868                         
                             03.mp4'                                           
                                                                                                                   

Animation 5: FadeIn(MathTex('\\rho_{X,Y}=\\frac{\\sigma_{X,Y}}{\\sigma_X\\,\\sigma_Y}')), etc.:   0%|          | 0/36 
[00:00<?, ?it/s]
Animation 5: FadeIn(MathTex('\\rho_{X,Y}=\\frac{\\sigma_{X,Y}}{\\sigma_X\\,\\sigma_Y}')), etc.:   8%|8         | 3/36 
[00:00<00:01, 23.36it/s]
Animation 5: FadeIn(MathTex('\\rho_{X,Y}=\\frac{\\sigma_{X,Y}}{\\sigma_X\\,\\sigma_Y}')), etc.:  17%|#6        | 6/36 
[00:00<00:01, 25.30it/s]
Animation 5: FadeIn(MathTex('\\rho_{X,Y}=\\frac{\\sigma_{X,Y}}{\\sigma_X\\,\\sigma_Y}')), etc.:  28%|##7       | 10/36 
[00:00<00:00, 28.18it/s]
Animation 5: FadeIn(MathTex('\\rho_{X,Y}=\\frac{\\sigma_{X,Y}}{\\sigma_X\\,\\sigma_Y}')), etc.:  36%|###6      | 13/36 
[00:00<00:00, 28.64it/s]
Animation 5: FadeIn(MathTex('\\rho_{X,Y}=\\frac{\\sigma_{X,Y}}{\\sigma_X\\,\\sigma_Y}')), etc.:  44%|####4     | 16/36 
[00:00<00:00, 28.95it/s]
Animation 5: FadeIn(MathTex('\\rho_{X,Y}=\\frac{\\sigma_{X,Y}}{\\sigma_X\\,\\sigma_Y}')), etc.:  56%|#####5    | 20/36 
[00:00<00:00, 30.86it/s]
Animation 5: FadeIn(MathTex('\\rho_{X,Y}=\\frac{\\sigma_{X,Y}}{\\sigma_X\\,\\sigma_Y}')), etc.:  67%|######6   | 24/36 
[00:00<00:00, 29.90it/s]
Animation 5: FadeIn(MathTex('\\rho_{X,Y}=\\frac{\\sigma_{X,Y}}{\\sigma_X\\,\\sigma_Y}')), etc.:  78%|#######7  | 28/36 
[00:00<00:00, 29.64it/s]
Animation 5: FadeIn(MathTex('\\rho_{X,Y}=\\frac{\\sigma_{X,Y}}{\\sigma_X\\,\\sigma_Y}')), etc.:  89%|########8 | 32/36 
[00:01<00:00, 30.53it/s]
Animation 5: FadeIn(MathTex('\\rho_{X,Y}=\\frac{\\sigma_{X,Y}}{\\sigma_X\\,\\sigma_Y}')), etc.: 100%|##########| 36/36 
[00:01<00:00, 29.96it/s]
[09/10/26 10:53:42] INFO     Animation 5 : Partial     scene_file_writer.py:192
                             movie file written in                             
                             'C:\Users\Nacho\Documents                         
                             \Animaciones\Capitulo                             
                             7\media\videos\s07_correl                         
                             acion\1080p60\partial_mov                         
                             ie_files\Correlacion\2932                         
                             440949_1788904710_1291390                         
                             013.mp4'                                          
[09/10/26 10:53:44] INFO     Animation 6 : Partial     scene_file_writer.py:192
                             movie file written in                             
                             'C:\Users\Nacho\Documents                         
                             \Animaciones\Capitulo                             
                             7\media\videos\s07_correl                         
                             acion\1080p60\partial_mov                         
                             ie_files\Correlacion\2932                         
                             440949_941615173_35481330                         
                             21.mp4'                                           
                                                                                                                       
                        

Animation 7: FadeIn(VGroup of 320 submobjects):   0%|          | 0/84 [00:00<?, ?it/s]
Animation 7: FadeIn(VGroup of 320 submobjects):   2%|2         | 2/84 [00:00<00:07, 10.56it/s]
Animation 7: FadeIn(VGroup of 320 submobjects):   5%|4         | 4/84 [00:00<00:07, 10.59it/s]
Animation 7: FadeIn(VGroup of 320 submobjects):   7%|7         | 6/84 [00:00<00:07, 10.46it/s]
Animation 7: FadeIn(VGroup of 320 submobjects):  10%|9         | 8/84 [00:00<00:07, 10.65it/s]
Animation 7: FadeIn(VGroup of 320 submobjects):  12%|#1        | 10/84 [00:00<00:06, 10.69it/s]
Animation 7: FadeIn(VGroup of 320 submobjects):  14%|#4        | 12/84 [00:01<00:06, 10.64it/s]
Animation 7: FadeIn(VGroup of 320 submobjects):  17%|#6        | 14/84 [00:01<00:06, 10.56it/s]
Animation 7: FadeIn(VGroup of 320 submobjects):  19%|#9        | 16/84 [00:01<00:06, 10.53it/s]
Animation 7: FadeIn(VGroup of 320 submobjects):  21%|##1       | 18/84 [00:01<00:06, 10.40it/s]
Animation 7: FadeIn(VGroup of 320 submobjects):  24%|##3       | 20/84 [00:01<00:06, 10.37it/s]
Animation 7: FadeIn(VGroup of 320 submobjects):  26%|##6       | 22/84 [00:02<00:05, 10.44it/s]
Animation 7: FadeIn(VGroup of 320 submobjects):  29%|##8       | 24/84 [00:02<00:05, 10.55it/s]
Animation 7: FadeIn(VGroup of 320 submobjects):  31%|###       | 26/84 [00:02<00:05, 10.25it/s]
Animation 7: FadeIn(VGroup of 320 submobjects):  33%|###3      | 28/84 [00:02<00:05, 10.22it/s]
Animation 7: FadeIn(VGroup of 320 submobjects):  36%|###5      | 30/84 [00:02<00:05, 10.32it/s]
Animation 7: FadeIn(VGroup of 320 submobjects):  38%|###8      | 32/84 [00:03<00:05, 10.20it/s]
Animation 7: FadeIn(VGroup of 320 submobjects):  40%|####      | 34/84 [00:03<00:04, 10.29it/s]
Animation 7: FadeIn(VGroup of 320 submobjects):  43%|####2     | 36/84 [00:03<00:04, 10.09it/s]
Animation 7: FadeIn(VGroup of 320 submobjects):  45%|####5     | 38/84 [00:03<00:04,  9.96it/s]
Animation 7: FadeIn(VGroup of 320 submobjects):  48%|####7     | 40/84 [00:03<00:04,  9.87it/s]
Animation 7: FadeIn(VGroup of 320 submobjects):  49%|####8     | 41/84 [00:03<00:04,  9.69it/s]
Animation 7: FadeIn(VGroup of 320 submobjects):  51%|#####1    | 43/84 [00:04<00:04,  8.59it/s]
Animation 7: FadeIn(VGroup of 320 submobjects):  52%|#####2    | 44/84 [00:04<00:04,  8.56it/s]
Animation 7: FadeIn(VGroup of 320 submobjects):  54%|#####3    | 45/84 [00:04<00:04,  8.73it/s]
Animation 7: FadeIn(VGroup of 320 submobjects):  55%|#####4    | 46/84 [00:04<00:04,  8.83it/s]
Animation 7: FadeIn(VGroup of 320 submobjects):  56%|#####5    | 47/84 [00:04<00:04,  9.00it/s]
Animation 7: FadeIn(VGroup of 320 submobjects):  57%|#####7    | 48/84 [00:04<00:03,  9.08it/s]
Animation 7: FadeIn(VGroup of 320 submobjects):  58%|#####8    | 49/84 [00:04<00:03,  8.99it/s]
Animation 7: FadeIn(VGroup of 320 submobjects):  60%|#####9    | 50/84 [00:05<00:03,  9.22it/s]
Animation 7: FadeIn(VGroup of 320 submobjects):  61%|######    | 51/84 [00:05<00:03,  9.39it/s]
Animation 7: FadeIn(VGroup of 320 submobjects):  62%|######1   | 52/84 [00:05<00:03,  9.32it/s]
Animation 7: FadeIn(VGroup of 320 submobjects):  63%|######3   | 53/84 [00:05<00:03,  9.18it/s]
Animation 7: FadeIn(VGroup of 320 submobjects):  64%|######4   | 54/84 [00:05<00:03,  8.94it/s]
Animation 7: FadeIn(VGroup of 320 submobjects):  65%|######5   | 55/84 [00:05<00:03,  8.85it/s]
Animation 7: FadeIn(VGroup of 320 submobjects):  67%|######6   | 56/84 [00:05<00:03,  9.15it/s]
Animation 7: FadeIn(VGroup of 320 submobjects):  68%|######7   | 57/84 [00:05<00:03,  8.93it/s]
Animation 7: FadeIn(VGroup of 320 submobjects):  69%|######9   | 58/84 [00:05<00:02,  8.93it/s]
Animation 7: FadeIn(VGroup of 320 submobjects):  70%|#######   | 59/84 [00:06<00:02,  9.12it/s]
Animation 7: FadeIn(VGroup of 320 submobjects):  71%|#######1  | 60/84 [00:06<00:02,  8.88it/s]
Animation 7: FadeIn(VGroup of 320 submobjects):  73%|#######2  | 61/84 [00:06<00:02,  8.96it/s]
Animation 7: FadeIn(VGroup of 320 submobjects):  74%|#######3  | 62/84 [00:06<00:02,  9.15it/s]
Animation 7: FadeIn(VGroup of 320 submobjects):  75%|#######5  | 63/84 [00:06<00:02,  9.39it/s]
Animation 7: FadeIn(VGroup of 320 submobjects):  76%|#######6  | 64/84 [00:06<00:02,  9.30it/s]
Animation 7: FadeIn(VGroup of 320 submobjects):  77%|#######7  | 65/84 [00:06<00:02,  9.16it/s]
Animation 7: FadeIn(VGroup of 320 submobjects):  79%|#######8  | 66/84 [00:06<00:01,  9.12it/s]
Animation 7: FadeIn(VGroup of 320 submobjects):  81%|########  | 68/84 [00:07<00:01,  9.21it/s]
Animation 7: FadeIn(VGroup of 320 submobjects):  82%|########2 | 69/84 [00:07<00:01,  9.11it/s]
Animation 7: FadeIn(VGroup of 320 submobjects):  85%|########4 | 71/84 [00:07<00:01,  9.39it/s]
Animation 7: FadeIn(VGroup of 320 submobjects):  86%|########5 | 72/84 [00:07<00:01,  9.36it/s]
Animation 7: FadeIn(VGroup of 320 submobjects):  87%|########6 | 73/84 [00:07<00:01,  9.30it/s]
Animation 7: FadeIn(VGroup of 320 submobjects):  88%|########8 | 74/84 [00:07<00:01,  9.22it/s]
Animation 7: FadeIn(VGroup of 320 submobjects):  89%|########9 | 75/84 [00:07<00:00,  9.16it/s]
Animation 7: FadeIn(VGroup of 320 submobjects):  90%|######### | 76/84 [00:07<00:00,  9.11it/s]
Animation 7: FadeIn(VGroup of 320 submobjects):  92%|#########1| 77/84 [00:07<00:00,  9.08it/s]
Animation 7: FadeIn(VGroup of 320 submobjects):  93%|#########2| 78/84 [00:08<00:00,  9.26it/s]
Animation 7: FadeIn(VGroup of 320 submobjects):  94%|#########4| 79/84 [00:08<00:00,  9.35it/s]
Animation 7: FadeIn(VGroup of 320 submobjects):  95%|#########5| 80/84 [00:08<00:00,  8.89it/s]
Animation 7: FadeIn(VGroup of 320 submobjects):  96%|#########6| 81/84 [00:08<00:00,  8.75it/s]
Animation 7: FadeIn(VGroup of 320 submobjects):  98%|#########7| 82/84 [00:08<00:00,  8.66it/s]
Animation 7: FadeIn(VGroup of 320 submobjects): 100%|##########| 84/84 [00:08<00:00,  8.82it/s]
[09/10/26 10:53:54] INFO     Animation 7 : Partial     scene_file_writer.py:192
                             movie file written in                             
                             'C:\Users\Nacho\Documents                         
                             \Animaciones\Capitulo                             
                             7\media\videos\s07_correl                         
                             acion\1080p60\partial_mov                         
                             ie_files\Correlacion\2932                         
                             440949_711265608_17622521                         
                             89.mp4'                                           
                                                                                               

Animation 8: FadeIn(VGroup of 2 submobjects):   0%|          | 0/60 [00:00<?, ?it/s]
Animation 8: FadeIn(VGroup of 2 submobjects):   3%|3         | 2/60 [00:00<00:04, 12.54it/s]
Animation 8: FadeIn(VGroup of 2 submobjects):   7%|6         | 4/60 [00:00<00:05, 10.69it/s]
Animation 8: FadeIn(VGroup of 2 submobjects):  10%|#         | 6/60 [00:00<00:05, 10.49it/s]
Animation 8: FadeIn(VGroup of 2 submobjects):  13%|#3        | 8/60 [00:00<00:04, 10.96it/s]
Animation 8: FadeIn(VGroup of 2 submobjects):  17%|#6        | 10/60 [00:00<00:04, 11.42it/s]
Animation 8: FadeIn(VGroup of 2 submobjects):  20%|##        | 12/60 [00:01<00:04, 11.63it/s]
Animation 8: FadeIn(VGroup of 2 submobjects):  23%|##3       | 14/60 [00:01<00:04, 11.46it/s]
Animation 8: FadeIn(VGroup of 2 submobjects):  27%|##6       | 16/60 [00:01<00:03, 11.86it/s]
Animation 8: FadeIn(VGroup of 2 submobjects):  30%|###       | 18/60 [00:01<00:03, 11.83it/s]
Animation 8: FadeIn(VGroup of 2 submobjects):  33%|###3      | 20/60 [00:01<00:03, 11.82it/s]
Animation 8: FadeIn(VGroup of 2 submobjects):  37%|###6      | 22/60 [00:01<00:03, 11.92it/s]
Animation 8: FadeIn(VGroup of 2 submobjects):  40%|####      | 24/60 [00:02<00:03, 11.78it/s]
Animation 8: FadeIn(VGroup of 2 submobjects):  43%|####3     | 26/60 [00:02<00:02, 11.92it/s]
Animation 8: FadeIn(VGroup of 2 submobjects):  47%|####6     | 28/60 [00:02<00:02, 11.83it/s]
Animation 8: FadeIn(VGroup of 2 submobjects):  50%|#####     | 30/60 [00:02<00:02, 12.02it/s]
Animation 8: FadeIn(VGroup of 2 submobjects):  53%|#####3    | 32/60 [00:02<00:02, 11.97it/s]
Animation 8: FadeIn(VGroup of 2 submobjects):  57%|#####6    | 34/60 [00:02<00:02, 12.16it/s]
Animation 8: FadeIn(VGroup of 2 submobjects):  60%|######    | 36/60 [00:03<00:01, 12.13it/s]
Animation 8: FadeIn(VGroup of 2 submobjects):  63%|######3   | 38/60 [00:03<00:01, 12.19it/s]
Animation 8: FadeIn(VGroup of 2 submobjects):  67%|######6   | 40/60 [00:03<00:01, 11.99it/s]
Animation 8: FadeIn(VGroup of 2 submobjects):  70%|#######   | 42/60 [00:03<00:01, 11.49it/s]
Animation 8: FadeIn(VGroup of 2 submobjects):  73%|#######3  | 44/60 [00:03<00:01, 10.32it/s]
Animation 8: FadeIn(VGroup of 2 submobjects):  77%|#######6  | 46/60 [00:03<00:01, 10.84it/s]
Animation 8: FadeIn(VGroup of 2 submobjects):  80%|########  | 48/60 [00:04<00:01, 10.78it/s]
Animation 8: FadeIn(VGroup of 2 submobjects):  83%|########3 | 50/60 [00:04<00:00, 10.99it/s]
Animation 8: FadeIn(VGroup of 2 submobjects):  87%|########6 | 52/60 [00:04<00:00, 10.03it/s]
Animation 8: FadeIn(VGroup of 2 submobjects):  90%|######### | 54/60 [00:04<00:00,  9.44it/s]
Animation 8: FadeIn(VGroup of 2 submobjects):  93%|#########3| 56/60 [00:05<00:00,  9.85it/s]
Animation 8: FadeIn(VGroup of 2 submobjects):  97%|#########6| 58/60 [00:05<00:00, 10.48it/s]
Animation 8: FadeIn(VGroup of 2 submobjects): 100%|##########| 60/60 [00:05<00:00, 10.95it/s]
[09/10/26 10:54:00] INFO     Animation 8 : Partial     scene_file_writer.py:192
                             movie file written in                             
                             'C:\Users\Nacho\Documents                         
                             \Animaciones\Capitulo                             
                             7\media\videos\s07_correl                         
                             acion\1080p60\partial_mov                         
                             ie_files\Correlacion\2932                         
                             440949_1916081061_2273578                         
                             409.mp4'                                          
[09/10/26 10:54:02] INFO     Animation 9 : Partial     scene_file_writer.py:192
                             movie file written in                             
                             'C:\Users\Nacho\Documents                         
                             \Animaciones\Capitulo                             
                             7\media\videos\s07_correl                         
                             acion\1080p60\partial_mov                         
                             ie_files\Correlacion\2932                         
                             440949_125152860_13995291                         
                             5.mp4'                                            
                                                                                             

Animation 10: Transform(VGroup of 320 submobjects):   0%|          | 0/96 [00:00<?, ?it/s]
Animation 10: Transform(VGroup of 320 submobjects):   1%|1         | 1/96 [00:00<00:16,  5.69it/s]
Animation 10: Transform(VGroup of 320 submobjects):   2%|2         | 2/96 [00:00<00:15,  6.02it/s]
Animation 10: Transform(VGroup of 320 submobjects):   3%|3         | 3/96 [00:00<00:21,  4.37it/s]
Animation 10: Transform(VGroup of 320 submobjects):   4%|4         | 4/96 [00:00<00:18,  4.99it/s]
Animation 10: Transform(VGroup of 320 submobjects):   5%|5         | 5/96 [00:00<00:16,  5.49it/s]
Animation 10: Transform(VGroup of 320 submobjects):   6%|6         | 6/96 [00:01<00:16,  5.60it/s]
Animation 10: Transform(VGroup of 320 submobjects):   7%|7         | 7/96 [00:01<00:15,  5.92it/s]
Animation 10: Transform(VGroup of 320 submobjects):   8%|8         | 8/96 [00:01<00:14,  6.09it/s]
Animation 10: Transform(VGroup of 320 submobjects):   9%|9         | 9/96 [00:01<00:14,  6.15it/s]
Animation 10: Transform(VGroup of 320 submobjects):  10%|#         | 10/96 [00:01<00:13,  6.18it/s]
Animation 10: Transform(VGroup of 320 submobjects):  11%|#1        | 11/96 [00:01<00:15,  5.52it/s]
Animation 10: Transform(VGroup of 320 submobjects):  12%|#2        | 12/96 [00:02<00:15,  5.54it/s]
Animation 10: Transform(VGroup of 320 submobjects):  14%|#3        | 13/96 [00:02<00:14,  5.58it/s]
Animation 10: Transform(VGroup of 320 submobjects):  15%|#4        | 14/96 [00:02<00:14,  5.70it/s]
Animation 10: Transform(VGroup of 320 submobjects):  16%|#5        | 15/96 [00:02<00:14,  5.71it/s]
Animation 10: Transform(VGroup of 320 submobjects):  17%|#6        | 16/96 [00:02<00:14,  5.60it/s]
Animation 10: Transform(VGroup of 320 submobjects):  18%|#7        | 17/96 [00:03<00:14,  5.39it/s]
Animation 10: Transform(VGroup of 320 submobjects):  19%|#8        | 18/96 [00:03<00:14,  5.50it/s]
Animation 10: Transform(VGroup of 320 submobjects):  20%|#9        | 19/96 [00:03<00:13,  5.54it/s]
Animation 10: Transform(VGroup of 320 submobjects):  21%|##        | 20/96 [00:03<00:13,  5.64it/s]
Animation 10: Transform(VGroup of 320 submobjects):  22%|##1       | 21/96 [00:03<00:13,  5.65it/s]
Animation 10: Transform(VGroup of 320 submobjects):  23%|##2       | 22/96 [00:03<00:12,  5.84it/s]
Animation 10: Transform(VGroup of 320 submobjects):  24%|##3       | 23/96 [00:04<00:12,  5.64it/s]
Animation 10: Transform(VGroup of 320 submobjects):  25%|##5       | 24/96 [00:04<00:12,  5.60it/s]
Animation 10: Transform(VGroup of 320 submobjects):  26%|##6       | 25/96 [00:04<00:12,  5.62it/s]
Animation 10: Transform(VGroup of 320 submobjects):  27%|##7       | 26/96 [00:04<00:12,  5.70it/s]
Animation 10: Transform(VGroup of 320 submobjects):  28%|##8       | 27/96 [00:04<00:12,  5.58it/s]
Animation 10: Transform(VGroup of 320 submobjects):  29%|##9       | 28/96 [00:05<00:13,  5.03it/s]
Animation 10: Transform(VGroup of 320 submobjects):  30%|###       | 29/96 [00:05<00:12,  5.55it/s]
Animation 10: Transform(VGroup of 320 submobjects):  31%|###1      | 30/96 [00:05<00:11,  5.85it/s]
Animation 10: Transform(VGroup of 320 submobjects):  32%|###2      | 31/96 [00:05<00:10,  6.23it/s]
Animation 10: Transform(VGroup of 320 submobjects):  33%|###3      | 32/96 [00:05<00:10,  6.16it/s]
Animation 10: Transform(VGroup of 320 submobjects):  34%|###4      | 33/96 [00:05<00:10,  5.99it/s]
Animation 10: Transform(VGroup of 320 submobjects):  35%|###5      | 34/96 [00:05<00:10,  6.18it/s]
Animation 10: Transform(VGroup of 320 submobjects):  36%|###6      | 35/96 [00:06<00:10,  6.03it/s]
Animation 10: Transform(VGroup of 320 submobjects):  38%|###7      | 36/96 [00:06<00:10,  5.62it/s]
Animation 10: Transform(VGroup of 320 submobjects):  39%|###8      | 37/96 [00:06<00:10,  5.50it/s]
Animation 10: Transform(VGroup of 320 submobjects):  40%|###9      | 38/96 [00:06<00:11,  4.99it/s]
Animation 10: Transform(VGroup of 320 submobjects):  41%|####      | 39/96 [00:06<00:10,  5.49it/s]
Animation 10: Transform(VGroup of 320 submobjects):  42%|####1     | 40/96 [00:07<00:09,  5.81it/s]
Animation 10: Transform(VGroup of 320 submobjects):  43%|####2     | 41/96 [00:07<00:08,  6.23it/s]
Animation 10: Transform(VGroup of 320 submobjects):  44%|####3     | 42/96 [00:07<00:08,  6.60it/s]
Animation 10: Transform(VGroup of 320 submobjects):  45%|####4     | 43/96 [00:07<00:09,  5.75it/s]
Animation 10: Transform(VGroup of 320 submobjects):  46%|####5     | 44/96 [00:07<00:08,  6.02it/s]
Animation 10: Transform(VGroup of 320 submobjects):  47%|####6     | 45/96 [00:07<00:08,  6.18it/s]
Animation 10: Transform(VGroup of 320 submobjects):  48%|####7     | 46/96 [00:08<00:07,  6.26it/s]
Animation 10: Transform(VGroup of 320 submobjects):  49%|####8     | 47/96 [00:08<00:07,  6.22it/s]
Animation 10: Transform(VGroup of 320 submobjects):  50%|#####     | 48/96 [00:08<00:07,  6.18it/s]
Animation 10: Transform(VGroup of 320 submobjects):  51%|#####1    | 49/96 [00:08<00:06,  6.88it/s]
Animation 10: Transform(VGroup of 320 submobjects):  53%|#####3    | 51/96 [00:08<00:05,  8.51it/s]
Animation 10: Transform(VGroup of 320 submobjects):  55%|#####5    | 53/96 [00:08<00:04,  9.49it/s]
Animation 10: Transform(VGroup of 320 submobjects):  57%|#####7    | 55/96 [00:09<00:04,  8.95it/s]
Animation 10: Transform(VGroup of 320 submobjects):  58%|#####8    | 56/96 [00:09<00:04,  8.24it/s]
Animation 10: Transform(VGroup of 320 submobjects):  59%|#####9    | 57/96 [00:09<00:05,  7.65it/s]
Animation 10: Transform(VGroup of 320 submobjects):  60%|######    | 58/96 [00:09<00:05,  7.33it/s]
Animation 10: Transform(VGroup of 320 submobjects):  61%|######1   | 59/96 [00:09<00:05,  7.19it/s]
Animation 10: Transform(VGroup of 320 submobjects):  62%|######2   | 60/96 [00:09<00:05,  6.22it/s]
Animation 10: Transform(VGroup of 320 submobjects):  64%|######3   | 61/96 [00:10<00:05,  6.55it/s]
Animation 10: Transform(VGroup of 320 submobjects):  65%|######4   | 62/96 [00:10<00:05,  6.73it/s]
Animation 10: Transform(VGroup of 320 submobjects):  66%|######5   | 63/96 [00:10<00:04,  6.92it/s]
Animation 10: Transform(VGroup of 320 submobjects):  67%|######6   | 64/96 [00:10<00:04,  6.85it/s]
Animation 10: Transform(VGroup of 320 submobjects):  68%|######7   | 65/96 [00:10<00:04,  6.94it/s]
Animation 10: Transform(VGroup of 320 submobjects):  69%|######8   | 66/96 [00:10<00:04,  7.25it/s]
Animation 10: Transform(VGroup of 320 submobjects):  70%|######9   | 67/96 [00:10<00:03,  7.31it/s]
Animation 10: Transform(VGroup of 320 submobjects):  71%|#######   | 68/96 [00:10<00:03,  7.15it/s]
Animation 10: Transform(VGroup of 320 submobjects):  72%|#######1  | 69/96 [00:11<00:03,  7.15it/s]
Animation 10: Transform(VGroup of 320 submobjects):  73%|#######2  | 70/96 [00:11<00:03,  7.06it/s]
Animation 10: Transform(VGroup of 320 submobjects):  74%|#######3  | 71/96 [00:11<00:03,  7.06it/s]
Animation 10: Transform(VGroup of 320 submobjects):  75%|#######5  | 72/96 [00:11<00:03,  6.95it/s]
Animation 10: Transform(VGroup of 320 submobjects):  76%|#######6  | 73/96 [00:11<00:03,  6.95it/s]
Animation 10: Transform(VGroup of 320 submobjects):  77%|#######7  | 74/96 [00:11<00:03,  7.08it/s]
Animation 10: Transform(VGroup of 320 submobjects):  78%|#######8  | 75/96 [00:11<00:03,  6.95it/s]
Animation 10: Transform(VGroup of 320 submobjects):  79%|#######9  | 76/96 [00:12<00:02,  6.80it/s]
Animation 10: Transform(VGroup of 320 submobjects):  80%|########  | 77/96 [00:12<00:02,  6.88it/s]
Animation 10: Transform(VGroup of 320 submobjects):  81%|########1 | 78/96 [00:12<00:02,  6.92it/s]
Animation 10: Transform(VGroup of 320 submobjects):  82%|########2 | 79/96 [00:12<00:02,  6.73it/s]
Animation 10: Transform(VGroup of 320 submobjects):  83%|########3 | 80/96 [00:12<00:02,  6.15it/s]
Animation 10: Transform(VGroup of 320 submobjects):  84%|########4 | 81/96 [00:12<00:02,  6.29it/s]
Animation 10: Transform(VGroup of 320 submobjects):  85%|########5 | 82/96 [00:13<00:02,  6.34it/s]
Animation 10: Transform(VGroup of 320 submobjects):  86%|########6 | 83/96 [00:13<00:02,  6.39it/s]
Animation 10: Transform(VGroup of 320 submobjects):  88%|########7 | 84/96 [00:13<00:02,  5.63it/s]
Animation 10: Transform(VGroup of 320 submobjects):  89%|########8 | 85/96 [00:13<00:01,  5.72it/s]
Animation 10: Transform(VGroup of 320 submobjects):  90%|########9 | 86/96 [00:13<00:01,  6.14it/s]
Animation 10: Transform(VGroup of 320 submobjects):  91%|######### | 87/96 [00:13<00:01,  6.36it/s]
Animation 10: Transform(VGroup of 320 submobjects):  92%|#########1| 88/96 [00:14<00:01,  6.54it/s]
Animation 10: Transform(VGroup of 320 submobjects):  93%|#########2| 89/96 [00:14<00:01,  6.57it/s]
Animation 10: Transform(VGroup of 320 submobjects):  94%|#########3| 90/96 [00:14<00:00,  6.74it/s]
Animation 10: Transform(VGroup of 320 submobjects):  95%|#########4| 91/96 [00:14<00:00,  7.15it/s]
Animation 10: Transform(VGroup of 320 submobjects):  97%|#########6| 93/96 [00:14<00:00,  9.93it/s]
Animation 10: Transform(VGroup of 320 submobjects):  99%|#########8| 95/96 [00:14<00:00, 12.27it/s]
[09/10/26 10:54:19] INFO     Animation 10 : Partial    scene_file_writer.py:192
                             movie file written in                             
                             'C:\Users\Nacho\Documents                         
                             \Animaciones\Capitulo                             
                             7\media\videos\s07_correl                         
                             acion\1080p60\partial_mov                         
                             ie_files\Correlacion\2932                         
                             440949_90818020_168406838                         
                             5.mp4'                                            
                                                                                                   

Animation 11: FadeIn(Text('se mueven juntas')):   0%|          | 0/60 [00:00<?, ?it/s]
Animation 11: FadeIn(Text('se mueven juntas')):   7%|6         | 4/60 [00:00<00:01, 38.33it/s]
Animation 11: FadeIn(Text('se mueven juntas')):  13%|#3        | 8/60 [00:00<00:01, 38.93it/s]
Animation 11: FadeIn(Text('se mueven juntas')):  22%|##1       | 13/60 [00:00<00:01, 41.41it/s]
Animation 11: FadeIn(Text('se mueven juntas')):  30%|###       | 18/60 [00:00<00:00, 42.47it/s]
Animation 11: FadeIn(Text('se mueven juntas')):  38%|###8      | 23/60 [00:00<00:00, 44.17it/s]
Animation 11: FadeIn(Text('se mueven juntas')):  47%|####6     | 28/60 [00:00<00:00, 44.35it/s]
Animation 11: FadeIn(Text('se mueven juntas')):  57%|#####6    | 34/60 [00:00<00:00, 46.72it/s]
Animation 11: FadeIn(Text('se mueven juntas')):  67%|######6   | 40/60 [00:00<00:00, 48.81it/s]
Animation 11: FadeIn(Text('se mueven juntas')):  77%|#######6  | 46/60 [00:00<00:00, 50.23it/s]
Animation 11: FadeIn(Text('se mueven juntas')):  87%|########6 | 52/60 [00:01<00:00, 49.26it/s]
Animation 11: FadeIn(Text('se mueven juntas')):  95%|#########5| 57/60 [00:01<00:00, 48.52it/s]
[09/10/26 10:54:20] INFO     Animation 11 : Partial    scene_file_writer.py:192
                             movie file written in                             
                             'C:\Users\Nacho\Documents                         
                             \Animaciones\Capitulo                             
                             7\media\videos\s07_correl                         
                             acion\1080p60\partial_mov                         
                             ie_files\Correlacion\2932                         
                             440949_1847379139_1198805                         
                             06.mp4'                                           
[09/10/26 10:54:21] INFO     Animation 12 : Partial    scene_file_writer.py:192
                             movie file written in                             
                             'C:\Users\Nacho\Documents                         
                             \Animaciones\Capitulo                             
                             7\media\videos\s07_correl                         
                             acion\1080p60\partial_mov                         
                             ie_files\Correlacion\2932                         
                             440949_286356123_31143280                         
                             99.mp4'                                           
                                                                                               

Animation 13: FadeOut(Text('se mueven juntas')):   0%|          | 0/60 [00:00<?, ?it/s]
Animation 13: FadeOut(Text('se mueven juntas')):   5%|5         | 3/60 [00:00<00:01, 28.52it/s]
Animation 13: FadeOut(Text('se mueven juntas')):  15%|#5        | 9/60 [00:00<00:01, 42.74it/s]
Animation 13: FadeOut(Text('se mueven juntas')):  25%|##5       | 15/60 [00:00<00:00, 46.13it/s]
Animation 13: FadeOut(Text('se mueven juntas')):  33%|###3      | 20/60 [00:00<00:00, 44.85it/s]
Animation 13: FadeOut(Text('se mueven juntas')):  42%|####1     | 25/60 [00:00<00:00, 46.47it/s]
Animation 13: FadeOut(Text('se mueven juntas')):  52%|#####1    | 31/60 [00:00<00:00, 47.64it/s]
Animation 13: FadeOut(Text('se mueven juntas')):  60%|######    | 36/60 [00:00<00:00, 47.41it/s]
Animation 13: FadeOut(Text('se mueven juntas')):  68%|######8   | 41/60 [00:00<00:00, 46.18it/s]
Animation 13: FadeOut(Text('se mueven juntas')):  77%|#######6  | 46/60 [00:01<00:00, 39.96it/s]
Animation 13: FadeOut(Text('se mueven juntas')):  85%|########5 | 51/60 [00:01<00:00, 39.49it/s]
Animation 13: FadeOut(Text('se mueven juntas')):  93%|#########3| 56/60 [00:01<00:00, 39.09it/s]
[09/10/26 10:54:23] INFO     Animation 13 : Partial    scene_file_writer.py:192
                             movie file written in                             
                             'C:\Users\Nacho\Documents                         
                             \Animaciones\Capitulo                             
                             7\media\videos\s07_correl                         
                             acion\1080p60\partial_mov                         
                             ie_files\Correlacion\2932                         
                             440949_3940605332_1234679                         
                             113.mp4'                                          
                                                                                                

Animation 14: Transform(VGroup of 320 submobjects):   0%|          | 0/96 [00:00<?, ?it/s]
Animation 14: Transform(VGroup of 320 submobjects):   2%|2         | 2/96 [00:00<00:04, 18.95it/s]
Animation 14: Transform(VGroup of 320 submobjects):   5%|5         | 5/96 [00:00<00:03, 25.00it/s]
Animation 14: Transform(VGroup of 320 submobjects):   8%|8         | 8/96 [00:00<00:03, 25.86it/s]
Animation 14: Transform(VGroup of 320 submobjects):  11%|#1        | 11/96 [00:00<00:03, 26.95it/s]
Animation 14: Transform(VGroup of 320 submobjects):  15%|#4        | 14/96 [00:00<00:02, 27.60it/s]
Animation 14: Transform(VGroup of 320 submobjects):  18%|#7        | 17/96 [00:00<00:02, 27.40it/s]
Animation 14: Transform(VGroup of 320 submobjects):  21%|##        | 20/96 [00:00<00:02, 27.49it/s]
Animation 14: Transform(VGroup of 320 submobjects):  24%|##3       | 23/96 [00:00<00:02, 27.71it/s]
Animation 14: Transform(VGroup of 320 submobjects):  27%|##7       | 26/96 [00:00<00:02, 27.79it/s]
Animation 14: Transform(VGroup of 320 submobjects):  30%|###       | 29/96 [00:01<00:02, 27.14it/s]
Animation 14: Transform(VGroup of 320 submobjects):  33%|###3      | 32/96 [00:01<00:02, 27.07it/s]
Animation 14: Transform(VGroup of 320 submobjects):  36%|###6      | 35/96 [00:01<00:02, 27.80it/s]
Animation 14: Transform(VGroup of 320 submobjects):  40%|###9      | 38/96 [00:01<00:02, 27.32it/s]
Animation 14: Transform(VGroup of 320 submobjects):  43%|####2     | 41/96 [00:01<00:02, 27.32it/s]
Animation 14: Transform(VGroup of 320 submobjects):  46%|####5     | 44/96 [00:01<00:02, 24.34it/s]
Animation 14: Transform(VGroup of 320 submobjects):  50%|#####     | 48/96 [00:01<00:01, 24.98it/s]
Animation 14: Transform(VGroup of 320 submobjects):  53%|#####3    | 51/96 [00:01<00:01, 24.99it/s]
Animation 14: Transform(VGroup of 320 submobjects):  56%|#####6    | 54/96 [00:02<00:01, 23.14it/s]
Animation 14: Transform(VGroup of 320 submobjects):  59%|#####9    | 57/96 [00:02<00:01, 22.88it/s]
Animation 14: Transform(VGroup of 320 submobjects):  62%|######2   | 60/96 [00:02<00:01, 22.74it/s]
Animation 14: Transform(VGroup of 320 submobjects):  66%|######5   | 63/96 [00:02<00:01, 21.65it/s]
Animation 14: Transform(VGroup of 320 submobjects):  69%|######8   | 66/96 [00:02<00:01, 18.69it/s]
Animation 14: Transform(VGroup of 320 submobjects):  71%|#######   | 68/96 [00:02<00:01, 18.36it/s]
Animation 14: Transform(VGroup of 320 submobjects):  73%|#######2  | 70/96 [00:02<00:01, 17.69it/s]
Animation 14: Transform(VGroup of 320 submobjects):  75%|#######5  | 72/96 [00:03<00:01, 17.64it/s]
Animation 14: Transform(VGroup of 320 submobjects):  78%|#######8  | 75/96 [00:03<00:01, 17.64it/s]
Animation 14: Transform(VGroup of 320 submobjects):  80%|########  | 77/96 [00:03<00:01, 17.72it/s]
Animation 14: Transform(VGroup of 320 submobjects):  83%|########3 | 80/96 [00:03<00:00, 18.21it/s]
Animation 14: Transform(VGroup of 320 submobjects):  86%|########6 | 83/96 [00:03<00:00, 20.16it/s]
Animation 14: Transform(VGroup of 320 submobjects):  90%|########9 | 86/96 [00:03<00:00, 21.60it/s]
Animation 14: Transform(VGroup of 320 submobjects):  93%|#########2| 89/96 [00:03<00:00, 22.16it/s]
Animation 14: Transform(VGroup of 320 submobjects):  96%|#########5| 92/96 [00:04<00:00, 22.72it/s]
Animation 14: Transform(VGroup of 320 submobjects):  99%|#########8| 95/96 [00:04<00:00, 23.03it/s]
[09/10/26 10:54:28] INFO     Animation 14 : Partial    scene_file_writer.py:192
                             movie file written in                             
                             'C:\Users\Nacho\Documents                         
                             \Animaciones\Capitulo                             
                             7\media\videos\s07_correl                         
                             acion\1080p60\partial_mov                         
                             ie_files\Correlacion\2932                         
                             440949_4244061998_1350650                         
                             234.mp4'                                          
                    INFO     Animation 15 : Partial    scene_file_writer.py:192
                             movie file written in                             
                             'C:\Users\Nacho\Documents                         
                             \Animaciones\Capitulo                             
                             7\media\videos\s07_correl                         
                             acion\1080p60\partial_mov                         
                             ie_files\Correlacion\2932                         
                             440949_3880968470_3566747                         
                             278.mp4'                                          
                                                                                                   

Animation 16: Transform(VGroup of 320 submobjects):   0%|          | 0/96 [00:00<?, ?it/s]
Animation 16: Transform(VGroup of 320 submobjects):   2%|2         | 2/96 [00:00<00:05, 18.70it/s]
Animation 16: Transform(VGroup of 320 submobjects):   5%|5         | 5/96 [00:00<00:04, 20.36it/s]
Animation 16: Transform(VGroup of 320 submobjects):   8%|8         | 8/96 [00:00<00:04, 21.97it/s]
Animation 16: Transform(VGroup of 320 submobjects):  11%|#1        | 11/96 [00:00<00:03, 23.89it/s]
Animation 16: Transform(VGroup of 320 submobjects):  15%|#4        | 14/96 [00:00<00:03, 25.34it/s]
Animation 16: Transform(VGroup of 320 submobjects):  18%|#7        | 17/96 [00:00<00:03, 26.06it/s]
Animation 16: Transform(VGroup of 320 submobjects):  21%|##        | 20/96 [00:00<00:02, 25.97it/s]
Animation 16: Transform(VGroup of 320 submobjects):  24%|##3       | 23/96 [00:00<00:02, 26.55it/s]
Animation 16: Transform(VGroup of 320 submobjects):  27%|##7       | 26/96 [00:01<00:02, 26.23it/s]
Animation 16: Transform(VGroup of 320 submobjects):  30%|###       | 29/96 [00:01<00:02, 25.14it/s]
Animation 16: Transform(VGroup of 320 submobjects):  33%|###3      | 32/96 [00:01<00:02, 24.38it/s]
Animation 16: Transform(VGroup of 320 submobjects):  36%|###6      | 35/96 [00:01<00:02, 22.33it/s]
Animation 16: Transform(VGroup of 320 submobjects):  40%|###9      | 38/96 [00:01<00:02, 23.68it/s]
Animation 16: Transform(VGroup of 320 submobjects):  43%|####2     | 41/96 [00:01<00:02, 24.51it/s]
Animation 16: Transform(VGroup of 320 submobjects):  46%|####5     | 44/96 [00:01<00:02, 23.83it/s]
Animation 16: Transform(VGroup of 320 submobjects):  49%|####8     | 47/96 [00:01<00:02, 23.35it/s]
Animation 16: Transform(VGroup of 320 submobjects):  52%|#####2    | 50/96 [00:02<00:02, 22.39it/s]
Animation 16: Transform(VGroup of 320 submobjects):  55%|#####5    | 53/96 [00:02<00:01, 22.16it/s]
Animation 16: Transform(VGroup of 320 submobjects):  58%|#####8    | 56/96 [00:02<00:01, 21.82it/s]
Animation 16: Transform(VGroup of 320 submobjects):  61%|######1   | 59/96 [00:02<00:01, 21.93it/s]
Animation 16: Transform(VGroup of 320 submobjects):  65%|######4   | 62/96 [00:02<00:01, 21.35it/s]
Animation 16: Transform(VGroup of 320 submobjects):  68%|######7   | 65/96 [00:02<00:01, 22.31it/s]
Animation 16: Transform(VGroup of 320 submobjects):  71%|#######   | 68/96 [00:02<00:01, 22.45it/s]
Animation 16: Transform(VGroup of 320 submobjects):  74%|#######3  | 71/96 [00:03<00:01, 23.39it/s]
Animation 16: Transform(VGroup of 320 submobjects):  77%|#######7  | 74/96 [00:03<00:01, 21.00it/s]
Animation 16: Transform(VGroup of 320 submobjects):  80%|########  | 77/96 [00:03<00:00, 21.88it/s]
Animation 16: Transform(VGroup of 320 submobjects):  83%|########3 | 80/96 [00:03<00:00, 22.45it/s]
Animation 16: Transform(VGroup of 320 submobjects):  86%|########6 | 83/96 [00:03<00:00, 23.34it/s]
Animation 16: Transform(VGroup of 320 submobjects):  90%|########9 | 86/96 [00:03<00:00, 23.95it/s]
Animation 16: Transform(VGroup of 320 submobjects):  93%|#########2| 89/96 [00:03<00:00, 24.15it/s]
Animation 16: Transform(VGroup of 320 submobjects):  96%|#########5| 92/96 [00:03<00:00, 23.90it/s]
Animation 16: Transform(VGroup of 320 submobjects):  99%|#########8| 95/96 [00:04<00:00, 23.73it/s]
[09/10/26 10:54:33] INFO     Animation 16 : Partial    scene_file_writer.py:192
                             movie file written in                             
                             'C:\Users\Nacho\Documents                         
                             \Animaciones\Capitulo                             
                             7\media\videos\s07_correl                         
                             acion\1080p60\partial_mov                         
                             ie_files\Correlacion\2932                         
                             440949_2429673042_2533742                         
                             120.mp4'                                          
                                                                                                   

Animation 17: FadeIn(Text('sin relación lineal')):   0%|          | 0/60 [00:00<?, ?it/s]
Animation 17: FadeIn(Text('sin relación lineal')):   7%|6         | 4/60 [00:00<00:01, 34.75it/s]
Animation 17: FadeIn(Text('sin relación lineal')):  13%|#3        | 8/60 [00:00<00:01, 36.21it/s]
Animation 17: FadeIn(Text('sin relación lineal')):  20%|##        | 12/60 [00:00<00:01, 34.97it/s]
Animation 17: FadeIn(Text('sin relación lineal')):  27%|##6       | 16/60 [00:00<00:01, 33.68it/s]
Animation 17: FadeIn(Text('sin relación lineal')):  33%|###3      | 20/60 [00:00<00:01, 32.95it/s]
Animation 17: FadeIn(Text('sin relación lineal')):  40%|####      | 24/60 [00:00<00:01, 32.11it/s]
Animation 17: FadeIn(Text('sin relación lineal')):  47%|####6     | 28/60 [00:00<00:00, 32.83it/s]
Animation 17: FadeIn(Text('sin relación lineal')):  53%|#####3    | 32/60 [00:00<00:00, 33.36it/s]
Animation 17: FadeIn(Text('sin relación lineal')):  60%|######    | 36/60 [00:01<00:00, 33.65it/s]
Animation 17: FadeIn(Text('sin relación lineal')):  67%|######6   | 40/60 [00:01<00:00, 33.15it/s]
Animation 17: FadeIn(Text('sin relación lineal')):  73%|#######3  | 44/60 [00:01<00:00, 34.33it/s]
Animation 17: FadeIn(Text('sin relación lineal')):  80%|########  | 48/60 [00:01<00:00, 33.59it/s]
Animation 17: FadeIn(Text('sin relación lineal')):  87%|########6 | 52/60 [00:01<00:00, 32.61it/s]
Animation 17: FadeIn(Text('sin relación lineal')):  93%|#########3| 56/60 [00:01<00:00, 32.11it/s]
Animation 17: FadeIn(Text('sin relación lineal')): 100%|##########| 60/60 [00:01<00:00, 32.38it/s]
[09/10/26 10:54:35] INFO     Animation 17 : Partial    scene_file_writer.py:192
                             movie file written in                             
                             'C:\Users\Nacho\Documents                         
                             \Animaciones\Capitulo                             
                             7\media\videos\s07_correl                         
                             acion\1080p60\partial_mov                         
                             ie_files\Correlacion\2932                         
                             440949_2365636473_5988369                         
                             46.mp4'                                           
[09/10/26 10:54:36] INFO     Animation 18 : Partial    scene_file_writer.py:192
                             movie file written in                             
                             'C:\Users\Nacho\Documents                         
                             \Animaciones\Capitulo                             
                             7\media\videos\s07_correl                         
                             acion\1080p60\partial_mov                         
                             ie_files\Correlacion\2932                         
                             440949_286356123_70968357                         
                             9.mp4'                                            
                                                                                                  

Animation 19: FadeOut(Text('sin relación lineal')):   0%|          | 0/60 [00:00<?, ?it/s]
Animation 19: FadeOut(Text('sin relación lineal')):   5%|5         | 3/60 [00:00<00:02, 28.43it/s]
Animation 19: FadeOut(Text('sin relación lineal')):  10%|#         | 6/60 [00:00<00:01, 27.36it/s]
Animation 19: FadeOut(Text('sin relación lineal')):  17%|#6        | 10/60 [00:00<00:01, 29.84it/s]
Animation 19: FadeOut(Text('sin relación lineal')):  23%|##3       | 14/60 [00:00<00:01, 31.53it/s]
Animation 19: FadeOut(Text('sin relación lineal')):  30%|###       | 18/60 [00:00<00:01, 30.28it/s]
Animation 19: FadeOut(Text('sin relación lineal')):  37%|###6      | 22/60 [00:00<00:01, 24.43it/s]
Animation 19: FadeOut(Text('sin relación lineal')):  42%|####1     | 25/60 [00:00<00:01, 23.24it/s]
Animation 19: FadeOut(Text('sin relación lineal')):  47%|####6     | 28/60 [00:01<00:01, 23.03it/s]
Animation 19: FadeOut(Text('sin relación lineal')):  52%|#####1    | 31/60 [00:01<00:01, 21.59it/s]
Animation 19: FadeOut(Text('sin relación lineal')):  57%|#####6    | 34/60 [00:01<00:01, 21.50it/s]
Animation 19: FadeOut(Text('sin relación lineal')):  62%|######1   | 37/60 [00:01<00:01, 20.82it/s]
Animation 19: FadeOut(Text('sin relación lineal')):  67%|######6   | 40/60 [00:01<00:00, 20.63it/s]
Animation 19: FadeOut(Text('sin relación lineal')):  72%|#######1  | 43/60 [00:02<00:01, 12.21it/s]
Animation 19: FadeOut(Text('sin relación lineal')):  75%|#######5  | 45/60 [00:02<00:01, 12.68it/s]
Animation 19: FadeOut(Text('sin relación lineal')):  78%|#######8  | 47/60 [00:02<00:00, 13.51it/s]
Animation 19: FadeOut(Text('sin relación lineal')):  83%|########3 | 50/60 [00:02<00:00, 15.53it/s]
Animation 19: FadeOut(Text('sin relación lineal')):  87%|########6 | 52/60 [00:02<00:00, 16.24it/s]
Animation 19: FadeOut(Text('sin relación lineal')):  90%|######### | 54/60 [00:02<00:00, 13.73it/s]
Animation 19: FadeOut(Text('sin relación lineal')):  93%|#########3| 56/60 [00:03<00:00, 11.60it/s]
Animation 19: FadeOut(Text('sin relación lineal')):  97%|#########6| 58/60 [00:03<00:00, 11.86it/s]
Animation 19: FadeOut(Text('sin relación lineal')): 100%|##########| 60/60 [00:03<00:00, 12.23it/s]
[09/10/26 10:54:41] INFO     Animation 19 : Partial    scene_file_writer.py:192
                             movie file written in                             
                             'C:\Users\Nacho\Documents                         
                             \Animaciones\Capitulo                             
                             7\media\videos\s07_correl                         
                             acion\1080p60\partial_mov                         
                             ie_files\Correlacion\2932                         
                             440949_2028303072_2726340                         
                             72.mp4'                                           
                                                                                                   

Animation 20: Transform(VGroup of 320 submobjects):   0%|          | 0/96 [00:00<?, ?it/s]
Animation 20: Transform(VGroup of 320 submobjects):   2%|2         | 2/96 [00:00<00:09,  9.79it/s]
Animation 20: Transform(VGroup of 320 submobjects):   4%|4         | 4/96 [00:00<00:07, 13.06it/s]
Animation 20: Transform(VGroup of 320 submobjects):   6%|6         | 6/96 [00:00<00:06, 14.41it/s]
Animation 20: Transform(VGroup of 320 submobjects):   8%|8         | 8/96 [00:00<00:07, 11.35it/s]
Animation 20: Transform(VGroup of 320 submobjects):  10%|#         | 10/96 [00:01<00:16,  5.30it/s]
Animation 20: Transform(VGroup of 320 submobjects):  11%|#1        | 11/96 [00:01<00:16,  5.26it/s]
Animation 20: Transform(VGroup of 320 submobjects):  12%|#2        | 12/96 [00:01<00:17,  4.81it/s]
Animation 20: Transform(VGroup of 320 submobjects):  14%|#3        | 13/96 [00:02<00:18,  4.39it/s]
Animation 20: Transform(VGroup of 320 submobjects):  15%|#4        | 14/96 [00:02<00:17,  4.61it/s]
Animation 20: Transform(VGroup of 320 submobjects):  17%|#6        | 16/96 [00:02<00:12,  6.59it/s]
Animation 20: Transform(VGroup of 320 submobjects):  18%|#7        | 17/96 [00:02<00:11,  6.70it/s]
Animation 20: Transform(VGroup of 320 submobjects):  19%|#8        | 18/96 [00:02<00:14,  5.30it/s]
Animation 20: Transform(VGroup of 320 submobjects):  20%|#9        | 19/96 [00:03<00:15,  5.12it/s]
Animation 20: Transform(VGroup of 320 submobjects):  21%|##        | 20/96 [00:03<00:13,  5.50it/s]
Animation 20: Transform(VGroup of 320 submobjects):  22%|##1       | 21/96 [00:03<00:12,  5.79it/s]
Animation 20: Transform(VGroup of 320 submobjects):  23%|##2       | 22/96 [00:03<00:12,  5.87it/s]
Animation 20: Transform(VGroup of 320 submobjects):  24%|##3       | 23/96 [00:03<00:12,  5.75it/s]
Animation 20: Transform(VGroup of 320 submobjects):  25%|##5       | 24/96 [00:03<00:12,  5.79it/s]
Animation 20: Transform(VGroup of 320 submobjects):  26%|##6       | 25/96 [00:04<00:13,  5.10it/s]
Animation 20: Transform(VGroup of 320 submobjects):  27%|##7       | 26/96 [00:04<00:13,  5.20it/s]
Animation 20: Transform(VGroup of 320 submobjects):  28%|##8       | 27/96 [00:04<00:12,  5.53it/s]
Animation 20: Transform(VGroup of 320 submobjects):  29%|##9       | 28/96 [00:04<00:11,  5.85it/s]
Animation 20: Transform(VGroup of 320 submobjects):  30%|###       | 29/96 [00:04<00:10,  6.30it/s]
Animation 20: Transform(VGroup of 320 submobjects):  31%|###1      | 30/96 [00:04<00:10,  6.30it/s]
Animation 20: Transform(VGroup of 320 submobjects):  32%|###2      | 31/96 [00:05<00:10,  6.35it/s]
Animation 20: Transform(VGroup of 320 submobjects):  33%|###3      | 32/96 [00:05<00:10,  6.28it/s]
Animation 20: Transform(VGroup of 320 submobjects):  34%|###4      | 33/96 [00:05<00:09,  6.32it/s]
Animation 20: Transform(VGroup of 320 submobjects):  35%|###5      | 34/96 [00:05<00:09,  6.37it/s]
Animation 20: Transform(VGroup of 320 submobjects):  36%|###6      | 35/96 [00:05<00:09,  6.34it/s]
Animation 20: Transform(VGroup of 320 submobjects):  38%|###7      | 36/96 [00:05<00:09,  6.34it/s]
Animation 20: Transform(VGroup of 320 submobjects):  39%|###8      | 37/96 [00:06<00:09,  6.36it/s]
Animation 20: Transform(VGroup of 320 submobjects):  40%|###9      | 38/96 [00:06<00:09,  6.32it/s]
Animation 20: Transform(VGroup of 320 submobjects):  41%|####      | 39/96 [00:06<00:09,  6.25it/s]
Animation 20: Transform(VGroup of 320 submobjects):  42%|####1     | 40/96 [00:06<00:08,  6.22it/s]
Animation 20: Transform(VGroup of 320 submobjects):  43%|####2     | 41/96 [00:06<00:08,  6.34it/s]
Animation 20: Transform(VGroup of 320 submobjects):  44%|####3     | 42/96 [00:06<00:08,  6.32it/s]
Animation 20: Transform(VGroup of 320 submobjects):  45%|####4     | 43/96 [00:07<00:10,  5.02it/s]
Animation 20: Transform(VGroup of 320 submobjects):  46%|####5     | 44/96 [00:07<00:11,  4.56it/s]
Animation 20: Transform(VGroup of 320 submobjects):  47%|####6     | 45/96 [00:07<00:10,  5.03it/s]
Animation 20: Transform(VGroup of 320 submobjects):  48%|####7     | 46/96 [00:07<00:09,  5.26it/s]
Animation 20: Transform(VGroup of 320 submobjects):  49%|####8     | 47/96 [00:07<00:09,  5.33it/s]
Animation 20: Transform(VGroup of 320 submobjects):  50%|#####     | 48/96 [00:08<00:09,  5.00it/s]
Animation 20: Transform(VGroup of 320 submobjects):  51%|#####1    | 49/96 [00:08<00:09,  5.18it/s]
Animation 20: Transform(VGroup of 320 submobjects):  52%|#####2    | 50/96 [00:08<00:08,  5.42it/s]
Animation 20: Transform(VGroup of 320 submobjects):  53%|#####3    | 51/96 [00:08<00:07,  5.66it/s]
Animation 20: Transform(VGroup of 320 submobjects):  54%|#####4    | 52/96 [00:08<00:08,  5.48it/s]
Animation 20: Transform(VGroup of 320 submobjects):  55%|#####5    | 53/96 [00:09<00:07,  5.62it/s]
Animation 20: Transform(VGroup of 320 submobjects):  56%|#####6    | 54/96 [00:09<00:07,  5.65it/s]
Animation 20: Transform(VGroup of 320 submobjects):  57%|#####7    | 55/96 [00:09<00:08,  4.81it/s]
Animation 20: Transform(VGroup of 320 submobjects):  58%|#####8    | 56/96 [00:09<00:07,  5.20it/s]
Animation 20: Transform(VGroup of 320 submobjects):  59%|#####9    | 57/96 [00:09<00:07,  5.52it/s]
Animation 20: Transform(VGroup of 320 submobjects):  60%|######    | 58/96 [00:09<00:06,  5.84it/s]
Animation 20: Transform(VGroup of 320 submobjects):  61%|######1   | 59/96 [00:10<00:06,  5.72it/s]
Animation 20: Transform(VGroup of 320 submobjects):  62%|######2   | 60/96 [00:10<00:06,  5.71it/s]
Animation 20: Transform(VGroup of 320 submobjects):  64%|######3   | 61/96 [00:10<00:06,  5.72it/s]
Animation 20: Transform(VGroup of 320 submobjects):  65%|######4   | 62/96 [00:10<00:05,  5.80it/s]
Animation 20: Transform(VGroup of 320 submobjects):  66%|######5   | 63/96 [00:10<00:05,  5.69it/s]
Animation 20: Transform(VGroup of 320 submobjects):  67%|######6   | 64/96 [00:11<00:06,  5.06it/s]
Animation 20: Transform(VGroup of 320 submobjects):  68%|######7   | 65/96 [00:11<00:06,  4.91it/s]
Animation 20: Transform(VGroup of 320 submobjects):  69%|######8   | 66/96 [00:11<00:05,  5.00it/s]
Animation 20: Transform(VGroup of 320 submobjects):  70%|######9   | 67/96 [00:11<00:05,  5.08it/s]
Animation 20: Transform(VGroup of 320 submobjects):  71%|#######   | 68/96 [00:11<00:06,  4.43it/s]
Animation 20: Transform(VGroup of 320 submobjects):  72%|#######1  | 69/96 [00:12<00:05,  4.94it/s]
Animation 20: Transform(VGroup of 320 submobjects):  73%|#######2  | 70/96 [00:12<00:04,  5.39it/s]
Animation 20: Transform(VGroup of 320 submobjects):  74%|#######3  | 71/96 [00:12<00:04,  5.67it/s]
Animation 20: Transform(VGroup of 320 submobjects):  75%|#######5  | 72/96 [00:12<00:04,  5.77it/s]
Animation 20: Transform(VGroup of 320 submobjects):  76%|#######6  | 73/96 [00:12<00:03,  6.10it/s]
Animation 20: Transform(VGroup of 320 submobjects):  77%|#######7  | 74/96 [00:12<00:03,  6.19it/s]
Animation 20: Transform(VGroup of 320 submobjects):  78%|#######8  | 75/96 [00:13<00:03,  6.06it/s]
Animation 20: Transform(VGroup of 320 submobjects):  79%|#######9  | 76/96 [00:13<00:03,  5.97it/s]
Animation 20: Transform(VGroup of 320 submobjects):  80%|########  | 77/96 [00:13<00:03,  5.97it/s]
Animation 20: Transform(VGroup of 320 submobjects):  81%|########1 | 78/96 [00:13<00:02,  6.01it/s]
Animation 20: Transform(VGroup of 320 submobjects):  82%|########2 | 79/96 [00:13<00:02,  6.14it/s]
Animation 20: Transform(VGroup of 320 submobjects):  83%|########3 | 80/96 [00:13<00:02,  5.95it/s]
Animation 20: Transform(VGroup of 320 submobjects):  84%|########4 | 81/96 [00:14<00:02,  5.98it/s]
Animation 20: Transform(VGroup of 320 submobjects):  85%|########5 | 82/96 [00:14<00:02,  5.98it/s]
Animation 20: Transform(VGroup of 320 submobjects):  86%|########6 | 83/96 [00:14<00:02,  6.07it/s]
Animation 20: Transform(VGroup of 320 submobjects):  88%|########7 | 84/96 [00:14<00:01,  6.28it/s]
Animation 20: Transform(VGroup of 320 submobjects):  89%|########8 | 85/96 [00:14<00:01,  6.16it/s]
Animation 20: Transform(VGroup of 320 submobjects):  90%|########9 | 86/96 [00:14<00:01,  6.33it/s]
Animation 20: Transform(VGroup of 320 submobjects):  91%|######### | 87/96 [00:15<00:01,  6.17it/s]
Animation 20: Transform(VGroup of 320 submobjects):  92%|#########1| 88/96 [00:15<00:01,  6.14it/s]
Animation 20: Transform(VGroup of 320 submobjects):  93%|#########2| 89/96 [00:15<00:01,  6.27it/s]
Animation 20: Transform(VGroup of 320 submobjects):  94%|#########3| 90/96 [00:15<00:01,  5.93it/s]
Animation 20: Transform(VGroup of 320 submobjects):  95%|#########4| 91/96 [00:15<00:00,  5.70it/s]
Animation 20: Transform(VGroup of 320 submobjects):  96%|#########5| 92/96 [00:15<00:00,  5.47it/s]
Animation 20: Transform(VGroup of 320 submobjects):  97%|#########6| 93/96 [00:16<00:00,  5.53it/s]
Animation 20: Transform(VGroup of 320 submobjects):  98%|#########7| 94/96 [00:16<00:00,  5.56it/s]
Animation 20: Transform(VGroup of 320 submobjects):  99%|#########8| 95/96 [00:16<00:00,  5.63it/s]
Animation 20: Transform(VGroup of 320 submobjects): 100%|##########| 96/96 [00:16<00:00,  5.63it/s]
[09/10/26 10:54:59] INFO     Animation 20 : Partial    scene_file_writer.py:192
                             movie file written in                             
                             'C:\Users\Nacho\Documents                         
                             \Animaciones\Capitulo                             
                             7\media\videos\s07_correl                         
                             acion\1080p60\partial_mov                         
                             ie_files\Correlacion\2932                         
                             440949_1940330762_3125954                         
                             300.mp4'                                          
                                                                                                   

Animation 21: FadeIn(Text('se mueven al revés')):   0%|          | 0/60 [00:00<?, ?it/s]
Animation 21: FadeIn(Text('se mueven al revés')):   3%|3         | 2/60 [00:00<00:03, 16.19it/s]
Animation 21: FadeIn(Text('se mueven al revés')):   7%|6         | 4/60 [00:00<00:03, 16.40it/s]
Animation 21: FadeIn(Text('se mueven al revés')):  10%|#         | 6/60 [00:00<00:03, 14.95it/s]
Animation 21: FadeIn(Text('se mueven al revés')):  13%|#3        | 8/60 [00:00<00:03, 14.37it/s]
Animation 21: FadeIn(Text('se mueven al revés')):  17%|#6        | 10/60 [00:00<00:03, 14.48it/s]
Animation 21: FadeIn(Text('se mueven al revés')):  20%|##        | 12/60 [00:00<00:03, 14.67it/s]
Animation 21: FadeIn(Text('se mueven al revés')):  23%|##3       | 14/60 [00:00<00:03, 14.16it/s]
Animation 21: FadeIn(Text('se mueven al revés')):  27%|##6       | 16/60 [00:01<00:03, 14.46it/s]
Animation 21: FadeIn(Text('se mueven al revés')):  30%|###       | 18/60 [00:01<00:02, 14.30it/s]
Animation 21: FadeIn(Text('se mueven al revés')):  33%|###3      | 20/60 [00:01<00:02, 14.51it/s]
Animation 21: FadeIn(Text('se mueven al revés')):  37%|###6      | 22/60 [00:01<00:02, 14.44it/s]
Animation 21: FadeIn(Text('se mueven al revés')):  40%|####      | 24/60 [00:01<00:02, 14.53it/s]
Animation 21: FadeIn(Text('se mueven al revés')):  43%|####3     | 26/60 [00:01<00:02, 12.84it/s]
Animation 21: FadeIn(Text('se mueven al revés')):  47%|####6     | 28/60 [00:01<00:02, 13.42it/s]
Animation 21: FadeIn(Text('se mueven al revés')):  50%|#####     | 30/60 [00:02<00:02, 13.86it/s]
Animation 21: FadeIn(Text('se mueven al revés')):  53%|#####3    | 32/60 [00:02<00:02, 13.73it/s]
Animation 21: FadeIn(Text('se mueven al revés')):  57%|#####6    | 34/60 [00:02<00:01, 14.18it/s]
Animation 21: FadeIn(Text('se mueven al revés')):  60%|######    | 36/60 [00:02<00:01, 14.13it/s]
Animation 21: FadeIn(Text('se mueven al revés')):  63%|######3   | 38/60 [00:02<00:01, 14.37it/s]
Animation 21: FadeIn(Text('se mueven al revés')):  67%|######6   | 40/60 [00:02<00:01, 14.52it/s]
Animation 21: FadeIn(Text('se mueven al revés')):  70%|#######   | 42/60 [00:02<00:01, 14.62it/s]
Animation 21: FadeIn(Text('se mueven al revés')):  73%|#######3  | 44/60 [00:03<00:01, 12.48it/s]
Animation 21: FadeIn(Text('se mueven al revés')):  77%|#######6  | 46/60 [00:03<00:01, 12.77it/s]
Animation 21: FadeIn(Text('se mueven al revés')):  80%|########  | 48/60 [00:03<00:00, 12.93it/s]
Animation 21: FadeIn(Text('se mueven al revés')):  83%|########3 | 50/60 [00:03<00:00, 13.24it/s]
Animation 21: FadeIn(Text('se mueven al revés')):  87%|########6 | 52/60 [00:03<00:00, 13.27it/s]
Animation 21: FadeIn(Text('se mueven al revés')):  90%|######### | 54/60 [00:03<00:00, 13.46it/s]
Animation 21: FadeIn(Text('se mueven al revés')):  93%|#########3| 56/60 [00:04<00:00, 13.45it/s]
Animation 21: FadeIn(Text('se mueven al revés')):  97%|#########6| 58/60 [00:04<00:00, 13.55it/s]
Animation 21: FadeIn(Text('se mueven al revés')): 100%|##########| 60/60 [00:04<00:00, 13.58it/s]
[09/10/26 10:55:04] INFO     Animation 21 : Partial    scene_file_writer.py:192
                             movie file written in                             
                             'C:\Users\Nacho\Documents                         
                             \Animaciones\Capitulo                             
                             7\media\videos\s07_correl                         
                             acion\1080p60\partial_mov                         
                             ie_files\Correlacion\2932                         
                             440949_2522644496_3464348                         
                             770.mp4'                                          
[09/10/26 10:55:07] INFO     Animation 22 : Partial    scene_file_writer.py:192
                             movie file written in                             
                             'C:\Users\Nacho\Documents                         
                             \Animaciones\Capitulo                             
                             7\media\videos\s07_correl                         
                             acion\1080p60\partial_mov                         
                             ie_files\Correlacion\2932                         
                             440949_286356123_25736804                         
                             57.mp4'                                           
                                                                                                 

Animation 23: FadeOut(Text('se mueven al revés')):   0%|          | 0/60 [00:00<?, ?it/s]
Animation 23: FadeOut(Text('se mueven al revés')):   2%|1         | 1/60 [00:00<00:11,  5.21it/s]
Animation 23: FadeOut(Text('se mueven al revés')):   5%|5         | 3/60 [00:00<00:05, 10.35it/s]
Animation 23: FadeOut(Text('se mueven al revés')):   8%|8         | 5/60 [00:00<00:04, 11.82it/s]
Animation 23: FadeOut(Text('se mueven al revés')):  12%|#1        | 7/60 [00:00<00:04, 13.06it/s]
Animation 23: FadeOut(Text('se mueven al revés')):  15%|#5        | 9/60 [00:00<00:03, 13.70it/s]
Animation 23: FadeOut(Text('se mueven al revés')):  18%|#8        | 11/60 [00:00<00:03, 14.35it/s]
Animation 23: FadeOut(Text('se mueven al revés')):  22%|##1       | 13/60 [00:01<00:03, 14.10it/s]
Animation 23: FadeOut(Text('se mueven al revés')):  25%|##5       | 15/60 [00:01<00:03, 14.34it/s]
Animation 23: FadeOut(Text('se mueven al revés')):  28%|##8       | 17/60 [00:01<00:03, 14.27it/s]
Animation 23: FadeOut(Text('se mueven al revés')):  32%|###1      | 19/60 [00:01<00:02, 14.80it/s]
Animation 23: FadeOut(Text('se mueven al revés')):  35%|###5      | 21/60 [00:01<00:02, 14.29it/s]
Animation 23: FadeOut(Text('se mueven al revés')):  38%|###8      | 23/60 [00:01<00:02, 14.13it/s]
Animation 23: FadeOut(Text('se mueven al revés')):  42%|####1     | 25/60 [00:01<00:02, 14.36it/s]
Animation 23: FadeOut(Text('se mueven al revés')):  45%|####5     | 27/60 [00:01<00:02, 14.41it/s]
Animation 23: FadeOut(Text('se mueven al revés')):  48%|####8     | 29/60 [00:02<00:02, 14.27it/s]
Animation 23: FadeOut(Text('se mueven al revés')):  52%|#####1    | 31/60 [00:02<00:02, 14.28it/s]
Animation 23: FadeOut(Text('se mueven al revés')):  55%|#####5    | 33/60 [00:02<00:01, 14.51it/s]
Animation 23: FadeOut(Text('se mueven al revés')):  58%|#####8    | 35/60 [00:02<00:01, 13.98it/s]
Animation 23: FadeOut(Text('se mueven al revés')):  62%|######1   | 37/60 [00:02<00:01, 14.16it/s]
Animation 23: FadeOut(Text('se mueven al revés')):  65%|######5   | 39/60 [00:02<00:01, 12.02it/s]
Animation 23: FadeOut(Text('se mueven al revés')):  68%|######8   | 41/60 [00:03<00:01, 12.52it/s]
Animation 23: FadeOut(Text('se mueven al revés')):  72%|#######1  | 43/60 [00:03<00:01, 11.81it/s]
Animation 23: FadeOut(Text('se mueven al revés')):  75%|#######5  | 45/60 [00:03<00:01, 12.05it/s]
Animation 23: FadeOut(Text('se mueven al revés')):  78%|#######8  | 47/60 [00:03<00:01, 12.76it/s]
Animation 23: FadeOut(Text('se mueven al revés')):  82%|########1 | 49/60 [00:03<00:00, 12.86it/s]
Animation 23: FadeOut(Text('se mueven al revés')):  85%|########5 | 51/60 [00:03<00:00, 13.32it/s]
Animation 23: FadeOut(Text('se mueven al revés')):  88%|########8 | 53/60 [00:03<00:00, 12.90it/s]
Animation 23: FadeOut(Text('se mueven al revés')):  92%|#########1| 55/60 [00:04<00:00, 12.63it/s]
Animation 23: FadeOut(Text('se mueven al revés')):  95%|#########5| 57/60 [00:04<00:00, 12.89it/s]
Animation 23: FadeOut(Text('se mueven al revés')):  98%|#########8| 59/60 [00:04<00:00, 13.01it/s]
[09/10/26 10:55:13] INFO     Animation 23 : Partial    scene_file_writer.py:192
                             movie file written in                             
                             'C:\Users\Nacho\Documents                         
                             \Animaciones\Capitulo                             
                             7\media\videos\s07_correl                         
                             acion\1080p60\partial_mov                         
                             ie_files\Correlacion\2932                         
                             440949_2935040521_3765643                         
                             796.mp4'                                          
                                                                                                  

Animation 24: Transform(VGroup of 320 submobjects):   0%|          | 0/96 [00:00<?, ?it/s]
Animation 24: Transform(VGroup of 320 submobjects):   1%|1         | 1/96 [00:00<00:12,  7.69it/s]
Animation 24: Transform(VGroup of 320 submobjects):   2%|2         | 2/96 [00:00<00:16,  5.80it/s]
Animation 24: Transform(VGroup of 320 submobjects):   3%|3         | 3/96 [00:00<00:14,  6.20it/s]
Animation 24: Transform(VGroup of 320 submobjects):   4%|4         | 4/96 [00:00<00:14,  6.41it/s]
Animation 24: Transform(VGroup of 320 submobjects):   5%|5         | 5/96 [00:00<00:14,  6.48it/s]
Animation 24: Transform(VGroup of 320 submobjects):   6%|6         | 6/96 [00:00<00:13,  6.66it/s]
Animation 24: Transform(VGroup of 320 submobjects):   7%|7         | 7/96 [00:01<00:13,  6.38it/s]
Animation 24: Transform(VGroup of 320 submobjects):   8%|8         | 8/96 [00:01<00:14,  6.28it/s]
Animation 24: Transform(VGroup of 320 submobjects):   9%|9         | 9/96 [00:01<00:13,  6.26it/s]
Animation 24: Transform(VGroup of 320 submobjects):  10%|#         | 10/96 [00:01<00:13,  6.18it/s]
Animation 24: Transform(VGroup of 320 submobjects):  11%|#1        | 11/96 [00:01<00:16,  5.05it/s]
Animation 24: Transform(VGroup of 320 submobjects):  12%|#2        | 12/96 [00:02<00:15,  5.41it/s]
Animation 24: Transform(VGroup of 320 submobjects):  14%|#3        | 13/96 [00:02<00:14,  5.74it/s]
Animation 24: Transform(VGroup of 320 submobjects):  15%|#4        | 14/96 [00:02<00:13,  5.99it/s]
Animation 24: Transform(VGroup of 320 submobjects):  16%|#5        | 15/96 [00:02<00:14,  5.53it/s]
Animation 24: Transform(VGroup of 320 submobjects):  17%|#6        | 16/96 [00:02<00:14,  5.47it/s]
Animation 24: Transform(VGroup of 320 submobjects):  18%|#7        | 17/96 [00:02<00:14,  5.62it/s]
Animation 24: Transform(VGroup of 320 submobjects):  19%|#8        | 18/96 [00:03<00:14,  5.52it/s]
Animation 24: Transform(VGroup of 320 submobjects):  20%|#9        | 19/96 [00:03<00:14,  5.33it/s]
Animation 24: Transform(VGroup of 320 submobjects):  21%|##        | 20/96 [00:03<00:14,  5.16it/s]
Animation 24: Transform(VGroup of 320 submobjects):  22%|##1       | 21/96 [00:03<00:16,  4.68it/s]
Animation 24: Transform(VGroup of 320 submobjects):  23%|##2       | 22/96 [00:03<00:14,  5.14it/s]
Animation 24: Transform(VGroup of 320 submobjects):  24%|##3       | 23/96 [00:04<00:13,  5.45it/s]
Animation 24: Transform(VGroup of 320 submobjects):  25%|##5       | 24/96 [00:04<00:12,  5.69it/s]
Animation 24: Transform(VGroup of 320 submobjects):  26%|##6       | 25/96 [00:04<00:12,  5.91it/s]
Animation 24: Transform(VGroup of 320 submobjects):  27%|##7       | 26/96 [00:04<00:11,  6.07it/s]
Animation 24: Transform(VGroup of 320 submobjects):  28%|##8       | 27/96 [00:04<00:11,  6.24it/s]
Animation 24: Transform(VGroup of 320 submobjects):  29%|##9       | 28/96 [00:04<00:10,  6.19it/s]
Animation 24: Transform(VGroup of 320 submobjects):  30%|###       | 29/96 [00:04<00:10,  6.27it/s]
Animation 24: Transform(VGroup of 320 submobjects):  31%|###1      | 30/96 [00:05<00:10,  6.14it/s]
Animation 24: Transform(VGroup of 320 submobjects):  32%|###2      | 31/96 [00:05<00:10,  6.30it/s]
Animation 24: Transform(VGroup of 320 submobjects):  33%|###3      | 32/96 [00:05<00:10,  6.26it/s]
Animation 24: Transform(VGroup of 320 submobjects):  34%|###4      | 33/96 [00:05<00:10,  6.24it/s]
Animation 24: Transform(VGroup of 320 submobjects):  35%|###5      | 34/96 [00:05<00:09,  6.32it/s]
Animation 24: Transform(VGroup of 320 submobjects):  36%|###6      | 35/96 [00:05<00:09,  6.41it/s]
Animation 24: Transform(VGroup of 320 submobjects):  38%|###7      | 36/96 [00:06<00:09,  6.46it/s]
Animation 24: Transform(VGroup of 320 submobjects):  39%|###8      | 37/96 [00:06<00:09,  6.54it/s]
Animation 24: Transform(VGroup of 320 submobjects):  40%|###9      | 38/96 [00:06<00:08,  6.50it/s]
Animation 24: Transform(VGroup of 320 submobjects):  41%|####      | 39/96 [00:06<00:09,  6.20it/s]
Animation 24: Transform(VGroup of 320 submobjects):  42%|####1     | 40/96 [00:06<00:08,  6.28it/s]
Animation 24: Transform(VGroup of 320 submobjects):  43%|####2     | 41/96 [00:06<00:08,  6.38it/s]
Animation 24: Transform(VGroup of 320 submobjects):  44%|####3     | 42/96 [00:07<00:08,  6.47it/s]
Animation 24: Transform(VGroup of 320 submobjects):  45%|####4     | 43/96 [00:07<00:10,  5.22it/s]
Animation 24: Transform(VGroup of 320 submobjects):  46%|####5     | 44/96 [00:07<00:09,  5.48it/s]
Animation 24: Transform(VGroup of 320 submobjects):  47%|####6     | 45/96 [00:07<00:08,  5.75it/s]
Animation 24: Transform(VGroup of 320 submobjects):  48%|####7     | 46/96 [00:07<00:08,  6.00it/s]
Animation 24: Transform(VGroup of 320 submobjects):  49%|####8     | 47/96 [00:07<00:08,  6.00it/s]
Animation 24: Transform(VGroup of 320 submobjects):  50%|#####     | 48/96 [00:08<00:08,  5.97it/s]
Animation 24: Transform(VGroup of 320 submobjects):  51%|#####1    | 49/96 [00:08<00:07,  5.95it/s]
Animation 24: Transform(VGroup of 320 submobjects):  52%|#####2    | 50/96 [00:08<00:07,  6.07it/s]
Animation 24: Transform(VGroup of 320 submobjects):  53%|#####3    | 51/96 [00:08<00:07,  6.19it/s]
Animation 24: Transform(VGroup of 320 submobjects):  54%|#####4    | 52/96 [00:08<00:07,  6.13it/s]
Animation 24: Transform(VGroup of 320 submobjects):  55%|#####5    | 53/96 [00:08<00:07,  6.09it/s]
Animation 24: Transform(VGroup of 320 submobjects):  56%|#####6    | 54/96 [00:09<00:06,  6.19it/s]
Animation 24: Transform(VGroup of 320 submobjects):  57%|#####7    | 55/96 [00:09<00:06,  6.33it/s]
Animation 24: Transform(VGroup of 320 submobjects):  58%|#####8    | 56/96 [00:09<00:06,  6.32it/s]
Animation 24: Transform(VGroup of 320 submobjects):  59%|#####9    | 57/96 [00:09<00:06,  6.24it/s]
Animation 24: Transform(VGroup of 320 submobjects):  60%|######    | 58/96 [00:09<00:06,  6.26it/s]
Animation 24: Transform(VGroup of 320 submobjects):  61%|######1   | 59/96 [00:09<00:05,  6.37it/s]
Animation 24: Transform(VGroup of 320 submobjects):  62%|######2   | 60/96 [00:10<00:05,  6.28it/s]
Animation 24: Transform(VGroup of 320 submobjects):  64%|######3   | 61/96 [00:10<00:05,  6.17it/s]
Animation 24: Transform(VGroup of 320 submobjects):  65%|######4   | 62/96 [00:10<00:05,  6.36it/s]
Animation 24: Transform(VGroup of 320 submobjects):  66%|######5   | 63/96 [00:10<00:05,  6.23it/s]
Animation 24: Transform(VGroup of 320 submobjects):  67%|######6   | 64/96 [00:10<00:05,  6.17it/s]
Animation 24: Transform(VGroup of 320 submobjects):  68%|######7   | 65/96 [00:10<00:04,  6.32it/s]
Animation 24: Transform(VGroup of 320 submobjects):  69%|######8   | 66/96 [00:10<00:04,  6.22it/s]
Animation 24: Transform(VGroup of 320 submobjects):  70%|######9   | 67/96 [00:11<00:04,  6.19it/s]
Animation 24: Transform(VGroup of 320 submobjects):  71%|#######   | 68/96 [00:11<00:04,  6.14it/s]
Animation 24: Transform(VGroup of 320 submobjects):  72%|#######1  | 69/96 [00:11<00:04,  6.23it/s]
Animation 24: Transform(VGroup of 320 submobjects):  73%|#######2  | 70/96 [00:11<00:04,  6.34it/s]
Animation 24: Transform(VGroup of 320 submobjects):  74%|#######3  | 71/96 [00:11<00:03,  6.26it/s]
Animation 24: Transform(VGroup of 320 submobjects):  75%|#######5  | 72/96 [00:12<00:04,  5.35it/s]
Animation 24: Transform(VGroup of 320 submobjects):  76%|#######6  | 73/96 [00:12<00:04,  5.47it/s]
Animation 24: Transform(VGroup of 320 submobjects):  77%|#######7  | 74/96 [00:12<00:03,  5.84it/s]
Animation 24: Transform(VGroup of 320 submobjects):  78%|#######8  | 75/96 [00:12<00:03,  5.80it/s]
Animation 24: Transform(VGroup of 320 submobjects):  79%|#######9  | 76/96 [00:12<00:03,  5.89it/s]
Animation 24: Transform(VGroup of 320 submobjects):  80%|########  | 77/96 [00:12<00:03,  6.05it/s]
Animation 24: Transform(VGroup of 320 submobjects):  81%|########1 | 78/96 [00:13<00:03,  5.96it/s]
Animation 24: Transform(VGroup of 320 submobjects):  82%|########2 | 79/96 [00:13<00:02,  5.84it/s]
Animation 24: Transform(VGroup of 320 submobjects):  83%|########3 | 80/96 [00:13<00:02,  5.86it/s]
Animation 24: Transform(VGroup of 320 submobjects):  84%|########4 | 81/96 [00:13<00:02,  5.73it/s]
Animation 24: Transform(VGroup of 320 submobjects):  85%|########5 | 82/96 [00:13<00:02,  5.81it/s]
Animation 24: Transform(VGroup of 320 submobjects):  86%|########6 | 83/96 [00:13<00:02,  5.98it/s]
Animation 24: Transform(VGroup of 320 submobjects):  88%|########7 | 84/96 [00:14<00:02,  5.91it/s]
Animation 24: Transform(VGroup of 320 submobjects):  89%|########8 | 85/96 [00:14<00:01,  6.07it/s]
Animation 24: Transform(VGroup of 320 submobjects):  90%|########9 | 86/96 [00:14<00:01,  6.21it/s]
Animation 24: Transform(VGroup of 320 submobjects):  91%|######### | 87/96 [00:14<00:01,  6.00it/s]
Animation 24: Transform(VGroup of 320 submobjects):  92%|#########1| 88/96 [00:14<00:01,  5.97it/s]
Animation 24: Transform(VGroup of 320 submobjects):  93%|#########2| 89/96 [00:14<00:01,  6.00it/s]
Animation 24: Transform(VGroup of 320 submobjects):  94%|#########3| 90/96 [00:15<00:00,  6.14it/s]
Animation 24: Transform(VGroup of 320 submobjects):  95%|#########4| 91/96 [00:15<00:00,  6.14it/s]
Animation 24: Transform(VGroup of 320 submobjects):  96%|#########5| 92/96 [00:15<00:00,  6.08it/s]
Animation 24: Transform(VGroup of 320 submobjects):  97%|#########6| 93/96 [00:15<00:00,  6.10it/s]
Animation 24: Transform(VGroup of 320 submobjects):  98%|#########7| 94/96 [00:15<00:00,  6.19it/s]
Animation 24: Transform(VGroup of 320 submobjects):  99%|#########8| 95/96 [00:15<00:00,  6.28it/s]
Animation 24: Transform(VGroup of 320 submobjects): 100%|##########| 96/96 [00:16<00:00,  6.09it/s]
[09/10/26 10:55:30] INFO     Animation 24 : Partial    scene_file_writer.py:192
                             movie file written in                             
                             'C:\Users\Nacho\Documents                         
                             \Animaciones\Capitulo                             
                             7\media\videos\s07_correl                         
                             acion\1080p60\partial_mov                         
                             ie_files\Correlacion\2932                         
                             440949_704899785_23252754                         
                             76.mp4'                                           
[09/10/26 10:55:32] INFO     Animation 25 : Partial    scene_file_writer.py:192
                             movie file written in                             
                             'C:\Users\Nacho\Documents                         
                             \Animaciones\Capitulo                             
                             7\media\videos\s07_correl                         
                             acion\1080p60\partial_mov                         
                             ie_files\Correlacion\2932                         
                             440949_3880968470_1464018                         
                             943.mp4'                                          
                                                                                                   

Animation 26: Transform(VGroup of 320 submobjects):   0%|          | 0/96 [00:00<?, ?it/s]
Animation 26: Transform(VGroup of 320 submobjects):   1%|1         | 1/96 [00:00<00:14,  6.74it/s]
Animation 26: Transform(VGroup of 320 submobjects):   2%|2         | 2/96 [00:00<00:15,  6.21it/s]
Animation 26: Transform(VGroup of 320 submobjects):   3%|3         | 3/96 [00:00<00:14,  6.41it/s]
Animation 26: Transform(VGroup of 320 submobjects):   4%|4         | 4/96 [00:00<00:14,  6.56it/s]
Animation 26: Transform(VGroup of 320 submobjects):   5%|5         | 5/96 [00:00<00:13,  6.75it/s]
Animation 26: Transform(VGroup of 320 submobjects):   6%|6         | 6/96 [00:00<00:13,  6.77it/s]
Animation 26: Transform(VGroup of 320 submobjects):   7%|7         | 7/96 [00:01<00:13,  6.77it/s]
Animation 26: Transform(VGroup of 320 submobjects):   8%|8         | 8/96 [00:01<00:13,  6.72it/s]
Animation 26: Transform(VGroup of 320 submobjects):   9%|9         | 9/96 [00:01<00:12,  6.70it/s]
Animation 26: Transform(VGroup of 320 submobjects):  10%|#         | 10/96 [00:01<00:12,  6.72it/s]
Animation 26: Transform(VGroup of 320 submobjects):  11%|#1        | 11/96 [00:01<00:12,  6.73it/s]
Animation 26: Transform(VGroup of 320 submobjects):  12%|#2        | 12/96 [00:01<00:12,  6.80it/s]
Animation 26: Transform(VGroup of 320 submobjects):  14%|#3        | 13/96 [00:01<00:12,  6.66it/s]
Animation 26: Transform(VGroup of 320 submobjects):  15%|#4        | 14/96 [00:02<00:11,  6.88it/s]
Animation 26: Transform(VGroup of 320 submobjects):  16%|#5        | 15/96 [00:02<00:11,  7.00it/s]
Animation 26: Transform(VGroup of 320 submobjects):  17%|#6        | 16/96 [00:02<00:11,  6.98it/s]
Animation 26: Transform(VGroup of 320 submobjects):  18%|#7        | 17/96 [00:02<00:11,  7.01it/s]
Animation 26: Transform(VGroup of 320 submobjects):  19%|#8        | 18/96 [00:02<00:11,  6.75it/s]
Animation 26: Transform(VGroup of 320 submobjects):  20%|#9        | 19/96 [00:02<00:11,  6.82it/s]
Animation 26: Transform(VGroup of 320 submobjects):  21%|##        | 20/96 [00:02<00:11,  6.88it/s]
Animation 26: Transform(VGroup of 320 submobjects):  22%|##1       | 21/96 [00:03<00:11,  6.73it/s]
Animation 26: Transform(VGroup of 320 submobjects):  23%|##2       | 22/96 [00:03<00:10,  6.80it/s]
Animation 26: Transform(VGroup of 320 submobjects):  24%|##3       | 23/96 [00:03<00:11,  6.34it/s]
Animation 26: Transform(VGroup of 320 submobjects):  25%|##5       | 24/96 [00:03<00:11,  6.43it/s]
Animation 26: Transform(VGroup of 320 submobjects):  26%|##6       | 25/96 [00:03<00:10,  6.50it/s]
Animation 26: Transform(VGroup of 320 submobjects):  27%|##7       | 26/96 [00:03<00:10,  6.55it/s]
Animation 26: Transform(VGroup of 320 submobjects):  28%|##8       | 27/96 [00:04<00:10,  6.58it/s]
Animation 26: Transform(VGroup of 320 submobjects):  29%|##9       | 28/96 [00:04<00:11,  6.17it/s]
Animation 26: Transform(VGroup of 320 submobjects):  30%|###       | 29/96 [00:04<00:10,  6.34it/s]
Animation 26: Transform(VGroup of 320 submobjects):  31%|###1      | 30/96 [00:04<00:10,  6.31it/s]
Animation 26: Transform(VGroup of 320 submobjects):  32%|###2      | 31/96 [00:04<00:09,  6.54it/s]
Animation 26: Transform(VGroup of 320 submobjects):  33%|###3      | 32/96 [00:04<00:09,  6.60it/s]
Animation 26: Transform(VGroup of 320 submobjects):  34%|###4      | 33/96 [00:04<00:09,  6.39it/s]
Animation 26: Transform(VGroup of 320 submobjects):  35%|###5      | 34/96 [00:05<00:09,  6.52it/s]
Animation 26: Transform(VGroup of 320 submobjects):  36%|###6      | 35/96 [00:05<00:09,  6.68it/s]
Animation 26: Transform(VGroup of 320 submobjects):  38%|###7      | 36/96 [00:05<00:08,  6.80it/s]
Animation 26: Transform(VGroup of 320 submobjects):  39%|###8      | 37/96 [00:05<00:08,  6.89it/s]
Animation 26: Transform(VGroup of 320 submobjects):  40%|###9      | 38/96 [00:05<00:08,  6.80it/s]
Animation 26: Transform(VGroup of 320 submobjects):  41%|####      | 39/96 [00:05<00:08,  6.74it/s]
Animation 26: Transform(VGroup of 320 submobjects):  42%|####1     | 40/96 [00:06<00:09,  6.12it/s]
Animation 26: Transform(VGroup of 320 submobjects):  43%|####2     | 41/96 [00:06<00:09,  5.57it/s]
Animation 26: Transform(VGroup of 320 submobjects):  44%|####3     | 42/96 [00:06<00:09,  5.93it/s]
Animation 26: Transform(VGroup of 320 submobjects):  45%|####4     | 43/96 [00:06<00:09,  5.58it/s]
Animation 26: Transform(VGroup of 320 submobjects):  46%|####5     | 44/96 [00:06<00:08,  5.87it/s]
Animation 26: Transform(VGroup of 320 submobjects):  47%|####6     | 45/96 [00:06<00:08,  6.02it/s]
Animation 26: Transform(VGroup of 320 submobjects):  48%|####7     | 46/96 [00:07<00:07,  6.27it/s]
Animation 26: Transform(VGroup of 320 submobjects):  49%|####8     | 47/96 [00:07<00:07,  6.34it/s]
Animation 26: Transform(VGroup of 320 submobjects):  50%|#####     | 48/96 [00:07<00:07,  6.31it/s]
Animation 26: Transform(VGroup of 320 submobjects):  51%|#####1    | 49/96 [00:07<00:07,  6.43it/s]
Animation 26: Transform(VGroup of 320 submobjects):  52%|#####2    | 50/96 [00:07<00:06,  6.61it/s]
Animation 26: Transform(VGroup of 320 submobjects):  53%|#####3    | 51/96 [00:07<00:06,  6.67it/s]
Animation 26: Transform(VGroup of 320 submobjects):  54%|#####4    | 52/96 [00:07<00:06,  6.69it/s]
Animation 26: Transform(VGroup of 320 submobjects):  55%|#####5    | 53/96 [00:08<00:06,  6.75it/s]
Animation 26: Transform(VGroup of 320 submobjects):  56%|#####6    | 54/96 [00:08<00:06,  6.85it/s]
Animation 26: Transform(VGroup of 320 submobjects):  57%|#####7    | 55/96 [00:08<00:05,  6.87it/s]
Animation 26: Transform(VGroup of 320 submobjects):  58%|#####8    | 56/96 [00:08<00:05,  6.72it/s]
Animation 26: Transform(VGroup of 320 submobjects):  59%|#####9    | 57/96 [00:08<00:05,  6.94it/s]
Animation 26: Transform(VGroup of 320 submobjects):  60%|######    | 58/96 [00:08<00:05,  6.89it/s]
Animation 26: Transform(VGroup of 320 submobjects):  61%|######1   | 59/96 [00:08<00:05,  6.83it/s]
Animation 26: Transform(VGroup of 320 submobjects):  62%|######2   | 60/96 [00:09<00:05,  6.63it/s]
Animation 26: Transform(VGroup of 320 submobjects):  64%|######3   | 61/96 [00:09<00:05,  6.67it/s]
Animation 26: Transform(VGroup of 320 submobjects):  65%|######4   | 62/96 [00:09<00:05,  6.69it/s]
Animation 26: Transform(VGroup of 320 submobjects):  66%|######5   | 63/96 [00:09<00:04,  6.80it/s]
Animation 26: Transform(VGroup of 320 submobjects):  67%|######6   | 64/96 [00:09<00:04,  6.75it/s]
Animation 26: Transform(VGroup of 320 submobjects):  68%|######7   | 65/96 [00:09<00:04,  6.72it/s]
Animation 26: Transform(VGroup of 320 submobjects):  69%|######8   | 66/96 [00:10<00:04,  6.71it/s]
Animation 26: Transform(VGroup of 320 submobjects):  70%|######9   | 67/96 [00:10<00:04,  6.70it/s]
Animation 26: Transform(VGroup of 320 submobjects):  71%|#######   | 68/96 [00:10<00:04,  6.59it/s]
Animation 26: Transform(VGroup of 320 submobjects):  72%|#######1  | 69/96 [00:10<00:04,  6.71it/s]
Animation 26: Transform(VGroup of 320 submobjects):  73%|#######2  | 70/96 [00:10<00:03,  6.68it/s]
Animation 26: Transform(VGroup of 320 submobjects):  74%|#######3  | 71/96 [00:10<00:03,  6.69it/s]
Animation 26: Transform(VGroup of 320 submobjects):  75%|#######5  | 72/96 [00:10<00:03,  6.68it/s]
Animation 26: Transform(VGroup of 320 submobjects):  76%|#######6  | 73/96 [00:11<00:03,  6.74it/s]
Animation 26: Transform(VGroup of 320 submobjects):  77%|#######7  | 74/96 [00:11<00:03,  6.67it/s]
Animation 26: Transform(VGroup of 320 submobjects):  78%|#######8  | 75/96 [00:11<00:03,  6.90it/s]
Animation 26: Transform(VGroup of 320 submobjects):  79%|#######9  | 76/96 [00:11<00:03,  6.32it/s]
Animation 26: Transform(VGroup of 320 submobjects):  80%|########  | 77/96 [00:11<00:02,  6.55it/s]
Animation 26: Transform(VGroup of 320 submobjects):  81%|########1 | 78/96 [00:11<00:02,  6.77it/s]
Animation 26: Transform(VGroup of 320 submobjects):  82%|########2 | 79/96 [00:12<00:02,  6.47it/s]
Animation 26: Transform(VGroup of 320 submobjects):  83%|########3 | 80/96 [00:12<00:02,  6.18it/s]
Animation 26: Transform(VGroup of 320 submobjects):  84%|########4 | 81/96 [00:12<00:02,  6.28it/s]
Animation 26: Transform(VGroup of 320 submobjects):  85%|########5 | 82/96 [00:12<00:02,  6.41it/s]
Animation 26: Transform(VGroup of 320 submobjects):  86%|########6 | 83/96 [00:12<00:02,  6.46it/s]
Animation 26: Transform(VGroup of 320 submobjects):  88%|########7 | 84/96 [00:12<00:01,  6.55it/s]
Animation 26: Transform(VGroup of 320 submobjects):  89%|########8 | 85/96 [00:12<00:01,  6.60it/s]
Animation 26: Transform(VGroup of 320 submobjects):  90%|########9 | 86/96 [00:13<00:01,  6.59it/s]
Animation 26: Transform(VGroup of 320 submobjects):  91%|######### | 87/96 [00:13<00:01,  6.64it/s]
Animation 26: Transform(VGroup of 320 submobjects):  92%|#########1| 88/96 [00:13<00:01,  6.64it/s]
Animation 26: Transform(VGroup of 320 submobjects):  93%|#########2| 89/96 [00:13<00:01,  6.68it/s]
Animation 26: Transform(VGroup of 320 submobjects):  94%|#########3| 90/96 [00:13<00:00,  6.76it/s]
Animation 26: Transform(VGroup of 320 submobjects):  95%|#########4| 91/96 [00:13<00:00,  6.80it/s]
Animation 26: Transform(VGroup of 320 submobjects):  96%|#########5| 92/96 [00:13<00:00,  6.72it/s]
Animation 26: Transform(VGroup of 320 submobjects):  97%|#########6| 93/96 [00:14<00:00,  6.85it/s]
Animation 26: Transform(VGroup of 320 submobjects):  98%|#########7| 94/96 [00:14<00:00,  6.88it/s]
Animation 26: Transform(VGroup of 320 submobjects):  99%|#########8| 95/96 [00:14<00:00,  6.89it/s]
Animation 26: Transform(VGroup of 320 submobjects): 100%|##########| 96/96 [00:14<00:00,  6.82it/s]
[09/10/26 10:55:48] INFO     Animation 26 : Partial    scene_file_writer.py:192
                             movie file written in                             
                             'C:\Users\Nacho\Documents                         
                             \Animaciones\Capitulo                             
                             7\media\videos\s07_correl                         
                             acion\1080p60\partial_mov                         
                             ie_files\Correlacion\2932                         
                             440949_2674993939_2139153                         
                             331.mp4'                                          
[09/10/26 10:55:50] INFO     Animation 27 : Partial    scene_file_writer.py:192
                             movie file written in                             
                             'C:\Users\Nacho\Documents                         
                             \Animaciones\Capitulo                             
                             7\media\videos\s07_correl                         
                             acion\1080p60\partial_mov                         
                             ie_files\Correlacion\2932                         
                             440949_3880968470_3316303                         
                             495.mp4'                                          
                                                                                                   

Animation 28: Write(MathTex('-1\\;\\leq\\;\\rho_{X,Y}\\;\\leq\\;1')):   0%|          | 0/60 [00:00<?, ?it/s]
Animation 28: Write(MathTex('-1\\;\\leq\\;\\rho_{X,Y}\\;\\leq\\;1')):   3%|3         | 2/60 [00:00<00:03, 18.43it/s]
Animation 28: Write(MathTex('-1\\;\\leq\\;\\rho_{X,Y}\\;\\leq\\;1')):   7%|6         | 4/60 [00:00<00:06,  9.29it/s]
Animation 28: Write(MathTex('-1\\;\\leq\\;\\rho_{X,Y}\\;\\leq\\;1')):  10%|#         | 6/60 [00:00<00:04, 12.09it/s]
Animation 28: Write(MathTex('-1\\;\\leq\\;\\rho_{X,Y}\\;\\leq\\;1')):  13%|#3        | 8/60 [00:00<00:03, 13.10it/s]
Animation 28: Write(MathTex('-1\\;\\leq\\;\\rho_{X,Y}\\;\\leq\\;1')):  17%|#6        | 10/60 [00:00<00:03, 14.31it/s]
Animation 28: Write(MathTex('-1\\;\\leq\\;\\rho_{X,Y}\\;\\leq\\;1')):  20%|##        | 12/60 [00:00<00:03, 14.52it/s]
Animation 28: Write(MathTex('-1\\;\\leq\\;\\rho_{X,Y}\\;\\leq\\;1')):  23%|##3       | 14/60 [00:01<00:03, 14.13it/s]
Animation 28: Write(MathTex('-1\\;\\leq\\;\\rho_{X,Y}\\;\\leq\\;1')):  27%|##6       | 16/60 [00:01<00:02, 15.03it/s]
Animation 28: Write(MathTex('-1\\;\\leq\\;\\rho_{X,Y}\\;\\leq\\;1')):  30%|###       | 18/60 [00:01<00:02, 15.35it/s]
Animation 28: Write(MathTex('-1\\;\\leq\\;\\rho_{X,Y}\\;\\leq\\;1')):  33%|###3      | 20/60 [00:01<00:02, 15.43it/s]
Animation 28: Write(MathTex('-1\\;\\leq\\;\\rho_{X,Y}\\;\\leq\\;1')):  37%|###6      | 22/60 [00:01<00:02, 15.95it/s]
Animation 28: Write(MathTex('-1\\;\\leq\\;\\rho_{X,Y}\\;\\leq\\;1')):  40%|####      | 24/60 [00:01<00:02, 15.66it/s]
Animation 28: Write(MathTex('-1\\;\\leq\\;\\rho_{X,Y}\\;\\leq\\;1')):  43%|####3     | 26/60 [00:01<00:02, 16.04it/s]
Animation 28: Write(MathTex('-1\\;\\leq\\;\\rho_{X,Y}\\;\\leq\\;1')):  47%|####6     | 28/60 [00:01<00:02, 15.86it/s]
Animation 28: Write(MathTex('-1\\;\\leq\\;\\rho_{X,Y}\\;\\leq\\;1')):  50%|#####     | 30/60 [00:02<00:01, 16.12it/s]
Animation 28: Write(MathTex('-1\\;\\leq\\;\\rho_{X,Y}\\;\\leq\\;1')):  53%|#####3    | 32/60 [00:02<00:01, 16.44it/s]
Animation 28: Write(MathTex('-1\\;\\leq\\;\\rho_{X,Y}\\;\\leq\\;1')):  57%|#####6    | 34/60 [00:02<00:01, 16.40it/s]
Animation 28: Write(MathTex('-1\\;\\leq\\;\\rho_{X,Y}\\;\\leq\\;1')):  60%|######    | 36/60 [00:02<00:01, 16.83it/s]
Animation 28: Write(MathTex('-1\\;\\leq\\;\\rho_{X,Y}\\;\\leq\\;1')):  63%|######3   | 38/60 [00:02<00:01, 16.06it/s]
Animation 28: Write(MathTex('-1\\;\\leq\\;\\rho_{X,Y}\\;\\leq\\;1')):  67%|######6   | 40/60 [00:02<00:01, 16.06it/s]
Animation 28: Write(MathTex('-1\\;\\leq\\;\\rho_{X,Y}\\;\\leq\\;1')):  70%|#######   | 42/60 [00:02<00:01, 16.56it/s]
Animation 28: Write(MathTex('-1\\;\\leq\\;\\rho_{X,Y}\\;\\leq\\;1')):  73%|#######3  | 44/60 [00:02<00:01, 13.75it/s]
Animation 28: Write(MathTex('-1\\;\\leq\\;\\rho_{X,Y}\\;\\leq\\;1')):  77%|#######6  | 46/60 [00:03<00:00, 14.67it/s]
Animation 28: Write(MathTex('-1\\;\\leq\\;\\rho_{X,Y}\\;\\leq\\;1')):  80%|########  | 48/60 [00:03<00:00, 14.68it/s]
Animation 28: Write(MathTex('-1\\;\\leq\\;\\rho_{X,Y}\\;\\leq\\;1')):  83%|########3 | 50/60 [00:03<00:00, 14.91it/s]
Animation 28: Write(MathTex('-1\\;\\leq\\;\\rho_{X,Y}\\;\\leq\\;1')):  87%|########6 | 52/60 [00:03<00:00, 15.31it/s]
Animation 28: Write(MathTex('-1\\;\\leq\\;\\rho_{X,Y}\\;\\leq\\;1')):  90%|######### | 54/60 [00:03<00:00, 15.67it/s]
Animation 28: Write(MathTex('-1\\;\\leq\\;\\rho_{X,Y}\\;\\leq\\;1')):  93%|#########3| 56/60 [00:03<00:00, 15.04it/s]
Animation 28: Write(MathTex('-1\\;\\leq\\;\\rho_{X,Y}\\;\\leq\\;1')):  97%|#########6| 58/60 [00:03<00:00, 15.47it/s]
Animation 28: Write(MathTex('-1\\;\\leq\\;\\rho_{X,Y}\\;\\leq\\;1')): 100%|##########| 60/60 [00:03<00:00, 15.21it/s]
[09/10/26 10:55:55] INFO     Animation 28 : Partial    scene_file_writer.py:192
                             movie file written in                             
                             'C:\Users\Nacho\Documents                         
                             \Animaciones\Capitulo                             
                             7\media\videos\s07_correl                         
                             acion\1080p60\partial_mov                         
                             ie_files\Correlacion\2932                         
                             440949_3400123032_3521376                         
                             317.mp4'                                          
[09/10/26 10:55:58] INFO     Animation 29 : Partial    scene_file_writer.py:192
                             movie file written in                             
                             'C:\Users\Nacho\Documents                         
                             \Animaciones\Capitulo                             
                             7\media\videos\s07_correl                         
                             acion\1080p60\partial_mov                         
                             ie_files\Correlacion\2932                         
                             440949_3926500612_2295578                         
                             358.mp4'                                          
                                                                                                                     

Animation 30: FadeOut(MathTex('-1\\;\\leq\\;\\rho_{X,Y}\\;\\leq\\;1')):   0%|          | 0/60 [00:00<?, ?it/s]
Animation 30: FadeOut(MathTex('-1\\;\\leq\\;\\rho_{X,Y}\\;\\leq\\;1')):   3%|3         | 2/60 [00:00<00:03, 17.45it/s]
Animation 30: FadeOut(MathTex('-1\\;\\leq\\;\\rho_{X,Y}\\;\\leq\\;1')):   7%|6         | 4/60 [00:00<00:03, 18.49it/s]
Animation 30: FadeOut(MathTex('-1\\;\\leq\\;\\rho_{X,Y}\\;\\leq\\;1')):  10%|#         | 6/60 [00:00<00:02, 18.47it/s]
Animation 30: FadeOut(MathTex('-1\\;\\leq\\;\\rho_{X,Y}\\;\\leq\\;1')):  13%|#3        | 8/60 [00:00<00:02, 18.45it/s]
Animation 30: FadeOut(MathTex('-1\\;\\leq\\;\\rho_{X,Y}\\;\\leq\\;1')):  17%|#6        | 10/60 [00:00<00:02, 17.28it/s]
Animation 30: FadeOut(MathTex('-1\\;\\leq\\;\\rho_{X,Y}\\;\\leq\\;1')):  22%|##1       | 13/60 [00:00<00:02, 17.63it/s]
Animation 30: FadeOut(MathTex('-1\\;\\leq\\;\\rho_{X,Y}\\;\\leq\\;1')):  25%|##5       | 15/60 [00:00<00:02, 17.62it/s]
Animation 30: FadeOut(MathTex('-1\\;\\leq\\;\\rho_{X,Y}\\;\\leq\\;1')):  28%|##8       | 17/60 [00:00<00:02, 17.09it/s]
Animation 30: FadeOut(MathTex('-1\\;\\leq\\;\\rho_{X,Y}\\;\\leq\\;1')):  32%|###1      | 19/60 [00:01<00:02, 17.24it/s]
Animation 30: FadeOut(MathTex('-1\\;\\leq\\;\\rho_{X,Y}\\;\\leq\\;1')):  35%|###5      | 21/60 [00:01<00:02, 17.07it/s]
Animation 30: FadeOut(MathTex('-1\\;\\leq\\;\\rho_{X,Y}\\;\\leq\\;1')):  38%|###8      | 23/60 [00:01<00:02, 16.37it/s]
Animation 30: FadeOut(MathTex('-1\\;\\leq\\;\\rho_{X,Y}\\;\\leq\\;1')):  42%|####1     | 25/60 [00:01<00:02, 16.62it/s]
Animation 30: FadeOut(MathTex('-1\\;\\leq\\;\\rho_{X,Y}\\;\\leq\\;1')):  45%|####5     | 27/60 [00:01<00:02, 16.27it/s]
Animation 30: FadeOut(MathTex('-1\\;\\leq\\;\\rho_{X,Y}\\;\\leq\\;1')):  48%|####8     | 29/60 [00:01<00:01, 17.06it/s]
Animation 30: FadeOut(MathTex('-1\\;\\leq\\;\\rho_{X,Y}\\;\\leq\\;1')):  52%|#####1    | 31/60 [00:01<00:01, 16.54it/s]
Animation 30: FadeOut(MathTex('-1\\;\\leq\\;\\rho_{X,Y}\\;\\leq\\;1')):  55%|#####5    | 33/60 [00:01<00:01, 16.85it/s]
Animation 30: FadeOut(MathTex('-1\\;\\leq\\;\\rho_{X,Y}\\;\\leq\\;1')):  58%|#####8    | 35/60 [00:02<00:01, 16.62it/s]
Animation 30: FadeOut(MathTex('-1\\;\\leq\\;\\rho_{X,Y}\\;\\leq\\;1')):  62%|######1   | 37/60 [00:02<00:01, 16.76it/s]
Animation 30: FadeOut(MathTex('-1\\;\\leq\\;\\rho_{X,Y}\\;\\leq\\;1')):  65%|######5   | 39/60 [00:02<00:01, 16.87it/s]
Animation 30: FadeOut(MathTex('-1\\;\\leq\\;\\rho_{X,Y}\\;\\leq\\;1')):  68%|######8   | 41/60 [00:02<00:01, 15.63it/s]
Animation 30: FadeOut(MathTex('-1\\;\\leq\\;\\rho_{X,Y}\\;\\leq\\;1')):  72%|#######1  | 43/60 [00:02<00:01, 13.98it/s]
Animation 30: FadeOut(MathTex('-1\\;\\leq\\;\\rho_{X,Y}\\;\\leq\\;1')):  75%|#######5  | 45/60 [00:02<00:01, 14.12it/s]
Animation 30: FadeOut(MathTex('-1\\;\\leq\\;\\rho_{X,Y}\\;\\leq\\;1')):  78%|#######8  | 47/60 [00:02<00:00, 14.46it/s]
Animation 30: FadeOut(MathTex('-1\\;\\leq\\;\\rho_{X,Y}\\;\\leq\\;1')):  82%|########1 | 49/60 [00:03<00:00, 15.11it/s]
Animation 30: FadeOut(MathTex('-1\\;\\leq\\;\\rho_{X,Y}\\;\\leq\\;1')):  85%|########5 | 51/60 [00:03<00:00, 15.69it/s]
Animation 30: FadeOut(MathTex('-1\\;\\leq\\;\\rho_{X,Y}\\;\\leq\\;1')):  88%|########8 | 53/60 [00:03<00:00, 15.48it/s]
Animation 30: FadeOut(MathTex('-1\\;\\leq\\;\\rho_{X,Y}\\;\\leq\\;1')):  92%|#########1| 55/60 [00:03<00:00, 15.65it/s]
Animation 30: FadeOut(MathTex('-1\\;\\leq\\;\\rho_{X,Y}\\;\\leq\\;1')):  95%|#########5| 57/60 [00:03<00:00, 15.23it/s]
Animation 30: FadeOut(MathTex('-1\\;\\leq\\;\\rho_{X,Y}\\;\\leq\\;1')):  98%|#########8| 59/60 [00:03<00:00, 15.28it/s]
[09/10/26 10:56:03] INFO     Animation 30 : Partial    scene_file_writer.py:192
                             movie file written in                             
                             'C:\Users\Nacho\Documents                         
                             \Animaciones\Capitulo                             
                             7\media\videos\s07_correl                         
                             acion\1080p60\partial_mov                         
                             ie_files\Correlacion\2932                         
                             440949_2292839093_8531981                         
                             29.mp4'                                           
                                                                                                                       

Animation 31: FadeOut(VGroup of 2 submobjects):   0%|          | 0/60 [00:00<?, ?it/s]
Animation 31: FadeOut(VGroup of 2 submobjects):   3%|3         | 2/60 [00:00<00:05, 11.10it/s]
Animation 31: FadeOut(VGroup of 2 submobjects):   7%|6         | 4/60 [00:00<00:05, 11.04it/s]
Animation 31: FadeOut(VGroup of 2 submobjects):  10%|#         | 6/60 [00:00<00:04, 11.28it/s]
Animation 31: FadeOut(VGroup of 2 submobjects):  13%|#3        | 8/60 [00:00<00:04, 11.26it/s]
Animation 31: FadeOut(VGroup of 2 submobjects):  17%|#6        | 10/60 [00:00<00:04, 11.43it/s]
Animation 31: FadeOut(VGroup of 2 submobjects):  20%|##        | 12/60 [00:01<00:04, 11.43it/s]
Animation 31: FadeOut(VGroup of 2 submobjects):  23%|##3       | 14/60 [00:01<00:04, 11.48it/s]
Animation 31: FadeOut(VGroup of 2 submobjects):  27%|##6       | 16/60 [00:01<00:04, 10.33it/s]
Animation 31: FadeOut(VGroup of 2 submobjects):  30%|###       | 18/60 [00:01<00:04,  8.87it/s]
Animation 31: FadeOut(VGroup of 2 submobjects):  33%|###3      | 20/60 [00:01<00:04,  9.53it/s]
Animation 31: FadeOut(VGroup of 2 submobjects):  37%|###6      | 22/60 [00:02<00:03, 10.04it/s]
Animation 31: FadeOut(VGroup of 2 submobjects):  40%|####      | 24/60 [00:02<00:03, 10.49it/s]
Animation 31: FadeOut(VGroup of 2 submobjects):  43%|####3     | 26/60 [00:02<00:03, 10.40it/s]
Animation 31: FadeOut(VGroup of 2 submobjects):  47%|####6     | 28/60 [00:02<00:03,  9.54it/s]
Animation 31: FadeOut(VGroup of 2 submobjects):  48%|####8     | 29/60 [00:02<00:03,  8.86it/s]
Animation 31: FadeOut(VGroup of 2 submobjects):  52%|#####1    | 31/60 [00:03<00:02,  9.73it/s]
Animation 31: FadeOut(VGroup of 2 submobjects):  55%|#####5    | 33/60 [00:03<00:02, 10.35it/s]
Animation 31: FadeOut(VGroup of 2 submobjects):  58%|#####8    | 35/60 [00:03<00:02, 10.54it/s]
Animation 31: FadeOut(VGroup of 2 submobjects):  62%|######1   | 37/60 [00:03<00:02, 10.85it/s]
Animation 31: FadeOut(VGroup of 2 submobjects):  65%|######5   | 39/60 [00:03<00:01, 11.08it/s]
Animation 31: FadeOut(VGroup of 2 submobjects):  68%|######8   | 41/60 [00:03<00:01, 11.50it/s]
Animation 31: FadeOut(VGroup of 2 submobjects):  72%|#######1  | 43/60 [00:04<00:01,  9.77it/s]
Animation 31: FadeOut(VGroup of 2 submobjects):  75%|#######5  | 45/60 [00:04<00:01, 10.30it/s]
Animation 31: FadeOut(VGroup of 2 submobjects):  78%|#######8  | 47/60 [00:04<00:01, 10.56it/s]
Animation 31: FadeOut(VGroup of 2 submobjects):  82%|########1 | 49/60 [00:04<00:01, 10.74it/s]
Animation 31: FadeOut(VGroup of 2 submobjects):  85%|########5 | 51/60 [00:04<00:00, 10.89it/s]
Animation 31: FadeOut(VGroup of 2 submobjects):  88%|########8 | 53/60 [00:05<00:00, 10.80it/s]
Animation 31: FadeOut(VGroup of 2 submobjects):  92%|#########1| 55/60 [00:05<00:00, 10.92it/s]
Animation 31: FadeOut(VGroup of 2 submobjects):  95%|#########5| 57/60 [00:05<00:00, 10.85it/s]
Animation 31: FadeOut(VGroup of 2 submobjects):  98%|#########8| 59/60 [00:05<00:00, 11.24it/s]
[09/10/26 10:56:10] INFO     Animation 31 : Partial    scene_file_writer.py:192
                             movie file written in                             
                             'C:\Users\Nacho\Documents                         
                             \Animaciones\Capitulo                             
                             7\media\videos\s07_correl                         
                             acion\1080p60\partial_mov                         
                             ie_files\Correlacion\2932                         
                             440949_3305062071_1654894                         
                             563.mp4'                                          
                                                                                               

Animation 32: FadeIn(VGroup of 2 submobjects):   0%|          | 0/60 [00:00<?, ?it/s]
Animation 32: FadeIn(VGroup of 2 submobjects):   3%|3         | 2/60 [00:00<00:03, 15.98it/s]
Animation 32: FadeIn(VGroup of 2 submobjects):   7%|6         | 4/60 [00:00<00:03, 16.36it/s]
Animation 32: FadeIn(VGroup of 2 submobjects):  10%|#         | 6/60 [00:00<00:03, 15.28it/s]
Animation 32: FadeIn(VGroup of 2 submobjects):  13%|#3        | 8/60 [00:00<00:03, 14.91it/s]
Animation 32: FadeIn(VGroup of 2 submobjects):  17%|#6        | 10/60 [00:00<00:03, 14.53it/s]
Animation 32: FadeIn(VGroup of 2 submobjects):  20%|##        | 12/60 [00:00<00:03, 14.47it/s]
Animation 32: FadeIn(VGroup of 2 submobjects):  23%|##3       | 14/60 [00:00<00:03, 14.34it/s]
Animation 32: FadeIn(VGroup of 2 submobjects):  27%|##6       | 16/60 [00:01<00:03, 14.62it/s]
Animation 32: FadeIn(VGroup of 2 submobjects):  30%|###       | 18/60 [00:01<00:02, 14.74it/s]
Animation 32: FadeIn(VGroup of 2 submobjects):  33%|###3      | 20/60 [00:01<00:02, 14.67it/s]
Animation 32: FadeIn(VGroup of 2 submobjects):  37%|###6      | 22/60 [00:01<00:02, 15.06it/s]
Animation 32: FadeIn(VGroup of 2 submobjects):  40%|####      | 24/60 [00:01<00:02, 14.76it/s]
Animation 32: FadeIn(VGroup of 2 submobjects):  43%|####3     | 26/60 [00:01<00:02, 14.44it/s]
Animation 32: FadeIn(VGroup of 2 submobjects):  47%|####6     | 28/60 [00:01<00:02, 14.30it/s]
Animation 32: FadeIn(VGroup of 2 submobjects):  50%|#####     | 30/60 [00:02<00:02, 14.27it/s]
Animation 32: FadeIn(VGroup of 2 submobjects):  53%|#####3    | 32/60 [00:02<00:01, 14.81it/s]
Animation 32: FadeIn(VGroup of 2 submobjects):  57%|#####6    | 34/60 [00:02<00:01, 14.50it/s]
Animation 32: FadeIn(VGroup of 2 submobjects):  60%|######    | 36/60 [00:02<00:01, 14.45it/s]
Animation 32: FadeIn(VGroup of 2 submobjects):  63%|######3   | 38/60 [00:02<00:01, 14.46it/s]
Animation 32: FadeIn(VGroup of 2 submobjects):  67%|######6   | 40/60 [00:02<00:01, 14.29it/s]
Animation 32: FadeIn(VGroup of 2 submobjects):  70%|#######   | 42/60 [00:02<00:01, 14.67it/s]
Animation 32: FadeIn(VGroup of 2 submobjects):  73%|#######3  | 44/60 [00:03<00:01, 12.48it/s]
Animation 32: FadeIn(VGroup of 2 submobjects):  77%|#######6  | 46/60 [00:03<00:01, 13.00it/s]
Animation 32: FadeIn(VGroup of 2 submobjects):  80%|########  | 48/60 [00:03<00:00, 13.31it/s]
Animation 32: FadeIn(VGroup of 2 submobjects):  83%|########3 | 50/60 [00:03<00:00, 13.58it/s]
Animation 32: FadeIn(VGroup of 2 submobjects):  87%|########6 | 52/60 [00:03<00:00, 13.62it/s]
Animation 32: FadeIn(VGroup of 2 submobjects):  90%|######### | 54/60 [00:03<00:00, 13.89it/s]
Animation 32: FadeIn(VGroup of 2 submobjects):  93%|#########3| 56/60 [00:03<00:00, 13.32it/s]
Animation 32: FadeIn(VGroup of 2 submobjects):  97%|#########6| 58/60 [00:04<00:00, 13.74it/s]
Animation 32: FadeIn(VGroup of 2 submobjects): 100%|##########| 60/60 [00:04<00:00, 13.60it/s]
[09/10/26 10:56:16] INFO     Animation 32 : Partial    scene_file_writer.py:192
                             movie file written in                             
                             'C:\Users\Nacho\Documents                         
                             \Animaciones\Capitulo                             
                             7\media\videos\s07_correl                         
                             acion\1080p60\partial_mov                         
                             ie_files\Correlacion\2932                         
                             440949_1382373259_1950669                         
                             007.mp4'                                          
[09/10/26 10:56:18] INFO     Animation 33 : Partial    scene_file_writer.py:192
                             movie file written in                             
                             'C:\Users\Nacho\Documents                         
                             \Animaciones\Capitulo                             
                             7\media\videos\s07_correl                         
                             acion\1080p60\partial_mov                         
                             ie_files\Correlacion\2932                         
                             440949_941615173_87090218                         
                             7.mp4'                                            
                                                                                              

Animation 34: Transform(VGroup of 320 submobjects):   0%|          | 0/96 [00:00<?, ?it/s]
Animation 34: Transform(VGroup of 320 submobjects):   1%|1         | 1/96 [00:00<00:16,  5.92it/s]
Animation 34: Transform(VGroup of 320 submobjects):   2%|2         | 2/96 [00:00<00:16,  5.74it/s]
Animation 34: Transform(VGroup of 320 submobjects):   3%|3         | 3/96 [00:00<00:16,  5.72it/s]
Animation 34: Transform(VGroup of 320 submobjects):   4%|4         | 4/96 [00:00<00:15,  5.89it/s]
Animation 34: Transform(VGroup of 320 submobjects):   5%|5         | 5/96 [00:00<00:15,  5.92it/s]
Animation 34: Transform(VGroup of 320 submobjects):   6%|6         | 6/96 [00:01<00:15,  5.99it/s]
Animation 34: Transform(VGroup of 320 submobjects):   7%|7         | 7/96 [00:01<00:14,  6.05it/s]
Animation 34: Transform(VGroup of 320 submobjects):   8%|8         | 8/96 [00:01<00:14,  5.93it/s]
Animation 34: Transform(VGroup of 320 submobjects):   9%|9         | 9/96 [00:01<00:14,  5.98it/s]
Animation 34: Transform(VGroup of 320 submobjects):  10%|#         | 10/96 [00:01<00:14,  6.02it/s]
Animation 34: Transform(VGroup of 320 submobjects):  11%|#1        | 11/96 [00:01<00:13,  6.26it/s]
Animation 34: Transform(VGroup of 320 submobjects):  12%|#2        | 12/96 [00:02<00:13,  6.08it/s]
Animation 34: Transform(VGroup of 320 submobjects):  14%|#3        | 13/96 [00:02<00:14,  5.86it/s]
Animation 34: Transform(VGroup of 320 submobjects):  15%|#4        | 14/96 [00:02<00:14,  5.85it/s]
Animation 34: Transform(VGroup of 320 submobjects):  16%|#5        | 15/96 [00:02<00:13,  5.95it/s]
Animation 34: Transform(VGroup of 320 submobjects):  17%|#6        | 16/96 [00:02<00:13,  5.80it/s]
Animation 34: Transform(VGroup of 320 submobjects):  18%|#7        | 17/96 [00:02<00:13,  5.85it/s]
Animation 34: Transform(VGroup of 320 submobjects):  19%|#8        | 18/96 [00:03<00:13,  5.69it/s]
Animation 34: Transform(VGroup of 320 submobjects):  20%|#9        | 19/96 [00:03<00:13,  5.73it/s]
Animation 34: Transform(VGroup of 320 submobjects):  21%|##        | 20/96 [00:03<00:13,  5.81it/s]
Animation 34: Transform(VGroup of 320 submobjects):  22%|##1       | 21/96 [00:03<00:12,  5.81it/s]
Animation 34: Transform(VGroup of 320 submobjects):  23%|##2       | 22/96 [00:03<00:12,  5.83it/s]
Animation 34: Transform(VGroup of 320 submobjects):  24%|##3       | 23/96 [00:03<00:12,  5.79it/s]
Animation 34: Transform(VGroup of 320 submobjects):  25%|##5       | 24/96 [00:04<00:12,  5.85it/s]
Animation 34: Transform(VGroup of 320 submobjects):  26%|##6       | 25/96 [00:04<00:11,  6.00it/s]
Animation 34: Transform(VGroup of 320 submobjects):  27%|##7       | 26/96 [00:04<00:11,  6.13it/s]
Animation 34: Transform(VGroup of 320 submobjects):  28%|##8       | 27/96 [00:04<00:12,  5.64it/s]
Animation 34: Transform(VGroup of 320 submobjects):  29%|##9       | 28/96 [00:04<00:11,  5.76it/s]
Animation 34: Transform(VGroup of 320 submobjects):  30%|###       | 29/96 [00:04<00:10,  6.44it/s]
Animation 34: Transform(VGroup of 320 submobjects):  31%|###1      | 30/96 [00:04<00:09,  6.90it/s]
Animation 34: Transform(VGroup of 320 submobjects):  32%|###2      | 31/96 [00:05<00:09,  7.02it/s]
Animation 34: Transform(VGroup of 320 submobjects):  33%|###3      | 32/96 [00:05<00:09,  6.68it/s]
Animation 34: Transform(VGroup of 320 submobjects):  34%|###4      | 33/96 [00:05<00:09,  6.46it/s]
Animation 34: Transform(VGroup of 320 submobjects):  35%|###5      | 34/96 [00:05<00:10,  5.94it/s]
Animation 34: Transform(VGroup of 320 submobjects):  36%|###6      | 35/96 [00:05<00:10,  5.96it/s]
Animation 34: Transform(VGroup of 320 submobjects):  38%|###7      | 36/96 [00:06<00:10,  5.82it/s]
Animation 34: Transform(VGroup of 320 submobjects):  39%|###8      | 37/96 [00:06<00:09,  6.02it/s]
Animation 34: Transform(VGroup of 320 submobjects):  40%|###9      | 38/96 [00:06<00:09,  6.00it/s]
Animation 34: Transform(VGroup of 320 submobjects):  41%|####      | 39/96 [00:06<00:09,  5.95it/s]
Animation 34: Transform(VGroup of 320 submobjects):  42%|####1     | 40/96 [00:06<00:09,  6.03it/s]
Animation 34: Transform(VGroup of 320 submobjects):  43%|####2     | 41/96 [00:06<00:09,  6.02it/s]
Animation 34: Transform(VGroup of 320 submobjects):  44%|####3     | 42/96 [00:07<00:09,  5.92it/s]
Animation 34: Transform(VGroup of 320 submobjects):  45%|####4     | 43/96 [00:07<00:10,  5.28it/s]
Animation 34: Transform(VGroup of 320 submobjects):  46%|####5     | 44/96 [00:07<00:09,  5.43it/s]
Animation 34: Transform(VGroup of 320 submobjects):  47%|####6     | 45/96 [00:07<00:08,  5.67it/s]
Animation 34: Transform(VGroup of 320 submobjects):  48%|####7     | 46/96 [00:07<00:08,  5.91it/s]
Animation 34: Transform(VGroup of 320 submobjects):  49%|####8     | 47/96 [00:07<00:08,  5.87it/s]
Animation 34: Transform(VGroup of 320 submobjects):  50%|#####     | 48/96 [00:08<00:08,  5.73it/s]
Animation 34: Transform(VGroup of 320 submobjects):  51%|#####1    | 49/96 [00:08<00:08,  5.75it/s]
Animation 34: Transform(VGroup of 320 submobjects):  52%|#####2    | 50/96 [00:08<00:07,  5.81it/s]
Animation 34: Transform(VGroup of 320 submobjects):  53%|#####3    | 51/96 [00:08<00:07,  5.66it/s]
Animation 34: Transform(VGroup of 320 submobjects):  54%|#####4    | 52/96 [00:08<00:07,  5.64it/s]
Animation 34: Transform(VGroup of 320 submobjects):  55%|#####5    | 53/96 [00:08<00:07,  5.86it/s]
Animation 34: Transform(VGroup of 320 submobjects):  56%|#####6    | 54/96 [00:09<00:07,  5.89it/s]
Animation 34: Transform(VGroup of 320 submobjects):  57%|#####7    | 55/96 [00:09<00:07,  5.80it/s]
Animation 34: Transform(VGroup of 320 submobjects):  58%|#####8    | 56/96 [00:09<00:07,  5.68it/s]
Animation 34: Transform(VGroup of 320 submobjects):  59%|#####9    | 57/96 [00:09<00:08,  4.65it/s]
Animation 34: Transform(VGroup of 320 submobjects):  60%|######    | 58/96 [00:09<00:07,  4.89it/s]
Animation 34: Transform(VGroup of 320 submobjects):  61%|######1   | 59/96 [00:10<00:07,  5.22it/s]
Animation 34: Transform(VGroup of 320 submobjects):  62%|######2   | 60/96 [00:10<00:06,  5.33it/s]
Animation 34: Transform(VGroup of 320 submobjects):  64%|######3   | 61/96 [00:10<00:06,  5.54it/s]
Animation 34: Transform(VGroup of 320 submobjects):  65%|######4   | 62/96 [00:10<00:06,  5.31it/s]
Animation 34: Transform(VGroup of 320 submobjects):  66%|######5   | 63/96 [00:10<00:05,  5.53it/s]
Animation 34: Transform(VGroup of 320 submobjects):  67%|######6   | 64/96 [00:11<00:05,  5.56it/s]
Animation 34: Transform(VGroup of 320 submobjects):  68%|######7   | 65/96 [00:11<00:05,  5.56it/s]
Animation 34: Transform(VGroup of 320 submobjects):  69%|######8   | 66/96 [00:11<00:05,  5.65it/s]
Animation 34: Transform(VGroup of 320 submobjects):  70%|######9   | 67/96 [00:11<00:05,  5.76it/s]
Animation 34: Transform(VGroup of 320 submobjects):  71%|#######   | 68/96 [00:11<00:04,  5.81it/s]
Animation 34: Transform(VGroup of 320 submobjects):  72%|#######1  | 69/96 [00:11<00:04,  5.82it/s]
Animation 34: Transform(VGroup of 320 submobjects):  73%|#######2  | 70/96 [00:12<00:04,  5.76it/s]
Animation 34: Transform(VGroup of 320 submobjects):  74%|#######3  | 71/96 [00:12<00:04,  5.76it/s]
Animation 34: Transform(VGroup of 320 submobjects):  75%|#######5  | 72/96 [00:12<00:04,  5.56it/s]
Animation 34: Transform(VGroup of 320 submobjects):  76%|#######6  | 73/96 [00:12<00:04,  5.39it/s]
Animation 34: Transform(VGroup of 320 submobjects):  77%|#######7  | 74/96 [00:12<00:03,  5.57it/s]
Animation 34: Transform(VGroup of 320 submobjects):  78%|#######8  | 75/96 [00:12<00:03,  5.54it/s]
Animation 34: Transform(VGroup of 320 submobjects):  79%|#######9  | 76/96 [00:13<00:03,  5.61it/s]
Animation 34: Transform(VGroup of 320 submobjects):  80%|########  | 77/96 [00:13<00:03,  5.76it/s]
Animation 34: Transform(VGroup of 320 submobjects):  81%|########1 | 78/96 [00:13<00:03,  5.90it/s]
Animation 34: Transform(VGroup of 320 submobjects):  82%|########2 | 79/96 [00:13<00:02,  5.96it/s]
Animation 34: Transform(VGroup of 320 submobjects):  83%|########3 | 80/96 [00:13<00:02,  5.69it/s]
Animation 34: Transform(VGroup of 320 submobjects):  84%|########4 | 81/96 [00:13<00:02,  5.80it/s]
Animation 34: Transform(VGroup of 320 submobjects):  85%|########5 | 82/96 [00:14<00:02,  5.86it/s]
Animation 34: Transform(VGroup of 320 submobjects):  86%|########6 | 83/96 [00:14<00:02,  5.75it/s]
Animation 34: Transform(VGroup of 320 submobjects):  88%|########7 | 84/96 [00:14<00:02,  5.65it/s]
Animation 34: Transform(VGroup of 320 submobjects):  89%|########8 | 85/96 [00:14<00:01,  5.58it/s]
Animation 34: Transform(VGroup of 320 submobjects):  90%|########9 | 86/96 [00:14<00:01,  5.54it/s]
Animation 34: Transform(VGroup of 320 submobjects):  91%|######### | 87/96 [00:15<00:01,  5.63it/s]
Animation 34: Transform(VGroup of 320 submobjects):  92%|#########1| 88/96 [00:15<00:01,  5.53it/s]
Animation 34: Transform(VGroup of 320 submobjects):  93%|#########2| 89/96 [00:15<00:01,  5.63it/s]
Animation 34: Transform(VGroup of 320 submobjects):  94%|#########3| 90/96 [00:15<00:01,  5.87it/s]
Animation 34: Transform(VGroup of 320 submobjects):  95%|#########4| 91/96 [00:15<00:00,  5.84it/s]
Animation 34: Transform(VGroup of 320 submobjects):  96%|#########5| 92/96 [00:15<00:00,  5.78it/s]
Animation 34: Transform(VGroup of 320 submobjects):  97%|#########6| 93/96 [00:16<00:00,  5.81it/s]
Animation 34: Transform(VGroup of 320 submobjects):  98%|#########7| 94/96 [00:16<00:00,  5.84it/s]
Animation 34: Transform(VGroup of 320 submobjects):  99%|#########8| 95/96 [00:16<00:00,  5.98it/s]
Animation 34: Transform(VGroup of 320 submobjects): 100%|##########| 96/96 [00:16<00:00,  5.90it/s]
[09/10/26 10:56:36] INFO     Animation 34 : Partial    scene_file_writer.py:192
                             movie file written in                             
                             'C:\Users\Nacho\Documents                         
                             \Animaciones\Capitulo                             
                             7\media\videos\s07_correl                         
                             acion\1080p60\partial_mov                         
                             ie_files\Correlacion\2932                         
                             440949_3790766456_3397682                         
                             154.mp4'                                          
[09/10/26 10:56:37] INFO     Animation 35 : Partial    scene_file_writer.py:192
                             movie file written in                             
                             'C:\Users\Nacho\Documents                         
                             \Animaciones\Capitulo                             
                             7\media\videos\s07_correl                         
                             acion\1080p60\partial_mov                         
                             ie_files\Correlacion\2932                         
                             440949_125152860_37470779                         
                             7.mp4'                                            
                                                                                                   

Animation 36: FadeIn(Text('Y está completamente')):   0%|          | 0/42 [00:00<?, ?it/s]
Animation 36: FadeIn(Text('Y está completamente')):   5%|4         | 2/42 [00:00<00:04,  9.99it/s]
Animation 36: FadeIn(Text('Y está completamente')):   7%|7         | 3/42 [00:00<00:04,  8.82it/s]
Animation 36: FadeIn(Text('Y está completamente')):  10%|9         | 4/42 [00:00<00:04,  7.80it/s]
Animation 36: FadeIn(Text('Y está completamente')):  12%|#1        | 5/42 [00:00<00:04,  8.12it/s]
Animation 36: FadeIn(Text('Y está completamente')):  17%|#6        | 7/42 [00:00<00:03,  9.83it/s]
Animation 36: FadeIn(Text('Y está completamente')):  21%|##1       | 9/42 [00:00<00:03, 10.78it/s]
Animation 36: FadeIn(Text('Y está completamente')):  26%|##6       | 11/42 [00:01<00:02, 11.27it/s]
Animation 36: FadeIn(Text('Y está completamente')):  31%|###       | 13/42 [00:01<00:02, 11.66it/s]
Animation 36: FadeIn(Text('Y está completamente')):  36%|###5      | 15/42 [00:01<00:02, 12.02it/s]
Animation 36: FadeIn(Text('Y está completamente')):  40%|####      | 17/42 [00:01<00:02, 12.01it/s]
Animation 36: FadeIn(Text('Y está completamente')):  45%|####5     | 19/42 [00:01<00:01, 11.88it/s]
Animation 36: FadeIn(Text('Y está completamente')):  50%|#####     | 21/42 [00:01<00:01, 12.08it/s]
Animation 36: FadeIn(Text('Y está completamente')):  55%|#####4    | 23/42 [00:02<00:01, 12.10it/s]
Animation 36: FadeIn(Text('Y está completamente')):  60%|#####9    | 25/42 [00:02<00:01, 12.21it/s]
Animation 36: FadeIn(Text('Y está completamente')):  64%|######4   | 27/42 [00:02<00:01, 12.52it/s]
Animation 36: FadeIn(Text('Y está completamente')):  69%|######9   | 29/42 [00:02<00:01, 12.42it/s]
Animation 36: FadeIn(Text('Y está completamente')):  74%|#######3  | 31/42 [00:02<00:00, 12.40it/s]
Animation 36: FadeIn(Text('Y está completamente')):  79%|#######8  | 33/42 [00:02<00:00, 12.25it/s]
Animation 36: FadeIn(Text('Y está completamente')):  83%|########3 | 35/42 [00:03<00:00, 12.22it/s]
Animation 36: FadeIn(Text('Y está completamente')):  88%|########8 | 37/42 [00:03<00:00, 12.28it/s]
Animation 36: FadeIn(Text('Y está completamente')):  93%|#########2| 39/42 [00:03<00:00, 12.32it/s]
Animation 36: FadeIn(Text('Y está completamente')):  98%|#########7| 41/42 [00:03<00:00, 12.10it/s]
[09/10/26 10:56:43] INFO     Animation 36 : Partial    scene_file_writer.py:192
                             movie file written in                             
                             'C:\Users\Nacho\Documents                         
                             \Animaciones\Capitulo                             
                             7\media\videos\s07_correl                         
                             acion\1080p60\partial_mov                         
                             ie_files\Correlacion\2932                         
                             440949_3831586934_2352153                         
                             636.mp4'                                          
                                                                                                   

Animation 37: FadeIn(Text('determinada por X…')):   0%|          | 0/42 [00:00<?, ?it/s]
Animation 37: FadeIn(Text('determinada por X…')):   5%|4         | 2/42 [00:00<00:03, 12.53it/s]
Animation 37: FadeIn(Text('determinada por X…')):  10%|9         | 4/42 [00:00<00:03, 12.38it/s]
Animation 37: FadeIn(Text('determinada por X…')):  14%|#4        | 6/42 [00:00<00:02, 12.11it/s]
Animation 37: FadeIn(Text('determinada por X…')):  19%|#9        | 8/42 [00:00<00:02, 12.00it/s]
Animation 37: FadeIn(Text('determinada por X…')):  24%|##3       | 10/42 [00:00<00:02, 11.99it/s]
Animation 37: FadeIn(Text('determinada por X…')):  29%|##8       | 12/42 [00:00<00:02, 11.96it/s]
Animation 37: FadeIn(Text('determinada por X…')):  33%|###3      | 14/42 [00:01<00:02, 11.62it/s]
Animation 37: FadeIn(Text('determinada por X…')):  38%|###8      | 16/42 [00:01<00:02, 11.72it/s]
Animation 37: FadeIn(Text('determinada por X…')):  43%|####2     | 18/42 [00:01<00:02, 11.47it/s]
Animation 37: FadeIn(Text('determinada por X…')):  48%|####7     | 20/42 [00:01<00:01, 11.61it/s]
Animation 37: FadeIn(Text('determinada por X…')):  52%|#####2    | 22/42 [00:01<00:01, 11.53it/s]
Animation 37: FadeIn(Text('determinada por X…')):  57%|#####7    | 24/42 [00:02<00:01, 11.52it/s]
Animation 37: FadeIn(Text('determinada por X…')):  62%|######1   | 26/42 [00:02<00:01, 11.66it/s]
Animation 37: FadeIn(Text('determinada por X…')):  67%|######6   | 28/42 [00:02<00:01, 11.41it/s]
Animation 37: FadeIn(Text('determinada por X…')):  71%|#######1  | 30/42 [00:02<00:01, 11.39it/s]
Animation 37: FadeIn(Text('determinada por X…')):  76%|#######6  | 32/42 [00:02<00:00, 11.48it/s]
Animation 37: FadeIn(Text('determinada por X…')):  81%|########  | 34/42 [00:02<00:00, 11.75it/s]
Animation 37: FadeIn(Text('determinada por X…')):  86%|########5 | 36/42 [00:03<00:00, 11.63it/s]
Animation 37: FadeIn(Text('determinada por X…')):  90%|######### | 38/42 [00:03<00:00, 11.62it/s]
Animation 37: FadeIn(Text('determinada por X…')):  95%|#########5| 40/42 [00:03<00:00, 11.74it/s]
Animation 37: FadeIn(Text('determinada por X…')): 100%|##########| 42/42 [00:03<00:00, 11.83it/s]
[09/10/26 10:56:48] INFO     Animation 37 : Partial    scene_file_writer.py:192
                             movie file written in                             
                             'C:\Users\Nacho\Documents                         
                             \Animaciones\Capitulo                             
                             7\media\videos\s07_correl                         
                             acion\1080p60\partial_mov                         
                             ie_files\Correlacion\2932                         
                             440949_2413150559_1233516                         
                             022.mp4'                                          
                                                                                                 

Animation 38: FadeIn(Text('…y sin embargo ρ ≈ 0')):   0%|          | 0/42 [00:00<?, ?it/s]
Animation 38: FadeIn(Text('…y sin embargo ρ ≈ 0')):   5%|4         | 2/42 [00:00<00:03, 11.41it/s]
Animation 38: FadeIn(Text('…y sin embargo ρ ≈ 0')):  10%|9         | 4/42 [00:00<00:03, 11.21it/s]
Animation 38: FadeIn(Text('…y sin embargo ρ ≈ 0')):  14%|#4        | 6/42 [00:00<00:03, 11.29it/s]
Animation 38: FadeIn(Text('…y sin embargo ρ ≈ 0')):  19%|#9        | 8/42 [00:00<00:03,  9.47it/s]
Animation 38: FadeIn(Text('…y sin embargo ρ ≈ 0')):  24%|##3       | 10/42 [00:00<00:03,  9.87it/s]
Animation 38: FadeIn(Text('…y sin embargo ρ ≈ 0')):  29%|##8       | 12/42 [00:01<00:02, 10.40it/s]
Animation 38: FadeIn(Text('…y sin embargo ρ ≈ 0')):  33%|###3      | 14/42 [00:01<00:02, 10.74it/s]
Animation 38: FadeIn(Text('…y sin embargo ρ ≈ 0')):  38%|###8      | 16/42 [00:01<00:02, 10.86it/s]
Animation 38: FadeIn(Text('…y sin embargo ρ ≈ 0')):  43%|####2     | 18/42 [00:01<00:02, 10.86it/s]
Animation 38: FadeIn(Text('…y sin embargo ρ ≈ 0')):  48%|####7     | 20/42 [00:01<00:02, 10.74it/s]
Animation 38: FadeIn(Text('…y sin embargo ρ ≈ 0')):  52%|#####2    | 22/42 [00:02<00:01, 10.65it/s]
Animation 38: FadeIn(Text('…y sin embargo ρ ≈ 0')):  57%|#####7    | 24/42 [00:02<00:01, 10.81it/s]
Animation 38: FadeIn(Text('…y sin embargo ρ ≈ 0')):  62%|######1   | 26/42 [00:02<00:01, 10.92it/s]
Animation 38: FadeIn(Text('…y sin embargo ρ ≈ 0')):  67%|######6   | 28/42 [00:02<00:01, 10.87it/s]
Animation 38: FadeIn(Text('…y sin embargo ρ ≈ 0')):  71%|#######1  | 30/42 [00:02<00:01, 10.64it/s]
Animation 38: FadeIn(Text('…y sin embargo ρ ≈ 0')):  76%|#######6  | 32/42 [00:02<00:00, 11.01it/s]
Animation 38: FadeIn(Text('…y sin embargo ρ ≈ 0')):  81%|########  | 34/42 [00:03<00:00, 10.69it/s]
Animation 38: FadeIn(Text('…y sin embargo ρ ≈ 0')):  86%|########5 | 36/42 [00:03<00:00, 10.76it/s]
Animation 38: FadeIn(Text('…y sin embargo ρ ≈ 0')):  90%|######### | 38/42 [00:03<00:00, 10.52it/s]
Animation 38: FadeIn(Text('…y sin embargo ρ ≈ 0')):  95%|#########5| 40/42 [00:03<00:00, 10.49it/s]
Animation 38: FadeIn(Text('…y sin embargo ρ ≈ 0')): 100%|##########| 42/42 [00:03<00:00, 10.63it/s]
[09/10/26 10:56:53] INFO     Animation 38 : Partial    scene_file_writer.py:192
                             movie file written in                             
                             'C:\Users\Nacho\Documents                         
                             \Animaciones\Capitulo                             
                             7\media\videos\s07_correl                         
                             acion\1080p60\partial_mov                         
                             ie_files\Correlacion\2932                         
                             440949_329071306_72109727                         
                             4.mp4'                                            
                                                                                                   

Animation 39: FadeIn(Text('ρ solo ve la relación LINEAL,')):   0%|          | 0/42 [00:00<?, ?it/s]
Animation 39: FadeIn(Text('ρ solo ve la relación LINEAL,')):   5%|4         | 2/42 [00:00<00:04,  9.39it/s]
Animation 39: FadeIn(Text('ρ solo ve la relación LINEAL,')):   7%|7         | 3/42 [00:00<00:04,  9.26it/s]
Animation 39: FadeIn(Text('ρ solo ve la relación LINEAL,')):  10%|9         | 4/42 [00:00<00:04,  9.13it/s]
Animation 39: FadeIn(Text('ρ solo ve la relación LINEAL,')):  12%|#1        | 5/42 [00:00<00:03,  9.29it/s]
Animation 39: FadeIn(Text('ρ solo ve la relación LINEAL,')):  14%|#4        | 6/42 [00:00<00:05,  6.94it/s]
Animation 39: FadeIn(Text('ρ solo ve la relación LINEAL,')):  19%|#9        | 8/42 [00:00<00:04,  8.17it/s]
Animation 39: FadeIn(Text('ρ solo ve la relación LINEAL,')):  21%|##1       | 9/42 [00:01<00:03,  8.49it/s]
Animation 39: FadeIn(Text('ρ solo ve la relación LINEAL,')):  26%|##6       | 11/42 [00:01<00:03,  9.25it/s]
Animation 39: FadeIn(Text('ρ solo ve la relación LINEAL,')):  31%|###       | 13/42 [00:01<00:02,  9.69it/s]
Animation 39: FadeIn(Text('ρ solo ve la relación LINEAL,')):  36%|###5      | 15/42 [00:01<00:02, 10.05it/s]
Animation 39: FadeIn(Text('ρ solo ve la relación LINEAL,')):  40%|####      | 17/42 [00:01<00:02,  9.58it/s]
Animation 39: FadeIn(Text('ρ solo ve la relación LINEAL,')):  45%|####5     | 19/42 [00:02<00:02,  9.66it/s]
Animation 39: FadeIn(Text('ρ solo ve la relación LINEAL,')):  50%|#####     | 21/42 [00:02<00:02,  9.96it/s]
Animation 39: FadeIn(Text('ρ solo ve la relación LINEAL,')):  55%|#####4    | 23/42 [00:02<00:01, 10.07it/s]
Animation 39: FadeIn(Text('ρ solo ve la relación LINEAL,')):  60%|#####9    | 25/42 [00:02<00:01, 10.03it/s]
Animation 39: FadeIn(Text('ρ solo ve la relación LINEAL,')):  64%|######4   | 27/42 [00:02<00:01, 10.03it/s]
Animation 39: FadeIn(Text('ρ solo ve la relación LINEAL,')):  69%|######9   | 29/42 [00:03<00:01, 10.05it/s]
Animation 39: FadeIn(Text('ρ solo ve la relación LINEAL,')):  74%|#######3  | 31/42 [00:03<00:01, 10.03it/s]
Animation 39: FadeIn(Text('ρ solo ve la relación LINEAL,')):  79%|#######8  | 33/42 [00:03<00:00,  9.99it/s]
Animation 39: FadeIn(Text('ρ solo ve la relación LINEAL,')):  81%|########  | 34/42 [00:03<00:00,  9.99it/s]
Animation 39: FadeIn(Text('ρ solo ve la relación LINEAL,')):  86%|########5 | 36/42 [00:03<00:00,  9.94it/s]
Animation 39: FadeIn(Text('ρ solo ve la relación LINEAL,')):  88%|########8 | 37/42 [00:03<00:00,  9.71it/s]
Animation 39: FadeIn(Text('ρ solo ve la relación LINEAL,')):  90%|######### | 38/42 [00:03<00:00,  9.74it/s]
Animation 39: FadeIn(Text('ρ solo ve la relación LINEAL,')):  95%|#########5| 40/42 [00:04<00:00,  9.86it/s]
Animation 39: FadeIn(Text('ρ solo ve la relación LINEAL,')): 100%|##########| 42/42 [00:04<00:00,  9.92it/s]
[09/10/26 10:56:59] INFO     Animation 39 : Partial    scene_file_writer.py:192
                             movie file written in                             
                             'C:\Users\Nacho\Documents                         
                             \Animaciones\Capitulo                             
                             7\media\videos\s07_correl                         
                             acion\1080p60\partial_mov                         
                             ie_files\Correlacion\2932                         
                             440949_3326097606_4099043                         
                             590.mp4'                                          
                                                                                                            

Animation 40: FadeIn(Text('y una parábola no tiene')):   0%|          | 0/42 [00:00<?, ?it/s]
Animation 40: FadeIn(Text('y una parábola no tiene')):   5%|4         | 2/42 [00:00<00:04,  9.79it/s]
Animation 40: FadeIn(Text('y una parábola no tiene')):   7%|7         | 3/42 [00:00<00:03,  9.87it/s]
Animation 40: FadeIn(Text('y una parábola no tiene')):  12%|#1        | 5/42 [00:00<00:03,  9.93it/s]
Animation 40: FadeIn(Text('y una parábola no tiene')):  14%|#4        | 6/42 [00:00<00:03,  9.61it/s]
Animation 40: FadeIn(Text('y una parábola no tiene')):  17%|#6        | 7/42 [00:00<00:03,  9.63it/s]
Animation 40: FadeIn(Text('y una parábola no tiene')):  19%|#9        | 8/42 [00:00<00:03,  9.70it/s]
Animation 40: FadeIn(Text('y una parábola no tiene')):  21%|##1       | 9/42 [00:00<00:03,  9.44it/s]
Animation 40: FadeIn(Text('y una parábola no tiene')):  24%|##3       | 10/42 [00:01<00:03,  9.55it/s]
Animation 40: FadeIn(Text('y una parábola no tiene')):  26%|##6       | 11/42 [00:01<00:03,  9.59it/s]
Animation 40: FadeIn(Text('y una parábola no tiene')):  29%|##8       | 12/42 [00:01<00:03,  9.01it/s]
Animation 40: FadeIn(Text('y una parábola no tiene')):  31%|###       | 13/42 [00:01<00:03,  9.20it/s]
Animation 40: FadeIn(Text('y una parábola no tiene')):  33%|###3      | 14/42 [00:01<00:02,  9.39it/s]
Animation 40: FadeIn(Text('y una parábola no tiene')):  38%|###8      | 16/42 [00:01<00:02,  9.32it/s]
Animation 40: FadeIn(Text('y una parábola no tiene')):  43%|####2     | 18/42 [00:01<00:02,  9.54it/s]
Animation 40: FadeIn(Text('y una parábola no tiene')):  48%|####7     | 20/42 [00:02<00:02,  9.84it/s]
Animation 40: FadeIn(Text('y una parábola no tiene')):  52%|#####2    | 22/42 [00:02<00:02,  9.74it/s]
Animation 40: FadeIn(Text('y una parábola no tiene')):  57%|#####7    | 24/42 [00:02<00:01,  9.77it/s]
Animation 40: FadeIn(Text('y una parábola no tiene')):  60%|#####9    | 25/42 [00:02<00:01,  9.81it/s]
Animation 40: FadeIn(Text('y una parábola no tiene')):  62%|######1   | 26/42 [00:02<00:01,  9.69it/s]
Animation 40: FadeIn(Text('y una parábola no tiene')):  64%|######4   | 27/42 [00:02<00:01,  9.72it/s]
Animation 40: FadeIn(Text('y una parábola no tiene')):  67%|######6   | 28/42 [00:02<00:01,  9.76it/s]
Animation 40: FadeIn(Text('y una parábola no tiene')):  69%|######9   | 29/42 [00:03<00:01,  9.63it/s]
Animation 40: FadeIn(Text('y una parábola no tiene')):  71%|#######1  | 30/42 [00:03<00:01,  9.61it/s]
Animation 40: FadeIn(Text('y una parábola no tiene')):  74%|#######3  | 31/42 [00:03<00:01,  9.64it/s]
Animation 40: FadeIn(Text('y una parábola no tiene')):  76%|#######6  | 32/42 [00:03<00:01,  9.41it/s]
Animation 40: FadeIn(Text('y una parábola no tiene')):  79%|#######8  | 33/42 [00:03<00:00,  9.54it/s]
Animation 40: FadeIn(Text('y una parábola no tiene')):  81%|########  | 34/42 [00:03<00:00,  9.51it/s]
Animation 40: FadeIn(Text('y una parábola no tiene')):  86%|########5 | 36/42 [00:03<00:00,  9.44it/s]
Animation 40: FadeIn(Text('y una parábola no tiene')):  90%|######### | 38/42 [00:03<00:00,  9.65it/s]
Animation 40: FadeIn(Text('y una parábola no tiene')):  93%|#########2| 39/42 [00:04<00:00,  9.57it/s]
Animation 40: FadeIn(Text('y una parábola no tiene')):  95%|#########5| 40/42 [00:04<00:00,  9.50it/s]
Animation 40: FadeIn(Text('y una parábola no tiene')):  98%|#########7| 41/42 [00:04<00:00,  9.51it/s]
Animation 40: FadeIn(Text('y una parábola no tiene')): 100%|##########| 42/42 [00:04<00:00,  9.35it/s]
[09/10/26 10:57:05] INFO     Animation 40 : Partial    scene_file_writer.py:192
                             movie file written in                             
                             'C:\Users\Nacho\Documents                         
                             \Animaciones\Capitulo                             
                             7\media\videos\s07_correl                         
                             acion\1080p60\partial_mov                         
                             ie_files\Correlacion\2932                         
                             440949_3047313775_2902945                         
                             237.mp4'                                          
                                                                                                      

Animation 41: FadeIn(Text('componente lineal.')):   0%|          | 0/42 [00:00<?, ?it/s]
Animation 41: FadeIn(Text('componente lineal.')):   5%|4         | 2/42 [00:00<00:04,  9.98it/s]
Animation 41: FadeIn(Text('componente lineal.')):   7%|7         | 3/42 [00:00<00:04,  9.34it/s]
Animation 41: FadeIn(Text('componente lineal.')):  10%|9         | 4/42 [00:00<00:04,  9.03it/s]
Animation 41: FadeIn(Text('componente lineal.')):  12%|#1        | 5/42 [00:00<00:03,  9.34it/s]
Animation 41: FadeIn(Text('componente lineal.')):  14%|#4        | 6/42 [00:00<00:04,  8.94it/s]
Animation 41: FadeIn(Text('componente lineal.')):  17%|#6        | 7/42 [00:00<00:03,  9.07it/s]
Animation 41: FadeIn(Text('componente lineal.')):  19%|#9        | 8/42 [00:00<00:03,  8.88it/s]
Animation 41: FadeIn(Text('componente lineal.')):  21%|##1       | 9/42 [00:00<00:03,  9.08it/s]
Animation 41: FadeIn(Text('componente lineal.')):  24%|##3       | 10/42 [00:01<00:03,  9.16it/s]
Animation 41: FadeIn(Text('componente lineal.')):  26%|##6       | 11/42 [00:01<00:03,  9.29it/s]
Animation 41: FadeIn(Text('componente lineal.')):  29%|##8       | 12/42 [00:01<00:03,  8.96it/s]
Animation 41: FadeIn(Text('componente lineal.')):  33%|###3      | 14/42 [00:01<00:03,  9.04it/s]
Animation 41: FadeIn(Text('componente lineal.')):  36%|###5      | 15/42 [00:01<00:02,  9.01it/s]
Animation 41: FadeIn(Text('componente lineal.')):  38%|###8      | 16/42 [00:01<00:02,  8.98it/s]
Animation 41: FadeIn(Text('componente lineal.')):  43%|####2     | 18/42 [00:01<00:02,  9.33it/s]
Animation 41: FadeIn(Text('componente lineal.')):  45%|####5     | 19/42 [00:02<00:02,  9.32it/s]
Animation 41: FadeIn(Text('componente lineal.')):  48%|####7     | 20/42 [00:02<00:02,  9.26it/s]
Animation 41: FadeIn(Text('componente lineal.')):  50%|#####     | 21/42 [00:02<00:02,  9.43it/s]
Animation 41: FadeIn(Text('componente lineal.')):  52%|#####2    | 22/42 [00:02<00:02,  9.13it/s]
Animation 41: FadeIn(Text('componente lineal.')):  57%|#####7    | 24/42 [00:02<00:01,  9.43it/s]
Animation 41: FadeIn(Text('componente lineal.')):  62%|######1   | 26/42 [00:02<00:01,  9.36it/s]
Animation 41: FadeIn(Text('componente lineal.')):  64%|######4   | 27/42 [00:02<00:01,  9.25it/s]
Animation 41: FadeIn(Text('componente lineal.')):  67%|######6   | 28/42 [00:03<00:01,  9.39it/s]
Animation 41: FadeIn(Text('componente lineal.')):  69%|######9   | 29/42 [00:03<00:01,  9.22it/s]
Animation 41: FadeIn(Text('componente lineal.')):  71%|#######1  | 30/42 [00:03<00:01,  8.99it/s]
Animation 41: FadeIn(Text('componente lineal.')):  74%|#######3  | 31/42 [00:03<00:01,  9.01it/s]
Animation 41: FadeIn(Text('componente lineal.')):  76%|#######6  | 32/42 [00:03<00:01,  9.12it/s]
Animation 41: FadeIn(Text('componente lineal.')):  79%|#######8  | 33/42 [00:03<00:00,  9.13it/s]
Animation 41: FadeIn(Text('componente lineal.')):  81%|########  | 34/42 [00:03<00:00,  8.90it/s]
Animation 41: FadeIn(Text('componente lineal.')):  83%|########3 | 35/42 [00:03<00:00,  9.01it/s]
Animation 41: FadeIn(Text('componente lineal.')):  86%|########5 | 36/42 [00:03<00:00,  8.94it/s]
Animation 41: FadeIn(Text('componente lineal.')):  88%|########8 | 37/42 [00:04<00:00,  9.22it/s]
Animation 41: FadeIn(Text('componente lineal.')):  90%|######### | 38/42 [00:04<00:00,  9.04it/s]
Animation 41: FadeIn(Text('componente lineal.')):  93%|#########2| 39/42 [00:04<00:00,  8.72it/s]
Animation 41: FadeIn(Text('componente lineal.')):  95%|#########5| 40/42 [00:04<00:00,  8.67it/s]
Animation 41: FadeIn(Text('componente lineal.')):  98%|#########7| 41/42 [00:04<00:00,  8.40it/s]
Animation 41: FadeIn(Text('componente lineal.')): 100%|##########| 42/42 [00:04<00:00,  8.67it/s]
[09/10/26 10:57:11] INFO     Animation 41 : Partial    scene_file_writer.py:192
                             movie file written in                             
                             'C:\Users\Nacho\Documents                         
                             \Animaciones\Capitulo                             
                             7\media\videos\s07_correl                         
                             acion\1080p60\partial_mov                         
                             ie_files\Correlacion\2932                         
                             440949_1715027136_4040437                         
                             711.mp4'                                          
[09/10/26 10:57:16] INFO     Animation 42 : Partial    scene_file_writer.py:192
                             movie file written in                             
                             'C:\Users\Nacho\Documents                         
                             \Animaciones\Capitulo                             
                             7\media\videos\s07_correl                         
                             acion\1080p60\partial_mov                         
                             ie_files\Correlacion\2932                         
                             440949_266979614_19027550                         
                             4.mp4'                                            
                                                                                                 

Animation 43: FadeOut(VGroup of 7 submobjects):   0%|          | 0/60 [00:00<?, ?it/s]
Animation 43: FadeOut(VGroup of 7 submobjects):   2%|1         | 1/60 [00:00<00:16,  3.51it/s]
Animation 43: FadeOut(VGroup of 7 submobjects):   3%|3         | 2/60 [00:00<00:18,  3.20it/s]
Animation 43: FadeOut(VGroup of 7 submobjects):   5%|5         | 3/60 [00:00<00:17,  3.31it/s]
Animation 43: FadeOut(VGroup of 7 submobjects):   7%|6         | 4/60 [00:01<00:16,  3.31it/s]
Animation 43: FadeOut(VGroup of 7 submobjects):   8%|8         | 5/60 [00:01<00:16,  3.29it/s]
Animation 43: FadeOut(VGroup of 7 submobjects):  10%|#         | 6/60 [00:01<00:15,  3.39it/s]
Animation 43: FadeOut(VGroup of 7 submobjects):  12%|#1        | 7/60 [00:02<00:15,  3.34it/s]
Animation 43: FadeOut(VGroup of 7 submobjects):  13%|#3        | 8/60 [00:02<00:15,  3.30it/s]
Animation 43: FadeOut(VGroup of 7 submobjects):  15%|#5        | 9/60 [00:02<00:15,  3.29it/s]
Animation 43: FadeOut(VGroup of 7 submobjects):  17%|#6        | 10/60 [00:03<00:15,  3.25it/s]
Animation 43: FadeOut(VGroup of 7 submobjects):  18%|#8        | 11/60 [00:03<00:14,  3.27it/s]
Animation 43: FadeOut(VGroup of 7 submobjects):  20%|##        | 12/60 [00:03<00:14,  3.28it/s]
Animation 43: FadeOut(VGroup of 7 submobjects):  22%|##1       | 13/60 [00:03<00:14,  3.26it/s]
Animation 43: FadeOut(VGroup of 7 submobjects):  23%|##3       | 14/60 [00:04<00:13,  3.31it/s]
Animation 43: FadeOut(VGroup of 7 submobjects):  25%|##5       | 15/60 [00:04<00:13,  3.35it/s]
Animation 43: FadeOut(VGroup of 7 submobjects):  27%|##6       | 16/60 [00:04<00:14,  2.99it/s]
Animation 43: FadeOut(VGroup of 7 submobjects):  28%|##8       | 17/60 [00:05<00:13,  3.13it/s]
Animation 43: FadeOut(VGroup of 7 submobjects):  30%|###       | 18/60 [00:05<00:13,  3.18it/s]
Animation 43: FadeOut(VGroup of 7 submobjects):  32%|###1      | 19/60 [00:05<00:13,  3.08it/s]
Animation 43: FadeOut(VGroup of 7 submobjects):  33%|###3      | 20/60 [00:06<00:13,  3.04it/s]
Animation 43: FadeOut(VGroup of 7 submobjects):  35%|###5      | 21/60 [00:06<00:14,  2.79it/s]
Animation 43: FadeOut(VGroup of 7 submobjects):  37%|###6      | 22/60 [00:07<00:14,  2.67it/s]
Animation 43: FadeOut(VGroup of 7 submobjects):  38%|###8      | 23/60 [00:07<00:13,  2.65it/s]
Animation 43: FadeOut(VGroup of 7 submobjects):  40%|####      | 24/60 [00:07<00:13,  2.57it/s]
Animation 43: FadeOut(VGroup of 7 submobjects):  42%|####1     | 25/60 [00:08<00:13,  2.62it/s]
Animation 43: FadeOut(VGroup of 7 submobjects):  43%|####3     | 26/60 [00:08<00:12,  2.82it/s]
Animation 43: FadeOut(VGroup of 7 submobjects):  45%|####5     | 27/60 [00:08<00:11,  2.92it/s]
Animation 43: FadeOut(VGroup of 7 submobjects):  47%|####6     | 28/60 [00:09<00:10,  3.07it/s]
Animation 43: FadeOut(VGroup of 7 submobjects):  48%|####8     | 29/60 [00:09<00:10,  3.05it/s]
Animation 43: FadeOut(VGroup of 7 submobjects):  50%|#####     | 30/60 [00:09<00:09,  3.10it/s]
Animation 43: FadeOut(VGroup of 7 submobjects):  52%|#####1    | 31/60 [00:10<00:09,  3.17it/s]
Animation 43: FadeOut(VGroup of 7 submobjects):  53%|#####3    | 32/60 [00:10<00:08,  3.25it/s]
Animation 43: FadeOut(VGroup of 7 submobjects):  55%|#####5    | 33/60 [00:10<00:08,  3.33it/s]
Animation 43: FadeOut(VGroup of 7 submobjects):  57%|#####6    | 34/60 [00:10<00:07,  3.37it/s]
Animation 43: FadeOut(VGroup of 7 submobjects):  58%|#####8    | 35/60 [00:11<00:07,  3.37it/s]
Animation 43: FadeOut(VGroup of 7 submobjects):  60%|######    | 36/60 [00:11<00:07,  3.36it/s]
Animation 43: FadeOut(VGroup of 7 submobjects):  62%|######1   | 37/60 [00:11<00:06,  3.35it/s]
Animation 43: FadeOut(VGroup of 7 submobjects):  63%|######3   | 38/60 [00:12<00:06,  3.40it/s]
Animation 43: FadeOut(VGroup of 7 submobjects):  65%|######5   | 39/60 [00:12<00:06,  3.36it/s]
Animation 43: FadeOut(VGroup of 7 submobjects):  67%|######6   | 40/60 [00:12<00:06,  3.33it/s]
Animation 43: FadeOut(VGroup of 7 submobjects):  68%|######8   | 41/60 [00:13<00:05,  3.35it/s]
Animation 43: FadeOut(VGroup of 7 submobjects):  70%|#######   | 42/60 [00:13<00:05,  3.38it/s]
Animation 43: FadeOut(VGroup of 7 submobjects):  72%|#######1  | 43/60 [00:13<00:05,  3.15it/s]
Animation 43: FadeOut(VGroup of 7 submobjects):  73%|#######3  | 44/60 [00:13<00:04,  3.25it/s]
Animation 43: FadeOut(VGroup of 7 submobjects):  75%|#######5  | 45/60 [00:14<00:04,  3.28it/s]
Animation 43: FadeOut(VGroup of 7 submobjects):  77%|#######6  | 46/60 [00:14<00:04,  3.29it/s]
Animation 43: FadeOut(VGroup of 7 submobjects):  78%|#######8  | 47/60 [00:14<00:03,  3.30it/s]
Animation 43: FadeOut(VGroup of 7 submobjects):  80%|########  | 48/60 [00:15<00:03,  3.26it/s]
Animation 43: FadeOut(VGroup of 7 submobjects):  82%|########1 | 49/60 [00:15<00:03,  3.28it/s]
Animation 43: FadeOut(VGroup of 7 submobjects):  83%|########3 | 50/60 [00:15<00:03,  3.30it/s]
Animation 43: FadeOut(VGroup of 7 submobjects):  85%|########5 | 51/60 [00:16<00:02,  3.28it/s]
Animation 43: FadeOut(VGroup of 7 submobjects):  87%|########6 | 52/60 [00:16<00:02,  3.24it/s]
Animation 43: FadeOut(VGroup of 7 submobjects):  88%|########8 | 53/60 [00:16<00:02,  3.25it/s]
Animation 43: FadeOut(VGroup of 7 submobjects):  90%|######### | 54/60 [00:16<00:01,  3.28it/s]
Animation 43: FadeOut(VGroup of 7 submobjects):  92%|#########1| 55/60 [00:17<00:01,  3.28it/s]
Animation 43: FadeOut(VGroup of 7 submobjects):  93%|#########3| 56/60 [00:17<00:01,  3.20it/s]
Animation 43: FadeOut(VGroup of 7 submobjects):  95%|#########5| 57/60 [00:17<00:00,  3.23it/s]
Animation 43: FadeOut(VGroup of 7 submobjects):  97%|#########6| 58/60 [00:18<00:00,  2.87it/s]
Animation 43: FadeOut(VGroup of 7 submobjects):  98%|#########8| 59/60 [00:18<00:00,  3.04it/s]
Animation 43: FadeOut(VGroup of 7 submobjects): 100%|##########| 60/60 [00:18<00:00,  3.09it/s]
[09/10/26 10:57:39] INFO     Animation 43 : Partial    scene_file_writer.py:192
                             movie file written in                             
                             'C:\Users\Nacho\Documents                         
                             \Animaciones\Capitulo                             
                             7\media\videos\s07_correl                         
                             acion\1080p60\partial_mov                         
                             ie_files\Correlacion\2932                         
                             440949_23143523_329107624                         
                             8.mp4'                                            
                                                                                               

Animation 44: FadeIn(VGroup of 3 submobjects):   0%|          | 0/60 [00:00<?, ?it/s]
Animation 44: FadeIn(VGroup of 3 submobjects):   7%|6         | 4/60 [00:00<00:01, 32.37it/s]
Animation 44: FadeIn(VGroup of 3 submobjects):  13%|#3        | 8/60 [00:00<00:01, 30.82it/s]
Animation 44: FadeIn(VGroup of 3 submobjects):  20%|##        | 12/60 [00:00<00:01, 32.29it/s]
Animation 44: FadeIn(VGroup of 3 submobjects):  27%|##6       | 16/60 [00:00<00:01, 30.61it/s]
Animation 44: FadeIn(VGroup of 3 submobjects):  33%|###3      | 20/60 [00:00<00:01, 30.93it/s]
Animation 44: FadeIn(VGroup of 3 submobjects):  40%|####      | 24/60 [00:00<00:01, 30.63it/s]
Animation 44: FadeIn(VGroup of 3 submobjects):  47%|####6     | 28/60 [00:00<00:01, 30.77it/s]
Animation 44: FadeIn(VGroup of 3 submobjects):  53%|#####3    | 32/60 [00:01<00:00, 30.58it/s]
Animation 44: FadeIn(VGroup of 3 submobjects):  60%|######    | 36/60 [00:01<00:00, 30.87it/s]
Animation 44: FadeIn(VGroup of 3 submobjects):  67%|######6   | 40/60 [00:01<00:00, 30.34it/s]
Animation 44: FadeIn(VGroup of 3 submobjects):  73%|#######3  | 44/60 [00:01<00:00, 26.69it/s]
Animation 44: FadeIn(VGroup of 3 submobjects):  78%|#######8  | 47/60 [00:01<00:00, 25.95it/s]
Animation 44: FadeIn(VGroup of 3 submobjects):  83%|########3 | 50/60 [00:01<00:00, 25.63it/s]
Animation 44: FadeIn(VGroup of 3 submobjects):  88%|########8 | 53/60 [00:01<00:00, 25.94it/s]
Animation 44: FadeIn(VGroup of 3 submobjects):  93%|#########3| 56/60 [00:01<00:00, 25.65it/s]
Animation 44: FadeIn(VGroup of 3 submobjects):  98%|#########8| 59/60 [00:02<00:00, 26.47it/s]
[09/10/26 10:57:43] INFO     Animation 44 : Partial    scene_file_writer.py:192
                             movie file written in                             
                             'C:\Users\Nacho\Documents                         
                             \Animaciones\Capitulo                             
                             7\media\videos\s07_correl                         
                             acion\1080p60\partial_mov                         
                             ie_files\Correlacion\2932                         
                             440949_4030560041_2403056                         
                             293.mp4'                                          
                                                                                              

Animation 45: FadeIn(VGroup of 3 submobjects):   0%|          | 0/60 [00:00<?, ?it/s]
Animation 45: FadeIn(VGroup of 3 submobjects):   7%|6         | 4/60 [00:00<00:01, 32.99it/s]
Animation 45: FadeIn(VGroup of 3 submobjects):  13%|#3        | 8/60 [00:00<00:01, 33.73it/s]
Animation 45: FadeIn(VGroup of 3 submobjects):  20%|##        | 12/60 [00:00<00:01, 30.90it/s]
Animation 45: FadeIn(VGroup of 3 submobjects):  27%|##6       | 16/60 [00:00<00:01, 30.82it/s]
Animation 45: FadeIn(VGroup of 3 submobjects):  33%|###3      | 20/60 [00:00<00:01, 29.96it/s]
Animation 45: FadeIn(VGroup of 3 submobjects):  40%|####      | 24/60 [00:00<00:01, 30.09it/s]
Animation 45: FadeIn(VGroup of 3 submobjects):  47%|####6     | 28/60 [00:00<00:01, 29.35it/s]
Animation 45: FadeIn(VGroup of 3 submobjects):  53%|#####3    | 32/60 [00:01<00:00, 30.15it/s]
Animation 45: FadeIn(VGroup of 3 submobjects):  60%|######    | 36/60 [00:01<00:00, 29.91it/s]
Animation 45: FadeIn(VGroup of 3 submobjects):  67%|######6   | 40/60 [00:01<00:00, 29.83it/s]
Animation 45: FadeIn(VGroup of 3 submobjects):  72%|#######1  | 43/60 [00:01<00:00, 28.15it/s]
Animation 45: FadeIn(VGroup of 3 submobjects):  77%|#######6  | 46/60 [00:01<00:00, 25.99it/s]
Animation 45: FadeIn(VGroup of 3 submobjects):  82%|########1 | 49/60 [00:01<00:00, 23.47it/s]
Animation 45: FadeIn(VGroup of 3 submobjects):  87%|########6 | 52/60 [00:01<00:00, 24.33it/s]
Animation 45: FadeIn(VGroup of 3 submobjects):  92%|#########1| 55/60 [00:01<00:00, 24.98it/s]
Animation 45: FadeIn(VGroup of 3 submobjects):  97%|#########6| 58/60 [00:02<00:00, 25.22it/s]
[09/10/26 10:57:46] INFO     Animation 45 : Partial    scene_file_writer.py:192
                             movie file written in                             
                             'C:\Users\Nacho\Documents                         
                             \Animaciones\Capitulo                             
                             7\media\videos\s07_correl                         
                             acion\1080p60\partial_mov                         
                             ie_files\Correlacion\2932                         
                             440949_4076424789_3958967                         
                             299.mp4'                                          
[09/10/26 10:57:48] INFO     Animation 46 : Partial    scene_file_writer.py:192
                             movie file written in                             
                             'C:\Users\Nacho\Documents                         
                             \Animaciones\Capitulo                             
                             7\media\videos\s07_correl                         
                             acion\1080p60\partial_mov                         
                             ie_files\Correlacion\2932                         
                             440949_125152860_26459862                         
                             25.mp4'                                           
                                                                                              

Animation 47: FadeIn(Text('La excepción importante: si son conjuntamente gaussianas,\nno correlacionadas SÍ implica 
independientes.')):   0%|          | 0/60 [00:00<?, ?it/s]
Animation 47: FadeIn(Text('La excepción importante: si son conjuntamente gaussianas,\nno correlacionadas SÍ implica 
independientes.')):   5%|5         | 3/60 [00:00<00:02, 20.07it/s]
Animation 47: FadeIn(Text('La excepción importante: si son conjuntamente gaussianas,\nno correlacionadas SÍ implica 
independientes.')):  10%|#         | 6/60 [00:00<00:02, 18.82it/s]
Animation 47: FadeIn(Text('La excepción importante: si son conjuntamente gaussianas,\nno correlacionadas SÍ implica 
independientes.')):  13%|#3        | 8/60 [00:00<00:02, 18.30it/s]
Animation 47: FadeIn(Text('La excepción importante: si son conjuntamente gaussianas,\nno correlacionadas SÍ implica 
independientes.')):  17%|#6        | 10/60 [00:00<00:02, 17.83it/s]
Animation 47: FadeIn(Text('La excepción importante: si son conjuntamente gaussianas,\nno correlacionadas SÍ implica 
independientes.')):  20%|##        | 12/60 [00:00<00:02, 17.71it/s]
Animation 47: FadeIn(Text('La excepción importante: si son conjuntamente gaussianas,\nno correlacionadas SÍ implica 
independientes.')):  23%|##3       | 14/60 [00:00<00:02, 17.57it/s]
Animation 47: FadeIn(Text('La excepción importante: si son conjuntamente gaussianas,\nno correlacionadas SÍ implica 
independientes.')):  27%|##6       | 16/60 [00:00<00:02, 17.56it/s]
Animation 47: FadeIn(Text('La excepción importante: si son conjuntamente gaussianas,\nno correlacionadas SÍ implica 
independientes.')):  32%|###1      | 19/60 [00:01<00:02, 18.02it/s]
Animation 47: FadeIn(Text('La excepción importante: si son conjuntamente gaussianas,\nno correlacionadas SÍ implica 
independientes.')):  35%|###5      | 21/60 [00:01<00:02, 18.10it/s]
Animation 47: FadeIn(Text('La excepción importante: si son conjuntamente gaussianas,\nno correlacionadas SÍ implica 
independientes.')):  38%|###8      | 23/60 [00:01<00:02, 18.21it/s]
Animation 47: FadeIn(Text('La excepción importante: si son conjuntamente gaussianas,\nno correlacionadas SÍ implica 
independientes.')):  42%|####1     | 25/60 [00:01<00:01, 18.45it/s]
Animation 47: FadeIn(Text('La excepción importante: si son conjuntamente gaussianas,\nno correlacionadas SÍ implica 
independientes.')):  45%|####5     | 27/60 [00:01<00:01, 17.74it/s]
Animation 47: FadeIn(Text('La excepción importante: si son conjuntamente gaussianas,\nno correlacionadas SÍ implica 
independientes.')):  48%|####8     | 29/60 [00:01<00:01, 16.68it/s]
Animation 47: FadeIn(Text('La excepción importante: si son conjuntamente gaussianas,\nno correlacionadas SÍ implica 
independientes.')):  52%|#####1    | 31/60 [00:01<00:01, 16.92it/s]
Animation 47: FadeIn(Text('La excepción importante: si son conjuntamente gaussianas,\nno correlacionadas SÍ implica 
independientes.')):  55%|#####5    | 33/60 [00:01<00:01, 16.33it/s]
Animation 47: FadeIn(Text('La excepción importante: si son conjuntamente gaussianas,\nno correlacionadas SÍ implica 
independientes.')):  58%|#####8    | 35/60 [00:01<00:01, 17.21it/s]
Animation 47: FadeIn(Text('La excepción importante: si son conjuntamente gaussianas,\nno correlacionadas SÍ implica 
independientes.')):  62%|######1   | 37/60 [00:02<00:01, 16.51it/s]
Animation 47: FadeIn(Text('La excepción importante: si son conjuntamente gaussianas,\nno correlacionadas SÍ implica 
independientes.')):  65%|######5   | 39/60 [00:02<00:01, 15.97it/s]
Animation 47: FadeIn(Text('La excepción importante: si son conjuntamente gaussianas,\nno correlacionadas SÍ implica 
independientes.')):  68%|######8   | 41/60 [00:02<00:01, 15.85it/s]
Animation 47: FadeIn(Text('La excepción importante: si son conjuntamente gaussianas,\nno correlacionadas SÍ implica 
independientes.')):  72%|#######1  | 43/60 [00:02<00:01, 14.26it/s]
Animation 47: FadeIn(Text('La excepción importante: si son conjuntamente gaussianas,\nno correlacionadas SÍ implica 
independientes.')):  75%|#######5  | 45/60 [00:02<00:01, 14.00it/s]
Animation 47: FadeIn(Text('La excepción importante: si son conjuntamente gaussianas,\nno correlacionadas SÍ implica 
independientes.')):  78%|#######8  | 47/60 [00:02<00:00, 14.89it/s]
Animation 47: FadeIn(Text('La excepción importante: si son conjuntamente gaussianas,\nno correlacionadas SÍ implica 
independientes.')):  82%|########1 | 49/60 [00:02<00:00, 14.78it/s]
Animation 47: FadeIn(Text('La excepción importante: si son conjuntamente gaussianas,\nno correlacionadas SÍ implica 
independientes.')):  85%|########5 | 51/60 [00:03<00:00, 15.50it/s]
Animation 47: FadeIn(Text('La excepción importante: si son conjuntamente gaussianas,\nno correlacionadas SÍ implica 
independientes.')):  88%|########8 | 53/60 [00:03<00:00, 15.57it/s]
Animation 47: FadeIn(Text('La excepción importante: si son conjuntamente gaussianas,\nno correlacionadas SÍ implica 
independientes.')):  92%|#########1| 55/60 [00:03<00:00, 16.29it/s]
Animation 47: FadeIn(Text('La excepción importante: si son conjuntamente gaussianas,\nno correlacionadas SÍ implica 
independientes.')):  95%|#########5| 57/60 [00:03<00:00, 15.60it/s]
Animation 47: FadeIn(Text('La excepción importante: si son conjuntamente gaussianas,\nno correlacionadas SÍ implica 
independientes.')):  98%|#########8| 59/60 [00:03<00:00, 15.78it/s]
[09/10/26 10:57:53] INFO     Animation 47 : Partial    scene_file_writer.py:192
                             movie file written in                             
                             'C:\Users\Nacho\Documents                         
                             \Animaciones\Capitulo                             
                             7\media\videos\s07_correl                         
                             acion\1080p60\partial_mov                         
                             ie_files\Correlacion\2932                         
                             440949_2126423684_2243168                         
                             519.mp4'                                          
[09/10/26 10:57:58] INFO     Animation 48 : Partial    scene_file_writer.py:192
                             movie file written in                             
                             'C:\Users\Nacho\Documents                         
                             \Animaciones\Capitulo                             
                             7\media\videos\s07_correl                         
                             acion\1080p60\partial_mov                         
                             ie_files\Correlacion\2932                         
                             440949_266979614_11272314                         
                             12.mp4'                                           
                                                                                                                       
                                                                

Animation 49: FadeOut(VGroup of 2 submobjects):   0%|          | 0/60 [00:00<?, ?it/s]
Animation 49: FadeOut(VGroup of 2 submobjects):   3%|3         | 2/60 [00:00<00:05, 10.82it/s]
Animation 49: FadeOut(VGroup of 2 submobjects):   7%|6         | 4/60 [00:00<00:05, 10.32it/s]
Animation 49: FadeOut(VGroup of 2 submobjects):  10%|#         | 6/60 [00:00<00:05, 10.16it/s]
Animation 49: FadeOut(VGroup of 2 submobjects):  13%|#3        | 8/60 [00:00<00:05, 10.17it/s]
Animation 49: FadeOut(VGroup of 2 submobjects):  17%|#6        | 10/60 [00:00<00:04, 10.47it/s]
Animation 49: FadeOut(VGroup of 2 submobjects):  20%|##        | 12/60 [00:01<00:04, 10.26it/s]
Animation 49: FadeOut(VGroup of 2 submobjects):  23%|##3       | 14/60 [00:01<00:04, 10.43it/s]
Animation 49: FadeOut(VGroup of 2 submobjects):  27%|##6       | 16/60 [00:01<00:04, 10.09it/s]
Animation 49: FadeOut(VGroup of 2 submobjects):  30%|###       | 18/60 [00:01<00:04, 10.26it/s]
Animation 49: FadeOut(VGroup of 2 submobjects):  33%|###3      | 20/60 [00:01<00:03, 10.05it/s]
Animation 49: FadeOut(VGroup of 2 submobjects):  37%|###6      | 22/60 [00:02<00:03, 10.16it/s]
Animation 49: FadeOut(VGroup of 2 submobjects):  40%|####      | 24/60 [00:02<00:03, 10.14it/s]
Animation 49: FadeOut(VGroup of 2 submobjects):  43%|####3     | 26/60 [00:02<00:03, 10.18it/s]
Animation 49: FadeOut(VGroup of 2 submobjects):  47%|####6     | 28/60 [00:02<00:03, 10.02it/s]
Animation 49: FadeOut(VGroup of 2 submobjects):  50%|#####     | 30/60 [00:02<00:02, 10.01it/s]
Animation 49: FadeOut(VGroup of 2 submobjects):  53%|#####3    | 32/60 [00:03<00:02, 10.07it/s]
Animation 49: FadeOut(VGroup of 2 submobjects):  57%|#####6    | 34/60 [00:03<00:02, 10.18it/s]
Animation 49: FadeOut(VGroup of 2 submobjects):  60%|######    | 36/60 [00:03<00:02,  9.96it/s]
Animation 49: FadeOut(VGroup of 2 submobjects):  63%|######3   | 38/60 [00:03<00:02, 10.32it/s]
Animation 49: FadeOut(VGroup of 2 submobjects):  67%|######6   | 40/60 [00:03<00:01, 10.27it/s]
Animation 49: FadeOut(VGroup of 2 submobjects):  70%|#######   | 42/60 [00:04<00:01, 10.32it/s]
Animation 49: FadeOut(VGroup of 2 submobjects):  73%|#######3  | 44/60 [00:04<00:01,  9.07it/s]
Animation 49: FadeOut(VGroup of 2 submobjects):  75%|#######5  | 45/60 [00:04<00:01,  9.20it/s]
Animation 49: FadeOut(VGroup of 2 submobjects):  77%|#######6  | 46/60 [00:04<00:01,  9.32it/s]
Animation 49: FadeOut(VGroup of 2 submobjects):  80%|########  | 48/60 [00:04<00:01,  9.30it/s]
Animation 49: FadeOut(VGroup of 2 submobjects):  82%|########1 | 49/60 [00:04<00:01,  9.41it/s]
Animation 49: FadeOut(VGroup of 2 submobjects):  85%|########5 | 51/60 [00:05<00:00,  9.63it/s]
Animation 49: FadeOut(VGroup of 2 submobjects):  88%|########8 | 53/60 [00:05<00:00,  9.60it/s]
Animation 49: FadeOut(VGroup of 2 submobjects):  92%|#########1| 55/60 [00:05<00:00,  9.75it/s]
Animation 49: FadeOut(VGroup of 2 submobjects):  93%|#########3| 56/60 [00:05<00:00,  9.65it/s]
Animation 49: FadeOut(VGroup of 2 submobjects):  95%|#########5| 57/60 [00:05<00:00,  9.72it/s]
Animation 49: FadeOut(VGroup of 2 submobjects):  98%|#########8| 59/60 [00:05<00:00,  9.85it/s]
[09/10/26 10:58:08] INFO     Animation 49 : Partial    scene_file_writer.py:192
                             movie file written in                             
                             'C:\Users\Nacho\Documents                         
                             \Animaciones\Capitulo                             
                             7\media\videos\s07_correl                         
                             acion\1080p60\partial_mov                         
                             ie_files\Correlacion\2932                         
                             440949_2923423206_2268143                         
                             980.mp4'                                          
[09/10/26 10:58:09] INFO     Animation 50 : Partial    scene_file_writer.py:192
                             movie file written in                             
                             'C:\Users\Nacho\Documents                         
                             \Animaciones\Capitulo                             
                             7\media\videos\s07_correl                         
                             acion\1080p60\partial_mov                         
                             ie_files\Correlacion\2932                         
                             440949_4235033027_1678105                         
                             72.mp4'                                           
                    INFO     Combining to Movie file.  scene_file_writer.py:952
[09/10/26 10:58:10] INFO                              scene_file_writer.py:1103
                             File ready at                                     
                             'C:\Users\Nacho\Document                          
                             s\Animaciones\Capitulo                            
                             7\media\videos\s07_corre                          
                             lacion\1080p60\Correlaci                          
                             on.mp4'                                           
                                                                               
                    INFO     Rendered Correlacion                  scene.py:290
                             Played 51 animations                              
                                                                                               
Manim Community v0.21.0

manim.exe : 
En C:\Users\Nacho\Documents\Animaciones\Capitulo 7\render.ps1: 49 Carácter: 9
+         & manim "-$Calidad" $e.archivo $e.escena *>> $log
+         ~~~~~~~~~~~~~~~~~~~~~~~~~~~~~~~~~~~~~~~~~~~~~~~~~
    + CategoryInfo          : NotSpecified: (:String) [], RemoteException
    + FullyQualifiedErrorId : NativeCommandError
 
Animation 0: FadeIn(Text('Las variables aleatorias son vectores')):   0%|          | 0/60 [00:00<?, ?it/s]
Animation 0: FadeIn(Text('Las variables aleatorias son vectores')):  18%|#8        | 11/60 [00:00<00:00, 97.88it/s]
Animation 0: FadeIn(Text('Las variables aleatorias son vectores')):  37%|###6      | 22/60 [00:00<00:00, 101.64it/s]
Animation 0: FadeIn(Text('Las variables aleatorias son vectores')):  55%|#####5    | 33/60 [00:00<00:00, 100.19it/s]
Animation 0: FadeIn(Text('Las variables aleatorias son vectores')):  75%|#######5  | 45/60 [00:00<00:00, 103.89it/s]
Animation 0: FadeIn(Text('Las variables aleatorias son vectores')):  93%|#########3| 56/60 [00:00<00:00, 97.74it/s] 
[09/10/26 10:58:12] INFO     Animation 0 : Partial     scene_file_writer.py:192
                             movie file written in                             
                             'C:\Users\Nacho\Documents                         
                             \Animaciones\Capitulo                             
                             7\media\videos\s08_vector                         
                             ial\1080p60\partial_movie                         
                             _files\Vectorial\30100045                         
                             61_522397996_223132457.mp                         
                             4'                                                
[09/10/26 10:58:13] INFO     Animation 1 : Partial     scene_file_writer.py:192
                             movie file written in                             
                             'C:\Users\Nacho\Documents                         
                             \Animaciones\Capitulo                             
                             7\media\videos\s08_vector                         
                             ial\1080p60\partial_movie                         
                             _files\Vectorial\29324409                         
                             49_241228271_2673080540.m                         
                             p4'                                               
                                                                                                                   

Animation 2: FadeIn(Text('Si E[XY] es un producto interno de verdad, toda la geometría se aplica.')):   0%|          | 
0/60 [00:00<?, ?it/s]
Animation 2: FadeIn(Text('Si E[XY] es un producto interno de verdad, toda la geometría se aplica.')):  17%|#6        | 
10/60 [00:00<00:00, 90.12it/s]
Animation 2: FadeIn(Text('Si E[XY] es un producto interno de verdad, toda la geometría se aplica.')):  33%|###3      | 
20/60 [00:00<00:00, 92.67it/s]
Animation 2: FadeIn(Text('Si E[XY] es un producto interno de verdad, toda la geometría se aplica.')):  50%|#####     | 
30/60 [00:00<00:00, 57.82it/s]
Animation 2: FadeIn(Text('Si E[XY] es un producto interno de verdad, toda la geometría se aplica.')):  62%|######1   | 
37/60 [00:00<00:00, 38.38it/s]
Animation 2: FadeIn(Text('Si E[XY] es un producto interno de verdad, toda la geometría se aplica.')):  72%|#######1  | 
43/60 [00:01<00:00, 30.63it/s]
Animation 2: FadeIn(Text('Si E[XY] es un producto interno de verdad, toda la geometría se aplica.')):  78%|#######8  | 
47/60 [00:01<00:00, 27.66it/s]
Animation 2: FadeIn(Text('Si E[XY] es un producto interno de verdad, toda la geometría se aplica.')):  85%|########5 | 
51/60 [00:01<00:00, 26.20it/s]
Animation 2: FadeIn(Text('Si E[XY] es un producto interno de verdad, toda la geometría se aplica.')):  90%|######### | 
54/60 [00:01<00:00, 24.59it/s]
Animation 2: FadeIn(Text('Si E[XY] es un producto interno de verdad, toda la geometría se aplica.')):  95%|#########5| 
57/60 [00:01<00:00, 24.11it/s]
Animation 2: FadeIn(Text('Si E[XY] es un producto interno de verdad, toda la geometría se aplica.')): 100%|##########| 
60/60 [00:01<00:00, 23.62it/s]
[09/10/26 10:58:15] INFO     Animation 2 : Partial     scene_file_writer.py:192
                             movie file written in                             
                             'C:\Users\Nacho\Documents                         
                             \Animaciones\Capitulo                             
                             7\media\videos\s08_vector                         
                             ial\1080p60\partial_movie                         
                             _files\Vectorial\29324409                         
                             49_2201979240_2228436689.                         
                             mp4'                                              
[09/10/26 10:58:17] INFO     Animation 3 : Partial     scene_file_writer.py:192
                             movie file written in                             
                             'C:\Users\Nacho\Documents                         
                             \Animaciones\Capitulo                             
                             7\media\videos\s08_vector                         
                             ial\1080p60\partial_movie                         
                             _files\Vectorial\29324409                         
                             49_4163062370_1046062895.                         
                             mp4'                                              
                                                                                                                       
                              

Animation 4: FadeIn(VGroup of 2 submobjects):   0%|          | 0/39 [00:00<?, ?it/s]
Animation 4: FadeIn(VGroup of 2 submobjects):  13%|#2        | 5/39 [00:00<00:00, 44.37it/s]
Animation 4: FadeIn(VGroup of 2 submobjects):  26%|##5       | 10/39 [00:00<00:00, 40.05it/s]
Animation 4: FadeIn(VGroup of 2 submobjects):  38%|###8      | 15/39 [00:00<00:00, 40.55it/s]
Animation 4: FadeIn(VGroup of 2 submobjects):  51%|#####1    | 20/39 [00:00<00:00, 39.31it/s]
Animation 4: FadeIn(VGroup of 2 submobjects):  62%|######1   | 24/39 [00:00<00:00, 38.00it/s]
Animation 4: FadeIn(VGroup of 2 submobjects):  74%|#######4  | 29/39 [00:00<00:00, 39.01it/s]
Animation 4: FadeIn(VGroup of 2 submobjects):  87%|########7 | 34/39 [00:00<00:00, 40.24it/s]
Animation 4: FadeIn(VGroup of 2 submobjects): 100%|##########| 39/39 [00:00<00:00, 39.44it/s]
[09/10/26 10:58:20] INFO     Animation 4 : Partial     scene_file_writer.py:192
                             movie file written in                             
                             'C:\Users\Nacho\Documents                         
                             \Animaciones\Capitulo                             
                             7\media\videos\s08_vector                         
                             ial\1080p60\partial_movie                         
                             _files\Vectorial\29324409                         
                             49_4271430715_2916053700.                         
                             mp4'                                              
                                                                                             

Animation 5: FadeIn(VGroup of 2 submobjects):   0%|          | 0/39 [00:00<?, ?it/s]
Animation 5: FadeIn(VGroup of 2 submobjects):  10%|#         | 4/39 [00:00<00:01, 32.32it/s]
Animation 5: FadeIn(VGroup of 2 submobjects):  21%|##        | 8/39 [00:00<00:01, 30.31it/s]
Animation 5: FadeIn(VGroup of 2 submobjects):  31%|###       | 12/39 [00:00<00:00, 30.55it/s]
Animation 5: FadeIn(VGroup of 2 submobjects):  41%|####1     | 16/39 [00:00<00:00, 29.85it/s]
Animation 5: FadeIn(VGroup of 2 submobjects):  51%|#####1    | 20/39 [00:00<00:00, 29.39it/s]
Animation 5: FadeIn(VGroup of 2 submobjects):  59%|#####8    | 23/39 [00:00<00:00, 27.95it/s]
Animation 5: FadeIn(VGroup of 2 submobjects):  69%|######9   | 27/39 [00:00<00:00, 28.64it/s]
Animation 5: FadeIn(VGroup of 2 submobjects):  77%|#######6  | 30/39 [00:01<00:00, 28.99it/s]
Animation 5: FadeIn(VGroup of 2 submobjects):  85%|########4 | 33/39 [00:01<00:00, 29.22it/s]
Animation 5: FadeIn(VGroup of 2 submobjects):  95%|#########4| 37/39 [00:01<00:00, 29.28it/s]
[09/10/26 10:58:23] INFO     Animation 5 : Partial     scene_file_writer.py:192
                             movie file written in                             
                             'C:\Users\Nacho\Documents                         
                             \Animaciones\Capitulo                             
                             7\media\videos\s08_vector                         
                             ial\1080p60\partial_movie                         
                             _files\Vectorial\29324409                         
                             49_3289934188_3043759693.                         
                             mp4'                                              
                                                                                             

Animation 6: FadeIn(VGroup of 2 submobjects):   0%|          | 0/39 [00:00<?, ?it/s]
Animation 6: FadeIn(VGroup of 2 submobjects):  13%|#2        | 5/39 [00:00<00:00, 38.52it/s]
Animation 6: FadeIn(VGroup of 2 submobjects):  23%|##3       | 9/39 [00:00<00:00, 37.68it/s]
Animation 6: FadeIn(VGroup of 2 submobjects):  33%|###3      | 13/39 [00:00<00:00, 36.86it/s]
Animation 6: FadeIn(VGroup of 2 submobjects):  44%|####3     | 17/39 [00:00<00:00, 36.72it/s]
Animation 6: FadeIn(VGroup of 2 submobjects):  54%|#####3    | 21/39 [00:00<00:00, 35.96it/s]
Animation 6: FadeIn(VGroup of 2 submobjects):  64%|######4   | 25/39 [00:00<00:00, 35.20it/s]
Animation 6: FadeIn(VGroup of 2 submobjects):  74%|#######4  | 29/39 [00:00<00:00, 35.06it/s]
Animation 6: FadeIn(VGroup of 2 submobjects):  85%|########4 | 33/39 [00:00<00:00, 35.42it/s]
Animation 6: FadeIn(VGroup of 2 submobjects):  95%|#########4| 37/39 [00:01<00:00, 35.91it/s]
[09/10/26 10:58:25] INFO     Animation 6 : Partial     scene_file_writer.py:192
                             movie file written in                             
                             'C:\Users\Nacho\Documents                         
                             \Animaciones\Capitulo                             
                             7\media\videos\s08_vector                         
                             ial\1080p60\partial_movie                         
                             _files\Vectorial\29324409                         
                             49_3902100312_4219379579.                         
                             mp4'                                              
[09/10/26 10:58:27] INFO     Animation 7 : Partial     scene_file_writer.py:192
                             movie file written in                             
                             'C:\Users\Nacho\Documents                         
                             \Animaciones\Capitulo                             
                             7\media\videos\s08_vector                         
                             ial\1080p60\partial_movie                         
                             _files\Vectorial\29324409                         
                             49_4046863825_2393010988.                         
                             mp4'                                              
                                                                                             

Animation 8: FadeIn(VGroup of 2 submobjects):   0%|          | 0/60 [00:00<?, ?it/s]
Animation 8: FadeIn(VGroup of 2 submobjects):   7%|6         | 4/60 [00:00<00:01, 30.14it/s]
Animation 8: FadeIn(VGroup of 2 submobjects):  13%|#3        | 8/60 [00:00<00:01, 27.77it/s]
Animation 8: FadeIn(VGroup of 2 submobjects):  18%|#8        | 11/60 [00:00<00:01, 27.60it/s]
Animation 8: FadeIn(VGroup of 2 submobjects):  23%|##3       | 14/60 [00:00<00:01, 27.05it/s]
Animation 8: FadeIn(VGroup of 2 submobjects):  28%|##8       | 17/60 [00:00<00:01, 27.58it/s]
Animation 8: FadeIn(VGroup of 2 submobjects):  35%|###5      | 21/60 [00:00<00:01, 28.08it/s]
Animation 8: FadeIn(VGroup of 2 submobjects):  40%|####      | 24/60 [00:00<00:01, 28.24it/s]
Animation 8: FadeIn(VGroup of 2 submobjects):  45%|####5     | 27/60 [00:00<00:01, 27.74it/s]
Animation 8: FadeIn(VGroup of 2 submobjects):  50%|#####     | 30/60 [00:01<00:01, 27.00it/s]
Animation 8: FadeIn(VGroup of 2 submobjects):  57%|#####6    | 34/60 [00:01<00:00, 28.15it/s]
Animation 8: FadeIn(VGroup of 2 submobjects):  63%|######3   | 38/60 [00:01<00:00, 28.17it/s]
Animation 8: FadeIn(VGroup of 2 submobjects):  68%|######8   | 41/60 [00:01<00:00, 27.75it/s]
Animation 8: FadeIn(VGroup of 2 submobjects):  73%|#######3  | 44/60 [00:01<00:00, 24.83it/s]
Animation 8: FadeIn(VGroup of 2 submobjects):  78%|#######8  | 47/60 [00:01<00:00, 22.62it/s]
Animation 8: FadeIn(VGroup of 2 submobjects):  83%|########3 | 50/60 [00:01<00:00, 23.19it/s]
Animation 8: FadeIn(VGroup of 2 submobjects):  88%|########8 | 53/60 [00:02<00:00, 23.00it/s]
Animation 8: FadeIn(VGroup of 2 submobjects):  93%|#########3| 56/60 [00:02<00:00, 23.36it/s]
Animation 8: FadeIn(VGroup of 2 submobjects):  98%|#########8| 59/60 [00:02<00:00, 23.52it/s]
[09/10/26 10:58:31] INFO     Animation 8 : Partial     scene_file_writer.py:192
                             movie file written in                             
                             'C:\Users\Nacho\Documents                         
                             \Animaciones\Capitulo                             
                             7\media\videos\s08_vector                         
                             ial\1080p60\partial_movie                         
                             _files\Vectorial\29324409                         
                             49_3375820042_3396294779.                         
                             mp4'                                              
[09/10/26 10:58:35] INFO     Animation 9 : Partial     scene_file_writer.py:192
                             movie file written in                             
                             'C:\Users\Nacho\Documents                         
                             \Animaciones\Capitulo                             
                             7\media\videos\s08_vector                         
                             ial\1080p60\partial_movie                         
                             _files\Vectorial\29324409                         
                             49_499328632_3525845283.m                         
                             p4'                                               
                                                                                             

Animation 10: FadeOut(VGroup of 3 submobjects):   0%|          | 0/60 [00:00<?, ?it/s]
Animation 10: FadeOut(VGroup of 3 submobjects):   3%|3         | 2/60 [00:00<00:05, 11.09it/s]
Animation 10: FadeOut(VGroup of 3 submobjects):   7%|6         | 4/60 [00:00<00:05, 11.08it/s]
Animation 10: FadeOut(VGroup of 3 submobjects):  10%|#         | 6/60 [00:00<00:04, 11.36it/s]
Animation 10: FadeOut(VGroup of 3 submobjects):  13%|#3        | 8/60 [00:00<00:04, 11.35it/s]
Animation 10: FadeOut(VGroup of 3 submobjects):  17%|#6        | 10/60 [00:00<00:04, 11.02it/s]
Animation 10: FadeOut(VGroup of 3 submobjects):  20%|##        | 12/60 [00:01<00:04, 11.10it/s]
Animation 10: FadeOut(VGroup of 3 submobjects):  23%|##3       | 14/60 [00:01<00:04, 11.20it/s]
Animation 10: FadeOut(VGroup of 3 submobjects):  27%|##6       | 16/60 [00:01<00:03, 11.13it/s]
Animation 10: FadeOut(VGroup of 3 submobjects):  30%|###       | 18/60 [00:01<00:03, 10.82it/s]
Animation 10: FadeOut(VGroup of 3 submobjects):  33%|###3      | 20/60 [00:01<00:03, 10.85it/s]
Animation 10: FadeOut(VGroup of 3 submobjects):  37%|###6      | 22/60 [00:01<00:03, 10.98it/s]
Animation 10: FadeOut(VGroup of 3 submobjects):  40%|####      | 24/60 [00:02<00:03, 10.87it/s]
Animation 10: FadeOut(VGroup of 3 submobjects):  43%|####3     | 26/60 [00:02<00:03, 10.84it/s]
Animation 10: FadeOut(VGroup of 3 submobjects):  47%|####6     | 28/60 [00:02<00:02, 10.90it/s]
Animation 10: FadeOut(VGroup of 3 submobjects):  50%|#####     | 30/60 [00:02<00:02, 10.86it/s]
Animation 10: FadeOut(VGroup of 3 submobjects):  53%|#####3    | 32/60 [00:02<00:02, 10.89it/s]
Animation 10: FadeOut(VGroup of 3 submobjects):  57%|#####6    | 34/60 [00:03<00:02, 10.90it/s]
Animation 10: FadeOut(VGroup of 3 submobjects):  60%|######    | 36/60 [00:03<00:02, 10.97it/s]
Animation 10: FadeOut(VGroup of 3 submobjects):  63%|######3   | 38/60 [00:03<00:01, 11.15it/s]
Animation 10: FadeOut(VGroup of 3 submobjects):  67%|######6   | 40/60 [00:03<00:01, 11.02it/s]
Animation 10: FadeOut(VGroup of 3 submobjects):  70%|#######   | 42/60 [00:03<00:01, 11.04it/s]
Animation 10: FadeOut(VGroup of 3 submobjects):  73%|#######3  | 44/60 [00:04<00:01,  9.41it/s]
Animation 10: FadeOut(VGroup of 3 submobjects):  75%|#######5  | 45/60 [00:04<00:01,  9.51it/s]
Animation 10: FadeOut(VGroup of 3 submobjects):  78%|#######8  | 47/60 [00:04<00:01,  9.89it/s]
Animation 10: FadeOut(VGroup of 3 submobjects):  82%|########1 | 49/60 [00:04<00:01, 10.02it/s]
Animation 10: FadeOut(VGroup of 3 submobjects):  85%|########5 | 51/60 [00:04<00:00, 10.07it/s]
Animation 10: FadeOut(VGroup of 3 submobjects):  88%|########8 | 53/60 [00:04<00:00,  9.93it/s]
Animation 10: FadeOut(VGroup of 3 submobjects):  92%|#########1| 55/60 [00:05<00:00, 10.29it/s]
Animation 10: FadeOut(VGroup of 3 submobjects):  95%|#########5| 57/60 [00:05<00:00, 10.26it/s]
Animation 10: FadeOut(VGroup of 3 submobjects):  98%|#########8| 59/60 [00:05<00:00, 10.30it/s]
[09/10/26 10:58:44] INFO     Animation 10 : Partial    scene_file_writer.py:192
                             movie file written in                             
                             'C:\Users\Nacho\Documents                         
                             \Animaciones\Capitulo                             
                             7\media\videos\s08_vector                         
                             ial\1080p60\partial_movie                         
                             _files\Vectorial\29324409                         
                             49_3522374127_967503558.m                         
                             p4'                                               
                                                                                               

Animation 11: Write(MathTex('\\|X\\|^2 = E[X^2]')):   0%|          | 0/60 [00:00<?, ?it/s]
Animation 11: Write(MathTex('\\|X\\|^2 = E[X^2]')):  12%|#1        | 7/60 [00:00<00:00, 58.87it/s]
Animation 11: Write(MathTex('\\|X\\|^2 = E[X^2]')):  22%|##1       | 13/60 [00:00<00:00, 49.55it/s]
Animation 11: Write(MathTex('\\|X\\|^2 = E[X^2]')):  32%|###1      | 19/60 [00:00<00:00, 46.89it/s]
Animation 11: Write(MathTex('\\|X\\|^2 = E[X^2]')):  40%|####      | 24/60 [00:00<00:00, 46.05it/s]
Animation 11: Write(MathTex('\\|X\\|^2 = E[X^2]')):  48%|####8     | 29/60 [00:00<00:00, 44.38it/s]
Animation 11: Write(MathTex('\\|X\\|^2 = E[X^2]')):  57%|#####6    | 34/60 [00:00<00:00, 41.44it/s]
Animation 11: Write(MathTex('\\|X\\|^2 = E[X^2]')):  65%|######5   | 39/60 [00:00<00:00, 40.41it/s]
Animation 11: Write(MathTex('\\|X\\|^2 = E[X^2]')):  73%|#######3  | 44/60 [00:01<00:00, 39.30it/s]
Animation 11: Write(MathTex('\\|X\\|^2 = E[X^2]')):  83%|########3 | 50/60 [00:01<00:00, 43.65it/s]
Animation 11: Write(MathTex('\\|X\\|^2 = E[X^2]')):  92%|#########1| 55/60 [00:01<00:00, 44.04it/s]
Animation 11: Write(MathTex('\\|X\\|^2 = E[X^2]')): 100%|##########| 60/60 [00:01<00:00, 44.63it/s]
[09/10/26 10:58:46] INFO     Animation 11 : Partial    scene_file_writer.py:192
                             movie file written in                             
                             'C:\Users\Nacho\Documents                         
                             \Animaciones\Capitulo                             
                             7\media\videos\s08_vector                         
                             ial\1080p60\partial_movie                         
                             _files\Vectorial\29324409                         
                             49_4079560583_2039588752.                         
                             mp4'                                              
[09/10/26 10:58:48] INFO     Animation 12 : Partial    scene_file_writer.py:192
                             movie file written in                             
                             'C:\Users\Nacho\Documents                         
                             \Animaciones\Capitulo                             
                             7\media\videos\s08_vector                         
                             ial\1080p60\partial_movie                         
                             _files\Vectorial\29324409                         
                             49_3880968470_914209786.m                         
                             p4'                                               
                                                                                                   

Animation 13: Write(MathTex('\\langle X,Y\\rangle = E[XY] = r_{X,Y}')):   0%|          | 0/120 [00:00<?, ?it/s]
Animation 13: Write(MathTex('\\langle X,Y\\rangle = E[XY] = r_{X,Y}')):   4%|4         | 5/120 [00:00<00:02, 42.82it/s]
Animation 13: Write(MathTex('\\langle X,Y\\rangle = E[XY] = r_{X,Y}')):   8%|8         | 10/120 [00:00<00:02, 
38.97it/s]
Animation 13: Write(MathTex('\\langle X,Y\\rangle = E[XY] = r_{X,Y}')):  12%|#1        | 14/120 [00:00<00:03, 
33.62it/s]
Animation 13: Write(MathTex('\\langle X,Y\\rangle = E[XY] = r_{X,Y}')):  15%|#5        | 18/120 [00:00<00:03, 
33.60it/s]
Animation 13: Write(MathTex('\\langle X,Y\\rangle = E[XY] = r_{X,Y}')):  18%|#8        | 22/120 [00:00<00:03, 
30.74it/s]
Animation 13: Write(MathTex('\\langle X,Y\\rangle = E[XY] = r_{X,Y}')):  22%|##1       | 26/120 [00:00<00:03, 
29.33it/s]
Animation 13: Write(MathTex('\\langle X,Y\\rangle = E[XY] = r_{X,Y}')):  25%|##5       | 30/120 [00:00<00:02, 
31.71it/s]
Animation 13: Write(MathTex('\\langle X,Y\\rangle = E[XY] = r_{X,Y}')):  28%|##8       | 34/120 [00:01<00:02, 
32.89it/s]
Animation 13: Write(MathTex('\\langle X,Y\\rangle = E[XY] = r_{X,Y}')):  32%|###2      | 39/120 [00:01<00:02, 
35.78it/s]
Animation 13: Write(MathTex('\\langle X,Y\\rangle = E[XY] = r_{X,Y}')):  37%|###6      | 44/120 [00:01<00:02, 
35.85it/s]
Animation 13: Write(MathTex('\\langle X,Y\\rangle = E[XY] = r_{X,Y}')):  40%|####      | 48/120 [00:01<00:02, 
34.75it/s]
Animation 13: Write(MathTex('\\langle X,Y\\rangle = E[XY] = r_{X,Y}')):  43%|####3     | 52/120 [00:01<00:01, 
34.35it/s]
Animation 13: Write(MathTex('\\langle X,Y\\rangle = E[XY] = r_{X,Y}')):  47%|####6     | 56/120 [00:01<00:01, 
32.34it/s]
Animation 13: Write(MathTex('\\langle X,Y\\rangle = E[XY] = r_{X,Y}')):  50%|#####     | 60/120 [00:01<00:01, 
31.78it/s]
Animation 13: Write(MathTex('\\langle X,Y\\rangle = E[XY] = r_{X,Y}')):  53%|#####3    | 64/120 [00:01<00:01, 
32.13it/s]
Animation 13: Write(MathTex('\\langle X,Y\\rangle = E[XY] = r_{X,Y}')):  57%|#####6    | 68/120 [00:02<00:01, 
32.11it/s]
Animation 13: Write(MathTex('\\langle X,Y\\rangle = E[XY] = r_{X,Y}')):  60%|######    | 72/120 [00:02<00:01, 
31.70it/s]
Animation 13: Write(MathTex('\\langle X,Y\\rangle = E[XY] = r_{X,Y}')):  63%|######3   | 76/120 [00:02<00:01, 
31.41it/s]
Animation 13: Write(MathTex('\\langle X,Y\\rangle = E[XY] = r_{X,Y}')):  67%|######6   | 80/120 [00:02<00:01, 
31.03it/s]
Animation 13: Write(MathTex('\\langle X,Y\\rangle = E[XY] = r_{X,Y}')):  70%|#######   | 84/120 [00:02<00:01, 
30.94it/s]
Animation 13: Write(MathTex('\\langle X,Y\\rangle = E[XY] = r_{X,Y}')):  73%|#######3  | 88/120 [00:02<00:01, 
30.40it/s]
Animation 13: Write(MathTex('\\langle X,Y\\rangle = E[XY] = r_{X,Y}')):  77%|#######6  | 92/120 [00:02<00:00, 
28.85it/s]
Animation 13: Write(MathTex('\\langle X,Y\\rangle = E[XY] = r_{X,Y}')):  79%|#######9  | 95/120 [00:03<00:00, 
25.39it/s]
Animation 13: Write(MathTex('\\langle X,Y\\rangle = E[XY] = r_{X,Y}')):  82%|########1 | 98/120 [00:03<00:00, 
26.06it/s]
Animation 13: Write(MathTex('\\langle X,Y\\rangle = E[XY] = r_{X,Y}')):  84%|########4 | 101/120 [00:03<00:00, 
24.89it/s]
Animation 13: Write(MathTex('\\langle X,Y\\rangle = E[XY] = r_{X,Y}')):  87%|########6 | 104/120 [00:03<00:00, 
25.33it/s]
Animation 13: Write(MathTex('\\langle X,Y\\rangle = E[XY] = r_{X,Y}')):  90%|######### | 108/120 [00:03<00:00, 
26.06it/s]
Animation 13: Write(MathTex('\\langle X,Y\\rangle = E[XY] = r_{X,Y}')):  93%|#########3| 112/120 [00:03<00:00, 
27.02it/s]
Animation 13: Write(MathTex('\\langle X,Y\\rangle = E[XY] = r_{X,Y}')):  96%|#########5| 115/120 [00:03<00:00, 
27.50it/s]
Animation 13: Write(MathTex('\\langle X,Y\\rangle = E[XY] = r_{X,Y}')):  99%|#########9| 119/120 [00:03<00:00, 
28.29it/s]
[09/10/26 10:58:52] INFO     Animation 13 : Partial    scene_file_writer.py:192
                             movie file written in                             
                             'C:\Users\Nacho\Documents                         
                             \Animaciones\Capitulo                             
                             7\media\videos\s08_vector                         
                             ial\1080p60\partial_movie                         
                             _files\Vectorial\29324409                         
                             49_158258478_3751031619.m                         
                             p4'                                               
[09/10/26 10:58:55] INFO     Animation 14 : Partial    scene_file_writer.py:192
                             movie file written in                             
                             'C:\Users\Nacho\Documents                         
                             \Animaciones\Capitulo                             
                             7\media\videos\s08_vector                         
                             ial\1080p60\partial_movie                         
                             _files\Vectorial\29324409                         
                             49_3810316983_2589136304.                         
                             mp4'                                              
                                                                                                                       
  

Animation 15: FadeIn(Text('Ahora, con las variables CENTRADAS:')), etc.:   0%|          | 0/120 [00:00<?, ?it/s]
Animation 15: FadeIn(Text('Ahora, con las variables CENTRADAS:')), etc.:   2%|2         | 3/120 [00:00<00:04, 
27.30it/s]
Animation 15: FadeIn(Text('Ahora, con las variables CENTRADAS:')), etc.:   5%|5         | 6/120 [00:00<00:04, 
24.13it/s]
Animation 15: FadeIn(Text('Ahora, con las variables CENTRADAS:')), etc.:   8%|7         | 9/120 [00:00<00:04, 
24.53it/s]
Animation 15: FadeIn(Text('Ahora, con las variables CENTRADAS:')), etc.:  10%|#         | 12/120 [00:00<00:04, 
24.90it/s]
Animation 15: FadeIn(Text('Ahora, con las variables CENTRADAS:')), etc.:  12%|#2        | 15/120 [00:00<00:04, 
25.04it/s]
Animation 15: FadeIn(Text('Ahora, con las variables CENTRADAS:')), etc.:  15%|#5        | 18/120 [00:00<00:04, 
24.71it/s]
Animation 15: FadeIn(Text('Ahora, con las variables CENTRADAS:')), etc.:  18%|#7        | 21/120 [00:00<00:04, 
24.70it/s]
Animation 15: FadeIn(Text('Ahora, con las variables CENTRADAS:')), etc.:  20%|##        | 24/120 [00:00<00:03, 
24.67it/s]
Animation 15: FadeIn(Text('Ahora, con las variables CENTRADAS:')), etc.:  22%|##2       | 27/120 [00:01<00:03, 
25.11it/s]
Animation 15: FadeIn(Text('Ahora, con las variables CENTRADAS:')), etc.:  25%|##5       | 30/120 [00:01<00:03, 
23.97it/s]
Animation 15: FadeIn(Text('Ahora, con las variables CENTRADAS:')), etc.:  28%|##7       | 33/120 [00:01<00:03, 
24.51it/s]
Animation 15: FadeIn(Text('Ahora, con las variables CENTRADAS:')), etc.:  30%|###       | 36/120 [00:01<00:03, 
24.14it/s]
Animation 15: FadeIn(Text('Ahora, con las variables CENTRADAS:')), etc.:  32%|###2      | 39/120 [00:01<00:03, 
24.52it/s]
Animation 15: FadeIn(Text('Ahora, con las variables CENTRADAS:')), etc.:  35%|###5      | 42/120 [00:01<00:03, 
24.03it/s]
Animation 15: FadeIn(Text('Ahora, con las variables CENTRADAS:')), etc.:  38%|###7      | 45/120 [00:01<00:03, 
21.74it/s]
Animation 15: FadeIn(Text('Ahora, con las variables CENTRADAS:')), etc.:  40%|####      | 48/120 [00:02<00:03, 
20.55it/s]
Animation 15: FadeIn(Text('Ahora, con las variables CENTRADAS:')), etc.:  42%|####2     | 51/120 [00:02<00:03, 
21.19it/s]
Animation 15: FadeIn(Text('Ahora, con las variables CENTRADAS:')), etc.:  45%|####5     | 54/120 [00:02<00:03, 
21.37it/s]
Animation 15: FadeIn(Text('Ahora, con las variables CENTRADAS:')), etc.:  48%|####7     | 57/120 [00:02<00:02, 
21.71it/s]
Animation 15: FadeIn(Text('Ahora, con las variables CENTRADAS:')), etc.:  50%|#####     | 60/120 [00:02<00:02, 
22.23it/s]
Animation 15: FadeIn(Text('Ahora, con las variables CENTRADAS:')), etc.:  52%|#####2    | 63/120 [00:02<00:02, 
22.81it/s]
Animation 15: FadeIn(Text('Ahora, con las variables CENTRADAS:')), etc.:  55%|#####5    | 66/120 [00:02<00:02, 
22.93it/s]
Animation 15: FadeIn(Text('Ahora, con las variables CENTRADAS:')), etc.:  57%|#####7    | 69/120 [00:02<00:02, 
22.68it/s]
Animation 15: FadeIn(Text('Ahora, con las variables CENTRADAS:')), etc.:  60%|######    | 72/120 [00:03<00:02, 
19.98it/s]
Animation 15: FadeIn(Text('Ahora, con las variables CENTRADAS:')), etc.:  62%|######2   | 75/120 [00:03<00:02, 
19.63it/s]
Animation 15: FadeIn(Text('Ahora, con las variables CENTRADAS:')), etc.:  65%|######5   | 78/120 [00:03<00:02, 
19.83it/s]
Animation 15: FadeIn(Text('Ahora, con las variables CENTRADAS:')), etc.:  68%|######7   | 81/120 [00:03<00:01, 
19.96it/s]
Animation 15: FadeIn(Text('Ahora, con las variables CENTRADAS:')), etc.:  70%|#######   | 84/120 [00:03<00:01, 
20.47it/s]
Animation 15: FadeIn(Text('Ahora, con las variables CENTRADAS:')), etc.:  72%|#######2  | 87/120 [00:03<00:01, 
20.42it/s]
Animation 15: FadeIn(Text('Ahora, con las variables CENTRADAS:')), etc.:  75%|#######5  | 90/120 [00:04<00:01, 
20.19it/s]
Animation 15: FadeIn(Text('Ahora, con las variables CENTRADAS:')), etc.:  78%|#######7  | 93/120 [00:04<00:01, 
20.32it/s]
Animation 15: FadeIn(Text('Ahora, con las variables CENTRADAS:')), etc.:  80%|########  | 96/120 [00:04<00:01, 
20.23it/s]
Animation 15: FadeIn(Text('Ahora, con las variables CENTRADAS:')), etc.:  82%|########2 | 99/120 [00:04<00:01, 
19.96it/s]
Animation 15: FadeIn(Text('Ahora, con las variables CENTRADAS:')), etc.:  85%|########5 | 102/120 [00:04<00:00, 
18.32it/s]
Animation 15: FadeIn(Text('Ahora, con las variables CENTRADAS:')), etc.:  88%|########7 | 105/120 [00:04<00:00, 
19.33it/s]
Animation 15: FadeIn(Text('Ahora, con las variables CENTRADAS:')), etc.:  90%|######### | 108/120 [00:04<00:00, 
20.48it/s]
Animation 15: FadeIn(Text('Ahora, con las variables CENTRADAS:')), etc.:  92%|#########2| 111/120 [00:05<00:00, 
21.39it/s]
Animation 15: FadeIn(Text('Ahora, con las variables CENTRADAS:')), etc.:  95%|#########5| 114/120 [00:05<00:00, 
22.06it/s]
Animation 15: FadeIn(Text('Ahora, con las variables CENTRADAS:')), etc.:  98%|#########7| 117/120 [00:05<00:00, 
23.51it/s]
Animation 15: FadeIn(Text('Ahora, con las variables CENTRADAS:')), etc.: 100%|##########| 120/120 [00:05<00:00, 
24.58it/s]
[09/10/26 10:59:02] INFO     Animation 15 : Partial    scene_file_writer.py:192
                             movie file written in                             
                             'C:\Users\Nacho\Documents                         
                             \Animaciones\Capitulo                             
                             7\media\videos\s08_vector                         
                             ial\1080p60\partial_movie                         
                             _files\Vectorial\29324409                         
                             49_804300892_2502001143.m                         
                             p4'                                               
[09/10/26 10:59:05] INFO     Animation 16 : Partial    scene_file_writer.py:192
                             movie file written in                             
                             'C:\Users\Nacho\Documents                         
                             \Animaciones\Capitulo                             
                             7\media\videos\s08_vector                         
                             ial\1080p60\partial_movie                         
                             _files\Vectorial\29324409                         
                             49_4046863825_1499158155.                         
                             mp4'                                              
                                                                                                                       
   

Animation 17: Write(VGroup of 2 submobjects):   0%|          | 0/120 [00:00<?, ?it/s]
Animation 17: Write(VGroup of 2 submobjects):   4%|4         | 5/120 [00:00<00:03, 36.30it/s]
Animation 17: Write(VGroup of 2 submobjects):   8%|7         | 9/120 [00:00<00:04, 27.03it/s]
Animation 17: Write(VGroup of 2 submobjects):  12%|#1        | 14/120 [00:00<00:03, 33.07it/s]
Animation 17: Write(VGroup of 2 submobjects):  15%|#5        | 18/120 [00:00<00:02, 35.24it/s]
Animation 17: Write(VGroup of 2 submobjects):  18%|#8        | 22/120 [00:00<00:02, 36.49it/s]
Animation 17: Write(VGroup of 2 submobjects):  22%|##1       | 26/120 [00:00<00:02, 35.75it/s]
Animation 17: Write(VGroup of 2 submobjects):  25%|##5       | 30/120 [00:00<00:02, 35.94it/s]
Animation 17: Write(VGroup of 2 submobjects):  28%|##8       | 34/120 [00:00<00:02, 36.84it/s]
Animation 17: Write(VGroup of 2 submobjects):  32%|###1      | 38/120 [00:01<00:02, 37.27it/s]
Animation 17: Write(VGroup of 2 submobjects):  35%|###5      | 42/120 [00:01<00:02, 36.34it/s]
Animation 17: Write(VGroup of 2 submobjects):  38%|###8      | 46/120 [00:01<00:02, 33.08it/s]
Animation 17: Write(VGroup of 2 submobjects):  42%|####1     | 50/120 [00:01<00:02, 33.05it/s]
Animation 17: Write(VGroup of 2 submobjects):  45%|####5     | 54/120 [00:01<00:02, 30.47it/s]
Animation 17: Write(VGroup of 2 submobjects):  48%|####8     | 58/120 [00:01<00:01, 31.97it/s]
Animation 17: Write(VGroup of 2 submobjects):  52%|#####1    | 62/120 [00:01<00:01, 30.18it/s]
Animation 17: Write(VGroup of 2 submobjects):  55%|#####5    | 66/120 [00:01<00:01, 31.42it/s]
Animation 17: Write(VGroup of 2 submobjects):  58%|#####8    | 70/120 [00:02<00:01, 31.38it/s]
Animation 17: Write(VGroup of 2 submobjects):  62%|######1   | 74/120 [00:02<00:01, 31.86it/s]
Animation 17: Write(VGroup of 2 submobjects):  65%|######5   | 78/120 [00:02<00:01, 32.95it/s]
Animation 17: Write(VGroup of 2 submobjects):  68%|######8   | 82/120 [00:02<00:01, 33.71it/s]
Animation 17: Write(VGroup of 2 submobjects):  72%|#######1  | 86/120 [00:02<00:01, 33.59it/s]
Animation 17: Write(VGroup of 2 submobjects):  75%|#######5  | 90/120 [00:02<00:00, 32.17it/s]
Animation 17: Write(VGroup of 2 submobjects):  78%|#######8  | 94/120 [00:02<00:00, 31.88it/s]
Animation 17: Write(VGroup of 2 submobjects):  82%|########1 | 98/120 [00:02<00:00, 32.18it/s]
Animation 17: Write(VGroup of 2 submobjects):  85%|########5 | 102/120 [00:03<00:00, 32.76it/s]
Animation 17: Write(VGroup of 2 submobjects):  88%|########8 | 106/120 [00:03<00:00, 32.73it/s]
Animation 17: Write(VGroup of 2 submobjects):  92%|#########1| 110/120 [00:03<00:00, 33.15it/s]
Animation 17: Write(VGroup of 2 submobjects):  95%|#########5| 114/120 [00:03<00:00, 33.05it/s]
Animation 17: Write(VGroup of 2 submobjects):  98%|#########8| 118/120 [00:03<00:00, 33.73it/s]
[09/10/26 10:59:10] INFO     Animation 17 : Partial    scene_file_writer.py:192
                             movie file written in                             
                             'C:\Users\Nacho\Documents                         
                             \Animaciones\Capitulo                             
                             7\media\videos\s08_vector                         
                             ial\1080p60\partial_movie                         
                             _files\Vectorial\29324409                         
                             49_3510088399_4216529583.                         
                             mp4'                                              
[09/10/26 10:59:12] INFO     Animation 18 : Partial    scene_file_writer.py:192
                             movie file written in                             
                             'C:\Users\Nacho\Documents                         
                             \Animaciones\Capitulo                             
                             7\media\videos\s08_vector                         
                             ial\1080p60\partial_movie                         
                             _files\Vectorial\29324409                         
                             49_4046863825_3705542348.                         
                             mp4'                                              
                                                                                               

Animation 19: FadeIn(Text('la norma pasa a ser el desvío y el producto interno, la covarianza')):   0%|          | 
0/60 [00:00<?, ?it/s]
Animation 19: FadeIn(Text('la norma pasa a ser el desvío y el producto interno, la covarianza')):   5%|5         | 
3/60 [00:00<00:02, 27.40it/s]
Animation 19: FadeIn(Text('la norma pasa a ser el desvío y el producto interno, la covarianza')):  10%|#         | 
6/60 [00:00<00:02, 24.77it/s]
Animation 19: FadeIn(Text('la norma pasa a ser el desvío y el producto interno, la covarianza')):  15%|#5        | 
9/60 [00:00<00:02, 22.87it/s]
Animation 19: FadeIn(Text('la norma pasa a ser el desvío y el producto interno, la covarianza')):  20%|##        | 
12/60 [00:00<00:02, 19.49it/s]
Animation 19: FadeIn(Text('la norma pasa a ser el desvío y el producto interno, la covarianza')):  25%|##5       | 
15/60 [00:00<00:02, 20.72it/s]
Animation 19: FadeIn(Text('la norma pasa a ser el desvío y el producto interno, la covarianza')):  30%|###       | 
18/60 [00:00<00:01, 21.54it/s]
Animation 19: FadeIn(Text('la norma pasa a ser el desvío y el producto interno, la covarianza')):  35%|###5      | 
21/60 [00:00<00:01, 22.47it/s]
Animation 19: FadeIn(Text('la norma pasa a ser el desvío y el producto interno, la covarianza')):  40%|####      | 
24/60 [00:01<00:01, 23.03it/s]
Animation 19: FadeIn(Text('la norma pasa a ser el desvío y el producto interno, la covarianza')):  45%|####5     | 
27/60 [00:01<00:01, 22.58it/s]
Animation 19: FadeIn(Text('la norma pasa a ser el desvío y el producto interno, la covarianza')):  50%|#####     | 
30/60 [00:01<00:01, 23.20it/s]
Animation 19: FadeIn(Text('la norma pasa a ser el desvío y el producto interno, la covarianza')):  55%|#####5    | 
33/60 [00:01<00:01, 23.03it/s]
Animation 19: FadeIn(Text('la norma pasa a ser el desvío y el producto interno, la covarianza')):  60%|######    | 
36/60 [00:01<00:01, 23.19it/s]
Animation 19: FadeIn(Text('la norma pasa a ser el desvío y el producto interno, la covarianza')):  65%|######5   | 
39/60 [00:01<00:00, 23.02it/s]
Animation 19: FadeIn(Text('la norma pasa a ser el desvío y el producto interno, la covarianza')):  70%|#######   | 
42/60 [00:01<00:00, 22.84it/s]
Animation 19: FadeIn(Text('la norma pasa a ser el desvío y el producto interno, la covarianza')):  75%|#######5  | 
45/60 [00:02<00:00, 19.09it/s]
Animation 19: FadeIn(Text('la norma pasa a ser el desvío y el producto interno, la covarianza')):  80%|########  | 
48/60 [00:02<00:00, 19.39it/s]
Animation 19: FadeIn(Text('la norma pasa a ser el desvío y el producto interno, la covarianza')):  85%|########5 | 
51/60 [00:02<00:00, 19.71it/s]
Animation 19: FadeIn(Text('la norma pasa a ser el desvío y el producto interno, la covarianza')):  90%|######### | 
54/60 [00:02<00:00, 19.00it/s]
Animation 19: FadeIn(Text('la norma pasa a ser el desvío y el producto interno, la covarianza')):  93%|#########3| 
56/60 [00:02<00:00, 17.88it/s]
Animation 19: FadeIn(Text('la norma pasa a ser el desvío y el producto interno, la covarianza')):  97%|#########6| 
58/60 [00:02<00:00, 17.14it/s]
Animation 19: FadeIn(Text('la norma pasa a ser el desvío y el producto interno, la covarianza')): 100%|##########| 
60/60 [00:02<00:00, 17.18it/s]
[09/10/26 10:59:17] INFO     Animation 19 : Partial    scene_file_writer.py:192
                             movie file written in                             
                             'C:\Users\Nacho\Documents                         
                             \Animaciones\Capitulo                             
                             7\media\videos\s08_vector                         
                             ial\1080p60\partial_movie                         
                             _files\Vectorial\29324409                         
                             49_2575774792_3888548439.                         
                             mp4'                                              
[09/10/26 10:59:20] INFO     Animation 20 : Partial    scene_file_writer.py:192
                             movie file written in                             
                             'C:\Users\Nacho\Documents                         
                             \Animaciones\Capitulo                             
                             7\media\videos\s08_vector                         
                             ial\1080p60\partial_movie                         
                             _files\Vectorial\29324409                         
                             49_349589963_488687252.mp                         
                             4'                                                
                                                                                                                       
                          

Animation 21: FadeOut(VGroup of 5 submobjects):   0%|          | 0/60 [00:00<?, ?it/s]
Animation 21: FadeOut(VGroup of 5 submobjects):   3%|3         | 2/60 [00:00<00:05, 10.05it/s]
Animation 21: FadeOut(VGroup of 5 submobjects):   7%|6         | 4/60 [00:00<00:05,  9.60it/s]
Animation 21: FadeOut(VGroup of 5 submobjects):  10%|#         | 6/60 [00:00<00:05, 10.08it/s]
Animation 21: FadeOut(VGroup of 5 submobjects):  13%|#3        | 8/60 [00:00<00:05, 10.20it/s]
Animation 21: FadeOut(VGroup of 5 submobjects):  17%|#6        | 10/60 [00:00<00:04, 10.15it/s]
Animation 21: FadeOut(VGroup of 5 submobjects):  20%|##        | 12/60 [00:01<00:04,  9.97it/s]
Animation 21: FadeOut(VGroup of 5 submobjects):  22%|##1       | 13/60 [00:01<00:04,  9.97it/s]
Animation 21: FadeOut(VGroup of 5 submobjects):  25%|##5       | 15/60 [00:01<00:04, 10.11it/s]
Animation 21: FadeOut(VGroup of 5 submobjects):  28%|##8       | 17/60 [00:01<00:04,  8.95it/s]
Animation 21: FadeOut(VGroup of 5 submobjects):  32%|###1      | 19/60 [00:01<00:04,  9.97it/s]
Animation 21: FadeOut(VGroup of 5 submobjects):  35%|###5      | 21/60 [00:02<00:03, 10.77it/s]
Animation 21: FadeOut(VGroup of 5 submobjects):  38%|###8      | 23/60 [00:02<00:03, 10.93it/s]
Animation 21: FadeOut(VGroup of 5 submobjects):  42%|####1     | 25/60 [00:02<00:03, 11.25it/s]
Animation 21: FadeOut(VGroup of 5 submobjects):  45%|####5     | 27/60 [00:02<00:02, 11.47it/s]
Animation 21: FadeOut(VGroup of 5 submobjects):  48%|####8     | 29/60 [00:02<00:02, 11.34it/s]
Animation 21: FadeOut(VGroup of 5 submobjects):  52%|#####1    | 31/60 [00:02<00:02, 10.41it/s]
Animation 21: FadeOut(VGroup of 5 submobjects):  55%|#####5    | 33/60 [00:03<00:02, 10.38it/s]
Animation 21: FadeOut(VGroup of 5 submobjects):  58%|#####8    | 35/60 [00:03<00:02, 10.72it/s]
Animation 21: FadeOut(VGroup of 5 submobjects):  62%|######1   | 37/60 [00:03<00:02, 10.50it/s]
Animation 21: FadeOut(VGroup of 5 submobjects):  65%|######5   | 39/60 [00:03<00:02, 10.29it/s]
Animation 21: FadeOut(VGroup of 5 submobjects):  68%|######8   | 41/60 [00:03<00:01,  9.69it/s]
Animation 21: FadeOut(VGroup of 5 submobjects):  72%|#######1  | 43/60 [00:04<00:01,  9.98it/s]
Animation 21: FadeOut(VGroup of 5 submobjects):  75%|#######5  | 45/60 [00:04<00:01, 10.03it/s]
Animation 21: FadeOut(VGroup of 5 submobjects):  78%|#######8  | 47/60 [00:04<00:01, 10.32it/s]
Animation 21: FadeOut(VGroup of 5 submobjects):  82%|########1 | 49/60 [00:04<00:01, 10.39it/s]
Animation 21: FadeOut(VGroup of 5 submobjects):  85%|########5 | 51/60 [00:04<00:00, 10.29it/s]
Animation 21: FadeOut(VGroup of 5 submobjects):  88%|########8 | 53/60 [00:05<00:00, 10.25it/s]
Animation 21: FadeOut(VGroup of 5 submobjects):  92%|#########1| 55/60 [00:05<00:00, 10.65it/s]
Animation 21: FadeOut(VGroup of 5 submobjects):  95%|#########5| 57/60 [00:05<00:00,  9.58it/s]
Animation 21: FadeOut(VGroup of 5 submobjects):  97%|#########6| 58/60 [00:05<00:00,  9.51it/s]
Animation 21: FadeOut(VGroup of 5 submobjects): 100%|##########| 60/60 [00:05<00:00,  9.93it/s]
[09/10/26 10:59:29] INFO     Animation 21 : Partial    scene_file_writer.py:192
                             movie file written in                             
                             'C:\Users\Nacho\Documents                         
                             \Animaciones\Capitulo                             
                             7\media\videos\s08_vector                         
                             ial\1080p60\partial_movie                         
                             _files\Vectorial\29324409                         
                             49_2625074107_1449836938.                         
                             mp4'                                              
                                                                                               

Animation 22: Transform(Text('Las variables aleatorias son vectores')):   0%|          | 0/60 [00:00<?, ?it/s]
Animation 22: Transform(Text('Las variables aleatorias son vectores')):   5%|5         | 3/60 [00:00<00:02, 24.43it/s]
Animation 22: Transform(Text('Las variables aleatorias son vectores')):  10%|#         | 6/60 [00:00<00:02, 24.19it/s]
Animation 22: Transform(Text('Las variables aleatorias son vectores')):  15%|#5        | 9/60 [00:00<00:02, 24.68it/s]
Animation 22: Transform(Text('Las variables aleatorias son vectores')):  20%|##        | 12/60 [00:00<00:02, 19.73it/s]
Animation 22: Transform(Text('Las variables aleatorias son vectores')):  25%|##5       | 15/60 [00:00<00:02, 20.84it/s]
Animation 22: Transform(Text('Las variables aleatorias son vectores')):  30%|###       | 18/60 [00:00<00:01, 21.06it/s]
Animation 22: Transform(Text('Las variables aleatorias son vectores')):  35%|###5      | 21/60 [00:00<00:01, 21.60it/s]
Animation 22: Transform(Text('Las variables aleatorias son vectores')):  40%|####      | 24/60 [00:01<00:01, 20.85it/s]
Animation 22: Transform(Text('Las variables aleatorias son vectores')):  45%|####5     | 27/60 [00:01<00:01, 18.72it/s]
Animation 22: Transform(Text('Las variables aleatorias son vectores')):  50%|#####     | 30/60 [00:01<00:01, 20.48it/s]
Animation 22: Transform(Text('Las variables aleatorias son vectores')):  57%|#####6    | 34/60 [00:01<00:01, 23.01it/s]
Animation 22: Transform(Text('Las variables aleatorias son vectores')):  62%|######1   | 37/60 [00:01<00:00, 24.35it/s]
Animation 22: Transform(Text('Las variables aleatorias son vectores')):  67%|######6   | 40/60 [00:01<00:00, 25.61it/s]
Animation 22: Transform(Text('Las variables aleatorias son vectores')):  73%|#######3  | 44/60 [00:01<00:00, 27.01it/s]
Animation 22: Transform(Text('Las variables aleatorias son vectores')):  78%|#######8  | 47/60 [00:02<00:00, 27.27it/s]
Animation 22: Transform(Text('Las variables aleatorias son vectores')):  83%|########3 | 50/60 [00:02<00:00, 26.14it/s]
Animation 22: Transform(Text('Las variables aleatorias son vectores')):  88%|########8 | 53/60 [00:02<00:00, 25.82it/s]
Animation 22: Transform(Text('Las variables aleatorias son vectores')):  93%|#########3| 56/60 [00:02<00:00, 24.54it/s]
Animation 22: Transform(Text('Las variables aleatorias son vectores')): 100%|##########| 60/60 [00:02<00:00, 26.06it/s]
[09/10/26 10:59:33] INFO     Animation 22 : Partial    scene_file_writer.py:192
                             movie file written in                             
                             'C:\Users\Nacho\Documents                         
                             \Animaciones\Capitulo                             
                             7\media\videos\s08_vector                         
                             ial\1080p60\partial_movie                         
                             _files\Vectorial\29324409                         
                             49_3737381244_3516505522.                         
                             mp4'                                              
                                                                                                                       

Animation 23: GrowArrow(Arrow), etc.:   0%|          | 0/60 [00:00<?, ?it/s]
Animation 23: GrowArrow(Arrow), etc.:  13%|#3        | 8/60 [00:00<00:00, 78.44it/s]
Animation 23: GrowArrow(Arrow), etc.:  27%|##6       | 16/60 [00:00<00:00, 67.25it/s]
Animation 23: GrowArrow(Arrow), etc.:  38%|###8      | 23/60 [00:00<00:00, 60.02it/s]
Animation 23: GrowArrow(Arrow), etc.:  50%|#####     | 30/60 [00:00<00:00, 60.07it/s]
Animation 23: GrowArrow(Arrow), etc.:  62%|######1   | 37/60 [00:00<00:00, 59.72it/s]
Animation 23: GrowArrow(Arrow), etc.:  73%|#######3  | 44/60 [00:00<00:00, 56.65it/s]
Animation 23: GrowArrow(Arrow), etc.:  83%|########3 | 50/60 [00:00<00:00, 55.46it/s]
Animation 23: GrowArrow(Arrow), etc.:  93%|#########3| 56/60 [00:00<00:00, 56.68it/s]
[09/10/26 10:59:36] INFO     Animation 23 : Partial    scene_file_writer.py:192
                             movie file written in                             
                             'C:\Users\Nacho\Documents                         
                             \Animaciones\Capitulo                             
                             7\media\videos\s08_vector                         
                             ial\1080p60\partial_movie                         
                             _files\Vectorial\29324409                         
                             49_3036481370_2216935587.                         
                             mp4'                                              
                                                                                     

Animation 24: GrowArrow(Arrow), etc.:   0%|          | 0/60 [00:00<?, ?it/s]
Animation 24: GrowArrow(Arrow), etc.:   3%|3         | 2/60 [00:00<00:03, 15.24it/s]
Animation 24: GrowArrow(Arrow), etc.:   7%|6         | 4/60 [00:00<00:03, 15.02it/s]
Animation 24: GrowArrow(Arrow), etc.:  10%|#         | 6/60 [00:00<00:03, 15.09it/s]
Animation 24: GrowArrow(Arrow), etc.:  13%|#3        | 8/60 [00:00<00:03, 15.05it/s]
Animation 24: GrowArrow(Arrow), etc.:  17%|#6        | 10/60 [00:00<00:03, 14.45it/s]
Animation 24: GrowArrow(Arrow), etc.:  20%|##        | 12/60 [00:00<00:03, 13.46it/s]
Animation 24: GrowArrow(Arrow), etc.:  23%|##3       | 14/60 [00:00<00:03, 13.54it/s]
Animation 24: GrowArrow(Arrow), etc.:  27%|##6       | 16/60 [00:01<00:03, 13.84it/s]
Animation 24: GrowArrow(Arrow), etc.:  30%|###       | 18/60 [00:01<00:02, 14.19it/s]
Animation 24: GrowArrow(Arrow), etc.:  33%|###3      | 20/60 [00:01<00:02, 14.44it/s]
Animation 24: GrowArrow(Arrow), etc.:  37%|###6      | 22/60 [00:01<00:02, 14.10it/s]
Animation 24: GrowArrow(Arrow), etc.:  40%|####      | 24/60 [00:01<00:02, 14.33it/s]
Animation 24: GrowArrow(Arrow), etc.:  43%|####3     | 26/60 [00:01<00:02, 14.53it/s]
Animation 24: GrowArrow(Arrow), etc.:  47%|####6     | 28/60 [00:01<00:02, 14.20it/s]
Animation 24: GrowArrow(Arrow), etc.:  50%|#####     | 30/60 [00:02<00:02, 14.44it/s]
Animation 24: GrowArrow(Arrow), etc.:  53%|#####3    | 32/60 [00:02<00:01, 14.81it/s]
Animation 24: GrowArrow(Arrow), etc.:  57%|#####6    | 34/60 [00:02<00:01, 14.85it/s]
Animation 24: GrowArrow(Arrow), etc.:  60%|######    | 36/60 [00:02<00:01, 14.83it/s]
Animation 24: GrowArrow(Arrow), etc.:  63%|######3   | 38/60 [00:02<00:01, 15.08it/s]
Animation 24: GrowArrow(Arrow), etc.:  67%|######6   | 40/60 [00:02<00:01, 14.66it/s]
Animation 24: GrowArrow(Arrow), etc.:  70%|#######   | 42/60 [00:02<00:01, 14.53it/s]
Animation 24: GrowArrow(Arrow), etc.:  73%|#######3  | 44/60 [00:03<00:01, 12.79it/s]
Animation 24: GrowArrow(Arrow), etc.:  77%|#######6  | 46/60 [00:03<00:01, 13.14it/s]
Animation 24: GrowArrow(Arrow), etc.:  80%|########  | 48/60 [00:03<00:00, 13.18it/s]
Animation 24: GrowArrow(Arrow), etc.:  83%|########3 | 50/60 [00:03<00:00, 13.35it/s]
Animation 24: GrowArrow(Arrow), etc.:  87%|########6 | 52/60 [00:03<00:00, 13.60it/s]
Animation 24: GrowArrow(Arrow), etc.:  90%|######### | 54/60 [00:03<00:00, 13.69it/s]
Animation 24: GrowArrow(Arrow), etc.:  93%|#########3| 56/60 [00:03<00:00, 13.50it/s]
Animation 24: GrowArrow(Arrow), etc.:  97%|#########6| 58/60 [00:04<00:00, 13.72it/s]
Animation 24: GrowArrow(Arrow), etc.: 100%|##########| 60/60 [00:04<00:00, 13.79it/s]
[09/10/26 10:59:40] INFO     Animation 24 : Partial    scene_file_writer.py:192
                             movie file written in                             
                             'C:\Users\Nacho\Documents                         
                             \Animaciones\Capitulo                             
                             7\media\videos\s08_vector                         
                             ial\1080p60\partial_movie                         
                             _files\Vectorial\29324409                         
                             49_3185258003_1471018633.                         
                             mp4'                                              
                                                                                     

Animation 25: Create(Angle), etc.:   0%|          | 0/60 [00:00<?, ?it/s]
Animation 25: Create(Angle), etc.:   3%|3         | 2/60 [00:00<00:03, 15.48it/s]
Animation 25: Create(Angle), etc.:   7%|6         | 4/60 [00:00<00:03, 14.62it/s]
Animation 25: Create(Angle), etc.:  10%|#         | 6/60 [00:00<00:03, 14.75it/s]
Animation 25: Create(Angle), etc.:  13%|#3        | 8/60 [00:00<00:03, 15.08it/s]
Animation 25: Create(Angle), etc.:  17%|#6        | 10/60 [00:00<00:03, 15.28it/s]
Animation 25: Create(Angle), etc.:  20%|##        | 12/60 [00:00<00:03, 14.13it/s]
Animation 25: Create(Angle), etc.:  23%|##3       | 14/60 [00:00<00:03, 14.32it/s]
Animation 25: Create(Angle), etc.:  27%|##6       | 16/60 [00:01<00:03, 14.59it/s]
Animation 25: Create(Angle), etc.:  30%|###       | 18/60 [00:01<00:02, 14.57it/s]
Animation 25: Create(Angle), etc.:  33%|###3      | 20/60 [00:01<00:02, 14.72it/s]
Animation 25: Create(Angle), etc.:  37%|###6      | 22/60 [00:01<00:02, 14.65it/s]
Animation 25: Create(Angle), etc.:  40%|####      | 24/60 [00:01<00:02, 14.50it/s]
Animation 25: Create(Angle), etc.:  43%|####3     | 26/60 [00:01<00:02, 14.51it/s]
Animation 25: Create(Angle), etc.:  47%|####6     | 28/60 [00:01<00:02, 14.51it/s]
Animation 25: Create(Angle), etc.:  50%|#####     | 30/60 [00:02<00:02, 14.60it/s]
Animation 25: Create(Angle), etc.:  53%|#####3    | 32/60 [00:02<00:01, 14.35it/s]
Animation 25: Create(Angle), etc.:  57%|#####6    | 34/60 [00:02<00:01, 14.15it/s]
Animation 25: Create(Angle), etc.:  60%|######    | 36/60 [00:02<00:01, 14.29it/s]
Animation 25: Create(Angle), etc.:  63%|######3   | 38/60 [00:02<00:01, 14.51it/s]
Animation 25: Create(Angle), etc.:  67%|######6   | 40/60 [00:02<00:01, 14.36it/s]
Animation 25: Create(Angle), etc.:  70%|#######   | 42/60 [00:02<00:01, 14.66it/s]
Animation 25: Create(Angle), etc.:  73%|#######3  | 44/60 [00:03<00:01, 12.16it/s]
Animation 25: Create(Angle), etc.:  77%|#######6  | 46/60 [00:03<00:01, 12.54it/s]
Animation 25: Create(Angle), etc.:  80%|########  | 48/60 [00:03<00:00, 12.74it/s]
Animation 25: Create(Angle), etc.:  83%|########3 | 50/60 [00:03<00:00, 13.59it/s]
Animation 25: Create(Angle), etc.:  87%|########6 | 52/60 [00:03<00:00, 13.48it/s]
Animation 25: Create(Angle), etc.:  90%|######### | 54/60 [00:03<00:00, 13.84it/s]
Animation 25: Create(Angle), etc.:  93%|#########3| 56/60 [00:03<00:00, 13.65it/s]
Animation 25: Create(Angle), etc.:  97%|#########6| 58/60 [00:04<00:00, 14.08it/s]
Animation 25: Create(Angle), etc.: 100%|##########| 60/60 [00:04<00:00, 13.73it/s]
[09/10/26 10:59:45] INFO     Animation 25 : Partial    scene_file_writer.py:192
                             movie file written in                             
                             'C:\Users\Nacho\Documents                         
                             \Animaciones\Capitulo                             
                             7\media\videos\s08_vector                         
                             ial\1080p60\partial_movie                         
                             _files\Vectorial\29324409                         
                             49_426565824_1498256806.m                         
                             p4'                                               
[09/10/26 10:59:46] INFO     Animation 26 : Partial    scene_file_writer.py:192
                             movie file written in                             
                             'C:\Users\Nacho\Documents                         
                             \Animaciones\Capitulo                             
                             7\media\videos\s08_vector                         
                             ial\1080p60\partial_movie                         
                             _files\Vectorial\29324409                         
                             49_125152860_1483937274.m                         
                             p4'                                               
                                                                                  

Animation 27: FadeIn(MathTex('\\|\\tilde{X}\\|=\\sigma_X')):   0%|          | 0/60 [00:00<?, ?it/s]
Animation 27: FadeIn(MathTex('\\|\\tilde{X}\\|=\\sigma_X')):   3%|3         | 2/60 [00:00<00:03, 17.09it/s]
Animation 27: FadeIn(MathTex('\\|\\tilde{X}\\|=\\sigma_X')):   7%|6         | 4/60 [00:00<00:03, 15.45it/s]
Animation 27: FadeIn(MathTex('\\|\\tilde{X}\\|=\\sigma_X')):  10%|#         | 6/60 [00:00<00:03, 15.99it/s]
Animation 27: FadeIn(MathTex('\\|\\tilde{X}\\|=\\sigma_X')):  13%|#3        | 8/60 [00:00<00:03, 15.92it/s]
Animation 27: FadeIn(MathTex('\\|\\tilde{X}\\|=\\sigma_X')):  17%|#6        | 10/60 [00:00<00:03, 16.29it/s]
Animation 27: FadeIn(MathTex('\\|\\tilde{X}\\|=\\sigma_X')):  20%|##        | 12/60 [00:00<00:02, 16.16it/s]
Animation 27: FadeIn(MathTex('\\|\\tilde{X}\\|=\\sigma_X')):  23%|##3       | 14/60 [00:00<00:02, 15.82it/s]
Animation 27: FadeIn(MathTex('\\|\\tilde{X}\\|=\\sigma_X')):  27%|##6       | 16/60 [00:00<00:02, 16.33it/s]
Animation 27: FadeIn(MathTex('\\|\\tilde{X}\\|=\\sigma_X')):  30%|###       | 18/60 [00:01<00:02, 15.83it/s]
Animation 27: FadeIn(MathTex('\\|\\tilde{X}\\|=\\sigma_X')):  33%|###3      | 20/60 [00:01<00:02, 15.88it/s]
Animation 27: FadeIn(MathTex('\\|\\tilde{X}\\|=\\sigma_X')):  37%|###6      | 22/60 [00:01<00:02, 15.62it/s]
Animation 27: FadeIn(MathTex('\\|\\tilde{X}\\|=\\sigma_X')):  40%|####      | 24/60 [00:01<00:02, 15.43it/s]
Animation 27: FadeIn(MathTex('\\|\\tilde{X}\\|=\\sigma_X')):  43%|####3     | 26/60 [00:01<00:02, 15.35it/s]
Animation 27: FadeIn(MathTex('\\|\\tilde{X}\\|=\\sigma_X')):  47%|####6     | 28/60 [00:01<00:02, 15.79it/s]
Animation 27: FadeIn(MathTex('\\|\\tilde{X}\\|=\\sigma_X')):  50%|#####     | 30/60 [00:01<00:02, 14.81it/s]
Animation 27: FadeIn(MathTex('\\|\\tilde{X}\\|=\\sigma_X')):  53%|#####3    | 32/60 [00:02<00:01, 15.02it/s]
Animation 27: FadeIn(MathTex('\\|\\tilde{X}\\|=\\sigma_X')):  57%|#####6    | 34/60 [00:02<00:01, 15.15it/s]
Animation 27: FadeIn(MathTex('\\|\\tilde{X}\\|=\\sigma_X')):  60%|######    | 36/60 [00:02<00:01, 14.80it/s]
Animation 27: FadeIn(MathTex('\\|\\tilde{X}\\|=\\sigma_X')):  63%|######3   | 38/60 [00:02<00:01, 15.36it/s]
Animation 27: FadeIn(MathTex('\\|\\tilde{X}\\|=\\sigma_X')):  67%|######6   | 40/60 [00:02<00:01, 15.50it/s]
Animation 27: FadeIn(MathTex('\\|\\tilde{X}\\|=\\sigma_X')):  70%|#######   | 42/60 [00:02<00:01, 14.91it/s]
Animation 27: FadeIn(MathTex('\\|\\tilde{X}\\|=\\sigma_X')):  73%|#######3  | 44/60 [00:02<00:01, 13.32it/s]
Animation 27: FadeIn(MathTex('\\|\\tilde{X}\\|=\\sigma_X')):  77%|#######6  | 46/60 [00:03<00:01, 13.65it/s]
Animation 27: FadeIn(MathTex('\\|\\tilde{X}\\|=\\sigma_X')):  80%|########  | 48/60 [00:03<00:00, 13.78it/s]
Animation 27: FadeIn(MathTex('\\|\\tilde{X}\\|=\\sigma_X')):  83%|########3 | 50/60 [00:03<00:00, 14.17it/s]
Animation 27: FadeIn(MathTex('\\|\\tilde{X}\\|=\\sigma_X')):  87%|########6 | 52/60 [00:03<00:00, 15.08it/s]
Animation 27: FadeIn(MathTex('\\|\\tilde{X}\\|=\\sigma_X')):  90%|######### | 54/60 [00:03<00:00, 15.12it/s]
Animation 27: FadeIn(MathTex('\\|\\tilde{X}\\|=\\sigma_X')):  93%|#########3| 56/60 [00:03<00:00, 15.26it/s]
Animation 27: FadeIn(MathTex('\\|\\tilde{X}\\|=\\sigma_X')):  97%|#########6| 58/60 [00:03<00:00, 15.52it/s]
Animation 27: FadeIn(MathTex('\\|\\tilde{X}\\|=\\sigma_X')): 100%|##########| 60/60 [00:03<00:00, 15.08it/s]
[09/10/26 10:59:51] INFO     Animation 27 : Partial    scene_file_writer.py:192
                             movie file written in                             
                             'C:\Users\Nacho\Documents                         
                             \Animaciones\Capitulo                             
                             7\media\videos\s08_vector                         
                             ial\1080p60\partial_movie                         
                             _files\Vectorial\29324409                         
                             49_3946179914_2792547259.                         
                             mp4'                                              
[09/10/26 10:59:52] INFO     Animation 28 : Partial    scene_file_writer.py:192
                             movie file written in                             
                             'C:\Users\Nacho\Documents                         
                             \Animaciones\Capitulo                             
                             7\media\videos\s08_vector                         
                             ial\1080p60\partial_movie                         
                             _files\Vectorial\29324409                         
                             49_3880968470_3811257941.                         
                             mp4'                                              
                                                                                                            

Animation 29: Write(MathTex('\\sigma_{X,Y} = \\sigma_X\\,\\sigma_Y\\,\\cos\\theta')):   0%|          | 0/60 [00:00<?, 
?it/s]
Animation 29: Write(MathTex('\\sigma_{X,Y} = \\sigma_X\\,\\sigma_Y\\,\\cos\\theta')):   3%|3         | 2/60 
[00:00<00:03, 15.05it/s]
Animation 29: Write(MathTex('\\sigma_{X,Y} = \\sigma_X\\,\\sigma_Y\\,\\cos\\theta')):   7%|6         | 4/60 
[00:00<00:03, 14.77it/s]
Animation 29: Write(MathTex('\\sigma_{X,Y} = \\sigma_X\\,\\sigma_Y\\,\\cos\\theta')):  10%|#         | 6/60 
[00:00<00:03, 14.80it/s]
Animation 29: Write(MathTex('\\sigma_{X,Y} = \\sigma_X\\,\\sigma_Y\\,\\cos\\theta')):  13%|#3        | 8/60 
[00:00<00:03, 14.73it/s]
Animation 29: Write(MathTex('\\sigma_{X,Y} = \\sigma_X\\,\\sigma_Y\\,\\cos\\theta')):  17%|#6        | 10/60 
[00:00<00:03, 14.75it/s]
Animation 29: Write(MathTex('\\sigma_{X,Y} = \\sigma_X\\,\\sigma_Y\\,\\cos\\theta')):  20%|##        | 12/60 
[00:00<00:03, 14.95it/s]
Animation 29: Write(MathTex('\\sigma_{X,Y} = \\sigma_X\\,\\sigma_Y\\,\\cos\\theta')):  23%|##3       | 14/60 
[00:00<00:03, 14.86it/s]
Animation 29: Write(MathTex('\\sigma_{X,Y} = \\sigma_X\\,\\sigma_Y\\,\\cos\\theta')):  27%|##6       | 16/60 
[00:01<00:03, 14.61it/s]
Animation 29: Write(MathTex('\\sigma_{X,Y} = \\sigma_X\\,\\sigma_Y\\,\\cos\\theta')):  30%|###       | 18/60 
[00:01<00:03, 12.39it/s]
Animation 29: Write(MathTex('\\sigma_{X,Y} = \\sigma_X\\,\\sigma_Y\\,\\cos\\theta')):  33%|###3      | 20/60 
[00:01<00:03, 13.12it/s]
Animation 29: Write(MathTex('\\sigma_{X,Y} = \\sigma_X\\,\\sigma_Y\\,\\cos\\theta')):  37%|###6      | 22/60 
[00:01<00:02, 13.68it/s]
Animation 29: Write(MathTex('\\sigma_{X,Y} = \\sigma_X\\,\\sigma_Y\\,\\cos\\theta')):  40%|####      | 24/60 
[00:01<00:02, 13.54it/s]
Animation 29: Write(MathTex('\\sigma_{X,Y} = \\sigma_X\\,\\sigma_Y\\,\\cos\\theta')):  43%|####3     | 26/60 
[00:01<00:02, 13.95it/s]
Animation 29: Write(MathTex('\\sigma_{X,Y} = \\sigma_X\\,\\sigma_Y\\,\\cos\\theta')):  47%|####6     | 28/60 
[00:01<00:02, 14.12it/s]
Animation 29: Write(MathTex('\\sigma_{X,Y} = \\sigma_X\\,\\sigma_Y\\,\\cos\\theta')):  50%|#####     | 30/60 
[00:02<00:02, 13.97it/s]
Animation 29: Write(MathTex('\\sigma_{X,Y} = \\sigma_X\\,\\sigma_Y\\,\\cos\\theta')):  53%|#####3    | 32/60 
[00:02<00:01, 14.15it/s]
Animation 29: Write(MathTex('\\sigma_{X,Y} = \\sigma_X\\,\\sigma_Y\\,\\cos\\theta')):  57%|#####6    | 34/60 
[00:02<00:01, 14.64it/s]
Animation 29: Write(MathTex('\\sigma_{X,Y} = \\sigma_X\\,\\sigma_Y\\,\\cos\\theta')):  60%|######    | 36/60 
[00:02<00:01, 14.22it/s]
Animation 29: Write(MathTex('\\sigma_{X,Y} = \\sigma_X\\,\\sigma_Y\\,\\cos\\theta')):  63%|######3   | 38/60 
[00:02<00:01, 13.82it/s]
Animation 29: Write(MathTex('\\sigma_{X,Y} = \\sigma_X\\,\\sigma_Y\\,\\cos\\theta')):  67%|######6   | 40/60 
[00:02<00:01, 13.79it/s]
Animation 29: Write(MathTex('\\sigma_{X,Y} = \\sigma_X\\,\\sigma_Y\\,\\cos\\theta')):  70%|#######   | 42/60 
[00:02<00:01, 14.54it/s]
Animation 29: Write(MathTex('\\sigma_{X,Y} = \\sigma_X\\,\\sigma_Y\\,\\cos\\theta')):  73%|#######3  | 44/60 
[00:03<00:01, 12.42it/s]
Animation 29: Write(MathTex('\\sigma_{X,Y} = \\sigma_X\\,\\sigma_Y\\,\\cos\\theta')):  77%|#######6  | 46/60 
[00:03<00:01, 12.58it/s]
Animation 29: Write(MathTex('\\sigma_{X,Y} = \\sigma_X\\,\\sigma_Y\\,\\cos\\theta')):  80%|########  | 48/60 
[00:03<00:00, 12.78it/s]
Animation 29: Write(MathTex('\\sigma_{X,Y} = \\sigma_X\\,\\sigma_Y\\,\\cos\\theta')):  83%|########3 | 50/60 
[00:03<00:00, 12.94it/s]
Animation 29: Write(MathTex('\\sigma_{X,Y} = \\sigma_X\\,\\sigma_Y\\,\\cos\\theta')):  87%|########6 | 52/60 
[00:03<00:00, 13.22it/s]
Animation 29: Write(MathTex('\\sigma_{X,Y} = \\sigma_X\\,\\sigma_Y\\,\\cos\\theta')):  90%|######### | 54/60 
[00:03<00:00, 13.78it/s]
Animation 29: Write(MathTex('\\sigma_{X,Y} = \\sigma_X\\,\\sigma_Y\\,\\cos\\theta')):  93%|#########3| 56/60 
[00:04<00:00, 13.40it/s]
Animation 29: Write(MathTex('\\sigma_{X,Y} = \\sigma_X\\,\\sigma_Y\\,\\cos\\theta')):  97%|#########6| 58/60 
[00:04<00:00, 13.72it/s]
Animation 29: Write(MathTex('\\sigma_{X,Y} = \\sigma_X\\,\\sigma_Y\\,\\cos\\theta')): 100%|##########| 60/60 
[00:04<00:00, 13.79it/s]
[09/10/26 10:59:57] INFO     Animation 29 : Partial    scene_file_writer.py:192
                             movie file written in                             
                             'C:\Users\Nacho\Documents                         
                             \Animaciones\Capitulo                             
                             7\media\videos\s08_vector                         
                             ial\1080p60\partial_movie                         
                             _files\Vectorial\29324409                         
                             49_992805171_2182027406.m                         
                             p4'                                               
[09/10/26 10:59:59] INFO     Animation 30 : Partial    scene_file_writer.py:192
                             movie file written in                             
                             'C:\Users\Nacho\Documents                         
                             \Animaciones\Capitulo                             
                             7\media\videos\s08_vector                         
                             ial\1080p60\partial_movie                         
                             _files\Vectorial\29324409                         
                             49_941615173_750282740.mp                         
                             4'                                                
                                                                                                                       
              

Animation 31: Write(MathTex('\\rho_{X,Y} = \\cos\\theta')):   0%|          | 0/60 [00:00<?, ?it/s]
Animation 31: Write(MathTex('\\rho_{X,Y} = \\cos\\theta')):   3%|3         | 2/60 [00:00<00:04, 14.31it/s]
Animation 31: Write(MathTex('\\rho_{X,Y} = \\cos\\theta')):   7%|6         | 4/60 [00:00<00:03, 14.88it/s]
Animation 31: Write(MathTex('\\rho_{X,Y} = \\cos\\theta')):  10%|#         | 6/60 [00:00<00:03, 14.14it/s]
Animation 31: Write(MathTex('\\rho_{X,Y} = \\cos\\theta')):  13%|#3        | 8/60 [00:00<00:03, 14.54it/s]
Animation 31: Write(MathTex('\\rho_{X,Y} = \\cos\\theta')):  17%|#6        | 10/60 [00:00<00:03, 14.18it/s]
Animation 31: Write(MathTex('\\rho_{X,Y} = \\cos\\theta')):  20%|##        | 12/60 [00:00<00:03, 14.00it/s]
Animation 31: Write(MathTex('\\rho_{X,Y} = \\cos\\theta')):  23%|##3       | 14/60 [00:00<00:03, 13.76it/s]
Animation 31: Write(MathTex('\\rho_{X,Y} = \\cos\\theta')):  27%|##6       | 16/60 [00:01<00:03, 13.69it/s]
Animation 31: Write(MathTex('\\rho_{X,Y} = \\cos\\theta')):  30%|###       | 18/60 [00:01<00:03, 13.37it/s]
Animation 31: Write(MathTex('\\rho_{X,Y} = \\cos\\theta')):  33%|###3      | 20/60 [00:01<00:02, 13.50it/s]
Animation 31: Write(MathTex('\\rho_{X,Y} = \\cos\\theta')):  37%|###6      | 22/60 [00:01<00:02, 13.45it/s]
Animation 31: Write(MathTex('\\rho_{X,Y} = \\cos\\theta')):  40%|####      | 24/60 [00:01<00:02, 13.42it/s]
Animation 31: Write(MathTex('\\rho_{X,Y} = \\cos\\theta')):  43%|####3     | 26/60 [00:01<00:02, 13.89it/s]
Animation 31: Write(MathTex('\\rho_{X,Y} = \\cos\\theta')):  47%|####6     | 28/60 [00:02<00:02, 14.28it/s]
Animation 31: Write(MathTex('\\rho_{X,Y} = \\cos\\theta')):  50%|#####     | 30/60 [00:02<00:02, 13.42it/s]
Animation 31: Write(MathTex('\\rho_{X,Y} = \\cos\\theta')):  53%|#####3    | 32/60 [00:02<00:02, 13.84it/s]
Animation 31: Write(MathTex('\\rho_{X,Y} = \\cos\\theta')):  57%|#####6    | 34/60 [00:02<00:01, 13.33it/s]
Animation 31: Write(MathTex('\\rho_{X,Y} = \\cos\\theta')):  60%|######    | 36/60 [00:02<00:01, 13.55it/s]
Animation 31: Write(MathTex('\\rho_{X,Y} = \\cos\\theta')):  63%|######3   | 38/60 [00:02<00:01, 13.82it/s]
Animation 31: Write(MathTex('\\rho_{X,Y} = \\cos\\theta')):  67%|######6   | 40/60 [00:02<00:01, 14.34it/s]
Animation 31: Write(MathTex('\\rho_{X,Y} = \\cos\\theta')):  70%|#######   | 42/60 [00:03<00:01, 14.21it/s]
Animation 31: Write(MathTex('\\rho_{X,Y} = \\cos\\theta')):  73%|#######3  | 44/60 [00:03<00:01, 11.97it/s]
Animation 31: Write(MathTex('\\rho_{X,Y} = \\cos\\theta')):  77%|#######6  | 46/60 [00:03<00:01, 12.52it/s]
Animation 31: Write(MathTex('\\rho_{X,Y} = \\cos\\theta')):  80%|########  | 48/60 [00:03<00:00, 12.43it/s]
Animation 31: Write(MathTex('\\rho_{X,Y} = \\cos\\theta')):  83%|########3 | 50/60 [00:03<00:00, 12.72it/s]
Animation 31: Write(MathTex('\\rho_{X,Y} = \\cos\\theta')):  87%|########6 | 52/60 [00:03<00:00, 12.87it/s]
Animation 31: Write(MathTex('\\rho_{X,Y} = \\cos\\theta')):  90%|######### | 54/60 [00:04<00:00, 10.88it/s]
Animation 31: Write(MathTex('\\rho_{X,Y} = \\cos\\theta')):  93%|#########3| 56/60 [00:04<00:00, 10.35it/s]
Animation 31: Write(MathTex('\\rho_{X,Y} = \\cos\\theta')):  97%|#########6| 58/60 [00:04<00:00, 11.11it/s]
Animation 31: Write(MathTex('\\rho_{X,Y} = \\cos\\theta')): 100%|##########| 60/60 [00:04<00:00, 11.63it/s]
[09/10/26 11:00:04] INFO     Animation 31 : Partial    scene_file_writer.py:192
                             movie file written in                             
                             'C:\Users\Nacho\Documents                         
                             \Animaciones\Capitulo                             
                             7\media\videos\s08_vector                         
                             ial\1080p60\partial_movie                         
                             _files\Vectorial\29324409                         
                             49_744724847_1555372294.m                         
                             p4'                                               
[09/10/26 11:00:06] INFO     Animation 32 : Partial    scene_file_writer.py:192
                             movie file written in                             
                             'C:\Users\Nacho\Documents                         
                             \Animaciones\Capitulo                             
                             7\media\videos\s08_vector                         
                             ial\1080p60\partial_movie                         
                             _files\Vectorial\29324409                         
                             49_125152860_1473767726.m                         
                             p4'                                               
                                                                                                           

Animation 33: FadeIn(VGroup of 2 submobjects):   0%|          | 0/60 [00:00<?, ?it/s]
Animation 33: FadeIn(VGroup of 2 submobjects):   2%|1         | 1/60 [00:00<00:10,  5.73it/s]
Animation 33: FadeIn(VGroup of 2 submobjects):   3%|3         | 2/60 [00:00<00:10,  5.36it/s]
Animation 33: FadeIn(VGroup of 2 submobjects):   5%|5         | 3/60 [00:00<00:10,  5.33it/s]
Animation 33: FadeIn(VGroup of 2 submobjects):   7%|6         | 4/60 [00:00<00:15,  3.71it/s]
Animation 33: FadeIn(VGroup of 2 submobjects):   8%|8         | 5/60 [00:01<00:13,  4.20it/s]
Animation 33: FadeIn(VGroup of 2 submobjects):  10%|#         | 6/60 [00:01<00:12,  4.49it/s]
Animation 33: FadeIn(VGroup of 2 submobjects):  12%|#1        | 7/60 [00:01<00:11,  4.73it/s]
Animation 33: FadeIn(VGroup of 2 submobjects):  13%|#3        | 8/60 [00:01<00:10,  5.00it/s]
Animation 33: FadeIn(VGroup of 2 submobjects):  15%|#5        | 9/60 [00:01<00:09,  5.13it/s]
Animation 33: FadeIn(VGroup of 2 submobjects):  17%|#6        | 10/60 [00:02<00:09,  5.22it/s]
Animation 33: FadeIn(VGroup of 2 submobjects):  18%|#8        | 11/60 [00:02<00:09,  5.27it/s]
Animation 33: FadeIn(VGroup of 2 submobjects):  20%|##        | 12/60 [00:02<00:09,  5.33it/s]
Animation 33: FadeIn(VGroup of 2 submobjects):  22%|##1       | 13/60 [00:02<00:08,  5.36it/s]
Animation 33: FadeIn(VGroup of 2 submobjects):  23%|##3       | 14/60 [00:02<00:08,  5.35it/s]
Animation 33: FadeIn(VGroup of 2 submobjects):  25%|##5       | 15/60 [00:02<00:08,  5.39it/s]
Animation 33: FadeIn(VGroup of 2 submobjects):  27%|##6       | 16/60 [00:03<00:08,  5.38it/s]
Animation 33: FadeIn(VGroup of 2 submobjects):  28%|##8       | 17/60 [00:03<00:07,  5.42it/s]
Animation 33: FadeIn(VGroup of 2 submobjects):  30%|###       | 18/60 [00:03<00:07,  5.39it/s]
Animation 33: FadeIn(VGroup of 2 submobjects):  32%|###1      | 19/60 [00:03<00:07,  5.44it/s]
Animation 33: FadeIn(VGroup of 2 submobjects):  33%|###3      | 20/60 [00:03<00:07,  5.41it/s]
Animation 33: FadeIn(VGroup of 2 submobjects):  35%|###5      | 21/60 [00:04<00:07,  5.46it/s]
Animation 33: FadeIn(VGroup of 2 submobjects):  37%|###6      | 22/60 [00:04<00:06,  5.46it/s]
Animation 33: FadeIn(VGroup of 2 submobjects):  38%|###8      | 23/60 [00:04<00:06,  5.30it/s]
Animation 33: FadeIn(VGroup of 2 submobjects):  40%|####      | 24/60 [00:04<00:07,  5.08it/s]
Animation 33: FadeIn(VGroup of 2 submobjects):  42%|####1     | 25/60 [00:04<00:06,  5.18it/s]
Animation 33: FadeIn(VGroup of 2 submobjects):  43%|####3     | 26/60 [00:05<00:06,  5.27it/s]
Animation 33: FadeIn(VGroup of 2 submobjects):  45%|####5     | 27/60 [00:05<00:06,  5.37it/s]
Animation 33: FadeIn(VGroup of 2 submobjects):  47%|####6     | 28/60 [00:05<00:05,  5.40it/s]
Animation 33: FadeIn(VGroup of 2 submobjects):  48%|####8     | 29/60 [00:05<00:05,  5.47it/s]
Animation 33: FadeIn(VGroup of 2 submobjects):  50%|#####     | 30/60 [00:05<00:05,  5.38it/s]
Animation 33: FadeIn(VGroup of 2 submobjects):  52%|#####1    | 31/60 [00:05<00:05,  5.37it/s]
Animation 33: FadeIn(VGroup of 2 submobjects):  53%|#####3    | 32/60 [00:06<00:05,  5.40it/s]
Animation 33: FadeIn(VGroup of 2 submobjects):  55%|#####5    | 33/60 [00:06<00:04,  5.42it/s]
Animation 33: FadeIn(VGroup of 2 submobjects):  57%|#####6    | 34/60 [00:06<00:04,  5.40it/s]
Animation 33: FadeIn(VGroup of 2 submobjects):  58%|#####8    | 35/60 [00:06<00:04,  5.38it/s]
Animation 33: FadeIn(VGroup of 2 submobjects):  60%|######    | 36/60 [00:06<00:04,  5.47it/s]
Animation 33: FadeIn(VGroup of 2 submobjects):  62%|######1   | 37/60 [00:07<00:04,  5.37it/s]
Animation 33: FadeIn(VGroup of 2 submobjects):  63%|######3   | 38/60 [00:07<00:03,  5.82it/s]
Animation 33: FadeIn(VGroup of 2 submobjects):  65%|######5   | 39/60 [00:07<00:03,  5.55it/s]
Animation 33: FadeIn(VGroup of 2 submobjects):  67%|######6   | 40/60 [00:07<00:03,  5.53it/s]
Animation 33: FadeIn(VGroup of 2 submobjects):  68%|######8   | 41/60 [00:07<00:03,  5.54it/s]
Animation 33: FadeIn(VGroup of 2 submobjects):  70%|#######   | 42/60 [00:07<00:03,  5.53it/s]
Animation 33: FadeIn(VGroup of 2 submobjects):  72%|#######1  | 43/60 [00:08<00:03,  4.99it/s]
Animation 33: FadeIn(VGroup of 2 submobjects):  73%|#######3  | 44/60 [00:08<00:03,  5.20it/s]
Animation 33: FadeIn(VGroup of 2 submobjects):  75%|#######5  | 45/60 [00:08<00:02,  5.21it/s]
Animation 33: FadeIn(VGroup of 2 submobjects):  77%|#######6  | 46/60 [00:08<00:02,  5.31it/s]
Animation 33: FadeIn(VGroup of 2 submobjects):  78%|#######8  | 47/60 [00:08<00:02,  5.32it/s]
Animation 33: FadeIn(VGroup of 2 submobjects):  80%|########  | 48/60 [00:09<00:02,  5.26it/s]
Animation 33: FadeIn(VGroup of 2 submobjects):  82%|########1 | 49/60 [00:09<00:02,  5.32it/s]
Animation 33: FadeIn(VGroup of 2 submobjects):  83%|########3 | 50/60 [00:09<00:01,  5.32it/s]
Animation 33: FadeIn(VGroup of 2 submobjects):  85%|########5 | 51/60 [00:09<00:01,  5.31it/s]
Animation 33: FadeIn(VGroup of 2 submobjects):  87%|########6 | 52/60 [00:09<00:01,  5.21it/s]
Animation 33: FadeIn(VGroup of 2 submobjects):  88%|########8 | 53/60 [00:10<00:01,  5.29it/s]
Animation 33: FadeIn(VGroup of 2 submobjects):  92%|#########1| 55/60 [00:10<00:00,  7.13it/s]
Animation 33: FadeIn(VGroup of 2 submobjects):  95%|#########5| 57/60 [00:10<00:00,  8.47it/s]
Animation 33: FadeIn(VGroup of 2 submobjects):  98%|#########8| 59/60 [00:10<00:00,  9.83it/s]
[09/10/26 11:00:17] INFO     Animation 33 : Partial    scene_file_writer.py:192
                             movie file written in                             
                             'C:\Users\Nacho\Documents                         
                             \Animaciones\Capitulo                             
                             7\media\videos\s08_vector                         
                             ial\1080p60\partial_movie                         
                             _files\Vectorial\29324409                         
                             49_3565037731_2821462534.                         
                             mp4'                                              
[09/10/26 11:00:18] INFO     Animation 34 : Partial    scene_file_writer.py:192
                             movie file written in                             
                             'C:\Users\Nacho\Documents                         
                             \Animaciones\Capitulo                             
                             7\media\videos\s08_vector                         
                             ial\1080p60\partial_movie                         
                             _files\Vectorial\29324409                         
                             49_941615173_1783592166.m                         
                             p4'                                               
                                                                                              

Animation 35: _MethodAnimation(ValueTracker):   0%|          | 0/120 [00:00<?, ?it/s]
Animation 35: _MethodAnimation(ValueTracker):   2%|1         | 2/120 [00:00<00:05, 19.86it/s]
Animation 35: _MethodAnimation(ValueTracker):   3%|3         | 4/120 [00:00<00:05, 19.87it/s]
Animation 35: _MethodAnimation(ValueTracker):   6%|5         | 7/120 [00:00<00:05, 20.13it/s]
Animation 35: _MethodAnimation(ValueTracker):   8%|8         | 10/120 [00:00<00:05, 20.20it/s]
Animation 35: _MethodAnimation(ValueTracker):  11%|#         | 13/120 [00:00<00:05, 19.21it/s]
Animation 35: _MethodAnimation(ValueTracker):  12%|#2        | 15/120 [00:00<00:05, 18.59it/s]
Animation 35: _MethodAnimation(ValueTracker):  14%|#4        | 17/120 [00:00<00:05, 18.75it/s]
Animation 35: _MethodAnimation(ValueTracker):  17%|#6        | 20/120 [00:01<00:05, 18.66it/s]
Animation 35: _MethodAnimation(ValueTracker):  18%|#8        | 22/120 [00:01<00:05, 18.36it/s]
Animation 35: _MethodAnimation(ValueTracker):  20%|##        | 24/120 [00:01<00:05, 18.64it/s]
Animation 35: _MethodAnimation(ValueTracker):  22%|##1       | 26/120 [00:01<00:05, 17.84it/s]
Animation 35: _MethodAnimation(ValueTracker):  23%|##3       | 28/120 [00:01<00:06, 15.16it/s]
Animation 35: _MethodAnimation(ValueTracker):  25%|##5       | 30/120 [00:01<00:05, 16.02it/s]
Animation 35: _MethodAnimation(ValueTracker):  27%|##6       | 32/120 [00:01<00:05, 16.80it/s]
Animation 35: _MethodAnimation(ValueTracker):  29%|##9       | 35/120 [00:01<00:04, 18.31it/s]
Animation 35: _MethodAnimation(ValueTracker):  32%|###1      | 38/120 [00:02<00:04, 20.44it/s]
Animation 35: _MethodAnimation(ValueTracker):  34%|###4      | 41/120 [00:02<00:03, 21.30it/s]
Animation 35: _MethodAnimation(ValueTracker):  37%|###6      | 44/120 [00:02<00:03, 20.96it/s]
Animation 35: _MethodAnimation(ValueTracker):  39%|###9      | 47/120 [00:02<00:03, 21.98it/s]
Animation 35: _MethodAnimation(ValueTracker):  42%|####1     | 50/120 [00:02<00:03, 22.77it/s]
Animation 35: _MethodAnimation(ValueTracker):  44%|####4     | 53/120 [00:02<00:02, 23.73it/s]
Animation 35: _MethodAnimation(ValueTracker):  47%|####6     | 56/120 [00:02<00:02, 23.79it/s]
Animation 35: _MethodAnimation(ValueTracker):  49%|####9     | 59/120 [00:02<00:02, 23.97it/s]
Animation 35: _MethodAnimation(ValueTracker):  52%|#####1    | 62/120 [00:03<00:02, 23.75it/s]
Animation 35: _MethodAnimation(ValueTracker):  54%|#####4    | 65/120 [00:03<00:02, 23.69it/s]
Animation 35: _MethodAnimation(ValueTracker):  57%|#####6    | 68/120 [00:03<00:02, 23.80it/s]
Animation 35: _MethodAnimation(ValueTracker):  59%|#####9    | 71/120 [00:03<00:02, 23.37it/s]
Animation 35: _MethodAnimation(ValueTracker):  62%|######1   | 74/120 [00:03<00:02, 22.81it/s]
Animation 35: _MethodAnimation(ValueTracker):  64%|######4   | 77/120 [00:03<00:01, 22.15it/s]
Animation 35: _MethodAnimation(ValueTracker):  67%|######6   | 80/120 [00:03<00:01, 22.76it/s]
Animation 35: _MethodAnimation(ValueTracker):  69%|######9   | 83/120 [00:03<00:01, 23.37it/s]
Animation 35: _MethodAnimation(ValueTracker):  72%|#######1  | 86/120 [00:04<00:01, 23.54it/s]
Animation 35: _MethodAnimation(ValueTracker):  74%|#######4  | 89/120 [00:04<00:01, 23.35it/s]
Animation 35: _MethodAnimation(ValueTracker):  77%|#######6  | 92/120 [00:04<00:01, 23.01it/s]
Animation 35: _MethodAnimation(ValueTracker):  79%|#######9  | 95/120 [00:04<00:01, 23.06it/s]
Animation 35: _MethodAnimation(ValueTracker):  82%|########1 | 98/120 [00:04<00:00, 23.21it/s]
Animation 35: _MethodAnimation(ValueTracker):  84%|########4 | 101/120 [00:04<00:00, 23.50it/s]
Animation 35: _MethodAnimation(ValueTracker):  87%|########6 | 104/120 [00:04<00:00, 24.19it/s]
Animation 35: _MethodAnimation(ValueTracker):  89%|########9 | 107/120 [00:04<00:00, 24.56it/s]
Animation 35: _MethodAnimation(ValueTracker):  92%|#########1| 110/120 [00:05<00:00, 24.60it/s]
Animation 35: _MethodAnimation(ValueTracker):  94%|#########4| 113/120 [00:05<00:00, 24.45it/s]
Animation 35: _MethodAnimation(ValueTracker):  97%|#########6| 116/120 [00:05<00:00, 24.31it/s]
Animation 35: _MethodAnimation(ValueTracker):  99%|#########9| 119/120 [00:05<00:00, 24.58it/s]
[09/10/26 11:00:23] INFO     Animation 35 : Partial    scene_file_writer.py:192
                             movie file written in                             
                             'C:\Users\Nacho\Documents                         
                             \Animaciones\Capitulo                             
                             7\media\videos\s08_vector                         
                             ial\1080p60\partial_movie                         
                             _files\Vectorial\29324409                         
                             49_295906289_818196214.mp                         
                             4'                                                
                                                                                               

Animation 36: FadeIn(Text('casi alineados: casi la misma información')):   0%|          | 0/60 [00:00<?, ?it/s]
Animation 36: FadeIn(Text('casi alineados: casi la misma información')):   5%|5         | 3/60 [00:00<00:02, 25.29it/s]
Animation 36: FadeIn(Text('casi alineados: casi la misma información')):  10%|#         | 6/60 [00:00<00:02, 25.12it/s]
Animation 36: FadeIn(Text('casi alineados: casi la misma información')):  15%|#5        | 9/60 [00:00<00:02, 25.02it/s]
Animation 36: FadeIn(Text('casi alineados: casi la misma información')):  20%|##        | 12/60 [00:00<00:01, 
24.34it/s]
Animation 36: FadeIn(Text('casi alineados: casi la misma información')):  25%|##5       | 15/60 [00:00<00:01, 
23.88it/s]
Animation 36: FadeIn(Text('casi alineados: casi la misma información')):  30%|###       | 18/60 [00:00<00:01, 
24.59it/s]
Animation 36: FadeIn(Text('casi alineados: casi la misma información')):  35%|###5      | 21/60 [00:00<00:01, 
23.78it/s]
Animation 36: FadeIn(Text('casi alineados: casi la misma información')):  40%|####      | 24/60 [00:00<00:01, 
23.75it/s]
Animation 36: FadeIn(Text('casi alineados: casi la misma información')):  45%|####5     | 27/60 [00:01<00:01, 
23.97it/s]
Animation 36: FadeIn(Text('casi alineados: casi la misma información')):  50%|#####     | 30/60 [00:01<00:01, 
23.99it/s]
Animation 36: FadeIn(Text('casi alineados: casi la misma información')):  55%|#####5    | 33/60 [00:01<00:01, 
24.34it/s]
Animation 36: FadeIn(Text('casi alineados: casi la misma información')):  60%|######    | 36/60 [00:01<00:00, 
24.54it/s]
Animation 36: FadeIn(Text('casi alineados: casi la misma información')):  65%|######5   | 39/60 [00:01<00:00, 
24.26it/s]
Animation 36: FadeIn(Text('casi alineados: casi la misma información')):  70%|#######   | 42/60 [00:01<00:00, 
24.68it/s]
Animation 36: FadeIn(Text('casi alineados: casi la misma información')):  75%|#######5  | 45/60 [00:01<00:00, 
23.09it/s]
Animation 36: FadeIn(Text('casi alineados: casi la misma información')):  80%|########  | 48/60 [00:02<00:00, 
22.17it/s]
Animation 36: FadeIn(Text('casi alineados: casi la misma información')):  85%|########5 | 51/60 [00:02<00:00, 
22.65it/s]
Animation 36: FadeIn(Text('casi alineados: casi la misma información')):  90%|######### | 54/60 [00:02<00:00, 
22.95it/s]
Animation 36: FadeIn(Text('casi alineados: casi la misma información')):  95%|#########5| 57/60 [00:02<00:00, 
23.22it/s]
Animation 36: FadeIn(Text('casi alineados: casi la misma información')): 100%|##########| 60/60 [00:02<00:00, 
22.93it/s]
[09/10/26 11:00:26] INFO     Animation 36 : Partial    scene_file_writer.py:192
                             movie file written in                             
                             'C:\Users\Nacho\Documents                         
                             \Animaciones\Capitulo                             
                             7\media\videos\s08_vector                         
                             ial\1080p60\partial_movie                         
                             _files\Vectorial\29324409                         
                             49_167474777_1617166886.m                         
                             p4'                                               
[09/10/26 11:00:27] INFO     Animation 37 : Partial    scene_file_writer.py:192
                             movie file written in                             
                             'C:\Users\Nacho\Documents                         
                             \Animaciones\Capitulo                             
                             7\media\videos\s08_vector                         
                             ial\1080p60\partial_movie                         
                             _files\Vectorial\29324409                         
                             49_3810316983_3520200674.                         
                             mp4'                                              
                                                                                                                       
 

Animation 38: FadeOut(Text('casi alineados: casi la misma información')):   0%|          | 0/60 [00:00<?, ?it/s]
Animation 38: FadeOut(Text('casi alineados: casi la misma información')):   5%|5         | 3/60 [00:00<00:02, 
25.77it/s]
Animation 38: FadeOut(Text('casi alineados: casi la misma información')):  10%|#         | 6/60 [00:00<00:02, 
24.96it/s]
Animation 38: FadeOut(Text('casi alineados: casi la misma información')):  15%|#5        | 9/60 [00:00<00:02, 
25.13it/s]
Animation 38: FadeOut(Text('casi alineados: casi la misma información')):  20%|##        | 12/60 [00:00<00:01, 
24.63it/s]
Animation 38: FadeOut(Text('casi alineados: casi la misma información')):  25%|##5       | 15/60 [00:00<00:01, 
24.44it/s]
Animation 38: FadeOut(Text('casi alineados: casi la misma información')):  30%|###       | 18/60 [00:00<00:01, 
24.06it/s]
Animation 38: FadeOut(Text('casi alineados: casi la misma información')):  35%|###5      | 21/60 [00:00<00:01, 
23.01it/s]
Animation 38: FadeOut(Text('casi alineados: casi la misma información')):  40%|####      | 24/60 [00:01<00:01, 
23.23it/s]
Animation 38: FadeOut(Text('casi alineados: casi la misma información')):  45%|####5     | 27/60 [00:01<00:01, 
23.06it/s]
Animation 38: FadeOut(Text('casi alineados: casi la misma información')):  50%|#####     | 30/60 [00:01<00:01, 
21.63it/s]
Animation 38: FadeOut(Text('casi alineados: casi la misma información')):  55%|#####5    | 33/60 [00:01<00:01, 
22.43it/s]
Animation 38: FadeOut(Text('casi alineados: casi la misma información')):  60%|######    | 36/60 [00:01<00:01, 
23.31it/s]
Animation 38: FadeOut(Text('casi alineados: casi la misma información')):  65%|######5   | 39/60 [00:01<00:00, 
23.97it/s]
Animation 38: FadeOut(Text('casi alineados: casi la misma información')):  70%|#######   | 42/60 [00:01<00:00, 
24.03it/s]
Animation 38: FadeOut(Text('casi alineados: casi la misma información')):  75%|#######5  | 45/60 [00:01<00:00, 
23.20it/s]
Animation 38: FadeOut(Text('casi alineados: casi la misma información')):  80%|########  | 48/60 [00:02<00:00, 
23.83it/s]
Animation 38: FadeOut(Text('casi alineados: casi la misma información')):  85%|########5 | 51/60 [00:02<00:00, 
23.57it/s]
Animation 38: FadeOut(Text('casi alineados: casi la misma información')):  90%|######### | 54/60 [00:02<00:00, 
23.98it/s]
Animation 38: FadeOut(Text('casi alineados: casi la misma información')):  95%|#########5| 57/60 [00:02<00:00, 
24.27it/s]
Animation 38: FadeOut(Text('casi alineados: casi la misma información')): 100%|##########| 60/60 [00:02<00:00, 
23.96it/s]
[09/10/26 11:00:30] INFO     Animation 38 : Partial    scene_file_writer.py:192
                             movie file written in                             
                             'C:\Users\Nacho\Documents                         
                             \Animaciones\Capitulo                             
                             7\media\videos\s08_vector                         
                             ial\1080p60\partial_movie                         
                             _files\Vectorial\29324409                         
                             49_3407387478_1667332167.                         
                             mp4'                                              
                                                                                                                       
  

Animation 39: _MethodAnimation(ValueTracker):   0%|          | 0/120 [00:00<?, ?it/s]
Animation 39: _MethodAnimation(ValueTracker):   2%|2         | 3/120 [00:00<00:04, 28.39it/s]
Animation 39: _MethodAnimation(ValueTracker):   5%|5         | 6/120 [00:00<00:04, 27.33it/s]
Animation 39: _MethodAnimation(ValueTracker):   8%|7         | 9/120 [00:00<00:04, 27.20it/s]
Animation 39: _MethodAnimation(ValueTracker):  10%|#         | 12/120 [00:00<00:03, 27.17it/s]
Animation 39: _MethodAnimation(ValueTracker):  12%|#2        | 15/120 [00:00<00:03, 27.11it/s]
Animation 39: _MethodAnimation(ValueTracker):  15%|#5        | 18/120 [00:00<00:03, 27.47it/s]
Animation 39: _MethodAnimation(ValueTracker):  18%|#7        | 21/120 [00:00<00:03, 26.86it/s]
Animation 39: _MethodAnimation(ValueTracker):  20%|##        | 24/120 [00:00<00:03, 26.95it/s]
Animation 39: _MethodAnimation(ValueTracker):  22%|##2       | 27/120 [00:00<00:03, 26.66it/s]
Animation 39: _MethodAnimation(ValueTracker):  25%|##5       | 30/120 [00:01<00:03, 26.60it/s]
Animation 39: _MethodAnimation(ValueTracker):  28%|##7       | 33/120 [00:01<00:03, 26.92it/s]
Animation 39: _MethodAnimation(ValueTracker):  30%|###       | 36/120 [00:01<00:03, 27.17it/s]
Animation 39: _MethodAnimation(ValueTracker):  32%|###2      | 39/120 [00:01<00:03, 26.50it/s]
Animation 39: _MethodAnimation(ValueTracker):  35%|###5      | 42/120 [00:01<00:02, 26.72it/s]
Animation 39: _MethodAnimation(ValueTracker):  38%|###7      | 45/120 [00:01<00:02, 25.29it/s]
Animation 39: _MethodAnimation(ValueTracker):  40%|####      | 48/120 [00:01<00:02, 24.95it/s]
Animation 39: _MethodAnimation(ValueTracker):  42%|####2     | 51/120 [00:01<00:02, 23.92it/s]
Animation 39: _MethodAnimation(ValueTracker):  45%|####5     | 54/120 [00:02<00:02, 24.00it/s]
Animation 39: _MethodAnimation(ValueTracker):  48%|####7     | 57/120 [00:02<00:02, 24.51it/s]
Animation 39: _MethodAnimation(ValueTracker):  50%|#####     | 60/120 [00:02<00:02, 24.50it/s]
Animation 39: _MethodAnimation(ValueTracker):  52%|#####2    | 63/120 [00:02<00:02, 23.87it/s]
Animation 39: _MethodAnimation(ValueTracker):  55%|#####5    | 66/120 [00:02<00:03, 15.90it/s]
Animation 39: _MethodAnimation(ValueTracker):  57%|#####6    | 68/120 [00:03<00:04, 12.48it/s]
Animation 39: _MethodAnimation(ValueTracker):  58%|#####8    | 70/120 [00:03<00:05,  8.64it/s]
Animation 39: _MethodAnimation(ValueTracker):  60%|######    | 72/120 [00:03<00:06,  7.95it/s]
Animation 39: _MethodAnimation(ValueTracker):  62%|######1   | 74/120 [00:04<00:06,  7.58it/s]
Animation 39: _MethodAnimation(ValueTracker):  62%|######2   | 75/120 [00:04<00:05,  7.51it/s]
Animation 39: _MethodAnimation(ValueTracker):  63%|######3   | 76/120 [00:04<00:05,  7.46it/s]
Animation 39: _MethodAnimation(ValueTracker):  64%|######4   | 77/120 [00:04<00:05,  7.40it/s]
Animation 39: _MethodAnimation(ValueTracker):  65%|######5   | 78/120 [00:04<00:05,  7.21it/s]
Animation 39: _MethodAnimation(ValueTracker):  66%|######5   | 79/120 [00:04<00:05,  7.25it/s]
Animation 39: _MethodAnimation(ValueTracker):  67%|######6   | 80/120 [00:04<00:05,  7.10it/s]
Animation 39: _MethodAnimation(ValueTracker):  68%|######7   | 81/120 [00:05<00:05,  7.06it/s]
Animation 39: _MethodAnimation(ValueTracker):  68%|######8   | 82/120 [00:05<00:05,  6.92it/s]
Animation 39: _MethodAnimation(ValueTracker):  69%|######9   | 83/120 [00:05<00:05,  7.01it/s]
Animation 39: _MethodAnimation(ValueTracker):  70%|#######   | 84/120 [00:05<00:05,  7.12it/s]
Animation 39: _MethodAnimation(ValueTracker):  71%|#######   | 85/120 [00:05<00:05,  6.97it/s]
Animation 39: _MethodAnimation(ValueTracker):  72%|#######1  | 86/120 [00:05<00:05,  6.78it/s]
Animation 39: _MethodAnimation(ValueTracker):  72%|#######2  | 87/120 [00:05<00:04,  6.88it/s]
Animation 39: _MethodAnimation(ValueTracker):  73%|#######3  | 88/120 [00:06<00:04,  6.81it/s]
Animation 39: _MethodAnimation(ValueTracker):  74%|#######4  | 89/120 [00:06<00:05,  6.04it/s]
Animation 39: _MethodAnimation(ValueTracker):  75%|#######5  | 90/120 [00:06<00:04,  6.34it/s]
Animation 39: _MethodAnimation(ValueTracker):  76%|#######5  | 91/120 [00:06<00:04,  6.56it/s]
Animation 39: _MethodAnimation(ValueTracker):  77%|#######6  | 92/120 [00:06<00:04,  6.83it/s]
Animation 39: _MethodAnimation(ValueTracker):  78%|#######7  | 93/120 [00:06<00:03,  6.80it/s]
Animation 39: _MethodAnimation(ValueTracker):  78%|#######8  | 94/120 [00:07<00:03,  6.67it/s]
Animation 39: _MethodAnimation(ValueTracker):  79%|#######9  | 95/120 [00:07<00:04,  6.24it/s]
Animation 39: _MethodAnimation(ValueTracker):  80%|########  | 96/120 [00:07<00:03,  6.01it/s]
Animation 39: _MethodAnimation(ValueTracker):  81%|########  | 97/120 [00:07<00:03,  6.03it/s]
Animation 39: _MethodAnimation(ValueTracker):  82%|########1 | 98/120 [00:07<00:03,  5.90it/s]
Animation 39: _MethodAnimation(ValueTracker):  82%|########2 | 99/120 [00:08<00:03,  5.40it/s]
Animation 39: _MethodAnimation(ValueTracker):  83%|########3 | 100/120 [00:08<00:03,  5.39it/s]
Animation 39: _MethodAnimation(ValueTracker):  84%|########4 | 101/120 [00:08<00:03,  5.29it/s]
Animation 39: _MethodAnimation(ValueTracker):  85%|########5 | 102/120 [00:08<00:03,  5.37it/s]
Animation 39: _MethodAnimation(ValueTracker):  86%|########5 | 103/120 [00:08<00:03,  5.63it/s]
Animation 39: _MethodAnimation(ValueTracker):  87%|########6 | 104/120 [00:08<00:02,  5.66it/s]
Animation 39: _MethodAnimation(ValueTracker):  88%|########7 | 105/120 [00:09<00:02,  5.47it/s]
Animation 39: _MethodAnimation(ValueTracker):  88%|########8 | 106/120 [00:09<00:02,  4.78it/s]
Animation 39: _MethodAnimation(ValueTracker):  89%|########9 | 107/120 [00:09<00:02,  5.07it/s]
Animation 39: _MethodAnimation(ValueTracker):  90%|######### | 108/120 [00:09<00:02,  5.52it/s]
Animation 39: _MethodAnimation(ValueTracker):  91%|######### | 109/120 [00:09<00:01,  5.87it/s]
Animation 39: _MethodAnimation(ValueTracker):  92%|#########1| 110/120 [00:09<00:01,  6.04it/s]
Animation 39: _MethodAnimation(ValueTracker):  92%|#########2| 111/120 [00:10<00:01,  6.35it/s]
Animation 39: _MethodAnimation(ValueTracker):  93%|#########3| 112/120 [00:10<00:01,  6.53it/s]
Animation 39: _MethodAnimation(ValueTracker):  94%|#########4| 113/120 [00:10<00:01,  6.70it/s]
Animation 39: _MethodAnimation(ValueTracker):  95%|#########5| 114/120 [00:10<00:00,  6.76it/s]
Animation 39: _MethodAnimation(ValueTracker):  96%|#########5| 115/120 [00:10<00:00,  6.87it/s]
Animation 39: _MethodAnimation(ValueTracker):  97%|#########6| 116/120 [00:10<00:00,  6.91it/s]
Animation 39: _MethodAnimation(ValueTracker):  98%|#########7| 117/120 [00:10<00:00,  6.94it/s]
Animation 39: _MethodAnimation(ValueTracker):  98%|#########8| 118/120 [00:11<00:00,  6.83it/s]
Animation 39: _MethodAnimation(ValueTracker):  99%|#########9| 119/120 [00:11<00:00,  6.80it/s]
Animation 39: _MethodAnimation(ValueTracker): 100%|##########| 120/120 [00:11<00:00,  6.78it/s]
[09/10/26 11:00:42] INFO     Animation 39 : Partial    scene_file_writer.py:192
                             movie file written in                             
                             'C:\Users\Nacho\Documents                         
                             \Animaciones\Capitulo                             
                             7\media\videos\s08_vector                         
                             ial\1080p60\partial_movie                         
                             _files\Vectorial\29324409                         
                             49_1342565081_3109406268.                         
                             mp4'                                              
                                                                                               

Animation 40: FadeIn(Text('perpendiculares: no correlacionadas')):   0%|          | 0/60 [00:00<?, ?it/s]
Animation 40: FadeIn(Text('perpendiculares: no correlacionadas')):   2%|1         | 1/60 [00:00<00:08,  7.27it/s]
Animation 40: FadeIn(Text('perpendiculares: no correlacionadas')):   3%|3         | 2/60 [00:00<00:08,  6.75it/s]
Animation 40: FadeIn(Text('perpendiculares: no correlacionadas')):   5%|5         | 3/60 [00:00<00:08,  6.66it/s]
Animation 40: FadeIn(Text('perpendiculares: no correlacionadas')):   7%|6         | 4/60 [00:00<00:07,  7.10it/s]
Animation 40: FadeIn(Text('perpendiculares: no correlacionadas')):   8%|8         | 5/60 [00:00<00:07,  7.01it/s]
Animation 40: FadeIn(Text('perpendiculares: no correlacionadas')):  10%|#         | 6/60 [00:00<00:08,  6.63it/s]
Animation 40: FadeIn(Text('perpendiculares: no correlacionadas')):  12%|#1        | 7/60 [00:01<00:08,  6.59it/s]
Animation 40: FadeIn(Text('perpendiculares: no correlacionadas')):  13%|#3        | 8/60 [00:01<00:07,  6.79it/s]
Animation 40: FadeIn(Text('perpendiculares: no correlacionadas')):  15%|#5        | 9/60 [00:01<00:07,  6.49it/s]
Animation 40: FadeIn(Text('perpendiculares: no correlacionadas')):  17%|#6        | 10/60 [00:01<00:07,  6.41it/s]
Animation 40: FadeIn(Text('perpendiculares: no correlacionadas')):  18%|#8        | 11/60 [00:01<00:07,  6.46it/s]
Animation 40: FadeIn(Text('perpendiculares: no correlacionadas')):  20%|##        | 12/60 [00:01<00:07,  6.40it/s]
Animation 40: FadeIn(Text('perpendiculares: no correlacionadas')):  22%|##1       | 13/60 [00:01<00:07,  6.38it/s]
Animation 40: FadeIn(Text('perpendiculares: no correlacionadas')):  23%|##3       | 14/60 [00:02<00:07,  6.50it/s]
Animation 40: FadeIn(Text('perpendiculares: no correlacionadas')):  25%|##5       | 15/60 [00:02<00:08,  5.10it/s]
Animation 40: FadeIn(Text('perpendiculares: no correlacionadas')):  27%|##6       | 16/60 [00:02<00:08,  5.46it/s]
Animation 40: FadeIn(Text('perpendiculares: no correlacionadas')):  28%|##8       | 17/60 [00:02<00:07,  5.69it/s]
Animation 40: FadeIn(Text('perpendiculares: no correlacionadas')):  30%|###       | 18/60 [00:02<00:07,  5.84it/s]
Animation 40: FadeIn(Text('perpendiculares: no correlacionadas')):  32%|###1      | 19/60 [00:03<00:06,  6.02it/s]
Animation 40: FadeIn(Text('perpendiculares: no correlacionadas')):  33%|###3      | 20/60 [00:03<00:06,  6.16it/s]
Animation 40: FadeIn(Text('perpendiculares: no correlacionadas')):  35%|###5      | 21/60 [00:03<00:06,  6.24it/s]
Animation 40: FadeIn(Text('perpendiculares: no correlacionadas')):  37%|###6      | 22/60 [00:03<00:06,  6.25it/s]
Animation 40: FadeIn(Text('perpendiculares: no correlacionadas')):  38%|###8      | 23/60 [00:03<00:05,  6.28it/s]
Animation 40: FadeIn(Text('perpendiculares: no correlacionadas')):  40%|####      | 24/60 [00:03<00:05,  6.34it/s]
Animation 40: FadeIn(Text('perpendiculares: no correlacionadas')):  42%|####1     | 25/60 [00:03<00:05,  6.43it/s]
Animation 40: FadeIn(Text('perpendiculares: no correlacionadas')):  43%|####3     | 26/60 [00:04<00:05,  6.45it/s]
Animation 40: FadeIn(Text('perpendiculares: no correlacionadas')):  45%|####5     | 27/60 [00:04<00:05,  6.48it/s]
Animation 40: FadeIn(Text('perpendiculares: no correlacionadas')):  47%|####6     | 28/60 [00:04<00:05,  6.37it/s]
Animation 40: FadeIn(Text('perpendiculares: no correlacionadas')):  48%|####8     | 29/60 [00:04<00:04,  6.41it/s]
Animation 40: FadeIn(Text('perpendiculares: no correlacionadas')):  50%|#####     | 30/60 [00:04<00:04,  6.35it/s]
Animation 40: FadeIn(Text('perpendiculares: no correlacionadas')):  52%|#####1    | 31/60 [00:04<00:04,  6.41it/s]
Animation 40: FadeIn(Text('perpendiculares: no correlacionadas')):  53%|#####3    | 32/60 [00:05<00:04,  6.36it/s]
Animation 40: FadeIn(Text('perpendiculares: no correlacionadas')):  55%|#####5    | 33/60 [00:05<00:04,  6.46it/s]
Animation 40: FadeIn(Text('perpendiculares: no correlacionadas')):  57%|#####6    | 34/60 [00:05<00:04,  6.42it/s]
Animation 40: FadeIn(Text('perpendiculares: no correlacionadas')):  58%|#####8    | 35/60 [00:05<00:03,  6.44it/s]
Animation 40: FadeIn(Text('perpendiculares: no correlacionadas')):  60%|######    | 36/60 [00:05<00:03,  6.40it/s]
Animation 40: FadeIn(Text('perpendiculares: no correlacionadas')):  62%|######1   | 37/60 [00:05<00:03,  6.40it/s]
Animation 40: FadeIn(Text('perpendiculares: no correlacionadas')):  63%|######3   | 38/60 [00:05<00:03,  6.46it/s]
Animation 40: FadeIn(Text('perpendiculares: no correlacionadas')):  65%|######5   | 39/60 [00:06<00:03,  6.45it/s]
Animation 40: FadeIn(Text('perpendiculares: no correlacionadas')):  67%|######6   | 40/60 [00:06<00:03,  6.49it/s]
Animation 40: FadeIn(Text('perpendiculares: no correlacionadas')):  68%|######8   | 41/60 [00:06<00:02,  6.78it/s]
Animation 40: FadeIn(Text('perpendiculares: no correlacionadas')):  70%|#######   | 42/60 [00:06<00:02,  6.60it/s]
Animation 40: FadeIn(Text('perpendiculares: no correlacionadas')):  72%|#######1  | 43/60 [00:06<00:02,  6.03it/s]
Animation 40: FadeIn(Text('perpendiculares: no correlacionadas')):  73%|#######3  | 44/60 [00:06<00:02,  6.19it/s]
Animation 40: FadeIn(Text('perpendiculares: no correlacionadas')):  75%|#######5  | 45/60 [00:07<00:02,  6.18it/s]
Animation 40: FadeIn(Text('perpendiculares: no correlacionadas')):  77%|#######6  | 46/60 [00:07<00:02,  6.80it/s]
Animation 40: FadeIn(Text('perpendiculares: no correlacionadas')):  78%|#######8  | 47/60 [00:07<00:01,  7.29it/s]
Animation 40: FadeIn(Text('perpendiculares: no correlacionadas')):  82%|########1 | 49/60 [00:07<00:01,  8.67it/s]
Animation 40: FadeIn(Text('perpendiculares: no correlacionadas')):  85%|########5 | 51/60 [00:07<00:00,  9.58it/s]
Animation 40: FadeIn(Text('perpendiculares: no correlacionadas')):  88%|########8 | 53/60 [00:07<00:00, 10.34it/s]
Animation 40: FadeIn(Text('perpendiculares: no correlacionadas')):  92%|#########1| 55/60 [00:08<00:00, 10.98it/s]
Animation 40: FadeIn(Text('perpendiculares: no correlacionadas')):  95%|#########5| 57/60 [00:08<00:00, 11.34it/s]
Animation 40: FadeIn(Text('perpendiculares: no correlacionadas')):  98%|#########8| 59/60 [00:08<00:00, 11.80it/s]
[09/10/26 11:00:52] INFO     Animation 40 : Partial    scene_file_writer.py:192
                             movie file written in                             
                             'C:\Users\Nacho\Documents                         
                             \Animaciones\Capitulo                             
                             7\media\videos\s08_vector                         
                             ial\1080p60\partial_movie                         
                             _files\Vectorial\29324409                         
                             49_86741784_3731292561.mp                         
                             4'                                                
[09/10/26 11:00:54] INFO     Animation 41 : Partial    scene_file_writer.py:192
                             movie file written in                             
                             'C:\Users\Nacho\Documents                         
                             \Animaciones\Capitulo                             
                             7\media\videos\s08_vector                         
                             ial\1080p60\partial_movie                         
                             _files\Vectorial\29324409                         
                             49_3810316983_806504246.m                         
                             p4'                                               
                                                                                                                  

Animation 42: FadeOut(Text('perpendiculares: no correlacionadas')):   0%|          | 0/60 [00:00<?, ?it/s]
Animation 42: FadeOut(Text('perpendiculares: no correlacionadas')):   2%|1         | 1/60 [00:00<00:08,  7.13it/s]
Animation 42: FadeOut(Text('perpendiculares: no correlacionadas')):   3%|3         | 2/60 [00:00<00:08,  6.73it/s]
Animation 42: FadeOut(Text('perpendiculares: no correlacionadas')):   5%|5         | 3/60 [00:00<00:08,  6.94it/s]
Animation 42: FadeOut(Text('perpendiculares: no correlacionadas')):   7%|6         | 4/60 [00:00<00:08,  6.69it/s]
Animation 42: FadeOut(Text('perpendiculares: no correlacionadas')):   8%|8         | 5/60 [00:00<00:08,  6.63it/s]
Animation 42: FadeOut(Text('perpendiculares: no correlacionadas')):  10%|#         | 6/60 [00:00<00:08,  6.33it/s]
Animation 42: FadeOut(Text('perpendiculares: no correlacionadas')):  12%|#1        | 7/60 [00:01<00:08,  6.18it/s]
Animation 42: FadeOut(Text('perpendiculares: no correlacionadas')):  13%|#3        | 8/60 [00:01<00:08,  6.18it/s]
Animation 42: FadeOut(Text('perpendiculares: no correlacionadas')):  15%|#5        | 9/60 [00:01<00:08,  6.12it/s]
Animation 42: FadeOut(Text('perpendiculares: no correlacionadas')):  17%|#6        | 10/60 [00:01<00:08,  6.08it/s]
Animation 42: FadeOut(Text('perpendiculares: no correlacionadas')):  18%|#8        | 11/60 [00:01<00:07,  6.16it/s]
Animation 42: FadeOut(Text('perpendiculares: no correlacionadas')):  20%|##        | 12/60 [00:01<00:07,  6.27it/s]
Animation 42: FadeOut(Text('perpendiculares: no correlacionadas')):  22%|##1       | 13/60 [00:02<00:07,  6.26it/s]
Animation 42: FadeOut(Text('perpendiculares: no correlacionadas')):  23%|##3       | 14/60 [00:02<00:07,  6.18it/s]
Animation 42: FadeOut(Text('perpendiculares: no correlacionadas')):  25%|##5       | 15/60 [00:02<00:07,  6.39it/s]
Animation 42: FadeOut(Text('perpendiculares: no correlacionadas')):  27%|##6       | 16/60 [00:02<00:07,  6.28it/s]
Animation 42: FadeOut(Text('perpendiculares: no correlacionadas')):  28%|##8       | 17/60 [00:02<00:06,  6.54it/s]
Animation 42: FadeOut(Text('perpendiculares: no correlacionadas')):  30%|###       | 18/60 [00:02<00:06,  6.35it/s]
Animation 42: FadeOut(Text('perpendiculares: no correlacionadas')):  32%|###1      | 19/60 [00:03<00:07,  5.67it/s]
Animation 42: FadeOut(Text('perpendiculares: no correlacionadas')):  33%|###3      | 20/60 [00:03<00:06,  5.87it/s]
Animation 42: FadeOut(Text('perpendiculares: no correlacionadas')):  35%|###5      | 21/60 [00:03<00:06,  6.07it/s]
Animation 42: FadeOut(Text('perpendiculares: no correlacionadas')):  37%|###6      | 22/60 [00:03<00:06,  6.30it/s]
Animation 42: FadeOut(Text('perpendiculares: no correlacionadas')):  38%|###8      | 23/60 [00:03<00:05,  6.41it/s]
Animation 42: FadeOut(Text('perpendiculares: no correlacionadas')):  40%|####      | 24/60 [00:03<00:05,  6.41it/s]
Animation 42: FadeOut(Text('perpendiculares: no correlacionadas')):  42%|####1     | 25/60 [00:03<00:05,  6.46it/s]
Animation 42: FadeOut(Text('perpendiculares: no correlacionadas')):  43%|####3     | 26/60 [00:04<00:05,  5.79it/s]
Animation 42: FadeOut(Text('perpendiculares: no correlacionadas')):  45%|####5     | 27/60 [00:04<00:06,  5.33it/s]
Animation 42: FadeOut(Text('perpendiculares: no correlacionadas')):  47%|####6     | 28/60 [00:04<00:05,  5.66it/s]
Animation 42: FadeOut(Text('perpendiculares: no correlacionadas')):  48%|####8     | 29/60 [00:04<00:05,  6.01it/s]
Animation 42: FadeOut(Text('perpendiculares: no correlacionadas')):  50%|#####     | 30/60 [00:04<00:04,  6.37it/s]
Animation 42: FadeOut(Text('perpendiculares: no correlacionadas')):  52%|#####1    | 31/60 [00:05<00:06,  4.39it/s]
Animation 42: FadeOut(Text('perpendiculares: no correlacionadas')):  53%|#####3    | 32/60 [00:05<00:05,  4.89it/s]
Animation 42: FadeOut(Text('perpendiculares: no correlacionadas')):  55%|#####5    | 33/60 [00:05<00:05,  5.25it/s]
Animation 42: FadeOut(Text('perpendiculares: no correlacionadas')):  57%|#####6    | 34/60 [00:05<00:04,  5.59it/s]
Animation 42: FadeOut(Text('perpendiculares: no correlacionadas')):  58%|#####8    | 35/60 [00:05<00:04,  5.86it/s]
Animation 42: FadeOut(Text('perpendiculares: no correlacionadas')):  60%|######    | 36/60 [00:05<00:04,  5.93it/s]
Animation 42: FadeOut(Text('perpendiculares: no correlacionadas')):  62%|######1   | 37/60 [00:06<00:03,  6.10it/s]
Animation 42: FadeOut(Text('perpendiculares: no correlacionadas')):  63%|######3   | 38/60 [00:06<00:03,  6.19it/s]
Animation 42: FadeOut(Text('perpendiculares: no correlacionadas')):  65%|######5   | 39/60 [00:06<00:03,  6.24it/s]
Animation 42: FadeOut(Text('perpendiculares: no correlacionadas')):  67%|######6   | 40/60 [00:06<00:03,  6.32it/s]
Animation 42: FadeOut(Text('perpendiculares: no correlacionadas')):  68%|######8   | 41/60 [00:06<00:02,  6.44it/s]
Animation 42: FadeOut(Text('perpendiculares: no correlacionadas')):  70%|#######   | 42/60 [00:06<00:02,  6.51it/s]
Animation 42: FadeOut(Text('perpendiculares: no correlacionadas')):  72%|#######1  | 43/60 [00:07<00:02,  5.78it/s]
Animation 42: FadeOut(Text('perpendiculares: no correlacionadas')):  73%|#######3  | 44/60 [00:07<00:02,  6.00it/s]
Animation 42: FadeOut(Text('perpendiculares: no correlacionadas')):  75%|#######5  | 45/60 [00:07<00:02,  6.10it/s]
Animation 42: FadeOut(Text('perpendiculares: no correlacionadas')):  77%|#######6  | 46/60 [00:07<00:02,  6.20it/s]
Animation 42: FadeOut(Text('perpendiculares: no correlacionadas')):  78%|#######8  | 47/60 [00:07<00:02,  6.21it/s]
Animation 42: FadeOut(Text('perpendiculares: no correlacionadas')):  80%|########  | 48/60 [00:07<00:01,  6.20it/s]
Animation 42: FadeOut(Text('perpendiculares: no correlacionadas')):  82%|########1 | 49/60 [00:08<00:01,  6.25it/s]
Animation 42: FadeOut(Text('perpendiculares: no correlacionadas')):  83%|########3 | 50/60 [00:08<00:01,  6.33it/s]
Animation 42: FadeOut(Text('perpendiculares: no correlacionadas')):  85%|########5 | 51/60 [00:08<00:01,  6.46it/s]
Animation 42: FadeOut(Text('perpendiculares: no correlacionadas')):  87%|########6 | 52/60 [00:08<00:01,  6.17it/s]
Animation 42: FadeOut(Text('perpendiculares: no correlacionadas')):  88%|########8 | 53/60 [00:08<00:01,  6.38it/s]
Animation 42: FadeOut(Text('perpendiculares: no correlacionadas')):  90%|######### | 54/60 [00:08<00:00,  6.39it/s]
Animation 42: FadeOut(Text('perpendiculares: no correlacionadas')):  92%|#########1| 55/60 [00:09<00:00,  6.29it/s]
Animation 42: FadeOut(Text('perpendiculares: no correlacionadas')):  93%|#########3| 56/60 [00:09<00:00,  6.21it/s]
Animation 42: FadeOut(Text('perpendiculares: no correlacionadas')):  95%|#########5| 57/60 [00:09<00:00,  5.88it/s]
Animation 42: FadeOut(Text('perpendiculares: no correlacionadas')):  97%|#########6| 58/60 [00:09<00:00,  6.30it/s]
Animation 42: FadeOut(Text('perpendiculares: no correlacionadas')):  98%|#########8| 59/60 [00:09<00:00,  6.45it/s]
Animation 42: FadeOut(Text('perpendiculares: no correlacionadas')): 100%|##########| 60/60 [00:09<00:00,  6.32it/s]
[09/10/26 11:01:05] INFO     Animation 42 : Partial    scene_file_writer.py:192
                             movie file written in                             
                             'C:\Users\Nacho\Documents                         
                             \Animaciones\Capitulo                             
                             7\media\videos\s08_vector                         
                             ial\1080p60\partial_movie                         
                             _files\Vectorial\29324409                         
                             49_2082229097_1150369016.                         
                             mp4'                                              
                                                                                                                   

Animation 43: _MethodAnimation(ValueTracker):   0%|          | 0/120 [00:00<?, ?it/s]
Animation 43: _MethodAnimation(ValueTracker):   1%|          | 1/120 [00:00<00:15,  7.67it/s]
Animation 43: _MethodAnimation(ValueTracker):   2%|1         | 2/120 [00:00<00:16,  6.95it/s]
Animation 43: _MethodAnimation(ValueTracker):   2%|2         | 3/120 [00:00<00:16,  6.89it/s]
Animation 43: _MethodAnimation(ValueTracker):   3%|3         | 4/120 [00:00<00:16,  6.85it/s]
Animation 43: _MethodAnimation(ValueTracker):   4%|4         | 5/120 [00:00<00:16,  6.96it/s]
Animation 43: _MethodAnimation(ValueTracker):   5%|5         | 6/120 [00:00<00:16,  7.07it/s]
Animation 43: _MethodAnimation(ValueTracker):   6%|5         | 7/120 [00:01<00:17,  6.58it/s]
Animation 43: _MethodAnimation(ValueTracker):   7%|6         | 8/120 [00:01<00:17,  6.24it/s]
Animation 43: _MethodAnimation(ValueTracker):   8%|7         | 9/120 [00:01<00:17,  6.25it/s]
Animation 43: _MethodAnimation(ValueTracker):   8%|8         | 10/120 [00:01<00:16,  6.69it/s]
Animation 43: _MethodAnimation(ValueTracker):   9%|9         | 11/120 [00:01<00:15,  7.11it/s]
Animation 43: _MethodAnimation(ValueTracker):  10%|#         | 12/120 [00:01<00:14,  7.28it/s]
Animation 43: _MethodAnimation(ValueTracker):  11%|#         | 13/120 [00:01<00:14,  7.26it/s]
Animation 43: _MethodAnimation(ValueTracker):  12%|#1        | 14/120 [00:02<00:14,  7.32it/s]
Animation 43: _MethodAnimation(ValueTracker):  12%|#2        | 15/120 [00:02<00:14,  7.14it/s]
Animation 43: _MethodAnimation(ValueTracker):  13%|#3        | 16/120 [00:02<00:14,  7.08it/s]
Animation 43: _MethodAnimation(ValueTracker):  14%|#4        | 17/120 [00:02<00:14,  7.30it/s]
Animation 43: _MethodAnimation(ValueTracker):  15%|#5        | 18/120 [00:02<00:15,  6.40it/s]
Animation 43: _MethodAnimation(ValueTracker):  16%|#5        | 19/120 [00:02<00:17,  5.82it/s]
Animation 43: _MethodAnimation(ValueTracker):  17%|#6        | 20/120 [00:02<00:16,  6.04it/s]
Animation 43: _MethodAnimation(ValueTracker):  18%|#7        | 21/120 [00:03<00:15,  6.34it/s]
Animation 43: _MethodAnimation(ValueTracker):  18%|#8        | 22/120 [00:03<00:14,  6.58it/s]
Animation 43: _MethodAnimation(ValueTracker):  19%|#9        | 23/120 [00:03<00:14,  6.76it/s]
Animation 43: _MethodAnimation(ValueTracker):  20%|##        | 24/120 [00:03<00:13,  6.96it/s]
Animation 43: _MethodAnimation(ValueTracker):  21%|##        | 25/120 [00:03<00:13,  7.00it/s]
Animation 43: _MethodAnimation(ValueTracker):  22%|##1       | 26/120 [00:03<00:13,  7.07it/s]
Animation 43: _MethodAnimation(ValueTracker):  22%|##2       | 27/120 [00:03<00:12,  7.37it/s]
Animation 43: _MethodAnimation(ValueTracker):  23%|##3       | 28/120 [00:04<00:13,  6.89it/s]
Animation 43: _MethodAnimation(ValueTracker):  24%|##4       | 29/120 [00:04<00:13,  6.74it/s]
Animation 43: _MethodAnimation(ValueTracker):  25%|##5       | 30/120 [00:04<00:15,  5.63it/s]
Animation 43: _MethodAnimation(ValueTracker):  26%|##5       | 31/120 [00:04<00:14,  6.08it/s]
Animation 43: _MethodAnimation(ValueTracker):  27%|##6       | 32/120 [00:04<00:14,  6.08it/s]
Animation 43: _MethodAnimation(ValueTracker):  28%|##7       | 33/120 [00:04<00:13,  6.32it/s]
Animation 43: _MethodAnimation(ValueTracker):  28%|##8       | 34/120 [00:05<00:13,  6.26it/s]
Animation 43: _MethodAnimation(ValueTracker):  29%|##9       | 35/120 [00:05<00:14,  6.04it/s]
Animation 43: _MethodAnimation(ValueTracker):  30%|###       | 36/120 [00:05<00:15,  5.31it/s]
Animation 43: _MethodAnimation(ValueTracker):  31%|###       | 37/120 [00:05<00:13,  6.00it/s]
Animation 43: _MethodAnimation(ValueTracker):  32%|###2      | 39/120 [00:06<00:15,  5.15it/s]
Animation 43: _MethodAnimation(ValueTracker):  33%|###3      | 40/120 [00:06<00:21,  3.66it/s]
Animation 43: _MethodAnimation(ValueTracker):  34%|###4      | 41/120 [00:06<00:22,  3.48it/s]
Animation 43: _MethodAnimation(ValueTracker):  35%|###5      | 42/120 [00:07<00:19,  3.97it/s]
Animation 43: _MethodAnimation(ValueTracker):  36%|###5      | 43/120 [00:07<00:17,  4.35it/s]
Animation 43: _MethodAnimation(ValueTracker):  37%|###6      | 44/120 [00:07<00:16,  4.67it/s]
Animation 43: _MethodAnimation(ValueTracker):  38%|###8      | 46/120 [00:07<00:10,  6.81it/s]
Animation 43: _MethodAnimation(ValueTracker):  40%|####      | 48/120 [00:07<00:10,  6.95it/s]
Animation 43: _MethodAnimation(ValueTracker):  41%|####      | 49/120 [00:08<00:11,  6.38it/s]
Animation 43: _MethodAnimation(ValueTracker):  42%|####1     | 50/120 [00:08<00:11,  6.10it/s]
Animation 43: _MethodAnimation(ValueTracker):  42%|####2     | 51/120 [00:08<00:10,  6.28it/s]
Animation 43: _MethodAnimation(ValueTracker):  43%|####3     | 52/120 [00:08<00:10,  6.34it/s]
Animation 43: _MethodAnimation(ValueTracker):  44%|####4     | 53/120 [00:08<00:10,  6.38it/s]
Animation 43: _MethodAnimation(ValueTracker):  45%|####5     | 54/120 [00:08<00:10,  6.26it/s]
Animation 43: _MethodAnimation(ValueTracker):  46%|####5     | 55/120 [00:09<00:10,  6.42it/s]
Animation 43: _MethodAnimation(ValueTracker):  47%|####6     | 56/120 [00:09<00:10,  5.98it/s]
Animation 43: _MethodAnimation(ValueTracker):  48%|####7     | 57/120 [00:09<00:10,  5.81it/s]
Animation 43: _MethodAnimation(ValueTracker):  48%|####8     | 58/120 [00:09<00:10,  5.77it/s]
Animation 43: _MethodAnimation(ValueTracker):  49%|####9     | 59/120 [00:09<00:12,  4.81it/s]
Animation 43: _MethodAnimation(ValueTracker):  50%|#####     | 60/120 [00:10<00:14,  4.03it/s]
Animation 43: _MethodAnimation(ValueTracker):  51%|#####     | 61/120 [00:10<00:16,  3.58it/s]
Animation 43: _MethodAnimation(ValueTracker):  52%|#####1    | 62/120 [00:10<00:15,  3.68it/s]
Animation 43: _MethodAnimation(ValueTracker):  52%|#####2    | 63/120 [00:11<00:16,  3.55it/s]
Animation 43: _MethodAnimation(ValueTracker):  53%|#####3    | 64/120 [00:11<00:14,  3.98it/s]
Animation 43: _MethodAnimation(ValueTracker):  54%|#####4    | 65/120 [00:11<00:12,  4.36it/s]
Animation 43: _MethodAnimation(ValueTracker):  55%|#####5    | 66/120 [00:11<00:11,  4.82it/s]
Animation 43: _MethodAnimation(ValueTracker):  56%|#####5    | 67/120 [00:11<00:10,  5.24it/s]
Animation 43: _MethodAnimation(ValueTracker):  57%|#####6    | 68/120 [00:11<00:09,  5.55it/s]
Animation 43: _MethodAnimation(ValueTracker):  57%|#####7    | 69/120 [00:12<00:08,  5.76it/s]
Animation 43: _MethodAnimation(ValueTracker):  58%|#####8    | 70/120 [00:12<00:08,  6.05it/s]
Animation 43: _MethodAnimation(ValueTracker):  59%|#####9    | 71/120 [00:12<00:07,  6.15it/s]
Animation 43: _MethodAnimation(ValueTracker):  60%|######    | 72/120 [00:12<00:07,  6.12it/s]
Animation 43: _MethodAnimation(ValueTracker):  61%|######    | 73/120 [00:12<00:07,  6.19it/s]
Animation 43: _MethodAnimation(ValueTracker):  62%|######1   | 74/120 [00:12<00:07,  6.27it/s]
Animation 43: _MethodAnimation(ValueTracker):  62%|######2   | 75/120 [00:13<00:07,  6.21it/s]
Animation 43: _MethodAnimation(ValueTracker):  63%|######3   | 76/120 [00:13<00:07,  5.88it/s]
Animation 43: _MethodAnimation(ValueTracker):  64%|######4   | 77/120 [00:13<00:07,  6.07it/s]
Animation 43: _MethodAnimation(ValueTracker):  65%|######5   | 78/120 [00:13<00:06,  6.14it/s]
Animation 43: _MethodAnimation(ValueTracker):  66%|######5   | 79/120 [00:13<00:06,  6.22it/s]
Animation 43: _MethodAnimation(ValueTracker):  67%|######6   | 80/120 [00:13<00:06,  5.91it/s]
Animation 43: _MethodAnimation(ValueTracker):  68%|######7   | 81/120 [00:14<00:06,  6.03it/s]
Animation 43: _MethodAnimation(ValueTracker):  68%|######8   | 82/120 [00:14<00:06,  5.88it/s]
Animation 43: _MethodAnimation(ValueTracker):  69%|######9   | 83/120 [00:14<00:06,  6.09it/s]
Animation 43: _MethodAnimation(ValueTracker):  70%|#######   | 84/120 [00:14<00:06,  5.96it/s]
Animation 43: _MethodAnimation(ValueTracker):  71%|#######   | 85/120 [00:14<00:05,  6.06it/s]
Animation 43: _MethodAnimation(ValueTracker):  72%|#######1  | 86/120 [00:14<00:05,  6.31it/s]
Animation 43: _MethodAnimation(ValueTracker):  72%|#######2  | 87/120 [00:15<00:05,  6.24it/s]
Animation 43: _MethodAnimation(ValueTracker):  73%|#######3  | 88/120 [00:15<00:05,  6.13it/s]
Animation 43: _MethodAnimation(ValueTracker):  74%|#######4  | 89/120 [00:15<00:04,  6.22it/s]
Animation 43: _MethodAnimation(ValueTracker):  75%|#######5  | 90/120 [00:15<00:04,  6.21it/s]
Animation 43: _MethodAnimation(ValueTracker):  76%|#######5  | 91/120 [00:15<00:04,  6.02it/s]
Animation 43: _MethodAnimation(ValueTracker):  77%|#######6  | 92/120 [00:15<00:04,  6.06it/s]
Animation 43: _MethodAnimation(ValueTracker):  78%|#######7  | 93/120 [00:16<00:04,  5.94it/s]
Animation 43: _MethodAnimation(ValueTracker):  78%|#######8  | 94/120 [00:16<00:04,  6.03it/s]
Animation 43: _MethodAnimation(ValueTracker):  79%|#######9  | 95/120 [00:16<00:04,  6.04it/s]
Animation 43: _MethodAnimation(ValueTracker):  80%|########  | 96/120 [00:16<00:04,  5.96it/s]
Animation 43: _MethodAnimation(ValueTracker):  81%|########  | 97/120 [00:16<00:03,  5.96it/s]
Animation 43: _MethodAnimation(ValueTracker):  82%|########1 | 98/120 [00:16<00:03,  6.09it/s]
Animation 43: _MethodAnimation(ValueTracker):  82%|########2 | 99/120 [00:17<00:03,  5.84it/s]
Animation 43: _MethodAnimation(ValueTracker):  83%|########3 | 100/120 [00:17<00:03,  6.01it/s]
Animation 43: _MethodAnimation(ValueTracker):  84%|########4 | 101/120 [00:17<00:03,  6.21it/s]
Animation 43: _MethodAnimation(ValueTracker):  85%|########5 | 102/120 [00:17<00:02,  6.27it/s]
Animation 43: _MethodAnimation(ValueTracker):  86%|########5 | 103/120 [00:17<00:02,  6.40it/s]
Animation 43: _MethodAnimation(ValueTracker):  87%|########6 | 104/120 [00:17<00:02,  6.32it/s]
Animation 43: _MethodAnimation(ValueTracker):  88%|########7 | 105/120 [00:17<00:02,  6.49it/s]
Animation 43: _MethodAnimation(ValueTracker):  88%|########8 | 106/120 [00:18<00:02,  6.42it/s]
Animation 43: _MethodAnimation(ValueTracker):  89%|########9 | 107/120 [00:18<00:02,  6.31it/s]
Animation 43: _MethodAnimation(ValueTracker):  90%|######### | 108/120 [00:18<00:01,  6.12it/s]
Animation 43: _MethodAnimation(ValueTracker):  91%|######### | 109/120 [00:18<00:01,  6.25it/s]
Animation 43: _MethodAnimation(ValueTracker):  92%|#########1| 110/120 [00:18<00:01,  6.70it/s]
Animation 43: _MethodAnimation(ValueTracker):  92%|#########2| 111/120 [00:18<00:01,  6.69it/s]
Animation 43: _MethodAnimation(ValueTracker):  93%|#########3| 112/120 [00:19<00:01,  6.47it/s]
Animation 43: _MethodAnimation(ValueTracker):  94%|#########4| 113/120 [00:19<00:01,  6.46it/s]
Animation 43: _MethodAnimation(ValueTracker):  95%|#########5| 114/120 [00:19<00:00,  6.31it/s]
Animation 43: _MethodAnimation(ValueTracker):  96%|#########5| 115/120 [00:19<00:00,  6.49it/s]
Animation 43: _MethodAnimation(ValueTracker):  97%|#########6| 116/120 [00:19<00:00,  5.26it/s]
Animation 43: _MethodAnimation(ValueTracker):  98%|#########7| 117/120 [00:19<00:00,  5.68it/s]
Animation 43: _MethodAnimation(ValueTracker):  98%|#########8| 118/120 [00:20<00:00,  5.90it/s]
Animation 43: _MethodAnimation(ValueTracker):  99%|#########9| 119/120 [00:20<00:00,  6.06it/s]
Animation 43: _MethodAnimation(ValueTracker): 100%|##########| 120/120 [00:20<00:00,  6.03it/s]
[09/10/26 11:01:26] INFO     Animation 43 : Partial    scene_file_writer.py:192
                             movie file written in                             
                             'C:\Users\Nacho\Documents                         
                             \Animaciones\Capitulo                             
                             7\media\videos\s08_vector                         
                             ial\1080p60\partial_movie                         
                             _files\Vectorial\29324409                         
                             49_2831389403_175556942.m                         
                             p4'                                               
                                                                                               

Animation 44: FadeIn(Text('opuestos: relación lineal negativa')):   0%|          | 0/60 [00:00<?, ?it/s]
Animation 44: FadeIn(Text('opuestos: relación lineal negativa')):   2%|1         | 1/60 [00:00<00:08,  7.11it/s]
Animation 44: FadeIn(Text('opuestos: relación lineal negativa')):   3%|3         | 2/60 [00:00<00:09,  6.06it/s]
Animation 44: FadeIn(Text('opuestos: relación lineal negativa')):   5%|5         | 3/60 [00:00<00:09,  6.22it/s]
Animation 44: FadeIn(Text('opuestos: relación lineal negativa')):   7%|6         | 4/60 [00:00<00:09,  6.03it/s]
Animation 44: FadeIn(Text('opuestos: relación lineal negativa')):   8%|8         | 5/60 [00:00<00:08,  6.16it/s]
Animation 44: FadeIn(Text('opuestos: relación lineal negativa')):  10%|#         | 6/60 [00:00<00:08,  6.07it/s]
Animation 44: FadeIn(Text('opuestos: relación lineal negativa')):  12%|#1        | 7/60 [00:01<00:08,  6.21it/s]
Animation 44: FadeIn(Text('opuestos: relación lineal negativa')):  13%|#3        | 8/60 [00:01<00:08,  6.32it/s]
Animation 44: FadeIn(Text('opuestos: relación lineal negativa')):  15%|#5        | 9/60 [00:01<00:08,  6.35it/s]
Animation 44: FadeIn(Text('opuestos: relación lineal negativa')):  17%|#6        | 10/60 [00:01<00:07,  6.49it/s]
Animation 44: FadeIn(Text('opuestos: relación lineal negativa')):  18%|#8        | 11/60 [00:01<00:07,  6.49it/s]
Animation 44: FadeIn(Text('opuestos: relación lineal negativa')):  20%|##        | 12/60 [00:01<00:07,  6.27it/s]
Animation 44: FadeIn(Text('opuestos: relación lineal negativa')):  22%|##1       | 13/60 [00:02<00:07,  6.28it/s]
Animation 44: FadeIn(Text('opuestos: relación lineal negativa')):  23%|##3       | 14/60 [00:02<00:07,  6.27it/s]
Animation 44: FadeIn(Text('opuestos: relación lineal negativa')):  25%|##5       | 15/60 [00:02<00:07,  6.20it/s]
Animation 44: FadeIn(Text('opuestos: relación lineal negativa')):  27%|##6       | 16/60 [00:02<00:07,  6.18it/s]
Animation 44: FadeIn(Text('opuestos: relación lineal negativa')):  28%|##8       | 17/60 [00:02<00:06,  6.27it/s]
Animation 44: FadeIn(Text('opuestos: relación lineal negativa')):  30%|###       | 18/60 [00:02<00:06,  6.21it/s]
Animation 44: FadeIn(Text('opuestos: relación lineal negativa')):  32%|###1      | 19/60 [00:03<00:06,  6.26it/s]
Animation 44: FadeIn(Text('opuestos: relación lineal negativa')):  33%|###3      | 20/60 [00:03<00:06,  6.22it/s]
Animation 44: FadeIn(Text('opuestos: relación lineal negativa')):  35%|###5      | 21/60 [00:03<00:06,  6.31it/s]
Animation 44: FadeIn(Text('opuestos: relación lineal negativa')):  37%|###6      | 22/60 [00:03<00:06,  6.29it/s]
Animation 44: FadeIn(Text('opuestos: relación lineal negativa')):  38%|###8      | 23/60 [00:03<00:05,  6.27it/s]
Animation 44: FadeIn(Text('opuestos: relación lineal negativa')):  40%|####      | 24/60 [00:03<00:05,  6.34it/s]
Animation 44: FadeIn(Text('opuestos: relación lineal negativa')):  42%|####1     | 25/60 [00:03<00:05,  6.41it/s]
Animation 44: FadeIn(Text('opuestos: relación lineal negativa')):  43%|####3     | 26/60 [00:04<00:05,  6.28it/s]
Animation 44: FadeIn(Text('opuestos: relación lineal negativa')):  45%|####5     | 27/60 [00:04<00:05,  6.16it/s]
Animation 44: FadeIn(Text('opuestos: relación lineal negativa')):  47%|####6     | 28/60 [00:04<00:05,  6.03it/s]
Animation 44: FadeIn(Text('opuestos: relación lineal negativa')):  48%|####8     | 29/60 [00:04<00:05,  6.03it/s]
Animation 44: FadeIn(Text('opuestos: relación lineal negativa')):  50%|#####     | 30/60 [00:04<00:05,  5.97it/s]
Animation 44: FadeIn(Text('opuestos: relación lineal negativa')):  52%|#####1    | 31/60 [00:04<00:04,  5.97it/s]
Animation 44: FadeIn(Text('opuestos: relación lineal negativa')):  53%|#####3    | 32/60 [00:05<00:04,  5.98it/s]
Animation 44: FadeIn(Text('opuestos: relación lineal negativa')):  55%|#####5    | 33/60 [00:05<00:04,  6.02it/s]
Animation 44: FadeIn(Text('opuestos: relación lineal negativa')):  57%|#####6    | 34/60 [00:05<00:04,  6.10it/s]
Animation 44: FadeIn(Text('opuestos: relación lineal negativa')):  58%|#####8    | 35/60 [00:05<00:03,  6.26it/s]
Animation 44: FadeIn(Text('opuestos: relación lineal negativa')):  60%|######    | 36/60 [00:05<00:03,  6.38it/s]
Animation 44: FadeIn(Text('opuestos: relación lineal negativa')):  62%|######1   | 37/60 [00:05<00:03,  6.59it/s]
Animation 44: FadeIn(Text('opuestos: relación lineal negativa')):  63%|######3   | 38/60 [00:06<00:03,  6.66it/s]
Animation 44: FadeIn(Text('opuestos: relación lineal negativa')):  65%|######5   | 39/60 [00:06<00:03,  6.71it/s]
Animation 44: FadeIn(Text('opuestos: relación lineal negativa')):  67%|######6   | 40/60 [00:06<00:03,  6.49it/s]
Animation 44: FadeIn(Text('opuestos: relación lineal negativa')):  68%|######8   | 41/60 [00:06<00:03,  6.07it/s]
Animation 44: FadeIn(Text('opuestos: relación lineal negativa')):  70%|#######   | 42/60 [00:06<00:02,  6.12it/s]
Animation 44: FadeIn(Text('opuestos: relación lineal negativa')):  72%|#######1  | 43/60 [00:06<00:03,  5.46it/s]
Animation 44: FadeIn(Text('opuestos: relación lineal negativa')):  73%|#######3  | 44/60 [00:07<00:02,  5.66it/s]
Animation 44: FadeIn(Text('opuestos: relación lineal negativa')):  75%|#######5  | 45/60 [00:07<00:02,  5.78it/s]
Animation 44: FadeIn(Text('opuestos: relación lineal negativa')):  77%|#######6  | 46/60 [00:07<00:02,  5.86it/s]
Animation 44: FadeIn(Text('opuestos: relación lineal negativa')):  78%|#######8  | 47/60 [00:07<00:02,  6.00it/s]
Animation 44: FadeIn(Text('opuestos: relación lineal negativa')):  80%|########  | 48/60 [00:07<00:01,  6.07it/s]
Animation 44: FadeIn(Text('opuestos: relación lineal negativa')):  82%|########1 | 49/60 [00:07<00:01,  6.19it/s]
Animation 44: FadeIn(Text('opuestos: relación lineal negativa')):  83%|########3 | 50/60 [00:08<00:01,  6.19it/s]
Animation 44: FadeIn(Text('opuestos: relación lineal negativa')):  85%|########5 | 51/60 [00:08<00:01,  6.19it/s]
Animation 44: FadeIn(Text('opuestos: relación lineal negativa')):  87%|########6 | 52/60 [00:08<00:01,  6.19it/s]
Animation 44: FadeIn(Text('opuestos: relación lineal negativa')):  88%|########8 | 53/60 [00:08<00:01,  6.10it/s]
Animation 44: FadeIn(Text('opuestos: relación lineal negativa')):  90%|######### | 54/60 [00:08<00:00,  6.20it/s]
Animation 44: FadeIn(Text('opuestos: relación lineal negativa')):  92%|#########1| 55/60 [00:08<00:00,  5.95it/s]
Animation 44: FadeIn(Text('opuestos: relación lineal negativa')):  93%|#########3| 56/60 [00:09<00:00,  5.93it/s]
Animation 44: FadeIn(Text('opuestos: relación lineal negativa')):  95%|#########5| 57/60 [00:09<00:00,  5.73it/s]
Animation 44: FadeIn(Text('opuestos: relación lineal negativa')):  97%|#########6| 58/60 [00:09<00:00,  5.78it/s]
Animation 44: FadeIn(Text('opuestos: relación lineal negativa')):  98%|#########8| 59/60 [00:09<00:00,  5.87it/s]
Animation 44: FadeIn(Text('opuestos: relación lineal negativa')): 100%|##########| 60/60 [00:09<00:00,  5.89it/s]
[09/10/26 11:01:37] INFO     Animation 44 : Partial    scene_file_writer.py:192
                             movie file written in                             
                             'C:\Users\Nacho\Documents                         
                             \Animaciones\Capitulo                             
                             7\media\videos\s08_vector                         
                             ial\1080p60\partial_movie                         
                             _files\Vectorial\29324409                         
                             49_1383356479_3310796385.                         
                             mp4'                                              
[09/10/26 11:01:39] INFO     Animation 45 : Partial    scene_file_writer.py:192
                             movie file written in                             
                             'C:\Users\Nacho\Documents                         
                             \Animaciones\Capitulo                             
                             7\media\videos\s08_vector                         
                             ial\1080p60\partial_movie                         
                             _files\Vectorial\29324409                         
                             49_3810316983_380147397.m                         
                             p4'                                               
                                                                                                                 

Animation 46: FadeOut(Text('opuestos: relación lineal negativa')):   0%|          | 0/60 [00:00<?, ?it/s]
Animation 46: FadeOut(Text('opuestos: relación lineal negativa')):   5%|5         | 3/60 [00:00<00:02, 23.04it/s]
Animation 46: FadeOut(Text('opuestos: relación lineal negativa')):  10%|#         | 6/60 [00:00<00:02, 22.65it/s]
Animation 46: FadeOut(Text('opuestos: relación lineal negativa')):  15%|#5        | 9/60 [00:00<00:02, 21.72it/s]
Animation 46: FadeOut(Text('opuestos: relación lineal negativa')):  20%|##        | 12/60 [00:00<00:02, 20.91it/s]
Animation 46: FadeOut(Text('opuestos: relación lineal negativa')):  25%|##5       | 15/60 [00:00<00:02, 21.32it/s]
Animation 46: FadeOut(Text('opuestos: relación lineal negativa')):  30%|###       | 18/60 [00:00<00:02, 20.70it/s]
Animation 46: FadeOut(Text('opuestos: relación lineal negativa')):  35%|###5      | 21/60 [00:01<00:01, 20.38it/s]
Animation 46: FadeOut(Text('opuestos: relación lineal negativa')):  40%|####      | 24/60 [00:01<00:01, 20.54it/s]
Animation 46: FadeOut(Text('opuestos: relación lineal negativa')):  45%|####5     | 27/60 [00:01<00:01, 20.73it/s]
Animation 46: FadeOut(Text('opuestos: relación lineal negativa')):  50%|#####     | 30/60 [00:01<00:01, 20.81it/s]
Animation 46: FadeOut(Text('opuestos: relación lineal negativa')):  55%|#####5    | 33/60 [00:01<00:01, 20.77it/s]
Animation 46: FadeOut(Text('opuestos: relación lineal negativa')):  60%|######    | 36/60 [00:01<00:01, 20.16it/s]
Animation 46: FadeOut(Text('opuestos: relación lineal negativa')):  65%|######5   | 39/60 [00:01<00:01, 19.73it/s]
Animation 46: FadeOut(Text('opuestos: relación lineal negativa')):  70%|#######   | 42/60 [00:02<00:00, 20.11it/s]
Animation 46: FadeOut(Text('opuestos: relación lineal negativa')):  75%|#######5  | 45/60 [00:02<00:00, 19.80it/s]
Animation 46: FadeOut(Text('opuestos: relación lineal negativa')):  80%|########  | 48/60 [00:02<00:00, 19.73it/s]
Animation 46: FadeOut(Text('opuestos: relación lineal negativa')):  85%|########5 | 51/60 [00:02<00:00, 20.15it/s]
Animation 46: FadeOut(Text('opuestos: relación lineal negativa')):  90%|######### | 54/60 [00:02<00:00, 19.53it/s]
Animation 46: FadeOut(Text('opuestos: relación lineal negativa')):  93%|#########3| 56/60 [00:02<00:00, 19.50it/s]
Animation 46: FadeOut(Text('opuestos: relación lineal negativa')):  97%|#########6| 58/60 [00:02<00:00, 19.55it/s]
Animation 46: FadeOut(Text('opuestos: relación lineal negativa')): 100%|##########| 60/60 [00:02<00:00, 17.98it/s]
[09/10/26 11:01:42] INFO     Animation 46 : Partial    scene_file_writer.py:192
                             movie file written in                             
                             'C:\Users\Nacho\Documents                         
                             \Animaciones\Capitulo                             
                             7\media\videos\s08_vector                         
                             ial\1080p60\partial_movie                         
                             _files\Vectorial\29324409                         
                             49_2533245036_2467034383.                         
                             mp4'                                              
                                                                                                                  

Animation 47: _MethodAnimation(ValueTracker):   0%|          | 0/120 [00:00<?, ?it/s]
Animation 47: _MethodAnimation(ValueTracker):   2%|2         | 3/120 [00:00<00:05, 21.45it/s]
Animation 47: _MethodAnimation(ValueTracker):   5%|5         | 6/120 [00:00<00:05, 21.23it/s]
Animation 47: _MethodAnimation(ValueTracker):   8%|7         | 9/120 [00:00<00:04, 22.37it/s]
Animation 47: _MethodAnimation(ValueTracker):  10%|#         | 12/120 [00:00<00:05, 19.52it/s]
Animation 47: _MethodAnimation(ValueTracker):  12%|#2        | 15/120 [00:00<00:05, 18.84it/s]
Animation 47: _MethodAnimation(ValueTracker):  15%|#5        | 18/120 [00:00<00:05, 20.17it/s]
Animation 47: _MethodAnimation(ValueTracker):  18%|#7        | 21/120 [00:01<00:04, 21.22it/s]
Animation 47: _MethodAnimation(ValueTracker):  20%|##        | 24/120 [00:01<00:04, 21.97it/s]
Animation 47: _MethodAnimation(ValueTracker):  22%|##2       | 27/120 [00:01<00:04, 22.87it/s]
Animation 47: _MethodAnimation(ValueTracker):  25%|##5       | 30/120 [00:01<00:03, 23.18it/s]
Animation 47: _MethodAnimation(ValueTracker):  28%|##7       | 33/120 [00:01<00:03, 23.33it/s]
Animation 47: _MethodAnimation(ValueTracker):  30%|###       | 36/120 [00:01<00:03, 23.35it/s]
Animation 47: _MethodAnimation(ValueTracker):  32%|###2      | 39/120 [00:01<00:03, 23.22it/s]
Animation 47: _MethodAnimation(ValueTracker):  35%|###5      | 42/120 [00:01<00:03, 22.91it/s]
Animation 47: _MethodAnimation(ValueTracker):  38%|###7      | 45/120 [00:02<00:03, 22.59it/s]
Animation 47: _MethodAnimation(ValueTracker):  40%|####      | 48/120 [00:02<00:03, 23.14it/s]
Animation 47: _MethodAnimation(ValueTracker):  42%|####2     | 51/120 [00:02<00:02, 23.53it/s]
Animation 47: _MethodAnimation(ValueTracker):  45%|####5     | 54/120 [00:02<00:02, 23.69it/s]
Animation 47: _MethodAnimation(ValueTracker):  48%|####7     | 57/120 [00:02<00:02, 23.67it/s]
Animation 47: _MethodAnimation(ValueTracker):  50%|#####     | 60/120 [00:02<00:02, 23.71it/s]
Animation 47: _MethodAnimation(ValueTracker):  52%|#####2    | 63/120 [00:02<00:02, 23.40it/s]
Animation 47: _MethodAnimation(ValueTracker):  55%|#####5    | 66/120 [00:02<00:02, 23.44it/s]
Animation 47: _MethodAnimation(ValueTracker):  57%|#####7    | 69/120 [00:03<00:02, 23.88it/s]
Animation 47: _MethodAnimation(ValueTracker):  60%|######    | 72/120 [00:03<00:02, 23.79it/s]
Animation 47: _MethodAnimation(ValueTracker):  62%|######2   | 75/120 [00:03<00:01, 23.83it/s]
Animation 47: _MethodAnimation(ValueTracker):  65%|######5   | 78/120 [00:03<00:01, 23.45it/s]
Animation 47: _MethodAnimation(ValueTracker):  68%|######7   | 81/120 [00:03<00:01, 23.55it/s]
Animation 47: _MethodAnimation(ValueTracker):  70%|#######   | 84/120 [00:03<00:01, 23.94it/s]
Animation 47: _MethodAnimation(ValueTracker):  72%|#######2  | 87/120 [00:03<00:01, 24.07it/s]
Animation 47: _MethodAnimation(ValueTracker):  75%|#######5  | 90/120 [00:03<00:01, 24.35it/s]
Animation 47: _MethodAnimation(ValueTracker):  78%|#######7  | 93/120 [00:04<00:01, 23.19it/s]
Animation 47: _MethodAnimation(ValueTracker):  80%|########  | 96/120 [00:04<00:01, 23.63it/s]
Animation 47: _MethodAnimation(ValueTracker):  82%|########2 | 99/120 [00:04<00:00, 23.73it/s]
Animation 47: _MethodAnimation(ValueTracker):  85%|########5 | 102/120 [00:04<00:00, 23.92it/s]
Animation 47: _MethodAnimation(ValueTracker):  88%|########7 | 105/120 [00:04<00:00, 23.79it/s]
Animation 47: _MethodAnimation(ValueTracker):  90%|######### | 108/120 [00:04<00:00, 24.39it/s]
Animation 47: _MethodAnimation(ValueTracker):  92%|#########2| 111/120 [00:04<00:00, 24.27it/s]
Animation 47: _MethodAnimation(ValueTracker):  95%|#########5| 114/120 [00:04<00:00, 24.28it/s]
Animation 47: _MethodAnimation(ValueTracker):  98%|#########7| 117/120 [00:05<00:00, 23.92it/s]
Animation 47: _MethodAnimation(ValueTracker): 100%|##########| 120/120 [00:05<00:00, 24.17it/s]
[09/10/26 11:01:47] INFO     Animation 47 : Partial    scene_file_writer.py:192
                             movie file written in                             
                             'C:\Users\Nacho\Documents                         
                             \Animaciones\Capitulo                             
                             7\media\videos\s08_vector                         
                             ial\1080p60\partial_movie                         
                             _files\Vectorial\29324409                         
                             49_1307898871_2034776649.                         
                             mp4'                                              
[09/10/26 11:01:48] INFO     Animation 48 : Partial    scene_file_writer.py:192
                             movie file written in                             
                             'C:\Users\Nacho\Documents                         
                             \Animaciones\Capitulo                             
                             7\media\videos\s08_vector                         
                             ial\1080p60\partial_movie                         
                             _files\Vectorial\29324409                         
                             49_241228271_3035312116.m                         
                             p4'                                               
                                                                                               

Animation 49: Write(MathTex('E[XY]=0 \\iff X\\perp Y')):   0%|          | 0/60 [00:00<?, ?it/s]
Animation 49: Write(MathTex('E[XY]=0 \\iff X\\perp Y')):   5%|5         | 3/60 [00:00<00:02, 23.38it/s]
Animation 49: Write(MathTex('E[XY]=0 \\iff X\\perp Y')):  10%|#         | 6/60 [00:00<00:02, 23.46it/s]
Animation 49: Write(MathTex('E[XY]=0 \\iff X\\perp Y')):  15%|#5        | 9/60 [00:00<00:02, 21.60it/s]
Animation 49: Write(MathTex('E[XY]=0 \\iff X\\perp Y')):  20%|##        | 12/60 [00:00<00:02, 20.65it/s]
Animation 49: Write(MathTex('E[XY]=0 \\iff X\\perp Y')):  25%|##5       | 15/60 [00:00<00:02, 20.49it/s]
Animation 49: Write(MathTex('E[XY]=0 \\iff X\\perp Y')):  30%|###       | 18/60 [00:00<00:01, 21.79it/s]
Animation 49: Write(MathTex('E[XY]=0 \\iff X\\perp Y')):  35%|###5      | 21/60 [00:00<00:01, 23.14it/s]
Animation 49: Write(MathTex('E[XY]=0 \\iff X\\perp Y')):  40%|####      | 24/60 [00:01<00:01, 23.21it/s]
Animation 49: Write(MathTex('E[XY]=0 \\iff X\\perp Y')):  45%|####5     | 27/60 [00:01<00:01, 23.33it/s]
Animation 49: Write(MathTex('E[XY]=0 \\iff X\\perp Y')):  50%|#####     | 30/60 [00:01<00:01, 24.01it/s]
Animation 49: Write(MathTex('E[XY]=0 \\iff X\\perp Y')):  55%|#####5    | 33/60 [00:01<00:01, 24.38it/s]
Animation 49: Write(MathTex('E[XY]=0 \\iff X\\perp Y')):  60%|######    | 36/60 [00:01<00:00, 24.67it/s]
Animation 49: Write(MathTex('E[XY]=0 \\iff X\\perp Y')):  65%|######5   | 39/60 [00:01<00:00, 24.70it/s]
Animation 49: Write(MathTex('E[XY]=0 \\iff X\\perp Y')):  70%|#######   | 42/60 [00:01<00:00, 25.13it/s]
Animation 49: Write(MathTex('E[XY]=0 \\iff X\\perp Y')):  75%|#######5  | 45/60 [00:01<00:00, 24.14it/s]
Animation 49: Write(MathTex('E[XY]=0 \\iff X\\perp Y')):  80%|########  | 48/60 [00:02<00:00, 23.82it/s]
Animation 49: Write(MathTex('E[XY]=0 \\iff X\\perp Y')):  85%|########5 | 51/60 [00:02<00:00, 23.79it/s]
Animation 49: Write(MathTex('E[XY]=0 \\iff X\\perp Y')):  90%|######### | 54/60 [00:02<00:00, 24.20it/s]
Animation 49: Write(MathTex('E[XY]=0 \\iff X\\perp Y')):  95%|#########5| 57/60 [00:02<00:00, 25.05it/s]
Animation 49: Write(MathTex('E[XY]=0 \\iff X\\perp Y')): 100%|##########| 60/60 [00:02<00:00, 24.16it/s]
[09/10/26 11:01:51] INFO     Animation 49 : Partial    scene_file_writer.py:192
                             movie file written in                             
                             'C:\Users\Nacho\Documents                         
                             \Animaciones\Capitulo                             
                             7\media\videos\s08_vector                         
                             ial\1080p60\partial_movie                         
                             _files\Vectorial\29324409                         
                             49_1539105037_3898955678.                         
                             mp4'                                              
                    INFO     Animation 50 : Partial    scene_file_writer.py:192
                             movie file written in                             
                             'C:\Users\Nacho\Documents                         
                             \Animaciones\Capitulo                             
                             7\media\videos\s08_vector                         
                             ial\1080p60\partial_movie                         
                             _files\Vectorial\29324409                         
                             49_125152860_746411168.mp                         
                             4'                                                
                                                                                                        

Animation 51: FadeIn(Text('por eso decimos “ortogonales”: es literalmente la condición de ortogonalidad')):   0%|      
    | 0/60 [00:00<?, ?it/s]
Animation 51: FadeIn(Text('por eso decimos “ortogonales”: es literalmente la condición de ortogonalidad')):   5%|5     
    | 3/60 [00:00<00:02, 23.82it/s]
Animation 51: FadeIn(Text('por eso decimos “ortogonales”: es literalmente la condición de ortogonalidad')):  10%|#     
    | 6/60 [00:00<00:02, 23.27it/s]
Animation 51: FadeIn(Text('por eso decimos “ortogonales”: es literalmente la condición de ortogonalidad')):  15%|#5    
    | 9/60 [00:00<00:02, 22.14it/s]
Animation 51: FadeIn(Text('por eso decimos “ortogonales”: es literalmente la condición de ortogonalidad')):  20%|##    
    | 12/60 [00:00<00:02, 21.77it/s]
Animation 51: FadeIn(Text('por eso decimos “ortogonales”: es literalmente la condición de ortogonalidad')):  25%|##5   
    | 15/60 [00:00<00:02, 21.95it/s]
Animation 51: FadeIn(Text('por eso decimos “ortogonales”: es literalmente la condición de ortogonalidad')):  30%|###   
    | 18/60 [00:00<00:01, 21.73it/s]
Animation 51: FadeIn(Text('por eso decimos “ortogonales”: es literalmente la condición de ortogonalidad')):  35%|###5  
    | 21/60 [00:00<00:01, 20.90it/s]
Animation 51: FadeIn(Text('por eso decimos “ortogonales”: es literalmente la condición de ortogonalidad')):  40%|####  
    | 24/60 [00:01<00:01, 21.28it/s]
Animation 51: FadeIn(Text('por eso decimos “ortogonales”: es literalmente la condición de ortogonalidad')):  45%|####5 
    | 27/60 [00:01<00:01, 21.63it/s]
Animation 51: FadeIn(Text('por eso decimos “ortogonales”: es literalmente la condición de ortogonalidad')):  50%|##### 
    | 30/60 [00:01<00:01, 21.84it/s]
Animation 51: FadeIn(Text('por eso decimos “ortogonales”: es literalmente la condición de ortogonalidad')):  
55%|#####5    | 33/60 [00:01<00:01, 21.21it/s]
Animation 51: FadeIn(Text('por eso decimos “ortogonales”: es literalmente la condición de ortogonalidad')):  
60%|######    | 36/60 [00:01<00:01, 21.28it/s]
Animation 51: FadeIn(Text('por eso decimos “ortogonales”: es literalmente la condición de ortogonalidad')):  
65%|######5   | 39/60 [00:01<00:00, 21.10it/s]
Animation 51: FadeIn(Text('por eso decimos “ortogonales”: es literalmente la condición de ortogonalidad')):  
70%|#######   | 42/60 [00:01<00:00, 21.57it/s]
Animation 51: FadeIn(Text('por eso decimos “ortogonales”: es literalmente la condición de ortogonalidad')):  
75%|#######5  | 45/60 [00:02<00:00, 20.28it/s]
Animation 51: FadeIn(Text('por eso decimos “ortogonales”: es literalmente la condición de ortogonalidad')):  
80%|########  | 48/60 [00:02<00:00, 20.47it/s]
Animation 51: FadeIn(Text('por eso decimos “ortogonales”: es literalmente la condición de ortogonalidad')):  
85%|########5 | 51/60 [00:02<00:00, 19.46it/s]
Animation 51: FadeIn(Text('por eso decimos “ortogonales”: es literalmente la condición de ortogonalidad')):  
88%|########8 | 53/60 [00:02<00:00, 19.50it/s]
Animation 51: FadeIn(Text('por eso decimos “ortogonales”: es literalmente la condición de ortogonalidad')):  
93%|#########3| 56/60 [00:02<00:00, 19.77it/s]
Animation 51: FadeIn(Text('por eso decimos “ortogonales”: es literalmente la condición de ortogonalidad')):  
98%|#########8| 59/60 [00:02<00:00, 20.72it/s]
[09/10/26 11:01:55] INFO     Animation 51 : Partial    scene_file_writer.py:192
                             movie file written in                             
                             'C:\Users\Nacho\Documents                         
                             \Animaciones\Capitulo                             
                             7\media\videos\s08_vector                         
                             ial\1080p60\partial_movie                         
                             _files\Vectorial\29324409                         
                             49_3637741847_2440879837.                         
                             mp4'                                              
[09/10/26 11:01:56] INFO     Animation 52 : Partial    scene_file_writer.py:192
                             movie file written in                             
                             'C:\Users\Nacho\Documents                         
                             \Animaciones\Capitulo                             
                             7\media\videos\s08_vector                         
                             ial\1080p60\partial_movie                         
                             _files\Vectorial\29324409                         
                             49_266979614_1762190671.m                         
                             p4'                                               
                                                                                                                       
                                    

Animation 53: FadeOut(VGroup of 12 submobjects):   0%|          | 0/60 [00:00<?, ?it/s]
Animation 53: FadeOut(VGroup of 12 submobjects):   2%|1         | 1/60 [00:00<00:05,  9.91it/s]
Animation 53: FadeOut(VGroup of 12 submobjects):   3%|3         | 2/60 [00:00<00:05,  9.73it/s]
Animation 53: FadeOut(VGroup of 12 submobjects):   7%|6         | 4/60 [00:00<00:05,  9.93it/s]
Animation 53: FadeOut(VGroup of 12 submobjects):   8%|8         | 5/60 [00:00<00:05,  9.65it/s]
Animation 53: FadeOut(VGroup of 12 submobjects):  10%|#         | 6/60 [00:00<00:05,  9.72it/s]
Animation 53: FadeOut(VGroup of 12 submobjects):  12%|#1        | 7/60 [00:00<00:05,  9.68it/s]
Animation 53: FadeOut(VGroup of 12 submobjects):  13%|#3        | 8/60 [00:00<00:05,  9.63it/s]
Animation 53: FadeOut(VGroup of 12 submobjects):  17%|#6        | 10/60 [00:01<00:05,  9.68it/s]
Animation 53: FadeOut(VGroup of 12 submobjects):  20%|##        | 12/60 [00:01<00:04,  9.70it/s]
Animation 53: FadeOut(VGroup of 12 submobjects):  23%|##3       | 14/60 [00:01<00:04,  9.77it/s]
Animation 53: FadeOut(VGroup of 12 submobjects):  27%|##6       | 16/60 [00:01<00:04, 10.02it/s]
Animation 53: FadeOut(VGroup of 12 submobjects):  28%|##8       | 17/60 [00:01<00:04,  9.98it/s]
Animation 53: FadeOut(VGroup of 12 submobjects):  30%|###       | 18/60 [00:01<00:04,  9.57it/s]
Animation 53: FadeOut(VGroup of 12 submobjects):  32%|###1      | 19/60 [00:01<00:04,  9.45it/s]
Animation 53: FadeOut(VGroup of 12 submobjects):  33%|###3      | 20/60 [00:02<00:04,  9.42it/s]
Animation 53: FadeOut(VGroup of 12 submobjects):  35%|###5      | 21/60 [00:02<00:04,  9.53it/s]
Animation 53: FadeOut(VGroup of 12 submobjects):  37%|###6      | 22/60 [00:02<00:03,  9.60it/s]
Animation 53: FadeOut(VGroup of 12 submobjects):  38%|###8      | 23/60 [00:02<00:03,  9.54it/s]
Animation 53: FadeOut(VGroup of 12 submobjects):  42%|####1     | 25/60 [00:02<00:03,  9.70it/s]
Animation 53: FadeOut(VGroup of 12 submobjects):  45%|####5     | 27/60 [00:02<00:03,  9.82it/s]
Animation 53: FadeOut(VGroup of 12 submobjects):  48%|####8     | 29/60 [00:02<00:03,  9.87it/s]
Animation 53: FadeOut(VGroup of 12 submobjects):  52%|#####1    | 31/60 [00:03<00:02, 10.07it/s]
Animation 53: FadeOut(VGroup of 12 submobjects):  55%|#####5    | 33/60 [00:03<00:02,  9.75it/s]
Animation 53: FadeOut(VGroup of 12 submobjects):  57%|#####6    | 34/60 [00:03<00:02,  9.73it/s]
Animation 53: FadeOut(VGroup of 12 submobjects):  58%|#####8    | 35/60 [00:03<00:02,  9.76it/s]
Animation 53: FadeOut(VGroup of 12 submobjects):  60%|######    | 36/60 [00:03<00:02,  9.76it/s]
Animation 53: FadeOut(VGroup of 12 submobjects):  63%|######3   | 38/60 [00:03<00:02,  9.94it/s]
Animation 53: FadeOut(VGroup of 12 submobjects):  67%|######6   | 40/60 [00:04<00:01, 10.02it/s]
Animation 53: FadeOut(VGroup of 12 submobjects):  70%|#######   | 42/60 [00:04<00:01,  9.98it/s]
Animation 53: FadeOut(VGroup of 12 submobjects):  72%|#######1  | 43/60 [00:04<00:01,  9.49it/s]
Animation 53: FadeOut(VGroup of 12 submobjects):  73%|#######3  | 44/60 [00:04<00:01,  9.40it/s]
Animation 53: FadeOut(VGroup of 12 submobjects):  75%|#######5  | 45/60 [00:04<00:01,  9.45it/s]
Animation 53: FadeOut(VGroup of 12 submobjects):  77%|#######6  | 46/60 [00:04<00:01,  9.51it/s]
Animation 53: FadeOut(VGroup of 12 submobjects):  78%|#######8  | 47/60 [00:04<00:01,  9.37it/s]
Animation 53: FadeOut(VGroup of 12 submobjects):  80%|########  | 48/60 [00:04<00:01,  9.36it/s]
Animation 53: FadeOut(VGroup of 12 submobjects):  82%|########1 | 49/60 [00:05<00:01,  9.49it/s]
Animation 53: FadeOut(VGroup of 12 submobjects):  83%|########3 | 50/60 [00:05<00:01,  9.52it/s]
Animation 53: FadeOut(VGroup of 12 submobjects):  85%|########5 | 51/60 [00:05<00:00,  9.52it/s]
Animation 53: FadeOut(VGroup of 12 submobjects):  87%|########6 | 52/60 [00:05<00:00,  9.64it/s]
Animation 53: FadeOut(VGroup of 12 submobjects):  88%|########8 | 53/60 [00:05<00:00,  9.65it/s]
Animation 53: FadeOut(VGroup of 12 submobjects):  92%|#########1| 55/60 [00:05<00:00,  9.94it/s]
Animation 53: FadeOut(VGroup of 12 submobjects):  93%|#########3| 56/60 [00:05<00:00,  8.68it/s]
Animation 53: FadeOut(VGroup of 12 submobjects):  95%|#########5| 57/60 [00:05<00:00,  8.80it/s]
Animation 53: FadeOut(VGroup of 12 submobjects):  98%|#########8| 59/60 [00:06<00:00,  9.08it/s]
Animation 53: FadeOut(VGroup of 12 submobjects): 100%|##########| 60/60 [00:06<00:00,  9.19it/s]
[09/10/26 11:02:03] INFO     Animation 53 : Partial    scene_file_writer.py:192
                             movie file written in                             
                             'C:\Users\Nacho\Documents                         
                             \Animaciones\Capitulo                             
                             7\media\videos\s08_vector                         
                             ial\1080p60\partial_movie                         
                             _files\Vectorial\29324409                         
                             49_2615892305_4049423062.                         
                             mp4'                                              
                                                                                                

Animation 54: FadeIn(Text('Todo lo que sabés de vectores se aplica.')):   0%|          | 0/60 [00:00<?, ?it/s]
Animation 54: FadeIn(Text('Todo lo que sabés de vectores se aplica.')):  17%|#6        | 10/60 [00:00<00:00, 99.44it/s]
Animation 54: FadeIn(Text('Todo lo que sabés de vectores se aplica.')):  35%|###5      | 21/60 [00:00<00:00, 
103.48it/s]
Animation 54: FadeIn(Text('Todo lo que sabés de vectores se aplica.')):  53%|#####3    | 32/60 [00:00<00:00, 
101.40it/s]
Animation 54: FadeIn(Text('Todo lo que sabés de vectores se aplica.')):  72%|#######1  | 43/60 [00:00<00:00, 
103.62it/s]
Animation 54: FadeIn(Text('Todo lo que sabés de vectores se aplica.')):  90%|######### | 54/60 [00:00<00:00, 
101.11it/s]
[09/10/26 11:02:04] INFO     Animation 54 : Partial    scene_file_writer.py:192
                             movie file written in                             
                             'C:\Users\Nacho\Documents                         
                             \Animaciones\Capitulo                             
                             7\media\videos\s08_vector                         
                             ial\1080p60\partial_movie                         
                             _files\Vectorial\29324409                         
                             49_1067053353_3839158758.                         
                             mp4'                                              
[09/10/26 11:02:05] INFO     Animation 55 : Partial    scene_file_writer.py:192
                             movie file written in                             
                             'C:\Users\Nacho\Documents                         
                             \Animaciones\Capitulo                             
                             7\media\videos\s08_vector                         
                             ial\1080p60\partial_movie                         
                             _files\Vectorial\29324409                         
                             49_3880968470_3091951945.                         
                             mp4'                                              
                                                                                                                       
 

Animation 56: FadeIn(Text('Y esto no es una analogía forzada: la correlación cumple las\ntres propiedades de un 
producto interno, así que ES uno.')):   0%|          | 0/60 [00:00<?, ?it/s]
Animation 56: FadeIn(Text('Y esto no es una analogía forzada: la correlación cumple las\ntres propiedades de un 
producto interno, así que ES uno.')):  13%|#3        | 8/60 [00:00<00:00, 71.83it/s]
Animation 56: FadeIn(Text('Y esto no es una analogía forzada: la correlación cumple las\ntres propiedades de un 
producto interno, así que ES uno.')):  27%|##6       | 16/60 [00:00<00:00, 65.63it/s]
Animation 56: FadeIn(Text('Y esto no es una analogía forzada: la correlación cumple las\ntres propiedades de un 
producto interno, así que ES uno.')):  38%|###8      | 23/60 [00:00<00:00, 62.88it/s]
Animation 56: FadeIn(Text('Y esto no es una analogía forzada: la correlación cumple las\ntres propiedades de un 
producto interno, así que ES uno.')):  50%|#####     | 30/60 [00:00<00:00, 62.77it/s]
Animation 56: FadeIn(Text('Y esto no es una analogía forzada: la correlación cumple las\ntres propiedades de un 
producto interno, así que ES uno.')):  62%|######1   | 37/60 [00:00<00:00, 63.17it/s]
Animation 56: FadeIn(Text('Y esto no es una analogía forzada: la correlación cumple las\ntres propiedades de un 
producto interno, así que ES uno.')):  73%|#######3  | 44/60 [00:00<00:00, 62.27it/s]
Animation 56: FadeIn(Text('Y esto no es una analogía forzada: la correlación cumple las\ntres propiedades de un 
producto interno, así que ES uno.')):  85%|########5 | 51/60 [00:00<00:00, 55.86it/s]
Animation 56: FadeIn(Text('Y esto no es una analogía forzada: la correlación cumple las\ntres propiedades de un 
producto interno, así que ES uno.')):  95%|#########5| 57/60 [00:00<00:00, 55.26it/s]
[09/10/26 11:02:06] INFO     Animation 56 : Partial    scene_file_writer.py:192
                             movie file written in                             
                             'C:\Users\Nacho\Documents                         
                             \Animaciones\Capitulo                             
                             7\media\videos\s08_vector                         
                             ial\1080p60\partial_movie                         
                             _files\Vectorial\29324409                         
                             49_891805798_4139442138.m                         
                             p4'                                               
[09/10/26 11:02:07] INFO     Animation 57 : Partial    scene_file_writer.py:192
                             movie file written in                             
                             'C:\Users\Nacho\Documents                         
                             \Animaciones\Capitulo                             
                             7\media\videos\s08_vector                         
                             ial\1080p60\partial_movie                         
                             _files\Vectorial\29324409                         
                             49_941615173_3168325987.m                         
                             p4'                                               
                                                                                                                       
                                                                              

Animation 58: FadeIn(Text('En el capítulo 8, estimar va a ser proyectar.')):   0%|          | 0/60 [00:00<?, ?it/s]
Animation 58: FadeIn(Text('En el capítulo 8, estimar va a ser proyectar.')):  18%|#8        | 11/60 [00:00<00:00, 
99.66it/s]
Animation 58: FadeIn(Text('En el capítulo 8, estimar va a ser proyectar.')):  35%|###5      | 21/60 [00:00<00:00, 
94.67it/s]
Animation 58: FadeIn(Text('En el capítulo 8, estimar va a ser proyectar.')):  52%|#####1    | 31/60 [00:00<00:00, 
95.38it/s]
Animation 58: FadeIn(Text('En el capítulo 8, estimar va a ser proyectar.')):  70%|#######   | 42/60 [00:00<00:00, 
97.04it/s]
Animation 58: FadeIn(Text('En el capítulo 8, estimar va a ser proyectar.')):  88%|########8 | 53/60 [00:00<00:00, 
96.44it/s]
[09/10/26 11:02:08] INFO     Animation 58 : Partial    scene_file_writer.py:192
                             movie file written in                             
                             'C:\Users\Nacho\Documents                         
                             \Animaciones\Capitulo                             
                             7\media\videos\s08_vector                         
                             ial\1080p60\partial_movie                         
                             _files\Vectorial\29324409                         
                             49_210598552_1637481151.m                         
                             p4'                                               
[09/10/26 11:02:09] INFO     Animation 59 : Partial    scene_file_writer.py:192
                             movie file written in                             
                             'C:\Users\Nacho\Documents                         
                             \Animaciones\Capitulo                             
                             7\media\videos\s08_vector                         
                             ial\1080p60\partial_movie                         
                             _files\Vectorial\29324409                         
                             49_266979614_2697676078.m                         
                             p4'                                               
                                                                                                                       
     

Animation 60: FadeOut(VGroup of 2 submobjects):   0%|          | 0/60 [00:00<?, ?it/s]
Animation 60: FadeOut(VGroup of 2 submobjects):   7%|6         | 4/60 [00:00<00:01, 39.12it/s]
Animation 60: FadeOut(VGroup of 2 submobjects):  13%|#3        | 8/60 [00:00<00:01, 37.17it/s]
Animation 60: FadeOut(VGroup of 2 submobjects):  20%|##        | 12/60 [00:00<00:01, 37.75it/s]
Animation 60: FadeOut(VGroup of 2 submobjects):  27%|##6       | 16/60 [00:00<00:01, 37.45it/s]
Animation 60: FadeOut(VGroup of 2 submobjects):  33%|###3      | 20/60 [00:00<00:01, 37.30it/s]
Animation 60: FadeOut(VGroup of 2 submobjects):  40%|####      | 24/60 [00:00<00:00, 36.91it/s]
Animation 60: FadeOut(VGroup of 2 submobjects):  48%|####8     | 29/60 [00:00<00:00, 37.23it/s]
Animation 60: FadeOut(VGroup of 2 submobjects):  55%|#####5    | 33/60 [00:00<00:00, 37.47it/s]
Animation 60: FadeOut(VGroup of 2 submobjects):  63%|######3   | 38/60 [00:01<00:00, 37.81it/s]
Animation 60: FadeOut(VGroup of 2 submobjects):  70%|#######   | 42/60 [00:01<00:00, 38.19it/s]
Animation 60: FadeOut(VGroup of 2 submobjects):  77%|#######6  | 46/60 [00:01<00:00, 35.96it/s]
Animation 60: FadeOut(VGroup of 2 submobjects):  83%|########3 | 50/60 [00:01<00:00, 35.23it/s]
Animation 60: FadeOut(VGroup of 2 submobjects):  90%|######### | 54/60 [00:01<00:00, 35.41it/s]
Animation 60: FadeOut(VGroup of 2 submobjects):  97%|#########6| 58/60 [00:01<00:00, 35.62it/s]
[09/10/26 11:02:12] INFO     Animation 60 : Partial    scene_file_writer.py:192
                             movie file written in                             
                             'C:\Users\Nacho\Documents                         
                             \Animaciones\Capitulo                             
                             7\media\videos\s08_vector                         
                             ial\1080p60\partial_movie                         
                             _files\Vectorial\29324409                         
                             49_1103858954_1433400399.                         
                             mp4'                                              
                    INFO     Animation 61 : Partial    scene_file_writer.py:192
                             movie file written in                             
                             'C:\Users\Nacho\Documents                         
                             \Animaciones\Capitulo                             
                             7\media\videos\s08_vector                         
                             ial\1080p60\partial_movie                         
                             _files\Vectorial\29324409                         
                             49_4235033027_65420210.mp                         
                             4'                                                
                    INFO     Combining to Movie file.  scene_file_writer.py:952
                    INFO                              scene_file_writer.py:1103
                             File ready at                                     
                             'C:\Users\Nacho\Document                          
                             s\Animaciones\Capitulo                            
                             7\media\videos\s08_vecto                          
                             rial\1080p60\Vectorial.m                          
                             p4'                                               
                                                                               
                    INFO     Rendered Vectorial                    scene.py:290
                             Played 62 animations                              
                                                                                               
